,open,high,low,close,volume,value
2021-09-28 09:00:00,327.0,330.0,313.0,315.0,44614980.90980235,14376660591.876707
2021-09-29 09:00:00,314.0,341.0,311.0,329.0,53022793.01870187,17369584446.951862
2021-09-30 09:00:00,330.0,342.0,328.0,340.0,48927097.38551244,16494997204.637434
2021-10-01 09:00:00,340.0,365.0,338.0,363.0,89241927.14133938,31505638017.117966
2021-10-02 09:00:00,363.0,397.0,356.0,386.0,74747525.16811836,27804096758.40996
2021-10-03 09:00:00,387.0,394.0,376.0,382.0,65044914.9741992,25070021650.724052
2021-10-04 09:00:00,382.0,384.0,361.0,378.0,72781845.46044537,26950356530.48493
2021-10-05 09:00:00,379.0,387.0,375.0,384.0,66173943.49764043,25218335407.222984
2021-10-06 09:00:00,383.0,442.0,371.0,432.0,154977818.8171659,62629995798.338554
2021-10-07 09:00:00,433.0,449.0,417.0,418.0,167564390.74623343,72315749114.16641
2021-10-08 09:00:00,418.0,426.0,407.0,411.0,82000516.43749686,34110408305.824947
2021-10-09 09:00:00,411.0,447.0,408.0,431.0,108377483.6732452,46821056392.986
2021-10-10 09:00:00,431.0,438.0,409.0,412.0,77780635.69980215,33154206110.552273
2021-10-11 09:00:00,411.0,439.0,405.0,425.0,84213729.08817163,35886242932.27339
2021-10-12 09:00:00,425.0,427.0,398.0,410.0,76052206.84676977,31135288205.38049
2021-10-13 09:00:00,411.0,463.0,409.0,449.0,221216258.6396133,97607506470.96489
2021-10-14 09:00:00,449.0,464.0,443.0,450.0,101844655.22411236,46300623153.01507
2021-10-15 09:00:00,449.0,455.0,430.0,444.0,119351764.49346216,52864593525.37327
2021-10-16 09:00:00,444.0,515.0,444.0,487.0,470225893.0329783,230700098194.24503
2021-10-17 09:00:00,487.0,497.0,458.0,472.0,163017144.99277785,77912359239.59837
2021-10-18 09:00:00,473.0,488.0,465.0,468.0,170791440.2665816,81456711420.70233
2021-10-19 09:00:00,468.0,471.0,451.0,458.0,69279734.11258724,31896877088.814644
2021-10-20 09:00:00,458.0,477.0,452.0,474.0,85889902.02890205,39841343027.5613
2021-10-21 09:00:00,474.0,483.0,457.0,458.0,107603134.91919696,50772688926.37577
2021-10-22 09:00:00,458.0,468.0,450.0,456.0,78174469.07620956,35863224081.8754
2021-10-23 09:00:00,457.0,462.0,451.0,461.0,41981694.66753424,19210333893.08878
2021-10-24 09:00:00,461.0,473.0,454.0,456.0,68255218.9596168,31708007140.33268
2021-10-25 09:00:00,456.0,469.0,455.0,469.0,40770343.895156,18778369038.986477
2021-10-26 09:00:00,469.0,469.0,451.0,454.0,56406414.99098476,25932602097.7334
2021-10-27 09:00:00,453.0,456.0,390.0,407.0,149783484.28254467,63718013960.1873
2021-10-28 09:00:00,407.0,422.0,397.0,415.0,105214443.56045969,43386071741.32682
2021-10-29 09:00:00,415.0,435.0,410.0,433.0,74534179.33447807,31395040714.59904
2021-10-30 09:00:00,434.0,439.0,421.0,426.0,80359678.17800108,34568450466.277794
2021-10-31 09:00:00,426.0,462.0,421.0,440.0,138739520.24299136,61160224598.51524
2021-11-01 09:00:00,440.0,445.0,426.0,436.0,65578049.39359554,28554903809.03743
2021-11-02 09:00:00,435.0,451.0,431.0,450.0,85576284.83715118,37457088794.84786
2021-11-03 09:00:00,451.0,472.0,434.0,461.0,167858906.1083319,76139773252.46979
2021-11-04 09:00:00,461.0,466.0,445.0,449.0,69586591.60066979,31587880978.378086
2021-11-05 09:00:00,449.0,450.0,440.0,443.0,47423559.51868356,21104403297.519962
2021-11-06 09:00:00,443.0,447.0,436.0,440.0,30715107.7885095,13547808812.674635
2021-11-07 09:00:00,441.0,453.0,437.0,446.0,38704193.9614088,17268968740.365395
2021-11-08 09:00:00,447.0,464.0,445.0,460.0,83086048.60032181,37930912435.35704
2021-11-09 09:00:00,460.0,507.0,455.0,496.0,171331370.68607137,81150836200.88759
2021-11-10 09:00:00,496.0,526.0,456.0,471.0,236925005.49880305,116286652625.78635
2021-11-11 09:00:00,471.0,487.0,459.0,476.0,90443883.6060093,42704888569.09476
2021-11-12 09:00:00,475.0,480.0,447.0,462.0,85718633.4583871,39608989219.15398
2021-11-13 09:00:00,462.0,468.0,449.0,457.0,54353568.91758654,24840466361.687725
2021-11-14 09:00:00,458.0,463.0,449.0,457.0,47555201.53433448,21609416730.783825
2021-11-15 09:00:00,457.0,476.0,457.0,459.0,82583081.86668108,38493050400.259155
2021-11-16 09:00:00,460.0,460.0,421.0,422.0,128717424.44057044,56204888677.10841
2021-11-17 09:00:00,423.0,429.0,408.0,425.0,98405229.15880795,41220865633.7285
2021-11-18 09:00:00,425.0,438.0,400.0,406.0,127158357.4941344,53307790145.237076
2021-11-19 09:00:00,406.0,441.0,403.0,438.0,90475378.01806201,38456711482.49809
2021-11-20 09:00:00,438.0,444.0,420.0,431.0,69181994.68401185,29873633906.362476
2021-11-21 09:00:00,431.0,432.0,421.0,427.0,54131089.10373835,23000540991.82613
2021-11-22 09:00:00,427.0,445.0,414.0,422.0,97580708.23021112,41843127584.99168
2021-11-23 09:00:00,422.0,433.0,411.0,425.0,72428606.39992864,30252943784.046337
2021-11-24 09:00:00,425.0,426.0,403.0,410.0,75030560.43501832,31064995903.226406
2021-11-25 09:00:00,410.0,434.0,408.0,425.0,93167335.0631788,39253416568.46394
2021-11-26 09:00:00,425.0,439.0,394.0,418.0,135662360.00887817,56483253057.67344
2021-11-27 09:00:00,418.0,428.0,408.0,418.0,63216098.84730291,26293657364.46494
2021-11-28 09:00:00,417.0,418.0,392.0,410.0,77985591.36138898,31298649864.959133
2021-11-29 09:00:00,410.0,418.0,405.0,411.0,67712262.25174654,27848826723.073605
2021-11-30 09:00:00,410.0,439.0,409.0,416.0,131127841.03954831,55387191037.58997
2021-12-01 09:00:00,416.0,434.0,414.0,415.0,83373980.06739119,35116661966.93277
2021-12-02 09:00:00,414.0,423.0,402.0,423.0,58183400.80012063,23961604433.765125
2021-12-03 09:00:00,422.0,469.0,407.0,416.0,323643960.78124774,142093631122.93445
2021-12-04 09:00:00,415.0,416.0,312.0,368.0,346659424.8666446,126657494864.92123
2021-12-05 09:00:00,369.0,379.0,327.0,359.0,140619814.0259153,49546402655.714355
2021-12-06 09:00:00,359.0,368.0,316.0,365.0,234886186.31444287,79512049116.15823
2021-12-07 09:00:00,366.0,374.0,351.0,357.0,178298762.94843945,64518372491.389496
2021-12-08 09:00:00,357.0,380.0,353.0,377.0,196011388.5894461,71883243144.87852
2021-12-09 09:00:00,377.0,377.0,340.0,342.0,153303784.13663074,55233753040.13996
2021-12-10 09:00:00,342.0,349.0,329.0,330.0,80482145.69857591,27373739437.0858
2021-12-11 09:00:00,332.0,349.0,320.0,341.0,51973690.07489508,17556894324.632828
2021-12-12 09:00:00,342.0,350.0,333.0,342.0,35844805.14163707,12181440726.309298
2021-12-13 09:00:00,343.0,343.0,317.0,318.0,64870882.37077295,21145304876.143726
2021-12-14 09:00:00,318.0,335.0,306.0,330.0,95223870.45983474,30550069352.968437
2021-12-15 09:00:00,330.0,345.0,308.0,342.0,81120027.5483041,26345842951.843094
2021-12-16 09:00:00,342.0,343.0,320.0,322.0,71197214.09572428,23715943908.409378
2021-12-17 09:00:00,322.0,327.0,309.0,319.0,63952706.11925955,20411794480.0457
2021-12-18 09:00:00,319.0,332.0,314.0,320.0,45963413.37137546,14891279472.414661
2021-12-19 09:00:00,320.0,332.0,316.0,317.0,47698233.31453362,15431360603.248043
2021-12-20 09:00:00,317.0,340.0,313.0,321.0,173903056.19172215,56642093378.35886
2021-12-21 09:00:00,320.0,332.0,313.0,329.0,69263311.00093898,22388611627.068214
2021-12-22 09:00:00,329.0,339.0,328.0,330.0,52774649.30439214,17603166677.158497
2021-12-23 09:00:00,330.0,350.0,327.0,347.0,59416703.33030548,20089585446.5884
2021-12-24 09:00:00,347.0,353.0,338.0,339.0,52120129.29193639,17987029814.051495
2021-12-25 09:00:00,339.0,358.0,338.0,350.0,44643925.54017838,15678575288.977873
2021-12-26 09:00:00,350.0,357.0,347.0,352.0,31685253.40746121,11145192998.136322
2021-12-27 09:00:00,352.0,369.0,352.0,363.0,33817694.77459648,12178550878.257896
2021-12-28 09:00:00,362.0,363.0,333.0,336.0,66001479.67734425,22986026375.314453
2021-12-29 09:00:00,336.0,342.0,324.0,328.0,55540400.79471604,18580996932.78935
2021-12-30 09:00:00,327.0,335.0,320.0,325.0,49098523.62020349,16043254346.608091
2021-12-31 09:00:00,325.0,336.0,320.0,327.0,40821954.87384784,13385487789.977947
2022-01-01 09:00:00,327.0,337.0,326.0,337.0,24127104.72309845,7985230740.931765
2022-01-02 09:00:00,337.0,355.0,335.0,354.0,48547160.77788599,16773132993.43959
2022-01-03 09:00:00,354.0,361.0,349.0,354.0,59637800.54920264,21126129767.587765
2022-01-04 09:00:00,354.0,355.0,340.0,341.0,44892148.98329422,15518194094.695274
2022-01-05 09:00:00,342.0,359.0,316.0,330.0,97891819.50167842,33523934710.374413
2022-01-06 09:00:00,330.0,337.0,317.0,332.0,107283395.01879331,35207802635.07356
2022-01-07 09:00:00,331.0,333.0,312.0,318.0,115538738.3034844,37014491845.9235
2022-01-08 09:00:00,319.0,327.0,311.0,319.0,51386998.17567865,16429162683.359133
2022-01-09 09:00:00,319.0,326.0,315.0,322.0,41263787.01134157,13228859683.549076
2022-01-10 09:00:00,322.0,326.0,294.0,310.0,142189461.80517402,43768995657.66193
2022-01-11 09:00:00,310.0,323.0,302.0,323.0,97351883.78172585,30248154647.77538
2022-01-12 09:00:00,323.0,355.0,322.0,342.0,125649246.63926937,42337816667.41491
2022-01-13 09:00:00,343.0,353.0,326.0,328.0,141233218.45197785,48441421512.970566
2022-01-14 09:00:00,328.0,339.0,319.0,320.0,200901036.64150745,65852736245.98568
2022-01-15 09:00:00,320.0,325.0,307.0,315.0,119198503.78407024,37680880233.247444
2022-01-16 09:00:00,315.0,318.0,309.0,314.0,53618721.91553533,16801417383.029606
2022-01-17 09:00:00,313.0,314.0,305.0,312.0,53980899.00280319,16669476177.886309
2022-01-18 09:00:00,311.0,313.0,302.0,308.0,44873981.32725252,13736235236.746878
2022-01-19 09:00:00,308.0,309.0,295.0,297.0,42507702.97658848,12798593021.573433
2022-01-20 09:00:00,297.0,305.0,280.0,282.0,64517057.19481833,18879449676.097176
2022-01-21 09:00:00,283.0,285.0,248.0,252.0,110915761.90275434,29886022572.391205
2022-01-22 09:00:00,253.0,257.0,211.0,239.0,99038910.72484317,23160954317.489582
2022-01-23 09:00:00,239.0,245.0,224.0,245.0,50878207.98078134,12181660202.393791
2022-01-24 09:00:00,245.0,246.0,213.0,241.0,59979498.33523473,13610369525.2988
2022-01-25 09:00:00,242.0,242.0,229.0,238.0,35662218.60290565,8435941216.584715
2022-01-26 09:00:00,239.0,254.0,227.0,241.0,57207468.86580742,13906413065.216553
2022-01-27 09:00:00,241.0,246.0,232.0,239.0,34694263.92561855,8303890241.942828
2022-01-28 09:00:00,238.0,246.0,236.0,245.0,24810594.79426048,5959920033.084509
2022-01-29 09:00:00,246.0,253.0,244.0,251.0,23368658.12455229,5812015636.401117
2022-01-30 09:00:00,252.0,256.0,240.0,244.0,26196930.39904698,6518284253.855587
2022-01-31 09:00:00,244.0,248.0,235.0,246.0,23816820.30637998,5753629608.042007
2022-02-01 09:00:00,245.0,254.0,244.0,249.0,21244412.86618358,5299129171.44273
2022-02-02 09:00:00,250.0,254.0,237.0,238.0,43332918.28871125,10704815776.073166
2022-02-03 09:00:00,239.0,241.0,233.0,240.0,26735020.80838455,6345083309.162208
2022-02-04 09:00:00,240.0,257.0,238.0,254.0,43115633.71708291,10578464597.732706
2022-02-05 09:00:00,254.0,266.0,253.0,261.0,51475294.80604852,13395967449.001839
2022-02-06 09:00:00,261.0,274.0,261.0,273.0,57408599.36434307,15431861744.618814
2022-02-07 09:00:00,273.0,296.0,268.0,292.0,179170218.6300166,51078470154.66508
2022-02-08 09:00:00,293.0,312.0,283.0,294.0,213312666.30029777,63537192285.4929
2022-02-09 09:00:00,296.0,297.0,284.0,289.0,46176077.8857428,13428108552.72596
2022-02-10 09:00:00,290.0,293.0,278.0,282.0,53815149.05067817,15415230312.394636
2022-02-11 09:00:00,283.0,283.0,260.0,264.0,44825774.12791764,12336090138.230074
2022-02-12 09:00:00,264.0,275.0,256.0,267.0,44662355.33496418,11881621243.95466
2022-02-13 09:00:00,268.0,271.0,258.0,258.0,30437173.99536986,8074449597.33454
2022-02-14 09:00:00,258.0,261.0,250.0,255.0,33737201.89520719,8609376088.674381
2022-02-15 09:00:00,256.0,268.0,254.0,268.0,37637117.84631319,9849340220.670765
2022-02-16 09:00:00,268.0,268.0,260.0,266.0,33504561.8209374,8856771508.291315
2022-02-17 09:00:00,266.0,275.0,246.0,246.0,58826288.65446984,15473359894.106743
2022-02-18 09:00:00,246.0,254.0,239.0,246.0,39117092.6473338,9659224113.572628
2022-02-19 09:00:00,246.0,257.0,239.0,250.0,56944042.44961338,14161666760.814196
2022-02-20 09:00:00,250.0,252.0,237.0,238.0,35545115.67143138,8630808022.531754
2022-02-21 09:00:00,238.0,245.0,217.0,219.0,54775627.45518961,12828550152.418634
2022-02-22 09:00:00,219.0,228.0,212.0,226.0,38354602.12660414,8428484623.669567
2022-02-23 09:00:00,226.0,235.0,222.0,222.0,25267632.95279466,5767007473.050277
2022-02-24 09:00:00,222.0,227.0,201.0,223.0,70299003.37288193,14735735601.50362
2022-02-25 09:00:00,223.0,235.0,218.0,234.0,35874489.46885138,8090378263.363957
2022-02-26 09:00:00,234.0,246.0,231.0,235.0,48297073.72219924,11432827692.09067
2022-02-27 09:00:00,235.0,238.0,220.0,223.0,40575232.0474337,9312242759.35266
2022-02-28 09:00:00,222.0,239.0,218.0,239.0,61881004.1116081,14022822568.354134
2022-03-01 09:00:00,239.0,246.0,235.0,241.0,48586662.38248168,11675287225.101774
2022-03-02 09:00:00,241.0,242.0,233.0,236.0,35235944.68519122,8346942678.827079
2022-03-03 09:00:00,236.0,238.0,227.0,230.0,35309185.94389856,8224310365.702506
2022-03-04 09:00:00,230.0,231.0,216.0,218.0,38250405.36914204,8523523480.450129
2022-03-05 09:00:00,218.0,224.0,213.0,223.0,47058180.80109053,10329815389.086853
2022-03-06 09:00:00,223.0,224.0,215.0,215.0,36101156.39801178,7902402598.365362
2022-03-07 09:00:00,215.0,221.0,209.0,213.0,45393002.06442264,9735476372.119802
2022-03-08 09:00:00,212.0,217.0,209.0,216.0,38522140.98865574,8215710790.766123
2022-03-09 09:00:00,215.0,235.0,214.0,231.0,60917758.26028811,13644898716.627033
2022-03-10 09:00:00,232.0,237.0,216.0,221.0,69003851.92928228,15497260276.73324
2022-03-11 09:00:00,221.0,232.0,215.0,230.0,79585605.44637366,17694922464.893345
2022-03-12 09:00:00,229.0,236.0,227.0,232.0,43575820.66341085,10084678629.128143
2022-03-13 09:00:00,231.0,235.0,221.0,222.0,34498464.27158543,7927145656.567391
2022-03-14 09:00:00,221.0,225.0,217.0,224.0,28902922.98353568,6393779243.287159
2022-03-15 09:00:00,223.0,227.0,220.0,226.0,28246019.59914222,6303858036.068484
2022-03-16 09:00:00,225.0,233.0,224.0,232.0,34242868.78243965,7799224510.229684
2022-03-17 09:00:00,233.0,234.0,227.0,231.0,23672533.26495228,5456262896.119724
2022-03-18 09:00:00,232.0,236.0,228.0,234.0,23672743.07691039,5478176786.952033
2022-03-19 09:00:00,234.0,244.0,232.0,244.0,25795754.5241706,6120894807.73907
2022-03-20 09:00:00,244.0,246.0,236.0,242.0,25958983.92939961,6252799170.990873
2022-03-21 09:00:00,241.0,250.0,236.0,249.0,24437163.40252015,5933756857.810818
2022-03-22 09:00:00,250.0,260.0,246.0,253.0,53518754.63276118,13499842654.369963
2022-03-23 09:00:00,254.0,258.0,250.0,255.0,46617674.19763111,11832923276.379375
2022-03-24 09:00:00,255.0,261.0,250.0,258.0,44942731.91530548,11475908848.48518
2022-03-25 09:00:00,259.0,269.0,255.0,258.0,65686110.81731191,17205984512.81505
2022-03-26 09:00:00,258.0,265.0,254.0,263.0,29640188.64839797,7661093828.772843
2022-03-27 09:00:00,263.0,276.0,260.0,273.0,62770379.15601107,16749243604.24832
2022-03-28 09:00:00,273.0,288.0,271.0,276.0,59516145.96685853,16700920759.515491
2022-03-29 09:00:00,276.0,287.0,274.0,280.0,46929971.11843277,13236933495.004509
2022-03-30 09:00:00,280.0,284.0,271.0,283.0,43074934.93264514,12028060729.22474
2022-03-31 09:00:00,283.0,290.0,276.0,277.0,59918672.08484537,16958140106.106169
2022-04-01 09:00:00,277.0,285.0,270.0,284.0,51161179.24535745,14192336822.29021
2022-04-02 09:00:00,284.0,290.0,282.0,286.0,44376697.98612092,12684377868.467253
2022-04-03 09:00:00,286.0,292.0,282.0,291.0,32698711.16885222,9361049078.885618
2022-04-04 09:00:00,291.0,291.0,279.0,284.0,37805367.97344895,10798854065.569437
2022-04-05 09:00:00,284.0,289.0,278.0,278.0,29698114.5075729,8414553196.487166
2022-04-06 09:00:00,278.0,279.0,249.0,250.0,56401503.53846743,14913603752.61253
2022-04-07 09:00:00,250.0,266.0,247.0,263.0,31638921.19139006,8151918060.360258
2022-04-08 09:00:00,263.0,266.0,251.0,254.0,25597226.53437377,6675033256.578839
2022-04-09 09:00:00,253.0,257.0,251.0,257.0,11333565.91470901,2884410047.60415
2022-04-10 09:00:00,257.0,259.0,251.0,251.0,11620370.44114146,2968497347.4857235
2022-04-11 09:00:00,251.0,252.0,236.0,237.0,34462449.61749246,8372681170.79977
2022-04-12 09:00:00,236.0,245.0,233.0,243.0,21889638.32430067,5250076391.021075
2022-04-13 09:00:00,243.0,249.0,240.0,248.0,22554285.36380542,5512540300.213249
2022-04-14 09:00:00,248.0,251.0,241.0,243.0,20235354.50479423,4980833433.821767
2022-04-15 09:00:00,243.0,267.0,242.0,257.0,97006950.22613096,25027174736.272713
2022-04-16 09:00:00,258.0,263.0,253.0,257.0,25394792.0581888,6549990518.474804
2022-04-17 09:00:00,258.0,259.0,246.0,247.0,14138627.50050937,3589302745.2340097
2022-04-18 09:00:00,247.0,258.0,238.0,256.0,29649358.8676934,7308788357.799726
2022-04-19 09:00:00,255.0,257.0,250.0,255.0,25358350.60728616,6436111739.86094
2022-04-20 09:00:00,255.0,258.0,248.0,249.0,20814752.42649024,5254400106.66075
2022-04-21 09:00:00,249.0,254.0,244.0,247.0,27986678.24428322,7006003841.717538
2022-04-22 09:00:00,246.0,249.0,244.0,245.0,15453431.8132713,3804824735.924293
2022-04-23 09:00:00,245.0,248.0,240.0,242.0,12161636.22889158,2957694874.856523
2022-04-24 09:00:00,241.0,245.0,238.0,239.0,15014772.80314615,3612648833.2121334
2022-04-25 09:00:00,239.0,243.0,227.0,240.0,27664578.4420106,6467050295.960342
2022-04-26 09:00:00,241.0,242.0,228.0,231.0,20790531.62391568,4906159513.7141285
2022-04-27 09:00:00,231.0,237.0,230.0,235.0,13045450.07348365,3051331395.823524
2022-04-28 09:00:00,234.0,241.0,233.0,236.0,10853629.45087542,2569033547.4847784
2022-04-29 09:00:00,237.0,239.0,228.0,229.0,14884553.18274888,3477520583.6790075
2022-04-30 09:00:00,229.0,234.0,220.0,222.0,18125685.3782684,4148891851.8602
2022-05-01 09:00:00,221.0,227.0,216.0,225.0,18640663.96798954,4147192245.1489387
2022-05-02 09:00:00,226.0,228.0,220.0,223.0,14597393.42414603,3278674345.5058618
2022-05-03 09:00:00,224.0,227.0,220.0,222.0,11496731.98202574,2567505817.874404
2022-05-04 09:00:00,222.0,237.0,221.0,235.0,19811539.61627373,4507672912.581935
2022-05-05 09:00:00,235.0,240.0,218.0,223.0,27971077.21882835,6441089682.009217
2022-05-06 09:00:00,223.0,225.0,215.0,224.0,22238016.20311793,4881407924.735156
2022-05-07 09:00:00,223.0,226.0,217.0,219.0,16087273.35707217,3555365280.4164486
2022-05-08 09:00:00,220.0,220.0,211.0,213.0,16628766.74603029,3589055907.5370994
2022-05-09 09:00:00,213.0,217.0,190.0,191.0,44809785.62158165,9107146759.079073
2022-05-10 09:00:00,192.0,206.0,184.0,196.0,34348168.35360582,6761093636.814417
2022-05-11 09:00:00,196.0,201.0,164.0,175.0,85838664.36954536,15667782797.411749
2022-05-12 09:00:00,175.0,179.0,145.0,163.0,65132960.30155253,10414734800.320078
2022-05-13 09:00:00,163.0,185.0,162.0,178.0,37919967.34549641,6703228959.98374
2022-05-14 09:00:00,177.0,189.0,171.0,184.0,26611454.04049097,4791799908.3580065
2022-05-15 09:00:00,184.0,190.0,178.0,189.0,12087191.79208106,2215203102.7664876
2022-05-16 09:00:00,190.0,190.0,177.0,179.0,15621837.94032964,2855287699.7288766
2022-05-17 09:00:00,180.0,184.0,174.0,183.0,19661348.11061031,3544045621.3362575
2022-05-18 09:00:00,183.0,185.0,164.0,166.0,25608205.74225063,4489313970.759755
2022-05-19 09:00:00,165.0,171.0,158.0,167.0,32152209.71800018,5321274211.069798
2022-05-20 09:00:00,167.0,172.0,161.0,163.0,36876300.65471942,6197850643.040103
2022-05-21 09:00:00,163.0,170.0,160.0,168.0,14204532.59422527,2343362045.0247345
2022-05-22 09:00:00,168.0,176.0,168.0,175.0,18302141.5082112,3155965649.802748
2022-05-23 09:00:00,175.0,177.0,164.0,165.0,36149435.47809742,6259341012.046784
2022-05-24 09:00:00,165.0,170.0,159.0,170.0,28153292.84438159,4643270910.450804
2022-05-25 09:00:00,169.0,171.0,164.0,170.0,19938459.89983889,3341366637.9584813
2022-05-26 09:00:00,170.0,171.0,156.0,160.0,27908264.14924883,4548536978.458345
2022-05-27 09:00:00,160.0,162.0,152.0,155.0,28037894.05325338,4372923652.347984
2022-05-28 09:00:00,155.0,158.0,154.0,156.0,10553781.26110849,1645907663.6080961
2022-05-29 09:00:00,156.0,168.0,155.0,167.0,18863996.171727,3036551657.4796968
2022-05-30 09:00:00,167.0,180.0,166.0,179.0,38609438.15036891,6714441309.34742
2022-05-31 09:00:00,180.0,203.0,177.0,189.0,160685158.10392666,30244299909.569363
2022-06-01 09:00:00,189.0,190.0,170.0,175.0,42507459.41297628,7721708116.960598
2022-06-02 09:00:00,175.0,182.0,171.0,180.0,24150925.4270083,4262233721.560828
2022-06-03 09:00:00,180.0,190.0,178.0,187.0,58869019.26148608,10834014126.20759
2022-06-04 09:00:00,186.0,189.0,179.0,182.0,19403646.76301953,3554392513.5037217
2022-06-05 09:00:00,182.0,187.0,179.0,182.0,20029861.77041832,3662357389.878946
2022-06-06 09:00:00,183.0,190.0,180.0,183.0,33978826.18903123,6305967131.761578
2022-06-07 09:00:00,182.0,184.0,172.0,178.0,37357187.16023628,6597549472.466087
2022-06-08 09:00:00,178.0,183.0,173.0,178.0,32375137.33743849,5767287717.225472
2022-06-09 09:00:00,178.0,181.0,176.0,178.0,17271215.29476562,3076035162.0229764
2022-06-10 09:00:00,178.0,180.0,171.0,173.0,28070345.02013423,4938307486.404318
2022-06-11 09:00:00,172.0,177.0,161.0,166.0,32078510.94456986,5441098600.686189
2022-06-12 09:00:00,166.0,169.0,156.0,161.0,26043131.79243297,4212338257.3927608
2022-06-13 09:00:00,160.0,162.0,136.0,139.0,72968568.20340586,10556487453.267735
2022-06-14 09:00:00,139.0,150.0,131.0,147.0,65921508.63947963,9299822616.491142
2022-06-15 09:00:00,147.0,159.0,137.0,157.0,64759999.9260149,9434060393.226982
2022-06-16 09:00:00,157.0,160.0,140.0,144.0,39554678.55424759,5917815052.976842
2022-06-17 09:00:00,144.0,153.0,141.0,147.0,33917481.90066249,4988125092.424498
2022-06-18 09:00:00,147.0,150.0,136.0,143.0,36233850.83715062,5133768197.074844
2022-06-19 09:00:00,142.0,151.0,138.0,148.0,31958329.03623493,4600595185.53471
2022-06-20 09:00:00,149.0,153.0,144.0,147.0,32438155.32908476,4797723045.344696
2022-06-21 09:00:00,146.0,154.0,145.0,149.0,42585963.83038761,6366712068.627032
2022-06-22 09:00:00,149.0,151.0,144.0,148.0,31391562.69852899,4639754593.528065
2022-06-23 09:00:00,148.0,155.0,148.0,153.0,30807467.56473922,4678559219.758603
2022-06-24 09:00:00,153.0,170.0,153.0,166.0,85623616.56960592,13950970507.65605
2022-06-25 09:00:00,166.0,170.0,160.0,165.0,30863435.43488516,5100415433.6403055
2022-06-26 09:00:00,164.0,167.0,157.0,157.0,24958373.96565474,4066392532.5365343
2022-06-27 09:00:00,158.0,161.0,152.0,155.0,37764409.13540583,5932509648.640526
2022-06-28 09:00:00,155.0,157.0,149.0,150.0,36673738.14415926,5599201430.708988
2022-06-29 09:00:00,150.0,152.0,141.0,145.0,36649063.61366711,5357119305.028538
2022-06-30 09:00:00,145.0,147.0,136.0,147.0,44521049.81303927,6280361332.337685
2022-07-01 09:00:00,146.0,150.0,142.0,145.0,27351763.52487052,3979513621.503203
2022-07-02 09:00:00,146.0,147.0,140.0,143.0,24781005.97824265,3535615428.821284
2022-07-03 09:00:00,143.0,146.0,140.0,143.0,18017305.60591671,2567590618.296435
2022-07-04 09:00:00,144.0,146.0,140.0,145.0,33043666.69390147,4713600538.560096
2022-07-05 09:00:00,145.0,146.0,139.0,142.0,34629538.14126202,4955280024.911901
2022-07-06 09:00:00,142.0,145.0,141.0,143.0,17042029.28580447,2436957686.9553614
2022-07-07 09:00:00,143.0,150.0,143.0,148.0,26022842.35546971,3794129939.263781
2022-07-08 09:00:00,148.0,155.0,146.0,147.0,55397441.52364273,8328148524.36713
2022-07-09 09:00:00,148.0,150.0,146.0,148.0,22977977.10011301,3404754022.883132
2022-07-10 09:00:00,148.0,148.0,138.0,140.0,53296037.74711419,7569713770.188563
2022-07-11 09:00:00,140.0,142.0,134.0,135.0,52646003.93523989,7284486016.430778
2022-07-12 09:00:00,135.0,137.0,133.0,134.0,28043144.26943444,3790375569.482205
2022-07-13 09:00:00,133.0,139.0,131.0,139.0,37311865.3656832,5030888825.688987
2022-07-14 09:00:00,138.0,142.0,135.0,141.0,33394749.17808046,4604604595.277823
2022-07-15 09:00:00,142.0,144.0,138.0,141.0,51159696.04710621,7213200440.307887
2022-07-16 09:00:00,141.0,145.0,139.0,144.0,30044135.38206047,4277394662.7820115
2022-07-17 09:00:00,143.0,147.0,140.0,141.0,37067903.89341656,5319507469.8737755
2022-07-18 09:00:00,141.0,153.0,140.0,149.0,80031331.8030492,11837579364.861837
2022-07-19 09:00:00,149.0,158.0,145.0,155.0,66057241.43543626,9977923620.748798
2022-07-20 09:00:00,155.0,159.0,145.0,147.0,66657201.55415991,10305654970.38923
2022-07-21 09:00:00,147.0,150.0,144.0,149.0,28006227.5303915,4120331135.661337
2022-07-22 09:00:00,150.0,153.0,146.0,148.0,28261574.69884058,4233487950.4866157
2022-07-23 09:00:00,149.0,150.0,145.0,148.0,25075418.75896415,3703072672.48966
2022-07-24 09:00:00,148.0,152.0,147.0,149.0,25748046.06480545,3849297861.91087
2022-07-25 09:00:00,149.0,151.0,141.0,142.0,27179603.41186965,3944668374.0894194
2022-07-26 09:00:00,141.0,142.0,137.0,140.0,29180899.81400875,4073259918.7465057
2022-07-27 09:00:00,140.0,149.0,138.0,148.0,37557115.01989133,5367504056.618688
2022-07-28 09:00:00,148.0,154.0,146.0,152.0,60969172.58370595,9107230251.068981
2022-07-29 09:00:00,152.0,158.0,151.0,156.0,65792647.36419118,10169093168.266888
2022-07-30 09:00:00,156.0,165.0,154.0,158.0,89279524.56655885,14248433733.995966
2022-07-31 09:00:00,158.0,162.0,154.0,156.0,58251671.58410327,9202562635.219704
2022-08-01 09:00:00,156.0,160.0,155.0,158.0,45142217.22043189,7090132884.74073
2022-08-02 09:00:00,157.0,161.0,151.0,155.0,64269514.03419357,9965085061.374313
2022-08-03 09:00:00,154.0,157.0,152.0,154.0,31544204.7810194,4872483876.680178
2022-08-04 09:00:00,154.0,156.0,151.0,153.0,30787318.07738323,4725611484.422258
2022-08-05 09:00:00,153.0,157.0,152.0,157.0,34824553.80620036,5377275361.801888
2022-08-06 09:00:00,157.0,164.0,156.0,161.0,37429788.97548903,5978322793.798313
2022-08-07 09:00:00,162.0,165.0,159.0,163.0,39429706.4589188,6412575242.364433
2022-08-08 09:00:00,163.0,184.0,163.0,172.0,148975508.68054155,26020902128.78995
2022-08-09 09:00:00,172.0,173.0,161.0,164.0,77332707.60175936,12875863224.521599
2022-08-10 09:00:00,163.0,168.0,159.0,166.0,55177606.63802886,9036965109.57357
2022-08-11 09:00:00,166.0,169.0,165.0,167.0,49721270.9519501,8295608983.718696
2022-08-12 09:00:00,167.0,169.0,164.0,167.0,26899529.34172363,4484014990.594054
2022-08-13 09:00:00,168.0,171.0,167.0,169.0,30939308.77026316,5225507463.77804
2022-08-14 09:00:00,169.0,173.0,167.0,168.0,44719299.42684969,7597212978.699602
2022-08-15 09:00:00,168.0,171.0,164.0,166.0,28891423.081155,4832210028.282632
2022-08-16 09:00:00,166.0,167.0,163.0,163.0,22657408.77122721,3727797543.249967
2022-08-17 09:00:00,163.0,172.0,161.0,164.0,96241856.42438339,16048240261.89558
2022-08-18 09:00:00,164.0,164.0,158.0,159.0,24431512.98015171,3961705498.2570834
2022-08-19 09:00:00,159.0,160.0,147.0,149.0,54852222.72344085,8323411103.692569
2022-08-20 09:00:00,148.0,153.0,148.0,151.0,28322706.6835451,4262249011.082183
2022-08-21 09:00:00,152.0,154.0,148.0,152.0,22412992.46426054,3376337513.1895795
2022-08-22 09:00:00,152.0,152.0,146.0,150.0,18945087.51954239,2821944827.9250445
2022-08-23 09:00:00,150.0,151.0,147.0,151.0,17624817.76795096,2635146746.9770193
2022-08-24 09:00:00,151.0,151.0,148.0,148.0,16819240.68481244,2513401626.5467463
2022-08-25 09:00:00,148.0,150.0,148.0,150.0,16520626.47019021,2464496876.939376
2022-08-26 09:00:00,149.0,155.0,141.0,143.0,55720135.28559158,8360407692.462129
2022-08-27 09:00:00,143.0,146.0,141.0,146.0,16353801.35298414,2354669244.609216
2022-08-28 09:00:00,146.0,147.0,141.0,142.0,14226179.41297177,2068188953.963265
2022-08-29 09:00:00,141.0,145.0,139.0,144.0,26179214.61697516,3722205972.634387
2022-08-30 09:00:00,144.0,146.0,139.0,142.0,29190901.87722281,4177501834.4634714
2022-08-31 09:00:00,141.0,145.0,141.0,143.0,20082925.35189423,2867899008.8689585
2022-09-01 09:00:00,143.0,145.0,141.0,145.0,22140034.76489616,3169382253.1033783
2022-09-02 09:00:00,144.0,146.0,142.0,144.0,20684658.75564819,2990394754.0837517
2022-09-03 09:00:00,144.0,147.0,143.0,146.0,8861614.39119074,1285542060.436054
2022-09-04 09:00:00,145.0,151.0,145.0,147.0,18509494.67189882,2730009364.843086
2022-09-05 09:00:00,146.0,147.0,143.0,145.0,11595299.95697505,1678668796.2630754
2022-09-06 09:00:00,145.0,148.0,139.0,139.0,32332447.14145764,4663422171.526402
2022-09-07 09:00:00,139.0,144.0,139.0,143.0,14357956.0188525,2022111813.696473
2022-09-08 09:00:00,143.0,146.0,141.0,146.0,22972487.41973474,3287946816.322623
2022-09-09 09:00:00,146.0,158.0,144.0,156.0,28249693.13464531,4263155084.62066
2022-09-10 09:00:00,157.0,160.0,155.0,157.0,21466920.15558424,3375430300.693681
2022-09-11 09:00:00,157.0,161.0,155.0,157.0,13658800.98240393,2155827171.070325
2022-09-12 09:00:00,157.0,160.0,154.0,156.0,17752663.77802039,2802740777.8136225
2022-09-13 09:00:00,156.0,157.0,147.0,147.0,32330018.06343303,4922083310.297965
2022-09-14 09:00:00,147.0,149.0,144.0,148.0,20873619.81578098,3060012858.0158067
2022-09-15 09:00:00,148.0,149.0,144.0,144.0,20559930.17209985,3001512238.136841
2022-09-16 09:00:00,146.0,152.0,143.0,151.0,19168585.14841483,2822367713.6555142
2022-09-17 09:00:00,151.0,160.0,149.0,159.0,34980910.58096678,5402254809.118655
2022-09-18 09:00:00,158.0,162.0,150.0,151.0,65645903.58533084,10358318898.416943
2022-09-19 09:00:00,151.0,159.0,147.0,157.0,38546663.73726502,5856889506.895154
2022-09-20 09:00:00,157.0,169.0,155.0,167.0,85361428.58118932,13926511720.784817
2022-09-21 09:00:00,166.0,168.0,156.0,158.0,67169936.68480948,10855722827.803738
2022-09-22 09:00:00,158.0,178.0,158.0,174.0,129548287.0926986,21888274049.050713
2022-09-23 09:00:00,174.0,190.0,168.0,176.0,194815289.30608726,34967783069.246
2022-09-24 09:00:00,176.0,182.0,169.0,171.0,53759196.03979066,9476872673.870724
2022-09-25 09:00:00,171.0,177.0,167.0,168.0,49076388.56065977,8460745374.701934
2022-09-26 09:00:00,168.0,170.0,162.0,163.0,41790031.85656328,6929169101.665868
2022-09-27 09:00:00,163.0,168.0,157.0,159.0,44050925.7013021,7200815332.559625
2022-09-28 09:00:00,160.0,160.0,154.0,157.0,37875533.94249696,5944480273.242875
2022-09-29 09:00:00,157.0,172.0,154.0,165.0,66662958.30832127,10812380827.594156
2022-09-30 09:00:00,166.0,168.0,162.0,164.0,48014486.2982378,7907916493.925707
2022-10-01 09:00:00,164.0,177.0,164.0,176.0,70069774.86183286,12037524178.513214
2022-10-02 09:00:00,175.0,178.0,171.0,172.0,38142739.80175076,6641808528.957597
2022-10-03 09:00:00,172.0,175.0,165.0,169.0,39965565.45239428,6745617493.328587
2022-10-04 09:00:00,168.0,175.0,166.0,170.0,29719809.22312637,5054154426.752897
2022-10-05 09:00:00,169.0,172.0,167.0,169.0,36957896.25509405,6261103040.2269945
2022-10-06 09:00:00,169.0,173.0,167.0,170.0,27576018.43506844,4668931978.980452
2022-10-07 09:00:00,170.0,177.0,167.0,174.0,45662499.24461833,7787213957.34561
2022-10-08 09:00:00,174.0,182.0,173.0,180.0,42429729.54608227,7550829532.032901
2022-10-09 09:00:00,180.0,185.0,178.0,184.0,34550535.44980174,6231839836.857298
2022-10-10 09:00:00,183.0,184.0,176.0,177.0,51894604.45931194,9382836760.099073
2022-10-11 09:00:00,177.0,179.0,165.0,166.0,58518285.09440555,10019106751.676277
2022-10-12 09:00:00,166.0,168.0,164.0,167.0,25821335.96106869,4293885550.174893
2022-10-13 09:00:00,167.0,167.0,154.0,161.0,60145622.15905884,9623352354.261452
2022-10-14 09:00:00,161.0,168.0,160.0,163.0,47840088.06441131,7863498521.085461
2022-10-15 09:00:00,162.0,165.0,160.0,161.0,15902488.27488847,2583642666.7159524
2022-10-16 09:00:00,161.0,165.0,161.0,162.0,8806109.37504438,1435687691.057475
2022-10-17 09:00:00,162.0,165.0,161.0,164.0,17309711.88705751,2821484287.802541
2022-10-18 09:00:00,164.0,164.0,159.0,162.0,20622031.96296131,3333211551.4564996
2022-10-19 09:00:00,161.0,164.0,159.0,160.0,16277047.60714588,2615869358.2532682
2022-10-20 09:00:00,160.0,163.0,158.0,158.0,20995799.35922734,3363932409.142848
2022-10-21 09:00:00,158.0,160.0,155.0,159.0,18003632.00838843,2839946303.476114
2022-10-22 09:00:00,159.0,161.0,158.0,159.0,12858183.26101102,2052351619.8601766
2022-10-23 09:00:00,159.0,161.0,157.0,161.0,10242514.01186399,1628053889.656375
2022-10-24 09:00:00,161.0,161.0,157.0,158.0,15060545.71373464,2389500825.9163313
2022-10-25 09:00:00,159.0,161.0,156.0,159.0,23312613.00488976,3691477489.429001
2022-10-26 09:00:00,159.0,161.0,158.0,159.0,30619761.45418569,4871721791.794922
2022-10-27 09:00:00,159.0,162.0,156.0,157.0,29810769.05148548,4735408192.104379
2022-10-28 09:00:00,156.0,159.0,154.0,159.0,18868289.2999907,2955430921.629094
2022-10-29 09:00:00,158.0,162.0,157.0,158.0,40697291.99848183,6479100674.894178
2022-10-30 09:00:00,158.0,162.0,155.0,156.0,33393160.60329776,5297808892.167662
2022-10-31 09:00:00,156.0,158.0,154.0,156.0,26463003.5837561,4120996329.4244623
2022-11-01 09:00:00,156.0,157.0,153.0,155.0,26853930.28793169,4161974682.0010767
2022-11-02 09:00:00,154.0,156.0,151.0,153.0,26541729.22595845,4072378062.590374
2022-11-03 09:00:00,153.0,156.0,153.0,154.0,17333300.96677035,2680320106.1738744
2022-11-04 09:00:00,154.0,163.0,154.0,161.0,58641027.96207611,9366884161.445614
2022-11-05 09:00:00,160.0,162.0,158.0,159.0,43772519.54974684,7010270925.3162155
2022-11-06 09:00:00,158.0,160.0,154.0,154.0,24550282.92991516,3861713070.706569
2022-11-07 09:00:00,154.0,156.0,152.0,155.0,22350441.12667397,3447638038.9247446
2022-11-08 09:00:00,155.0,156.0,139.0,141.0,76254128.06599489,11140354535.89202
2022-11-09 09:00:00,142.0,144.0,116.0,119.0,59375773.63488624,7763863471.331547
2022-11-10 09:00:00,120.0,142.0,118.0,137.0,48902006.50432799,6447066807.8784485
2022-11-11 09:00:00,136.0,139.0,128.0,132.0,30199147.53882527,4017741716.3006687
2022-11-12 09:00:00,132.0,133.0,125.0,127.0,13416811.08593454,1713488804.0372863
2022-11-13 09:00:00,127.0,129.0,119.0,120.0,18235746.86160933,2244660839.795937
2022-11-14 09:00:00,121.0,125.0,113.0,125.0,58113117.59061663,6950766204.005509
2022-11-15 09:00:00,124.0,129.0,122.0,125.0,25773945.87766133,3237075980.995525
2022-11-16 09:00:00,125.0,128.0,122.0,123.0,15991173.88545734,1998455490.5523274
2022-11-17 09:00:00,124.0,126.0,122.0,125.0,13974331.35749247,1732517132.8503704
2022-11-18 09:00:00,125.0,126.0,122.0,124.0,15625630.24022,1938258042.9963753
2022-11-19 09:00:00,123.0,126.0,122.0,125.0,15041342.59826585,1857554189.8984966
2022-11-20 09:00:00,125.0,127.0,120.0,121.0,21127761.25429969,2625586291.427269
2022-11-21 09:00:00,120.0,124.0,117.0,119.0,23381358.13198465,2799954972.030316
2022-11-22 09:00:00,120.0,122.0,116.0,122.0,17341198.52717258,2061919916.2227843
2022-11-23 09:00:00,121.0,124.0,120.0,122.0,21014912.54041107,2565045105.0306487
2022-11-24 09:00:00,123.0,125.0,119.0,124.0,29235144.38377832,3574016072.9078345
2022-11-25 09:00:00,123.0,125.0,119.0,123.0,36174550.04493263,4437957344.86722
2022-11-26 09:00:00,122.0,125.0,120.0,121.0,20076391.78899051,2459941255.9490433
2022-11-27 09:00:00,121.0,126.0,121.0,125.0,27988345.27241775,3462178273.0015645
2022-11-28 09:00:00,124.0,125.0,117.0,120.0,27938862.39710985,3365945212.772546
2022-11-29 09:00:00,120.0,122.0,119.0,121.0,10886103.74245947,1314776977.4966438
2022-11-30 09:00:00,120.0,124.0,119.0,122.0,30171458.52821095,3666600907.7802787
2022-12-01 09:00:00,121.0,122.0,119.0,119.0,14854622.52320265,1787489433.5571907
2022-12-02 09:00:00,120.0,120.0,116.0,118.0,22212992.58838845,2610969734.0056577
2022-12-03 09:00:00,118.0,119.0,117.0,118.0,10698271.06254313,1261649423.685791
2022-12-04 09:00:00,117.0,118.0,116.0,118.0,11757767.04404639,1377839970.126356
2022-12-05 09:00:00,118.0,119.0,116.0,117.0,14652266.09834741,1721962652.834003
2022-12-06 09:00:00,116.0,118.0,115.0,117.0,8978862.33197571,1043618259.1407026
2022-12-07 09:00:00,117.0,117.0,112.0,114.0,15224460.77757779,1733906137.2417715
2022-12-08 09:00:00,114.0,115.0,112.0,114.0,10090674.30258393,1145213763.0944555
2022-12-09 09:00:00,114.0,115.0,112.0,113.0,10129367.64340679,1146723293.3143644
2022-12-10 09:00:00,113.0,115.0,113.0,114.0,8974802.35080634,1022016490.4573143
2022-12-11 09:00:00,114.0,114.0,111.0,112.0,11104483.97197987,1252652672.2963417
2022-12-12 09:00:00,111.0,113.0,109.0,112.0,19088891.4145907,2107851224.6696513
2022-12-13 09:00:00,112.0,112.0,107.0,110.0,29589425.09972982,3249859309.408446
2022-12-14 09:00:00,109.0,111.0,108.0,108.0,15467131.78190017,1687693043.274817
2022-12-15 09:00:00,109.0,112.0,107.0,108.0,23492958.14782541,2554052606.3255215
2022-12-16 09:00:00,108.0,109.0,99.3,99.5,32117135.62023795,3352516409.383046
2022-12-17 09:00:00,99.5,101.0,95.9,100.0,28175684.14221477,2769804109.626334
2022-12-18 09:00:00,101.0,102.0,100.0,101.0,8350990.42159384,842510429.7484802
2022-12-19 09:00:00,101.0,102.0,95.3,96.6,18751742.6465051,1861880602.3103063
2022-12-20 09:00:00,96.6,99.2,96.1,98.8,18677470.10973727,1835319819.4030237
2022-12-21 09:00:00,98.9,99.1,96.9,98.0,15279578.72775649,1499055587.4286523
2022-12-22 09:00:00,97.8,98.6,96.4,98.4,14162659.16605687,1379650615.0384493
2022-12-23 09:00:00,98.6,99.1,97.6,98.3,9841003.34161812,968268689.5473319
2022-12-24 09:00:00,98.3,98.8,96.9,96.9,12287135.13110276,1197606023.0390959
2022-12-25 09:00:00,96.9,97.3,94.8,96.0,12460266.35542078,1198947708.8148575
2022-12-26 09:00:00,96.0,96.8,94.4,96.6,20812492.6736877,1993354215.0539927
2022-12-27 09:00:00,96.6,96.6,94.0,94.6,22294662.17538594,2120020792.7208812
2022-12-28 09:00:00,94.7,95.3,90.4,91.4,23923077.28936958,2214770415.598353
2022-12-29 09:00:00,91.4,92.6,89.4,91.7,17103310.5818105,1557944293.4102054
2022-12-30 09:00:00,91.6,92.3,89.6,92.0,8661114.25158181,787731270.7885951
2022-12-31 09:00:00,91.9,92.2,90.4,90.6,10310958.4216106,940645027.1611263
2023-01-01 09:00:00,90.6,92.5,90.1,92.1,12311594.29019935,1121405928.5638378
2023-01-02 09:00:00,92.1,94.6,90.1,93.8,19979489.20763498,1850091732.1657662
2023-01-03 09:00:00,93.7,95.2,93.4,94.1,9233172.96081008,870712432.7128278
2023-01-04 09:00:00,94.1,95.3,93.1,94.6,15477668.18584281,1464495050.5111673
2023-01-05 09:00:00,94.6,95.3,92.4,93.4,13404361.00420555,1257256294.830087
2023-01-06 09:00:00,93.4,95.7,91.3,95.1,26007404.56320636,2437696456.600332
2023-01-07 09:00:00,95.2,96.5,94.5,96.2,13822291.01690775,1320211681.4226234
2023-01-08 09:00:00,96.4,98.1,94.7,97.7,12181604.85862634,1172423826.171466
2023-01-09 09:00:00,97.8,102.0,97.7,100.0,48857905.96380396,4889737390.078905
2023-01-10 09:00:00,101.0,101.0,98.6,101.0,21433595.12031306,2135584337.647691
2023-01-11 09:00:00,99.9,103.0,98.8,102.0,49387492.66953613,4983146290.280617
2023-01-12 09:00:00,103.0,104.0,99.4,103.0,38841813.1515213,3937520884.2518344
2023-01-13 09:00:00,102.0,106.0,101.0,105.0,36615332.78701908,3776122568.304409
2023-01-14 09:00:00,106.0,112.0,103.0,108.0,78274083.48741727,8426585114.026874
2023-01-15 09:00:00,108.0,110.0,105.0,110.0,54043065.19311049,5791519654.733953
2023-01-16 09:00:00,110.0,113.0,107.0,109.0,55592292.55951163,6092580482.083931
2023-01-17 09:00:00,109.0,110.0,107.0,107.0,28662899.58687747,3101484497.1256647
2023-01-18 09:00:00,107.0,111.0,102.0,102.0,60588836.42432126,6484793061.029158
2023-01-19 09:00:00,102.0,105.0,102.0,105.0,27627881.4639036,2864885329.9365315
2023-01-20 09:00:00,104.0,111.0,104.0,111.0,41272922.63379504,4409161573.835504
2023-01-21 09:00:00,110.0,116.0,109.0,113.0,62137266.86971355,6927529637.7618885
2023-01-22 09:00:00,112.0,117.0,112.0,113.0,38647203.75320192,4415422706.255003
2023-01-23 09:00:00,113.0,120.0,113.0,119.0,70901009.95921803,8341113406.543419
2023-01-24 09:00:00,118.0,120.0,111.0,113.0,56543382.50697615,6624512128.140558
2023-01-25 09:00:00,113.0,117.0,111.0,116.0,44469261.34861101,5035775716.222145
2023-01-26 09:00:00,115.0,117.0,114.0,116.0,29548588.20652085,3401825911.0920863
2023-01-27 09:00:00,115.0,117.0,113.0,117.0,37186827.65771011,4276268290.827551
2023-01-28 09:00:00,117.0,119.0,115.0,118.0,28518806.97650839,3341344433.528698
2023-01-29 09:00:00,117.0,119.0,116.0,119.0,29015994.07814484,3401291641.5547404
2023-01-30 09:00:00,118.0,119.0,111.0,113.0,46155388.5488436,5328094797.396967
2023-01-31 09:00:00,113.0,115.0,112.0,115.0,25688280.6740684,2913892667.5463233
2023-02-01 09:00:00,115.0,116.0,110.0,116.0,37347475.49013259,4218263991.246073
2023-02-02 09:00:00,115.0,118.0,114.0,116.0,43515417.35090106,5053641233.284697
2023-02-03 09:00:00,116.0,118.0,115.0,118.0,37719868.99156044,4387715768.509503
2023-02-04 09:00:00,117.0,119.0,116.0,118.0,40454472.66203638,4754545072.567012
2023-02-05 09:00:00,118.0,119.0,113.0,115.0,58278876.43257724,6781154287.836603
2023-02-06 09:00:00,115.0,117.0,113.0,115.0,34508386.69178702,3967691288.2589974
2023-02-07 09:00:00,115.0,117.0,113.0,116.0,36291538.50154417,4173016777.897508
2023-02-08 09:00:00,116.0,118.0,114.0,116.0,61704047.99760792,7194603705.214216
2023-02-09 09:00:00,117.0,117.0,110.0,110.0,71526359.74810927,8152314815.217047
2023-02-10 09:00:00,111.0,112.0,108.0,112.0,31611486.42240657,3491245272.3413453
2023-02-11 09:00:00,112.0,113.0,110.0,112.0,15435290.35382106,1723865921.0389156
2023-02-12 09:00:00,112.0,113.0,110.0,111.0,16981405.92429315,1894485170.7085624
2023-02-13 09:00:00,110.0,111.0,106.0,111.0,33511774.86447318,3648057617.3863854
2023-02-14 09:00:00,110.0,112.0,107.0,112.0,34289112.28773985,3757743253.3754187
2023-02-15 09:00:00,111.0,117.0,110.0,117.0,74111938.38410361,8397698048.888786
2023-02-16 09:00:00,117.0,118.0,111.0,112.0,101984862.21368973,11797324301.24978
2023-02-17 09:00:00,112.0,117.0,111.0,117.0,45094653.99402273,5162332488.4387455
2023-02-18 09:00:00,117.0,121.0,115.0,118.0,65329583.44081614,7679914058.801666
2023-02-19 09:00:00,119.0,121.0,116.0,118.0,48264070.56249644,5713548492.5914
2023-02-20 09:00:00,118.0,122.0,115.0,122.0,93047340.06601678,11083821745.175087
2023-02-21 09:00:00,122.0,127.0,120.0,124.0,126122467.69981001,15590441418.355927
2023-02-22 09:00:00,124.0,124.0,118.0,122.0,77179139.04122299,9273964325.287603
2023-02-23 09:00:00,122.0,122.0,118.0,120.0,43323462.10652813,5194908654.924275
2023-02-24 09:00:00,120.0,120.0,116.0,118.0,55841436.51167123,6609420851.239363
2023-02-25 09:00:00,118.0,119.0,115.0,118.0,36148511.30316966,4243764491.9142656
2023-02-26 09:00:00,118.0,119.0,116.0,118.0,24353996.47260429,2852409524.965565
2023-02-27 09:00:00,118.0,119.0,116.0,118.0,34563814.57150206,4061551771.8122654
2023-02-28 09:00:00,117.0,118.0,115.0,116.0,25531308.00198026,2975701791.648581
2023-03-01 09:00:00,116.0,118.0,115.0,117.0,28097316.04624592,3266322552.6520905
2023-03-02 09:00:00,116.0,117.0,114.0,116.0,24269482.57120363,2792652439.053389
2023-03-03 09:00:00,115.0,117.0,110.0,114.0,41849886.57517236,4707456657.445179
2023-03-04 09:00:00,114.0,115.0,110.0,112.0,19557653.32443542,2205041143.0479774
2023-03-05 09:00:00,112.0,113.0,110.0,111.0,14962765.82451101,1668209574.6039855
2023-03-06 09:00:00,110.0,111.0,108.0,110.0,18252569.39257386,1999989736.614807
2023-03-07 09:00:00,111.0,112.0,108.0,110.0,43509469.02278162,4792794836.333898
2023-03-08 09:00:00,111.0,114.0,107.0,108.0,75883768.85207957,8388802710.433739
2023-03-09 09:00:00,109.0,110.0,103.0,105.0,52197452.67620373,5593220238.790083
2023-03-10 09:00:00,104.0,106.0,101.0,106.0,42296322.30929086,4377566766.140658
2023-03-11 09:00:00,106.0,108.0,101.0,107.0,36681478.97282766,3842867299.2794847
2023-03-12 09:00:00,107.0,110.0,104.0,109.0,31993859.51474793,3420145914.34077
2023-03-13 09:00:00,109.0,112.0,106.0,111.0,50656538.80959664,5547086559.1457615
2023-03-14 09:00:00,112.0,118.0,109.0,117.0,53227641.22911896,6013256526.847185
2023-03-15 09:00:00,117.0,117.0,111.0,113.0,37220290.14935004,4236996449.058143
2023-03-16 09:00:00,112.0,114.0,111.0,113.0,15074097.13811779,1694457917.546609
2023-03-17 09:00:00,112.0,116.0,112.0,116.0,37851034.0659169,4324207856.986133
2023-03-18 09:00:00,116.0,117.0,113.0,113.0,35379946.1340167,4088162739.935214
2023-03-19 09:00:00,114.0,118.0,113.0,116.0,48136751.58068747,5572239555.562783
2023-03-20 09:00:00,116.0,119.0,115.0,115.0,47735067.15889936,5591804314.913566
2023-03-21 09:00:00,115.0,132.0,113.0,128.0,222164871.63616416,27131917724.15724
2023-03-22 09:00:00,128.0,129.0,118.0,121.0,98501343.3459066,12127433815.082554
2023-03-23 09:00:00,121.0,124.0,119.0,122.0,72305831.76147823,8786175931.509138
2023-03-24 09:00:00,121.0,122.0,117.0,119.0,30821356.94745196,3693616709.9027457
2023-03-25 09:00:00,118.0,124.0,118.0,122.0,40028915.53029096,4847128578.399681
2023-03-26 09:00:00,122.0,124.0,120.0,121.0,27425220.47251284,3350618174.480954
2023-03-27 09:00:00,122.0,127.0,120.0,124.0,98650847.45367822,12141777734.32577
2023-03-28 09:00:00,124.0,130.0,120.0,129.0,78784184.29133454,9825825549.32192
2023-03-29 09:00:00,129.0,142.0,129.0,135.0,173431333.9431133,23701084667.85531
2023-03-30 09:00:00,134.0,142.0,132.0,140.0,94215035.70914713,12949717711.91499
2023-03-31 09:00:00,140.0,150.0,139.0,147.0,111371115.58125842,16139382087.55306
2023-04-01 09:00:00,147.0,152.0,142.0,143.0,64934317.17795594,9497747998.183657
2023-04-02 09:00:00,143.0,147.0,140.0,142.0,40958632.75068115,5882243971.108407
2023-04-03 09:00:00,142.0,147.0,139.0,141.0,32908268.15509234,4690544665.010378
2023-04-04 09:00:00,140.0,142.0,138.0,141.0,27066352.90948386,3788052388.1031127
2023-04-05 09:00:00,141.0,144.0,138.0,141.0,39717306.24272202,5608399277.651793
2023-04-06 09:00:00,142.0,142.0,138.0,140.0,19797367.8249305,2763930285.7527666
2023-04-07 09:00:00,140.0,141.0,138.0,140.0,17123586.35432126,2391517909.125317
2023-04-08 09:00:00,141.0,141.0,138.0,138.0,8428355.72724918,1176505129.47079
2023-04-09 09:00:00,139.0,140.0,136.0,139.0,12705619.26445589,1747337328.2179291
2023-04-10 09:00:00,139.0,140.0,135.0,139.0,24322678.0448351,3327662045.4246607
2023-04-11 09:00:00,138.0,142.0,138.0,140.0,14925560.86526476,2083730784.1637957
2023-04-12 09:00:00,140.0,140.0,136.0,138.0,14105310.91482883,1940067687.843618
2023-04-13 09:00:00,137.0,140.0,137.0,139.0,9761566.45377961,1350081654.9082363
2023-04-14 09:00:00,138.0,143.0,138.0,140.0,28318468.14682012,3979481767.1562366
2023-04-15 09:00:00,140.0,141.0,138.0,139.0,8021032.43432159,1121811270.7036486
2023-04-16 09:00:00,139.0,141.0,138.0,141.0,9132860.89094321,1274647961.0943365
2023-04-17 09:00:00,140.0,141.0,136.0,137.0,10794909.16228882,1488676779.7044027
2023-04-18 09:00:00,137.0,139.0,135.0,138.0,12819901.93362886,1762087806.4417894
2023-04-19 09:00:00,138.0,139.0,127.0,129.0,27060176.9983352,3581019942.92129
2023-04-20 09:00:00,130.0,132.0,126.0,128.0,18046495.4825116,2323186227.777198
2023-04-21 09:00:00,128.0,129.0,122.0,124.0,23458616.68798291,2955311327.0946217
2023-04-22 09:00:00,124.0,128.0,122.0,127.0,17149006.15148374,2153780934.0340323
2023-04-23 09:00:00,128.0,128.0,124.0,127.0,9645013.22491046,1215591758.112209
2023-04-24 09:00:00,127.0,129.0,123.0,124.0,22404626.97758497,2824194950.8223715
2023-04-25 09:00:00,124.0,128.0,122.0,127.0,13682710.37301884,1703276792.1610987
2023-04-26 09:00:00,128.0,129.0,122.0,126.0,19206240.95624235,2424788153.1072273
2023-04-27 09:00:00,125.0,127.0,124.0,125.0,12109584.47218912,1519996454.8690984
2023-04-28 09:00:00,125.0,128.0,125.0,126.0,13271205.80145773,1680632926.6630967
2023-04-29 09:00:00,126.0,128.0,125.0,128.0,9602786.55851184,1215395596.7446744
2023-04-30 09:00:00,128.0,128.0,126.0,127.0,5957491.40028278,755896988.0656657
2023-05-01 09:00:00,127.0,127.0,123.0,125.0,13270244.08217899,1660917255.080678
2023-05-02 09:00:00,125.0,126.0,123.0,126.0,7602116.56657885,944889860.2259567
2023-05-03 09:00:00,126.0,126.0,122.0,124.0,7176925.59791875,889096852.379721
2023-05-04 09:00:00,124.0,126.0,124.0,125.0,6914829.93507533,863319270.0178359
2023-05-05 09:00:00,125.0,126.0,123.0,124.0,7225948.90728833,899557942.5343598
2023-05-06 09:00:00,125.0,126.0,122.0,124.0,7994318.7893636,988548628.8307291
2023-05-07 09:00:00,124.0,124.0,122.0,123.0,3392354.69388355,418125616.4252833
2023-05-08 09:00:00,123.0,124.0,118.0,120.0,19293371.32216786,2330634100.6755857
2023-05-09 09:00:00,121.0,121.0,118.0,119.0,15603511.417929,1861924157.6426463
2023-05-10 09:00:00,119.0,121.0,118.0,120.0,14022601.69312948,1675751270.487834
2023-05-11 09:00:00,120.0,122.0,118.0,121.0,11087015.29600314,1325033429.1758866
2023-05-12 09:00:00,120.0,122.0,119.0,120.0,24319934.93203443,2924558213.10961
2023-05-13 09:00:00,120.0,121.0,119.0,119.0,4555272.758271,547464561.9447128
2023-05-14 09:00:00,120.0,120.0,119.0,120.0,4735409.66149313,566036200.2311271
2023-05-15 09:00:00,120.0,121.0,118.0,119.0,9815235.32393869,1173016899.5823712
2023-05-16 09:00:00,119.0,120.0,117.0,119.0,11653482.8566901,1380790749.616331
2023-05-17 09:00:00,119.0,120.0,118.0,119.0,21739053.61911982,2589714539.152231
2023-05-18 09:00:00,119.0,121.0,118.0,120.0,19729751.30991861,2364016620.52972
2023-05-19 09:00:00,120.0,121.0,119.0,121.0,10991401.88774556,1318126713.698087
2023-05-20 09:00:00,120.0,121.0,119.0,119.0,5213247.22301062,623201054.4281037
2023-05-21 09:00:00,119.0,120.0,118.0,119.0,8961952.95644838,1069261673.1859778
2023-05-22 09:00:00,118.0,119.0,117.0,118.0,16471080.1866344,1939537770.5055978
2023-05-23 09:00:00,118.0,119.0,117.0,118.0,8695079.62176263,1025113855.115248
2023-05-24 09:00:00,117.0,118.0,115.0,117.0,7944174.8015276,925245828.8504971
2023-05-25 09:00:00,117.0,118.0,115.0,116.0,10711186.86721927,1246808163.5214443
2023-05-26 09:00:00,116.0,119.0,116.0,117.0,8075719.5575679,949487251.0582317
2023-05-27 09:00:00,117.0,119.0,117.0,117.0,6939214.36606882,818409463.2717011
2023-05-28 09:00:00,118.0,119.0,117.0,119.0,13818072.80616262,1631687986.521977
2023-05-29 09:00:00,119.0,120.0,117.0,119.0,16236333.76975379,1931284055.3788633
2023-05-30 09:00:00,119.0,122.0,118.0,122.0,42687455.61141783,5131870341.087756
2023-05-31 09:00:00,121.0,125.0,119.0,123.0,28520469.46170674,3461212859.4104037
2023-06-01 09:00:00,123.0,125.0,121.0,122.0,24480781.55560499,3013977374.5825753
2023-06-02 09:00:00,121.0,123.0,121.0,121.0,10017698.01107738,1222063992.7124364
2023-06-03 09:00:00,122.0,124.0,121.0,121.0,8791926.7768001,1077180128.928772
2023-06-04 09:00:00,121.0,123.0,120.0,121.0,15042395.27528273,1831609786.5187888
2023-06-05 09:00:00,121.0,122.0,114.0,118.0,25893282.22594428,3058880800.57954
2023-06-06 09:00:00,118.0,119.0,114.0,119.0,22741367.43095415,2651946130.97737
2023-06-07 09:00:00,118.0,119.0,115.0,115.0,14268080.88223614,1668363678.9209063
2023-06-08 09:00:00,116.0,117.0,114.0,116.0,10553968.72001839,1218263389.585613
2023-06-09 09:00:00,116.0,118.0,114.0,118.0,11475981.67566103,1322491883.7651682
2023-06-10 09:00:00,118.0,118.0,104.0,109.0,37918329.10543536,4126630680.665327
2023-06-11 09:00:00,109.0,112.0,107.0,111.0,9051279.54602821,991444029.0243182
2023-06-12 09:00:00,111.0,111.0,108.0,109.0,11666652.63643926,1274683913.2255204
2023-06-13 09:00:00,109.0,113.0,107.0,108.0,35573194.7924487,3917240836.876629
2023-06-14 09:00:00,108.0,109.0,102.0,105.0,20036097.29000094,2119502531.1425426
2023-06-15 09:00:00,104.0,105.0,98.4,100.0,43876706.38364504,4421930874.485318
2023-06-16 09:00:00,100.0,104.0,99.4,102.0,28796445.86919133,2918554414.6140747
2023-06-17 09:00:00,101.0,106.0,101.0,104.0,17428512.66734313,1809436227.363189
2023-06-18 09:00:00,105.0,106.0,104.0,105.0,10343852.68922318,1083518668.8582027
2023-06-19 09:00:00,105.0,106.0,103.0,105.0,13027860.79313253,1359830628.2099872
2023-06-20 09:00:00,104.0,109.0,103.0,109.0,14272215.53441954,1505642403.5087993
2023-06-21 09:00:00,108.0,115.0,107.0,113.0,21504214.13084968,2390944921.63356
2023-06-22 09:00:00,113.0,117.0,113.0,113.0,29331469.18432523,3371151050.3425326
2023-06-23 09:00:00,113.0,119.0,113.0,118.0,19945902.31539169,2325427977.101637
2023-06-24 09:00:00,118.0,121.0,117.0,121.0,20541143.8943285,2453696887.6452785
2023-06-25 09:00:00,120.0,123.0,119.0,121.0,14420091.75611724,1750796069.5036135
2023-06-26 09:00:00,121.0,123.0,119.0,122.0,17400250.68827637,2100548191.6823092
2023-06-27 09:00:00,121.0,137.0,121.0,135.0,62034612.55034508,8090876174.986739
2023-06-28 09:00:00,136.0,141.0,131.0,133.0,143692634.21373335,19586805633.133198
2023-06-29 09:00:00,133.0,140.0,133.0,137.0,93873607.24736574,12798801755.525726
2023-06-30 09:00:00,137.0,157.0,135.0,148.0,209210199.89030436,30487853738.997475
2023-07-01 09:00:00,148.0,149.0,141.0,142.0,50290836.25975914,7249657543.232374
2023-07-02 09:00:00,142.0,144.0,138.0,142.0,46025933.91923047,6503580994.089536
2023-07-03 09:00:00,142.0,146.0,139.0,141.0,29108532.17571257,4137094254.7058015
2023-07-04 09:00:00,141.0,141.0,136.0,137.0,16180141.60016165,2240253434.7137885
2023-07-05 09:00:00,137.0,138.0,131.0,134.0,23478360.05470515,3156168035.7118917
2023-07-06 09:00:00,133.0,135.0,127.0,128.0,32690813.04382457,4297528707.854605
2023-07-07 09:00:00,128.0,130.0,126.0,129.0,19798982.64742915,2528785408.146336
2023-07-08 09:00:00,129.0,133.0,128.0,131.0,21699352.3848467,2822639454.003946
2023-07-09 09:00:00,131.0,133.0,130.0,130.0,15649768.70776022,2055458138.8534997
2023-07-10 09:00:00,130.0,133.0,128.0,132.0,19109591.68622352,2486198600.533215
2023-07-11 09:00:00,132.0,133.0,129.0,130.0,12033549.02917983,1575790464.0612822
2023-07-12 09:00:00,130.0,130.0,125.0,127.0,29635649.39528403,3776502475.524451
2023-07-13 09:00:00,126.0,238.0,124.0,198.0,1201458210.3874097,225215861967.556
2023-07-14 09:00:00,198.0,204.0,163.0,174.0,646735409.5535876,120192856790.90144
2023-07-15 09:00:00,174.0,175.0,163.0,164.0,201230359.60100174,34067376050.28674
2023-07-16 09:00:00,164.0,178.0,160.0,170.0,267462551.33013034,45775999900.70698
2023-07-17 09:00:00,170.0,173.0,161.0,166.0,117019291.93183038,19393106326.43513
2023-07-18 09:00:00,165.0,172.0,160.0,171.0,141825715.39258355,23466787450.76187
2023-07-19 09:00:00,171.0,216.0,169.0,201.0,762816699.4915739,147900100079.94507
2023-07-20 09:00:00,201.0,232.0,198.0,211.0,1118420628.625932,241649587472.79224
2023-07-21 09:00:00,211.0,221.0,199.0,204.0,388299911.19984484,81154997342.60907
2023-07-22 09:00:00,204.0,219.0,201.0,202.0,329306292.2121384,69040590843.74269
2023-07-23 09:00:00,202.0,208.0,197.0,202.0,213616670.85942003,43128902279.98194
2023-07-24 09:00:00,202.0,202.0,187.0,190.0,150048444.91746452,28916677003.292667
2023-07-25 09:00:00,189.0,195.0,183.0,188.0,149699038.94788587,28164259010.178345
2023-07-26 09:00:00,188.0,210.0,181.0,201.0,190040975.43540695,36850884987.24406
2023-07-27 09:00:00,201.0,212.0,197.0,207.0,253124226.7930766,52185985648.740845
2023-07-28 09:00:00,206.0,223.0,204.0,207.0,267829054.95787194,56422113881.15249
2023-07-29 09:00:00,207.0,209.0,203.0,204.0,77865167.96583639,16026628587.039072
2023-07-30 09:00:00,204.0,214.0,198.0,202.0,237002864.8412833,48760853313.415985
2023-07-31 09:00:00,202.0,205.0,193.0,194.0,83130653.8791186,16578055995.52272
2023-08-01 09:00:00,194.0,200.0,190.0,200.0,78390052.47519816,15158134961.170033
2023-08-02 09:00:00,200.0,202.0,189.0,189.0,56423180.7991522,10988953304.440304
2023-08-03 09:00:00,189.0,192.0,183.0,184.0,67750739.83782338,12667406155.577696
2023-08-04 09:00:00,184.0,188.0,180.0,180.0,71201201.69017787,13108970121.355011
2023-08-05 09:00:00,181.0,185.0,176.0,183.0,48326119.70672235,8667283106.693121
2023-08-06 09:00:00,184.0,193.0,183.0,185.0,45361228.11036714,8483765797.205692
2023-08-07 09:00:00,185.0,191.0,182.0,190.0,59710617.8348356,11136229208.545525
2023-08-08 09:00:00,190.0,191.0,183.0,190.0,49979390.22791574,9373287859.018867
2023-08-09 09:00:00,190.0,195.0,185.0,188.0,66728720.61595637,12673082355.745693
2023-08-10 09:00:00,188.0,188.0,183.0,185.0,37148715.11263024,6871043020.2706585
2023-08-11 09:00:00,185.0,189.0,184.0,186.0,19738794.54564386,3671935445.7031674
2023-08-12 09:00:00,186.0,187.0,183.0,185.0,13835118.9421369,2562110872.5990844
2023-08-13 09:00:00,185.0,188.0,184.0,184.0,12404666.94051011,2295822634.52723
2023-08-14 09:00:00,184.0,185.0,181.0,182.0,24887072.24558272,4552144135.111679
2023-08-15 09:00:00,181.0,183.0,171.0,176.0,41508651.99915622,7411111301.051268
2023-08-16 09:00:00,177.0,180.0,168.0,171.0,62180241.26560586,10820241121.667727
2023-08-17 09:00:00,172.0,173.0,153.0,156.0,66913562.48888496,10886652650.5723
2023-08-18 09:00:00,156.0,162.0,151.0,161.0,60330255.62613061,9468297110.885963
2023-08-19 09:00:00,161.0,174.0,160.0,171.0,39049184.21914238,6557063303.663789
2023-08-20 09:00:00,170.0,183.0,169.0,178.0,109466405.22220917,19460846692.32383
2023-08-21 09:00:00,178.0,179.0,168.0,170.0,56966263.08682064,9816970877.336336
2023-08-22 09:00:00,170.0,171.0,161.0,165.0,43630146.67291092,7266306666.959049
2023-08-23 09:00:00,166.0,175.0,164.0,173.0,48185909.42887179,8177045731.46731
2023-08-24 09:00:00,173.0,175.0,166.0,169.0,38127883.02541318,6502586942.466417
2023-08-25 09:00:00,169.0,171.0,163.0,169.0,46612470.96093985,7764493368.756476
2023-08-26 09:00:00,169.0,170.0,164.0,164.0,16462718.50690365,2745037273.9303713
2023-08-27 09:00:00,165.0,167.0,162.0,164.0,21306597.5402913,3508755188.437024
2023-08-28 09:00:00,163.0,165.0,160.0,163.0,24106450.68155702,3907964140.1057177
2023-08-29 09:00:00,163.0,175.0,158.0,169.0,68312202.87074697,11361399434.355951
2023-08-30 09:00:00,169.0,169.0,163.0,164.0,24504975.15917437,4061022638.9386373
2023-08-31 09:00:00,164.0,165.0,156.0,157.0,31961767.66074131,5146805665.808279
2023-09-01 09:00:00,157.0,160.0,155.0,156.0,28765224.05607318,4528349284.916089
2023-09-02 09:00:00,157.0,157.0,152.0,155.0,17856959.0928642,2761355721.4906597
2023-09-03 09:00:00,155.0,165.0,154.0,161.0,68561536.38979208,10912311224.81167
2023-09-04 09:00:00,162.0,173.0,161.0,169.0,151661193.3650612,25422520979.120888
2023-09-05 09:00:00,168.0,176.0,165.0,167.0,130352483.52386345,22188178053.225143
2023-09-06 09:00:00,167.0,169.0,160.0,169.0,77659993.07977304,12768070131.746056
2023-09-07 09:00:00,169.0,172.0,165.0,171.0,48790007.05323118,8174735294.10951
2023-09-08 09:00:00,171.0,173.0,166.0,173.0,58141446.4414301,9862855111.014212
2023-09-09 09:00:00,173.0,182.0,171.0,179.0,91092161.07370283,16124303130.368748
2023-09-10 09:00:00,179.0,184.0,174.0,182.0,99142200.2091067,17744848179.67263
2023-09-11 09:00:00,182.0,183.0,169.0,175.0,153069542.17423284,26708869328.774986
2023-09-12 09:00:00,175.0,180.0,163.0,165.0,162075538.10032395,27975276522.514313
2023-09-13 09:00:00,165.0,166.0,162.0,164.0,87374534.3780371,14288095286.758797
2023-09-14 09:00:00,164.0,165.0,159.0,163.0,60645384.42491612,9817130187.148792
2023-09-15 09:00:00,163.0,165.0,160.0,163.0,63649272.35357071,10340000470.871635
2023-09-16 09:00:00,163.0,164.0,160.0,161.0,43286083.36496158,6995821800.887058
2023-09-17 09:00:00,161.0,162.0,155.0,157.0,50093206.71484548,7909739371.104989
2023-09-18 09:00:00,157.0,161.0,156.0,158.0,43018491.69406068,6825352366.60418
2023-09-19 09:00:00,158.0,161.0,157.0,159.0,36654441.35557889,5825473928.001045
2023-09-20 09:00:00,159.0,161.0,157.0,157.0,54295710.04248818,8623050996.850796
2023-09-21 09:00:00,157.0,158.0,151.0,155.0,52285340.14528683,8100026266.876807
2023-09-22 09:00:00,155.0,157.0,153.0,155.0,25919270.37159747,4017844730.988247
2023-09-23 09:00:00,155.0,156.0,153.0,155.0,16796713.96073701,2598454185.241664
2023-09-24 09:00:00,155.0,155.0,151.0,152.0,19879711.43567949,3041845365.060375
2023-09-25 09:00:00,152.0,153.0,149.0,152.0,24440042.91801682,3700351404.4942603
2023-09-26 09:00:00,152.0,153.0,150.0,152.0,18408963.56168347,2791804011.882591
2023-09-27 09:00:00,152.0,156.0,151.0,154.0,30519894.42333264,4687464235.763664
2023-09-28 09:00:00,154.0,155.0,153.0,154.0,16380195.15545958,2526254240.857774
2023-09-29 09:00:00,154.0,164.0,152.0,153.0,132539354.3395852,20980234529.07641
2023-09-30 09:00:00,153.0,153.0,151.0,153.0,34487592.28092697,5241872202.716772
2023-10-01 09:00:00,152.0,155.0,151.0,155.0,34649429.56321334,5307289554.15067
2023-10-02 09:00:00,155.0,156.0,151.0,152.0,50183051.04135741,7723740513.976048
2023-10-03 09:00:00,152.0,162.0,150.0,157.0,90823961.43912122,14136630658.352356
2023-10-04 09:00:00,157.0,157.0,151.0,152.0,79700210.09037584,12270172838.946901
2023-10-05 09:00:00,152.0,153.0,150.0,150.0,29931348.37724668,4519346085.802287
2023-10-06 09:00:00,151.0,152.0,149.0,152.0,20711829.98309311,3115311692.7715945
2023-10-07 09:00:00,152.0,152.0,150.0,150.0,8936999.04062999,1346241315.5704725
2023-10-08 09:00:00,151.0,152.0,149.0,150.0,15286241.63358552,2299250001.3445687
2023-10-09 09:00:00,150.0,151.0,141.0,145.0,42610420.02312516,6203606759.489445
2023-10-10 09:00:00,145.0,145.0,141.0,142.0,16679152.49692037,2384452407.812593
2023-10-11 09:00:00,143.0,143.0,139.0,141.0,23099203.74348353,3253553949.538827
2023-10-12 09:00:00,141.0,141.0,138.0,141.0,22515526.81423846,3135743672.850747
2023-10-13 09:00:00,141.0,143.0,140.0,141.0,16962636.66729907,2395198647.0559454
2023-10-14 09:00:00,141.0,144.0,141.0,142.0,13287517.20403356,1893064139.6615655
2023-10-15 09:00:00,142.0,146.0,142.0,146.0,18238001.94505293,2614231118.8219256
2023-10-16 09:00:00,146.0,151.0,144.0,146.0,38186223.85709118,5613359311.241228
2023-10-17 09:00:00,146.0,146.0,140.0,140.0,24064851.16836922,3439203591.6260147
2023-10-18 09:00:00,141.0,143.0,140.0,141.0,22276929.64676364,3142414347.7532077
2023-10-19 09:00:00,141.0,148.0,139.0,147.0,48722039.84298556,7000248470.214575
2023-10-20 09:00:00,147.0,150.0,144.0,146.0,66663352.6935244,9786246246.018322
2023-10-21 09:00:00,146.0,152.0,145.0,150.0,31564042.8423836,4678404083.660828
2023-10-22 09:00:00,150.0,151.0,146.0,148.0,24424033.50752101,3630289109.9081025
2023-10-23 09:00:00,149.0,155.0,148.0,155.0,45585786.82869916,6900866909.121995
2023-10-24 09:00:00,155.0,162.0,151.0,155.0,124656999.72911143,19547967104.055218
2023-10-25 09:00:00,154.0,156.0,152.0,154.0,46159704.40897401,7105970087.508347
2023-10-26 09:00:00,154.0,158.0,150.0,153.0,48722577.93930598,7511898640.220906
2023-10-27 09:00:00,154.0,154.0,150.0,152.0,24978724.10123457,3792873821.068682
2023-10-28 09:00:00,152.0,155.0,151.0,154.0,23178730.71168691,3559707186.0300813
2023-10-29 09:00:00,155.0,158.0,153.0,157.0,30188056.83171974,4712923739.960588
2023-10-30 09:00:00,156.0,163.0,156.0,161.0,60927261.71271456,9736718110.566093
2023-10-31 09:00:00,161.0,172.0,157.0,165.0,183974817.06381974,30356049385.431156
2023-11-01 09:00:00,165.0,167.0,160.0,166.0,83877155.7862524,13818766362.493181
2023-11-02 09:00:00,167.0,167.0,160.0,163.0,71280769.64742006,11709528038.968077
2023-11-03 09:00:00,163.0,167.0,157.0,164.0,50415633.26593447,8175514516.559776
2023-11-04 09:00:00,165.0,167.0,163.0,166.0,38878933.77677158,6419662611.567513
2023-11-05 09:00:00,165.0,175.0,165.0,169.0,125963297.62653112,21334516152.980946
2023-11-06 09:00:00,168.0,181.0,167.0,175.0,177180896.86470827,30997574072.15127
2023-11-07 09:00:00,175.0,176.0,164.0,170.0,77572481.55890583,13214973397.79523
2023-11-08 09:00:00,170.0,173.0,167.0,170.0,48102349.32813978,8155406030.784903
2023-11-09 09:00:00,171.0,173.0,160.0,166.0,97835842.0537658,16458471892.061636
2023-11-10 09:00:00,166.0,167.0,162.0,166.0,60511788.62723531,9968391199.8837
2023-11-11 09:00:00,166.0,170.0,162.0,168.0,79557479.27655286,13213535294.378927
2023-11-12 09:00:00,167.0,169.0,163.0,165.0,33544236.64405313,5561600594.700173
2023-11-13 09:00:00,166.0,183.0,162.0,165.0,109095860.08177581,18452718995.361565
2023-11-14 09:00:00,166.0,166.0,157.0,160.0,66245379.04869859,10725386470.53087
2023-11-15 09:00:00,159.0,163.0,155.0,163.0,43701426.84242158,6953061675.336987
2023-11-16 09:00:00,162.0,165.0,158.0,160.0,48614081.15335065,7877610241.769078
2023-11-17 09:00:00,160.0,162.0,155.0,160.0,34457622.78542377,5481622950.259975
2023-11-18 09:00:00,160.0,161.0,155.0,160.0,25559913.59747913,4040715607.390545
2023-11-19 09:00:00,160.0,162.0,158.0,162.0,30744682.41637072,4929922930.528324
2023-11-20 09:00:00,162.0,162.0,159.0,160.0,21601337.96735686,3469142192.047267
2023-11-21 09:00:00,160.0,161.0,153.0,153.0,35097150.08205222,5523408437.93875
2023-11-22 09:00:00,153.0,159.0,153.0,159.0,26454879.18726741,4140093020.524376
2023-11-23 09:00:00,159.0,159.0,155.0,157.0,36546213.97068931,5745996983.552442
2023-11-24 09:00:00,157.0,159.0,156.0,158.0,25664589.10164312,4047019016.7988405
2023-11-25 09:00:00,158.0,163.0,158.0,162.0,29027134.81850047,4671169949.793126
2023-11-26 09:00:00,161.0,165.0,160.0,161.0,43252288.30247947,7027483863.369973
2023-11-27 09:00:00,160.0,162.0,155.0,157.0,33075443.53399181,5214839083.894804
2023-11-28 09:00:00,158.0,159.0,154.0,159.0,21123575.81519296,3315869479.8271284
2023-11-29 09:00:00,159.0,161.0,157.0,159.0,23963587.73779064,3808380665.792453
2023-11-30 09:00:00,159.0,160.0,158.0,158.0,24734280.14933238,3936525134.892845
2023-12-01 09:00:00,158.0,161.0,158.0,161.0,15880404.91292723,2532488212.808816
2023-12-02 09:00:00,161.0,163.0,159.0,162.0,24282902.96570409,3903700849.762106
2023-12-03 09:00:00,162.0,165.0,161.0,163.0,32862918.19311833,5351111208.793504
2023-12-04 09:00:00,163.0,169.0,161.0,165.0,60955156.70926071,10085494593.3119
2023-12-05 09:00:00,165.0,168.0,163.0,168.0,45524212.17004239,7524376896.155092
2023-12-06 09:00:00,168.0,174.0,166.0,173.0,105933193.1253531,17986396469.290604
2023-12-07 09:00:00,173.0,176.0,167.0,172.0,70455893.574337,12105792970.621126
2023-12-08 09:00:00,173.0,183.0,171.0,181.0,104516695.66098379,18490782183.776867
2023-12-09 09:00:00,181.0,190.0,179.0,183.0,117259537.4475844,21579474998.721382
2023-12-10 09:00:00,183.0,188.0,180.0,181.0,60799032.35561218,11179001166.093843
2023-12-11 09:00:00,182.0,184.0,166.0,170.0,81771833.54784665,14172045931.497477
2023-12-12 09:00:00,170.0,174.0,168.0,171.0,44852406.34975436,7664095637.811664
2023-12-13 09:00:00,171.0,175.0,165.0,173.0,43364605.33160923,7328145330.565646
2023-12-14 09:00:00,173.0,175.0,170.0,173.0,40213914.93229674,6930361343.7239065
2023-12-15 09:00:00,174.0,176.0,169.0,170.0,40734956.07743656,7056353750.4918585
2023-12-16 09:00:00,170.0,173.0,167.0,171.0,22618795.94603497,3870092997.619791
2023-12-17 09:00:00,172.0,172.0,167.0,167.0,24261776.32274113,4128053323.0527163
2023-12-18 09:00:00,167.0,168.0,158.0,165.0,56841096.7590413,9266984172.478848
2023-12-19 09:00:00,165.0,167.0,162.0,163.0,26972250.57586158,4440883357.7077
2023-12-20 09:00:00,163.0,168.0,162.0,165.0,44346094.39219541,7323151792.353418
2023-12-21 09:00:00,166.0,169.0,164.0,169.0,35564859.0199062,5930818235.340311
2023-12-22 09:00:00,169.0,172.0,167.0,171.0,52123036.36929156,8857779182.918697
2023-12-23 09:00:00,172.0,173.0,168.0,171.0,23133464.5899665,3943637259.4150424
2023-12-24 09:00:00,171.0,173.0,168.0,170.0,33407750.22120398,5720856296.666018
2023-12-25 09:00:00,169.0,177.0,168.0,175.0,57109061.38862652,9890596733.715002
2023-12-26 09:00:00,174.0,175.0,166.0,169.0,58957492.74994753,10018062275.704924
2023-12-27 09:00:00,169.0,179.0,166.0,175.0,63111772.57370815,10833148160.024145
2023-12-28 09:00:00,175.0,181.0,173.0,177.0,87482756.9798442,15470628764.791428
2023-12-29 09:00:00,177.0,177.0,170.0,174.0,45168545.1431233,7823988168.209591
2023-12-30 09:00:00,174.0,187.0,173.0,178.0,88971868.7935894,16030160598.338284
2023-12-31 09:00:00,178.0,179.0,173.0,175.0,40670924.55339057,7161716862.7381525
2024-01-01 09:00:00,174.0,177.0,172.0,175.0,30658971.7739236,5331210636.015759
2024-01-02 09:00:00,176.0,178.0,173.0,174.0,51419341.42306893,9017070973.993063
2024-01-03 09:00:00,174.0,178.0,153.0,165.0,101463994.94133002,16966188505.205708
2024-01-04 09:00:00,165.0,167.0,160.0,164.0,39003959.90065167,6354614054.64145
2024-01-05 09:00:00,165.0,165.0,155.0,161.0,35843941.07033159,5730180148.463385
2024-01-06 09:00:00,160.0,163.0,156.0,163.0,24694304.14992137,3951670846.1753
2024-01-07 09:00:00,163.0,164.0,154.0,156.0,33491414.61549956,5331536206.157065
2024-01-08 09:00:00,156.0,164.0,151.0,161.0,104130320.33363803,16380178400.064646
2024-01-09 09:00:00,161.0,161.0,153.0,157.0,51112274.73446351,8021658801.903496
2024-01-10 09:00:00,157.0,168.0,152.0,166.0,82324663.50170483,13090831775.646772
2024-01-11 09:00:00,165.0,173.0,164.0,170.0,82950740.34501661,13971123634.837244
2024-01-12 09:00:00,170.0,172.0,162.0,166.0,62087802.5025425,10436994881.309835
2024-01-13 09:00:00,166.0,166.0,161.0,166.0,31307902.25293166,5138588864.767361
2024-01-14 09:00:00,166.0,167.0,162.0,163.0,26460497.56593704,4347123295.33812
2024-01-15 09:00:00,163.0,166.0,162.0,163.0,29038908.99840564,4763067875.569542
2024-01-16 09:00:00,163.0,164.0,160.0,163.0,33222429.7411776,5404181778.152759
2024-01-17 09:00:00,163.0,164.0,160.0,164.0,29326214.57023094,4762352904.928182
2024-01-18 09:00:00,164.0,164.0,157.0,159.0,35113028.05968318,5626726546.573697
2024-01-19 09:00:00,159.0,159.0,152.0,159.0,33923017.68377967,5295334608.340544
2024-01-20 09:00:00,159.0,160.0,156.0,160.0,17779308.36086466,2805199442.718966
2024-01-21 09:00:00,160.0,162.0,159.0,160.0,15869674.37321637,2540633653.8932905
2024-01-22 09:00:00,160.0,160.0,155.0,156.0,25798759.16537147,4053216834.2982903
2024-01-23 09:00:00,156.0,159.0,148.0,155.0,40586827.91437374,6172597434.486262
2024-01-24 09:00:00,155.0,156.0,152.0,156.0,15066027.77353168,2322114197.2036357
2024-01-25 09:00:00,155.0,156.0,152.0,155.0,17329369.76578845,2670518271.2361956
2024-01-26 09:00:00,155.0,161.0,154.0,160.0,20030364.39647838,3159275966.7842607
2024-01-27 09:00:00,160.0,162.0,158.0,161.0,10901595.7762092,1746327525.2249286
2024-01-28 09:00:00,161.0,161.0,155.6,156.7,15294286.44944396,2420936709.6052527
2024-01-29 09:00:00,156.7,159.3,155.6,159.2,17457549.69035387,2751806907.6576
2024-01-30 09:00:00,159.2,159.7,154.2,154.9,25092303.6902225,3943436548.622666
2024-01-31 09:00:00,154.9,156.0,150.5,151.9,17761808.64377873,2721988461.9577007
2024-02-01 09:00:00,151.9,152.7,149.0,151.2,19831655.87045997,2983017687.789572
2024-02-02 09:00:00,151.0,152.6,149.9,151.9,11736902.40045845,1769070062.1681652
2024-02-03 09:00:00,151.6,157.3,150.7,153.2,45907577.79554983,7069421045.439124
2024-02-04 09:00:00,153.1,153.5,150.0,150.9,14512655.77371806,2198858582.8350234
2024-02-05 09:00:00,150.9,151.2,148.8,149.9,20318675.4319568,3047187577.4030557
2024-02-06 09:00:00,149.9,150.1,147.7,148.4,14389976.21212812,2140298368.2058845
2024-02-07 09:00:00,148.4,148.9,146.6,148.6,18183821.36624845,2688357164.1473103
2024-02-08 09:00:00,148.6,150.5,148.2,150.4,22968647.11670071,3429258626.075569
2024-02-09 09:00:00,150.4,153.1,149.9,151.1,26611469.21982251,4024560882.3719797
2024-02-10 09:00:00,151.1,152.9,149.6,151.2,15864544.38837732,2399143762.118853
2024-02-11 09:00:00,151.2,153.5,150.0,150.8,27896723.29623398,4219030825.6287866
2024-02-12 09:00:00,150.8,151.9,149.1,151.9,30243696.68773906,4547895262.051399
2024-02-13 09:00:00,151.8,153.9,149.1,150.6,32180083.0796035,4862379584.6785965
2024-02-14 09:00:00,150.6,155.1,149.1,155.1,30372817.49493132,4635991545.43029
2024-02-15 09:00:00,155.1,161.7,154.9,160.2,67180719.98865063,10646813605.249485
2024-02-16 09:00:00,160.2,162.7,158.0,160.0,36968917.43804028,5931928521.816825
2024-02-17 09:00:00,160.0,160.8,153.7,158.2,25934942.4495661,4087539148.682129
2024-02-18 09:00:00,158.2,160.6,156.6,160.2,17994502.09639817,2856413324.3938403
2024-02-19 09:00:00,160.2,164.8,159.9,164.3,30731032.03300024,4974677130.476256
2024-02-20 09:00:00,164.2,167.0,160.0,163.2,54684398.78274119,8968882790.940239
2024-02-21 09:00:00,163.2,164.2,157.0,160.0,29769229.55836365,4768124628.037632
2024-02-22 09:00:00,159.9,163.3,158.3,160.9,25389671.11745058,4085091506.1504025
2024-02-23 09:00:00,160.9,162.4,158.9,160.3,25681544.51629325,4121446629.080001
2024-02-24 09:00:00,160.3,162.6,158.6,160.4,21718264.87424561,3494708848.9288764
2024-02-25 09:00:00,160.7,161.5,159.0,160.5,15487303.78018827,2478455930.850389
2024-02-26 09:00:00,160.4,161.9,156.7,161.7,28899272.43559075,4611155818.171626
2024-02-27 09:00:00,161.7,170.0,160.6,169.2,66061511.25750065,10929224628.243471
2024-02-28 09:00:00,169.1,173.3,163.6,170.0,109760315.62811549,18569121191.30562
2024-02-29 09:00:00,170.0,180.0,168.0,171.8,118839084.87270926,20777026450.339394
2024-03-01 09:00:00,172.0,178.8,171.6,178.2,63100258.70360248,11088157830.7643
2024-03-02 09:00:00,178.2,193.5,177.8,193.1,196475298.10954243,36665208443.5432
2024-03-03 09:00:00,193.1,194.8,176.8,189.2,115475795.2350367,21682211041.475784
2024-03-04 09:00:00,189.2,231.0,186.7,205.1,512367323.50814044,107863162264.68443
2024-03-05 09:00:00,205.1,215.0,180.0,189.7,319953754.3652928,65347223738.39949
2024-03-06 09:00:00,190.0,195.7,179.9,195.7,131795966.8634637,24838357077.370308
2024-03-07 09:00:00,195.8,203.3,193.3,199.6,101124995.39320551,20078742189.24808
2024-03-08 09:00:00,199.6,204.6,194.2,200.1,95089734.10339361,18949914823.62248
2024-03-09 09:00:00,200.1,202.3,196.0,199.9,70341812.4796857,14023288733.44131
2024-03-10 09:00:00,199.9,203.3,195.0,197.7,95898092.0004931,19141723380.738842
2024-03-11 09:00:00,197.7,228.8,189.3,219.4,426507290.8752372,91860690546.55693
2024-03-12 09:00:00,219.4,222.0,205.3,211.6,158565781.84857282,33760835702.675392
2024-03-13 09:00:00,211.6,217.7,209.4,214.7,97345306.02155769,20729539099.878014
2024-03-14 09:00:00,214.7,218.3,199.0,207.9,149582410.27868947,31241361131.190605
2024-03-15 09:00:00,207.9,209.8,186.5,199.0,119059754.57052931,23337601837.102
2024-03-16 09:00:00,199.1,207.4,186.2,191.1,99070336.18068452,19689837447.266743
2024-03-17 09:00:00,191.1,194.0,181.2,193.2,67862299.52579097,12788957439.548506
2024-03-18 09:00:00,193.0,201.9,185.0,197.5,89947357.04736152,17399752079.596985
2024-03-19 09:00:00,197.5,198.0,177.8,180.5,99893408.05920424,18542344091.14024
2024-03-20 09:00:00,180.5,193.3,173.1,192.6,81173911.59023638,14918556448.475876
2024-03-21 09:00:00,192.2,199.8,186.3,194.4,89018038.85066012,17164031627.768452
2024-03-22 09:00:00,194.1,195.2,184.6,188.3,59225138.42660583,11211813137.661291
2024-03-23 09:00:00,188.3,198.0,187.0,192.9,49693586.52168464,9526838933.230312
2024-03-24 09:00:00,192.9,196.1,192.1,194.4,43115419.16207516,8362929084.02917
2024-03-25 09:00:00,194.4,197.4,192.7,194.5,61539751.16517183,11984656040.779297
2024-03-26 09:00:00,194.5,198.8,193.6,197.6,88701156.37859945,17443002750.81957
2024-03-27 09:00:00,197.6,199.5,189.8,192.8,76735010.99525148,14951242977.600824
2024-03-28 09:00:00,192.8,198.1,190.5,196.6,72304146.1463829,14107192202.465702
2024-03-29 09:00:00,196.7,211.0,194.8,203.9,187606719.0097277,38047028883.099106
2024-03-30 09:00:00,203.9,204.8,198.1,199.6,55614117.77087817,11166176629.54469
2024-03-31 09:00:00,199.7,201.7,198.3,200.1,33532921.46930895,6706194386.456951
2024-04-01 09:00:00,200.1,203.0,191.2,194.9,88217849.58990635,17323313130.935974
2024-04-02 09:00:00,194.9,195.8,185.7,188.8,73111556.49907692,13869260077.511585
2024-04-03 09:00:00,188.8,190.2,182.7,184.5,40003019.72445227,7491205665.704424
2024-04-04 09:00:00,184.6,192.5,182.1,187.1,49770852.33207719,9343547218.86177
2024-04-05 09:00:00,187.5,188.3,182.0,185.1,40672805.7132746,7525569261.638672
2024-04-06 09:00:00,185.0,187.2,184.1,186.0,18322427.08823498,3406391881.471635
2024-04-07 09:00:00,185.8,187.2,184.3,185.1,20492824.79537212,3811708177.480754
2024-04-08 09:00:00,185.5,191.6,183.0,190.2,47951225.30547658,9019088738.085947
2024-04-09 09:00:00,190.5,195.5,187.0,189.7,76470421.26820396,14620002400.25564
2024-04-10 09:00:00,189.8,190.3,182.1,185.0,47503677.11279837,8814481287.607178
2024-04-11 09:00:00,185.0,187.3,184.3,186.7,28397010.53027279,5278217283.818528
2024-04-12 09:00:00,187.0,187.5,164.2,171.2,87704497.56684433,15359910103.670189
2024-04-13 09:00:00,171.2,172.0,147.0,159.9,97791924.12076145,15794129498.756529
2024-04-14 09:00:00,159.8,167.9,155.0,166.2,55290010.91620662,8953336587.388494
2024-04-15 09:00:00,166.8,170.2,158.5,163.7,47242148.16879728,7767880493.303902
2024-04-16 09:00:00,163.7,165.2,157.4,164.1,36504735.26666316,5898623526.756864
2024-04-17 09:00:00,164.1,164.9,158.0,160.6,37822502.88262149,6110064441.316447
2024-04-18 09:00:00,160.6,163.4,156.0,162.6,30537686.02989673,4889963250.36909
2024-04-19 09:00:00,162.7,166.0,153.1,163.5,39199754.24242952,6309695697.180014
2024-04-20 09:00:00,163.8,170.5,162.8,169.3,29345917.62956813,4905093674.004181
2024-04-21 09:00:00,169.3,170.7,165.4,166.3,26157628.08773761,4398913324.432257
2024-04-22 09:00:00,166.7,172.8,166.1,171.7,30491560.77718426,5170238370.839735
2024-04-23 09:00:00,171.9,172.6,167.0,170.0,27326287.45412045,4630246925.847858
2024-04-24 09:00:00,170.1,173.5,165.0,166.2,38063402.15474422,6470646214.455687
2024-04-25 09:00:00,166.3,168.5,161.6,163.4,29234636.00050036,4804123414.444198
2024-04-26 09:00:00,163.6,165.9,160.8,164.6,32518599.64967873,5300346840.34647
2024-04-27 09:00:00,164.6,165.5,160.8,165.3,21819443.85900497,3550259821.7440076
2024-04-28 09:00:00,165.4,166.8,160.6,160.7,27435148.04413427,4505464244.961995
2024-04-29 09:00:00,161.1,162.7,156.8,160.5,32337467.1549801,5151032854.64856
2024-04-30 09:00:00,160.6,161.7,151.0,154.5,34290279.7535561,5318060954.184932
2024-05-01 09:00:00,154.5,158.8,145.9,158.8,45300241.89250808,6860925211.895816
2024-05-02 09:00:00,158.8,159.4,151.5,155.2,27448494.72922797,4239916789.475551
2024-05-03 09:00:00,155.2,159.5,154.3,158.7,34539412.58016095,5413280854.876199
2024-05-04 09:00:00,158.6,159.7,156.1,157.0,23643401.58922171,3728919326.04362
2024-05-05 09:00:00,157.0,157.4,153.9,156.1,15743270.70879697,2447243500.1773243
2024-05-06 09:00:00,156.1,159.9,153.5,154.3,50031124.13969474,7845997022.2976265
2024-05-07 09:00:00,154.2,155.6,151.6,151.8,25862844.27080928,3972133853.05494
2024-05-08 09:00:00,151.8,155.4,149.6,150.4,30532883.82644582,4645578505.336747
2024-05-09 09:00:00,150.4,151.9,148.3,151.4,21656802.16438379,3247316841.442071
2024-05-10 09:00:00,151.6,153.1,148.3,150.0,23274652.88207157,3507248384.2048125
2024-05-11 09:00:00,150.0,150.9,148.6,149.3,9754341.67459714,1461921429.486343
2024-05-12 09:00:00,149.3,150.0,147.2,147.5,12478868.54598946,1853362154.252779
2024-05-13 09:00:00,147.6,148.2,141.8,145.5,34616350.15658768,5036324658.418889
2024-05-14 09:00:00,145.5,146.3,142.9,143.3,17474502.19695849,2527952158.320436
2024-05-15 09:00:00,143.6,148.9,142.7,148.8,22279481.81266193,3254609143.5766253
2024-05-16 09:00:00,148.8,149.3,146.3,148.3,20080759.60044161,2969584451.8352785
2024-05-17 09:00:00,148.6,151.9,147.6,150.4,16831905.69493286,2519873824.7187576
2024-05-18 09:00:00,150.4,152.7,149.2,150.3,12713709.78549222,1916193272.6897805
2024-05-19 09:00:00,150.3,150.8,146.3,146.7,11404945.94421898,1690759112.7561255
2024-05-20 09:00:00,146.8,153.4,145.4,153.3,23438116.29894966,3498837383.940509
2024-05-21 09:00:00,153.1,157.2,151.8,155.0,32314975.5672106,5000149313.792861
2024-05-22 09:00:00,155.0,155.2,150.0,152.8,20671204.03747983,3158351894.1320143
2024-05-23 09:00:00,153.0,154.4,146.5,152.6,44221058.01773416,6706238009.531071
2024-05-24 09:00:00,152.7,154.2,150.1,153.2,22621921.05075786,3453392793.2277827
2024-05-25 09:00:00,153.2,155.8,153.0,153.9,13877771.34436627,2146082109.401844
2024-05-26 09:00:00,154.0,154.7,151.2,151.5,13310163.50003413,2035855100.581946
2024-05-27 09:00:00,151.8,153.9,150.5,152.9,18000282.02555755,2736645942.7313585
2024-05-28 09:00:00,152.9,153.0,149.0,149.4,21957351.63455159,3302360591.7001348
2024-05-29 09:00:00,149.4,151.0,148.2,148.3,21711522.28379794,3246569730.3903027
2024-05-30 09:00:00,148.3,149.8,146.0,148.5,24401730.93969661,3613861180.4052
2024-05-31 09:00:00,148.5,149.5,146.9,148.8,13874814.60532411,2056655469.0553033
2024-06-01 09:00:00,148.7,149.6,148.2,148.6,7022742.94506513,1046181378.6654805
2024-06-02 09:00:00,148.6,149.5,147.1,147.6,9469739.0055031,1404935823.9483438
2024-06-03 09:00:00,147.6,148.8,146.3,147.2,14884809.23756977,2200359465.9078183
2024-06-04 09:00:00,147.2,147.9,144.9,147.2,18021678.83472751,2633605005.164828
2024-06-05 09:00:00,147.3,148.6,146.4,147.8,18643090.64196145,2749580748.598255
2024-06-06 09:00:00,147.8,148.5,146.0,146.2,12280318.6310023,1808305150.3855364
2024-06-07 09:00:00,146.2,148.5,136.3,141.7,29919833.89993175,4300764347.45491
2024-06-08 09:00:00,141.7,141.7,137.0,139.2,24528098.26257763,3415097642.815725
2024-06-09 09:00:00,139.0,140.7,138.9,140.5,10820373.82142187,1513167989.9553583
2024-06-10 09:00:00,140.5,141.5,138.9,139.8,11436964.90844721,1602315619.0119402
2024-06-11 09:00:00,139.9,140.3,135.5,137.4,21694271.53793749,2984544961.4905043
2024-06-12 09:00:00,137.2,141.8,135.0,140.5,16367307.30435732,2279184310.9352603
2024-06-13 09:00:00,140.5,141.0,137.8,138.2,11681939.83208339,1628906019.4308941
2024-06-14 09:00:00,138.2,140.0,134.8,137.9,15734975.51959349,2162892225.1729136
2024-06-15 09:00:00,137.7,140.3,136.7,139.5,6768360.5367204,934826241.7213792
2024-06-16 09:00:00,139.5,140.5,137.5,140.1,10583470.02186037,1475887618.190672
2024-06-17 09:00:00,140.1,140.2,134.3,136.3,49655573.84468717,6829485815.308141
2024-06-18 09:00:00,136.3,136.6,124.0,128.8,60065491.10247349,7713506694.5704
2024-06-19 09:00:00,128.4,133.0,127.6,131.7,18501104.37891111,2418848206.389898
2024-06-20 09:00:00,131.8,134.5,131.3,132.9,13409910.17003388,1783070157.4258416
2024-06-21 09:00:00,132.9,133.7,129.0,129.7,12952020.53484514,1699517007.2746797
2024-06-22 09:00:00,129.9,129.9,128.1,128.8,10133726.52588699,1306492559.610735
2024-06-23 09:00:00,128.8,130.0,126.2,126.3,9333733.17630097,1196179864.1983624
2024-06-24 09:00:00,126.5,126.9,121.0,126.6,25552747.84896731,3171858011.5345387
2024-06-25 09:00:00,126.6,131.0,126.0,130.0,10225754.65097631,1310715058.2472699
2024-06-26 09:00:00,129.6,130.9,126.9,127.6,11026584.92084431,1420966251.0149086
2024-06-27 09:00:00,127.3,129.2,125.0,129.0,8306180.41723764,1058206682.5991462
2024-06-28 09:00:00,128.9,131.1,127.7,128.7,10402460.22010737,1347385894.1107671
2024-06-29 09:00:00,128.6,129.7,126.6,126.9,5597772.05801431,718501586.316011
2024-06-30 09:00:00,126.9,129.0,125.8,127.8,8143554.91225166,1037365572.1441451
2024-07-01 09:00:00,127.8,130.2,126.8,128.7,13252413.17720048,1708503779.6833692
2024-07-02 09:00:00,128.5,132.4,128.5,131.8,12720899.02537009,1665172555.9060752
2024-07-03 09:00:00,131.5,131.9,126.9,127.9,14641916.55883352,1893482129.0414648
2024-07-04 09:00:00,128.1,128.5,123.1,124.4,31147010.35378525,3922558986.0774126
2024-07-05 09:00:00,124.5,124.6,110.8,122.0,48026590.55501462,5599919381.878792
2024-07-06 09:00:00,122.0,129.4,120.9,128.8,13271663.99487767,1655692581.0151682
2024-07-07 09:00:00,128.8,128.8,118.8,119.2,12037188.81702748,1501512673.4737904
2024-07-08 09:00:00,119.2,124.0,115.5,121.5,21031785.01450597,2528235277.047466
2024-07-09 09:00:00,121.4,124.9,120.9,124.6,10515099.27051154,1298732060.292697
2024-07-10 09:00:00,124.6,126.2,123.1,124.3,17279066.81260478,2147626707.4877768
2024-07-11 09:00:00,124.2,127.3,123.2,125.8,14105401.1571082,1768039846.6742306
2024-07-12 09:00:00,125.7,131.3,124.8,128.5,30747476.87235085,3947859566.3945813
2024-07-13 09:00:00,128.5,148.6,128.4,143.0,214405079.92005676,30497098868.569427
2024-07-14 09:00:00,143.1,150.0,139.4,146.8,115305903.94763595,16686923480.365263
2024-07-15 09:00:00,146.9,148.9,144.0,147.1,74688418.91916867,10899493931.714222
2024-07-16 09:00:00,147.1,152.6,141.4,149.0,176500982.30362806,26137144301.55162
2024-07-17 09:00:00,149.1,157.1,147.7,153.3,139473472.9508273,21313704170.791023
2024-07-18 09:00:00,153.4,155.4,142.2,145.0,111704971.79635064,16510111910.765068
2024-07-19 09:00:00,144.9,147.5,141.2,146.8,32225805.28809836,4653680915.264712
2024-07-20 09:00:00,146.8,149.7,145.7,147.3,37540944.18031913,5543468421.130267
2024-07-21 09:00:00,147.3,148.8,142.8,146.9,30822389.35503119,4508321435.248434
2024-07-22 09:00:00,147.3,148.8,142.8,144.7,33489877.11260482,4880004489.814058
2024-07-23 09:00:00,144.7,146.5,139.8,141.5,26360495.96248164,3778657724.158054
2024-07-24 09:00:00,141.5,147.8,139.8,144.1,39109373.50300406,5673498888.611361
2024-07-25 09:00:00,144.2,145.7,140.1,143.7,43291997.10406725,6171053363.133777
2024-07-26 09:00:00,143.6,146.3,142.1,144.1,22703137.95110224,3266783855.327918
2024-07-27 09:00:00,143.9,144.5,140.1,141.3,22280821.17355754,3185438606.57793
2024-07-28 09:00:00,141.2,142.9,139.2,140.2,21322688.36278533,3010777499.489775
2024-07-29 09:00:00,140.2,142.0,138.4,139.0,21772056.88000744,3058695490.64531
2024-07-30 09:00:00,139.0,145.3,138.1,143.8,48142085.05689299,6867448240.164473
2024-07-31 09:00:00,143.8,150.0,140.1,140.2,90712561.08349755,13242537453.150997
2024-08-01 09:00:00,140.4,141.7,134.6,139.7,38432773.81321402,5321029090.058228
2024-08-02 09:00:00,139.8,140.0,131.9,134.6,34803177.97586401,4718248745.469201
2024-08-03 09:00:00,134.6,135.7,129.7,132.3,27133407.91747971,3614556258.473066
2024-08-04 09:00:00,132.3,132.3,123.2,124.2,24134095.42581688,3074695909.349681
2024-08-05 09:00:00,124.2,129.0,110.0,126.7,91788472.59885351,10862199378.326178
2024-08-06 09:00:00,126.5,133.3,126.0,132.2,24336058.03778712,3162216952.140811
2024-08-07 09:00:00,132.4,151.3,131.0,144.3,138420942.54314548,19699322997.523098
2024-08-08 09:00:00,144.6,146.6,139.6,144.6,108167375.17854515,15468865817.805511
2024-08-09 09:00:00,144.5,144.6,138.8,140.8,42325951.84563576,5981273256.304248
2024-08-10 09:00:00,140.7,143.6,140.3,142.4,19532988.23522348,2774078483.803842
2024-08-11 09:00:00,142.3,144.4,136.5,137.9,23669820.75150417,3344066372.493522
2024-08-12 09:00:00,137.9,140.9,136.6,138.5,19558128.83090981,2722956404.503193
2024-08-13 09:00:00,138.7,139.3,136.8,138.6,14995076.86373391,2071229218.6360834
2024-08-14 09:00:00,138.6,138.6,135.2,135.5,16507838.18584302,2264002919.4902687
2024-08-15 09:00:00,135.5,137.2,133.4,134.5,12400643.0849255,1675085678.1739905
2024-08-16 09:00:00,134.5,134.6,130.2,132.4,11965052.51014816,1586946789.4774044
2024-08-17 09:00:00,132.5,134.4,131.9,133.1,4355951.79571231,578854473.2057046
2024-08-18 09:00:00,133.1,134.2,130.1,130.2,9789105.57841537,1291973691.5517137
2024-08-19 09:00:00,130.2,132.5,128.2,132.3,25653217.00355254,3347350396.2748947
2024-08-20 09:00:00,132.3,134.9,131.9,133.6,18548000.24884801,2473788309.941868
2024-08-21 09:00:00,133.4,134.2,131.7,133.6,11908621.89527339,1582244023.352651
2024-08-22 09:00:00,133.6,135.5,132.1,134.2,9335945.06692094,1249464365.0675602
2024-08-23 09:00:00,134.2,137.1,133.7,136.1,17327606.96114428,2346003427.08121
2024-08-24 09:00:00,136.3,138.2,135.0,137.1,19527580.78968822,2664809072.846403
2024-08-25 09:00:00,137.0,137.5,133.7,135.4,10564897.70484035,1432708612.3452678
2024-08-26 09:00:00,135.2,135.7,130.0,130.6,12940736.4832293,1718023179.386851
2024-08-27 09:00:00,130.6,131.3,126.1,127.7,21231736.77832892,2741625018.785857
2024-08-28 09:00:00,127.6,128.9,124.3,126.6,15652753.21050078,1988200958.2001894
2024-08-29 09:00:00,126.8,127.9,125.0,126.6,8086468.87776238,1024777981.075387
2024-08-30 09:00:00,126.6,127.8,124.7,126.9,13214177.71488412,1672718760.5786002
2024-08-31 09:00:00,126.9,127.5,125.2,126.2,5673979.79839071,715066830.5712408
2024-09-01 09:00:00,126.0,126.2,122.4,122.8,12351313.8947276,1529725591.622573
2024-09-02 09:00:00,123.0,125.8,123.0,125.6,7748040.19331231,963442271.94736
2024-09-03 09:00:00,125.5,128.1,124.3,124.3,8615390.35553268,1086750989.311631
2024-09-04 09:00:00,124.4,125.4,121.0,124.2,13575592.03154144,1668670936.1328974
2024-09-05 09:00:00,124.2,124.7,122.2,122.5,6824336.74982326,840543413.9784709
2024-09-06 09:00:00,122.5,122.8,117.2,120.3,16487045.69281604,1979700075.1662602
2024-09-07 09:00:00,120.3,122.2,119.0,120.3,7216177.99266568,871569447.5957744
2024-09-08 09:00:00,120.5,122.3,120.2,122.1,4279141.82785023,519102447.38979423
2024-09-09 09:00:00,122.2,126.9,122.0,126.2,7520784.88149625,935035763.4627362
2024-09-10 09:00:00,126.1,128.0,125.3,127.4,4988228.76456762,631300896.3616871
2024-09-11 09:00:00,127.5,127.6,124.0,125.0,5373010.4664363,674062852.8019313
2024-09-12 09:00:00,125.0,132.2,124.5,127.5,48735104.93624095,6230715591.711476
2024-09-13 09:00:00,127.9,130.0,126.2,129.0,22183092.1767711,2835073136.729379
2024-09-14 09:00:00,129.1,132.0,128.1,130.4,20158652.71792415,2614101578.7796726
2024-09-15 09:00:00,130.4,130.8,127.4,128.4,12527799.906608,1622903168.6811016
2024-09-16 09:00:00,128.4,128.8,126.2,127.7,9675077.1738956,1234498347.1926553
2024-09-17 09:00:00,128.0,129.8,126.8,127.4,11809760.72268336,1514167228.430278
2024-09-18 09:00:00,127.4,128.7,125.4,128.7,14029877.16192246,1775746507.7973
2024-09-19 09:00:00,128.3,129.6,126.5,128.2,31152127.26068224,3989000771.6848607
2024-09-20 09:00:00,128.2,130.0,126.8,128.6,30265419.21143386,3898876719.351575
2024-09-21 09:00:00,128.6,132.6,128.1,130.5,26810641.42569272,3484060848.8797345
2024-09-22 09:00:00,130.5,131.1,127.1,128.3,24274698.93737862,3136311241.656891
2024-09-23 09:00:00,128.4,129.5,127.1,128.8,16246343.94895564,2089171931.288347
2024-09-24 09:00:00,128.9,129.5,127.2,128.7,19721131.0836715,2528643378.9493313
2024-09-25 09:00:00,128.7,129.4,127.8,128.1,21229976.84010299,2730866072.8987722
2024-09-26 09:00:00,128.1,131.0,126.4,129.4,30733729.08093687,3969114391.048122
2024-09-27 09:00:00,129.6,131.5,129.2,131.4,22130422.583436,2881328147.5881653
2024-09-28 09:00:00,131.5,134.7,129.9,130.9,72358561.238251,9581661014.5246
2024-09-29 09:00:00,130.9,136.6,129.6,133.2,69193770.34076217,9168975370.470415
2024-09-30 09:00:00,133.2,135.9,130.0,130.3,61659213.41259098,8206978997.402337
2024-10-01 09:00:00,130.2,133.3,123.6,125.7,42047376.32574577,5423549562.210215
2024-10-02 09:00:00,125.7,127.4,121.0,121.9,29651591.11724287,3670676700.934227
2024-10-03 09:00:00,121.9,123.2,119.6,122.6,27095654.60085563,3286129151.3324013
2024-10-04 09:00:00,122.7,124.3,121.5,124.2,17878858.15674024,2195070953.332307
2024-10-05 09:00:00,124.2,125.1,123.4,124.5,8612085.10901496,1071448808.7672096
2024-10-06 09:00:00,124.5,125.6,123.4,124.5,8561594.8142845,1065085382.9132057
2024-10-07 09:00:00,124.3,125.3,122.3,122.8,14523116.24723285,1801696546.8140707
2024-10-08 09:00:00,122.7,124.4,121.5,121.9,13256311.98475345,1628213561.868213
2024-10-09 09:00:00,121.9,122.9,120.8,122.2,8611381.45124209,1048557416.3827991
2024-10-10 09:00:00,121.9,122.8,120.0,122.6,18355058.41806587,2233137975.718819
2024-10-11 09:00:00,122.6,124.5,122.2,124.1,10856290.82824345,1340963719.8438694
2024-10-12 09:00:00,124.1,124.9,123.4,123.8,7323452.06268243,908800224.3738616
2024-10-13 09:00:00,123.9,123.9,121.0,121.9,7641158.2681899,937016770.3118638
2024-10-14 09:00:00,122.0,125.9,121.3,125.3,11738271.67864042,1452677972.2068968
2024-10-15 09:00:00,125.3,127.4,123.5,125.6,16150456.58365538,2027594889.1663883
2024-10-16 09:00:00,125.6,130.4,125.0,129.4,22656832.80739477,2877677441.819037
2024-10-17 09:00:00,129.4,131.5,128.2,129.0,19603406.98989438,2540230512.0575943
2024-10-18 09:00:00,129.0,132.3,128.2,131.9,13428774.76861595,1752428346.3437033
2024-10-19 09:00:00,131.9,133.0,131.0,132.4,9602507.34157466,1268437740.9903066
2024-10-20 09:00:00,132.3,132.8,130.8,132.3,7625357.65908204,1005138054.9269508
2024-10-21 09:00:00,132.4,133.3,129.7,130.5,17290410.02552716,2279344053.225792
2024-10-22 09:00:00,130.5,134.6,129.5,131.4,17920308.19239349,2356590407.5316935
2024-10-23 09:00:00,131.4,132.4,128.8,130.7,16927919.44442309,2213131898.0391865
2024-10-24 09:00:00,130.9,133.9,130.3,133.3,16364149.1547616,2158718624.6702776
2024-10-25 09:00:00,133.5,135.8,128.5,131.7,33032226.76505596,4401597612.394021
2024-10-26 09:00:00,131.6,133.5,130.6,131.9,17684226.85462624,2336694321.5460043
2024-10-27 09:00:00,132.0,133.3,130.8,131.2,10262309.35437684,1352716274.5384953
2024-10-28 09:00:00,131.4,131.7,129.6,131.4,14084463.76390144,1839789095.8695009
2024-10-29 09:00:00,131.6,135.0,131.3,134.9,13280643.39049606,1768457410.8760424
2024-10-30 09:00:00,134.9,135.0,131.4,131.9,13291036.84797359,1767156425.1920898
2024-10-31 09:00:00,131.9,132.3,128.3,128.8,15527816.3943002,2015381295.4781637
2024-11-01 09:00:00,128.8,131.2,126.4,130.2,12051233.40267122,1548700560.2054834
2024-11-02 09:00:00,130.3,131.1,128.4,129.7,6234987.97929061,808613678.9656028
2024-11-03 09:00:00,129.9,130.1,124.5,126.5,12643919.09638027,1601137982.2739534
2024-11-04 09:00:00,126.2,128.2,125.4,126.7,8272185.79962601,1050700150.202171
2024-11-05 09:00:00,126.7,130.6,126.3,129.4,9051084.44972486,1163625435.4693866
2024-11-06 09:00:00,129.8,134.4,129.6,133.9,32281270.92733863,4285834985.8601966
2024-11-07 09:00:00,133.9,140.3,132.3,140.3,33354193.47445261,4552185664.042847
2024-11-08 09:00:00,140.3,142.8,139.0,141.1,20652668.31703058,2900743586.010209
2024-11-09 09:00:00,141.3,142.4,139.0,141.7,17927118.16272324,2520433506.715568
2024-11-10 09:00:00,141.8,162.6,141.0,150.0,151446524.08750996,22958300312.667313
2024-11-11 09:00:00,150.2,160.8,149.3,160.7,82608059.17888708,12742158537.965742
2024-11-12 09:00:00,160.5,201.8,154.1,190.8,380979565.43183196,68479229957.02788
2024-11-13 09:00:00,190.8,197.8,172.3,176.5,159578439.00600958,29373895004.082455
2024-11-14 09:00:00,176.4,199.5,173.0,185.7,200879310.2393054,36983913925.80748
2024-11-15 09:00:00,185.7,207.4,182.5,204.9,308339981.7482835,60128606563.25762
2024-11-16 09:00:00,204.9,338.2,198.0,310.2,1733201850.718562,474963031643.19586
2024-11-17 09:00:00,310.2,317.9,266.1,276.4,1056145466.2632841,302219198357.16254
2024-11-18 09:00:00,276.4,357.7,275.3,325.3,2363827661.8084364,769686795705.9308
2024-11-19 09:00:00,325.3,348.5,311.2,325.9,710356835.9904819,233605221679.8328
2024-11-20 09:00:00,325.9,377.7,317.7,350.1,1128800838.8809237,393713756596.16125
2024-11-21 09:00:00,350.1,369.8,324.8,366.7,884290653.1708425,303601560904.9352
2024-11-22 09:00:00,366.9,488.9,366.6,470.9,2134660573.185438,886779307336.3085
2024-11-23 09:00:00,470.9,750.0,468.7,737.0,4596002204.0403595,2924950318048.7275
2024-11-24 09:00:00,736.8,888.0,602.4,745.3,5163736683.594634,3916499547002.98
2024-11-25 09:00:00,745.3,775.0,662.7,672.8,1650245181.1758687,1189377894387.5554
2024-11-26 09:00:00,672.8,736.0,583.5,615.1,1334349453.4630404,864066535315.6356
2024-11-27 09:00:00,615.1,739.5,584.0,671.5,2226629692.9281178,1511279342324.9573
2024-11-28 09:00:00,671.8,705.0,651.0,697.5,827222376.9059752,559515048976.2394
2024-11-29 09:00:00,697.5,776.7,677.2,757.5,1641910343.5301096,1197932295559.8108
2024-11-30 09:00:00,757.5,776.4,723.0,730.7,1181359853.7206938,880392527170.6431
2024-12-01 09:00:00,730.7,798.6,686.9,773.9,1097531130.9572318,799746497564.6794
2024-12-02 09:00:00,773.1,839.2,694.5,754.1,2202839575.5067525,1689079624116.5667
2024-12-03 09:00:00,753.8,833.5,335.5,707.1,1958000687.3544466,1446715265384.2588
2024-12-04 09:00:00,707.4,729.9,670.7,689.0,458031727.7517966,325571882685.84015
2024-12-05 09:00:00,689.3,706.4,651.7,668.1,310882249.58864564,212244156028.301
2024-12-06 09:00:00,667.3,694.9,633.6,693.3,204464735.84308776,136650387822.58652
2024-12-07 09:00:00,693.3,708.0,665.3,702.1,188803113.65256378,129871670347.26483
2024-12-08 09:00:00,702.0,702.4,668.3,688.8,136757651.1641069,93764126512.53796
2024-12-09 09:00:00,688.4,688.9,522.8,586.7,214117214.35382804,133275942530.9088
2024-12-10 09:00:00,586.7,631.1,525.0,625.0,256908870.80394495,149579347514.42053
2024-12-11 09:00:00,624.6,632.0,574.9,617.1,253913154.63687143,154087465955.53564
2024-12-12 09:00:00,617.1,637.7,600.1,606.9,161304469.36040267,99856867351.33127
2024-12-13 09:00:00,606.9,642.0,590.1,623.6,186691493.85375154,116312818648.49686
2024-12-14 09:00:00,622.9,644.8,593.9,610.9,156279859.33888465,96851759127.19746
2024-12-15 09:00:00,610.3,624.8,600.0,613.8,89599603.73817614,54916158020.71748
2024-12-16 09:00:00,613.9,640.0,590.2,606.1,146656289.49551895,89773226496.095
2024-12-17 09:00:00,606.1,681.8,594.0,627.4,579055649.9110405,376927116556.4138
2024-12-18 09:00:00,627.4,667.1,575.6,585.0,463848538.4129053,291584527827.26685
2024-12-19 09:00:00,584.5,619.0,537.7,559.4,270982360.2754522,158839504034.90363
2024-12-20 09:00:00,559.0,577.9,477.9,568.0,276640992.35122937,147156245093.34662
2024-12-21 09:00:00,568.0,585.4,530.8,541.3,124028434.48946398,69462065434.76398
2024-12-22 09:00:00,540.6,562.6,521.2,542.3,69596469.10705401,37830004467.318954
2024-12-23 09:00:00,542.3,564.7,526.0,558.6,64029815.9729407,34789815895.40332
2024-12-24 09:00:00,558.8,617.5,542.9,598.4,139560983.0493319,81487441833.19254
2024-12-25 09:00:00,598.4,601.5,567.0,570.0,95908960.34027345,55653911551.41985
2024-12-26 09:00:00,570.0,576.3,530.0,534.1,62577005.23495831,34380042963.17675
2024-12-27 09:00:00,534.1,551.4,519.7,527.4,68944446.5952153,36928014305.01842
2024-12-28 09:00:00,527.5,538.0,517.7,531.9,42620593.9903192,22393977821.284492
2024-12-29 09:00:00,531.9,532.5,500.0,504.0,41985140.24553339,21749716158.481762
2024-12-30 09:00:00,504.4,516.1,477.0,492.8,65548393.45880186,32551640290.725838
2024-12-31 09:00:00,493.6,565.0,478.5,497.0,168903682.77710083,87673170902.16263
2025-01-01 09:00:00,497.0,651.3,495.8,636.0,875394025.0288045,507079286778.1692
2025-01-02 09:00:00,636.0,688.9,610.4,640.6,841898462.4505843,544708920883.2702
2025-01-03 09:00:00,640.5,680.0,636.8,660.7,555477217.2074265,367648340564.9139
2025-01-04 09:00:00,660.7,715.2,657.1,663.4,613484709.404363,419615979194.2295
2025-01-05 09:00:00,663.4,674.6,635.0,649.0,243823518.25983414,159224020334.6334
2025-01-06 09:00:00,648.9,680.1,637.4,655.4,217456761.72731802,143840384176.68198
2025-01-07 09:00:00,656.0,690.6,620.0,624.9,311597508.52248937,204637006598.48862
2025-01-08 09:00:00,624.9,654.0,592.2,637.0,354638826.376115,224324739919.81134
2025-01-09 09:00:00,636.4,643.3,589.0,590.2,178868636.3136431,108939099980.55444
2025-01-10 09:00:00,590.3,640.0,586.3,623.9,159918410.773193,97565556837.57251
2025-01-11 09:00:00,623.9,686.5,608.1,666.8,243832411.67224237,156914965086.47467
2025-01-12 09:00:00,666.8,669.6,631.5,634.1,134370539.622312,87316124366.95323
2025-01-13 09:00:00,634.1,660.0,600.5,631.5,260911226.00840744,164173095749.2418
2025-01-14 09:00:00,631.6,649.8,619.4,639.5,191424874.92776224,121288824722.9795
2025-01-15 09:00:00,639.5,725.4,633.1,715.9,994985874.8813765,691035024821.0935
2025-01-16 09:00:00,716.3,756.2,677.3,707.1,687571655.6900779,494064837547.632
2025-01-17 09:00:00,707.1,735.0,701.0,713.8,271130166.2658788,194240134619.44232
2025-01-18 09:00:00,713.8,733.3,675.9,730.5,252829018.30429214,177605768988.39517
2025-01-19 09:00:00,730.4,734.2,636.9,660.2,246908550.50318,172332836750.4602
2025-01-20 09:00:00,660.9,714.5,648.0,670.3,261052399.24411505,178672178890.11664
2025-01-21 09:00:00,670.0,678.1,645.2,656.8,119405094.17151514,78707938360.36308
2025-01-22 09:00:00,656.9,660.6,638.0,640.7,85208852.98156491,55241151211.79946
2025-01-23 09:00:00,640.0,649.5,620.0,642.8,65669315.56362579,41580242402.84524
2025-01-24 09:00:00,642.9,667.4,628.0,646.5,67269325.71064329,43738091254.25045
2025-01-25 09:00:00,645.8,657.1,622.1,626.7,54336591.51301265,34586965691.76273
2025-01-26 09:00:00,626.7,640.6,618.0,619.0,44363038.28560023,27972695798.087402
2025-01-27 09:00:00,619.0,622.5,563.4,619.1,102615966.84087864,61233835517.85498
2025-01-28 09:00:00,619.1,636.3,601.8,604.5,75707578.78800766,47095675497.38536
2025-01-29 09:00:00,604.5,618.8,592.4,603.3,35807447.66766182,21689549499.286045
2025-01-30 09:00:00,603.3,670.0,596.7,646.3,126876806.55102953,81886007591.69092
2025-01-31 09:00:00,646.4,650.5,623.5,632.8,74531860.46279535,47628062164.27574
2025-02-01 09:00:00,632.6,642.2,605.7,613.2,48481458.82757351,30456251053.87223
2025-02-02 09:00:00,613.2,625.5,535.5,558.7,93485721.19595231,54469856132.46978
2025-02-03 09:00:00,558.8,585.0,431.2,579.0,222259258.73723623,115607197696.26067
2025-02-04 09:00:00,579.6,587.0,524.5,536.4,87574021.62787063,48340562035.18892
2025-02-05 09:00:00,536.4,545.3,506.8,512.9,36589858.60519723,19354419123.092983
2025-02-06 09:00:00,512.9,529.3,490.1,498.5,40888319.88097226,20869522643.903988
2025-02-07 09:00:00,498.8,529.8,487.0,506.6,52587800.0817551,26794038884.039864
2025-02-08 09:00:00,506.1,514.7,495.7,510.8,23633465.46423965,11920475151.38788
2025-02-09 09:00:00,511.5,521.0,467.5,480.8,56868327.53231092,28200835003.459404
2025-02-10 09:00:00,480.8,490.0,464.1,475.6,53273529.6011402,25418387889.12208
2025-02-11 09:00:00,475.6,511.1,473.7,485.3,66990787.22013721,33232848060.23198
2025-02-12 09:00:00,485.5,508.5,470.1,503.1,48728064.57643134,23564751641.029133
2025-02-13 09:00:00,503.1,517.8,488.2,509.2,42994301.65208627,21548633071.236065
2025-02-14 09:00:00,509.2,546.9,502.6,526.9,103053470.5160389,54376822355.44798
2025-02-15 09:00:00,527.0,552.1,522.9,527.3,66808622.50166829,35930555787.77081
2025-02-16 09:00:00,527.2,530.5,513.4,518.9,32650319.62286565,17045261115.793453
2025-02-17 09:00:00,518.3,526.0,500.7,503.6,36515095.1714769,18757977845.641262
2025-02-18 09:00:00,503.6,505.1,477.7,486.6,37160625.40703507,18247192083.06085
2025-02-19 09:00:00,486.8,513.1,481.3,511.0,39914369.95061137,19837611878.538452
2025-02-20 09:00:00,510.4,517.5,499.3,510.3,30209771.19144265,15358718965.412899
2025-02-21 09:00:00,510.3,510.8,478.1,484.1,34005672.01570616,16905954094.14508
2025-02-22 09:00:00,484.1,500.0,480.1,492.7,16737129.8480489,8151713391.347794
2025-02-23 09:00:00,492.7,495.0,480.0,488.3,15859772.2409747,7723926839.583966
2025-02-24 09:00:00,489.1,491.5,427.0,429.9,63013205.92321577,28822125299.39715
2025-02-25 09:00:00,430.2,442.8,390.5,432.0,111159775.12124695,46156636441.10628
2025-02-26 09:00:00,431.9,436.1,407.0,418.3,38564032.61630396,16317107632.348366
2025-02-27 09:00:00,417.7,429.0,407.9,415.3,30078984.21673803,12605231362.610456
2025-02-28 09:00:00,415.9,425.5,375.7,422.2,61384507.25981218,24394810200.01774
2025-03-01 09:00:00,422.3,475.0,417.1,463.5,79136758.2526414,35536614182.19628
2025-03-02 09:00:00,463.9,558.3,460.6,530.0,305913898.607036,154316212617.7137
2025-03-03 09:00:00,530.5,570.0,435.1,441.0,193645909.25538716,99015355119.93132
2025-03-04 09:00:00,441.0,452.1,415.0,441.2,95367282.66052689,41213315484.05706
2025-03-05 09:00:00,441.2,463.8,433.7,446.8,53050408.4445323,23796003793.1728
2025-03-06 09:00:00,446.1,460.3,440.1,440.7,59223373.11509961,26604749111.410244
2025-03-07 09:00:00,440.7,451.6,420.0,422.9,56892005.84530698,24723091506.33556
2025-03-08 09:00:00,423.0,426.3,405.2,411.7,27453551.65475293,11380586873.53873
2025-03-09 09:00:00,411.4,415.7,391.0,394.3,47725011.9158273,19182978136.635345
2025-03-10 09:00:00,394.3,412.1,360.0,361.4,72821260.52298963,28140706343.53747
2025-03-11 09:00:00,361.8,387.0,340.0,379.0,58122003.59862268,21274945954.70422
2025-03-12 09:00:00,379.1,392.0,367.5,384.0,40854281.73326978,15538264791.88564
2025-03-13 09:00:00,384.0,437.0,382.7,405.8,156567437.37536284,64856836343.79528
2025-03-14 09:00:00,405.8,419.2,400.0,406.9,77485310.65663037,31601164652.701984
2025-03-15 09:00:00,406.9,419.5,399.5,404.4,59473354.90352963,24279578023.738926
2025-03-16 09:00:00,404.3,406.3,384.5,386.6,36737828.74717374,14502781558.7392
2025-03-17 09:00:00,386.6,406.0,386.6,399.6,29266668.87031899,11650395646.9489
2025-03-18 09:00:00,399.7,403.3,386.7,400.6,25735412.80010208,10144514138.957787
2025-03-19 09:00:00,400.6,438.7,400.1,426.2,112734804.2710422,47804512682.0389
2025-03-20 09:00:00,426.0,428.8,410.8,414.8,40915897.270601,17168113546.103464
2025-03-21 09:00:00,415.1,424.9,405.6,410.1,28474858.81227743,11809126109.274605
2025-03-22 09:00:00,410.0,414.6,405.0,405.5,17044233.97129777,6973741428.058853
2025-03-23 09:00:00,405.5,420.1,404.1,417.7,20541796.95066273,8484204061.92361
2025-03-24 09:00:00,417.2,435.0,411.1,428.0,28463585.02168607,12067741235.429289
2025-03-25 09:00:00,428.1,435.8,422.2,433.0,27011289.93255145,11615283508.416191
2025-03-26 09:00:00,433.0,445.6,419.0,422.1,34036686.74310972,14726719807.063362
2025-03-27 09:00:00,422.4,434.7,417.3,422.4,23001201.84429563,9802010176.657137
2025-03-28 09:00:00,422.4,426.4,402.2,409.2,23247669.87516704,9569832684.75975
2025-03-29 09:00:00,409.4,412.5,391.7,399.5,22072099.24823305,8828501259.230064
2025-03-30 09:00:00,399.5,408.7,394.3,398.4,15715151.27825275,6308934214.193162
2025-03-31 09:00:00,398.9,402.3,385.5,394.0,26004130.71145787,10243030299.227716
2025-04-01 09:00:00,394.7,414.5,389.7,404.5,18638949.10718791,7489614075.664237
2025-04-02 09:00:00,404.5,410.4,378.8,384.5,33384719.85190634,13182265453.008896
2025-04-03 09:00:00,384.5,396.4,372.0,386.7,24009328.06430403,9212623693.336582
2025-04-04 09:00:00,386.7,390.0,375.0,381.8,24199027.63918506,9277914471.93095
2025-04-05 09:00:00,381.8,385.1,367.7,373.0,21300748.76031023,8016008358.826918
2025-04-06 09:00:00,373.0,375.5,333.7,339.0,38687780.56834454,13882246802.6949
2025-04-07 09:00:00,339.0,365.3,301.4,346.1,90887582.11935572,29833481284.355526
2025-04-08 09:00:00,346.1,360.5,330.0,331.9,34408791.16049491,11879342027.850008
2025-04-09 09:00:00,331.8,362.1,321.3,356.0,58906046.53748107,20052255702.18596
2025-04-10 09:00:00,356.0,356.6,333.2,340.8,24139566.89954698,8353670337.804179
2025-04-11 09:00:00,340.8,350.6,337.5,340.8,18418450.56430078,6325854882.986078
2025-04-12 09:00:00,340.8,359.8,339.3,356.5,24022205.45129936,8427291277.758989
2025-04-13 09:00:00,356.5,367.0,341.1,345.8,34517196.39583836,12310070674.26287
2025-04-14 09:00:00,345.8,358.6,344.3,348.0,23014620.20406756,8069390848.306514
2025-04-15 09:00:00,348.0,355.0,344.0,344.1,21573728.06500361,7535648690.339992
2025-04-16 09:00:00,344.5,347.1,335.7,341.9,22141829.55038538,7569498050.1790695
2025-04-17 09:00:00,342.3,350.0,339.5,345.9,14374348.89229335,4956056440.455657
2025-04-18 09:00:00,345.9,354.3,344.0,347.3,13788755.88164494,4823706855.726657
2025-04-19 09:00:00,347.4,359.5,346.8,355.3,11420704.20822424,4047613965.8477006
2025-04-20 09:00:00,355.4,357.3,346.0,351.0,10132882.79620742,3563926959.919113
2025-04-21 09:00:00,351.2,377.7,351.0,361.0,37125267.88743424,13650938442.74148
2025-04-22 09:00:00,361.0,383.7,351.8,379.6,45683383.84467788,16712997891.732437
2025-04-23 09:00:00,379.6,394.2,377.2,382.1,41210090.1413953,15857310237.811218
2025-04-24 09:00:00,382.0,407.1,372.6,402.7,42259900.5289128,16493995821.68934
2025-04-25 09:00:00,402.7,421.0,395.0,409.1,35766800.87955517,14543529824.834126
2025-04-26 09:00:00,409.0,428.0,409.0,419.5,26794680.21865802,11231940516.773527
2025-04-27 09:00:00,419.5,424.7,406.1,409.8,38756799.9141682,16050869081.635225
2025-04-28 09:00:00,409.8,423.9,401.2,407.3,37801697.31729798,15614632646.648249
2025-04-29 09:00:00,407.3,411.2,398.1,402.0,25650854.94163819,10377088174.38021
2025-04-30 09:00:00,401.6,405.4,386.1,391.4,24130366.46238441,9531842144.05111
2025-05-01 09:00:00,391.4,403.9,389.8,394.1,19881880.60289921,7882852501.543417
2025-05-02 09:00:00,394.5,403.5,387.3,393.1,19146965.15214158,7568299434.779889
2025-05-03 09:00:00,392.7,394.4,383.6,386.2,15693720.07138286,6098370327.501408
2025-05-04 09:00:00,386.2,392.1,380.5,381.8,15073539.17244562,5805998983.60642
2025-05-05 09:00:00,382.3,385.8,365.3,368.4,27961202.80413617,10474670731.36769
2025-05-06 09:00:00,368.4,374.0,358.4,373.7,20395617.87400792,7458738972.067175
2025-05-07 09:00:00,373.1,374.6,364.5,369.6,11489755.79881531,4252857876.4829154
2025-05-08 09:00:00,370.2,408.6,367.2,408.6,28355293.06901577,11092512639.081028
2025-05-09 09:00:00,408.6,427.9,405.7,412.2,44227950.92483233,18423539477.39764
2025-05-10 09:00:00,412.2,444.8,410.2,444.8,39862198.36037782,16961567128.70414
2025-05-11 09:00:00,444.8,449.5,421.0,427.9,28008564.58745528,12117502564.413675
2025-05-12 09:00:00,427.9,469.8,427.0,441.0,113792340.70067146,51440159969.73427
2025-05-13 09:00:00,441.0,444.0,421.0,440.1,43401145.24185636,18842312156.626877
2025-05-14 09:00:00,440.1,447.8,425.0,428.3,38024060.25732364,16631468601.94077
2025-05-15 09:00:00,428.0,432.8,403.6,411.9,30994386.26077154,12966629420.29391
2025-05-16 09:00:00,411.9,424.7,407.0,415.1,15813616.56963261,6589041095.649612
2025-05-17 09:00:00,415.1,416.9,401.0,407.0,12884729.0671567,5256379824.735722
2025-05-18 09:00:00,407.8,420.9,401.7,413.7,14709545.44866508,6053482732.47606
2025-05-19 09:00:00,413.6,415.3,395.0,404.0,19510134.22292237,7821710612.532705
2025-05-20 09:00:00,403.3,407.8,396.8,404.8,14127299.27581921,5686605336.483895
2025-05-21 09:00:00,404.9,413.5,398.8,407.7,13713403.28303197,5570060087.651441
2025-05-22 09:00:00,407.7,422.4,407.7,421.9,16298032.86831281,6785681141.076302
2025-05-23 09:00:00,421.9,431.5,397.0,398.6,26169287.9838625,10813650363.8975
2025-05-24 09:00:00,399.0,406.6,397.1,400.2,9113924.37277179,3669774082.747373
2025-05-25 09:00:00,400.1,402.5,390.2,401.9,12235736.55977087,4854880158.299528
2025-05-26 09:00:00,401.9,402.2,394.2,397.6,10885553.03138664,4344977234.520684
2025-05-27 09:00:00,397.6,405.6,391.2,399.2,12849955.51683148,5112126380.748345
2025-05-28 09:00:00,398.4,402.6,390.7,397.4,10733811.93315641,4262577857.5655985
2025-05-29 09:00:00,397.5,401.2,388.1,389.8,11635497.14964826,4603601226.152178
2025-05-30 09:00:00,389.8,390.6,372.9,374.7,21822031.31527532,8322230065.185132
2025-05-31 09:00:00,374.7,380.2,366.8,373.4,15671552.18860721,5833539555.690093
2025-06-01 09:00:00,374.1,379.1,371.0,377.3,7424031.94814621,2784537349.216633
2025-06-02 09:00:00,377.4,381.0,370.7,380.5,10185882.1892288,3810118435.676418
2025-06-03 09:00:00,380.7,385.6,378.0,381.4,10763192.28162206,4112584794.910912
2025-06-04 09:00:00,381.5,384.3,369.7,370.5,9364985.14592312,3538007281.8342223
2025-06-05 09:00:00,370.3,372.0,353.3,358.7,15933456.0079153,5805053675.615493
2025-06-06 09:00:00,358.6,369.9,356.7,366.1,7960022.59009988,2896712164.714389
2025-06-07 09:00:00,366.0,371.2,364.7,367.2,5357693.20341248,1973730344.326155
2025-06-08 09:00:00,367.2,379.6,364.7,368.8,20753157.19885291,7724171096.335895
2025-06-09 09:00:00,369.0,375.3,363.5,375.3,19376677.58948886,7143670947.533609
2025-06-10 09:00:00,375.2,385.5,373.8,383.1,20379054.21002444,7719282610.827751
2025-06-11 09:00:00,383.0,392.1,380.5,381.2,15907901.22260444,6144954866.153749
2025-06-12 09:00:00,381.2,383.2,368.3,368.8,14414667.01654747,5432397337.744181
2025-06-13 09:00:00,368.4,368.5,352.5,362.4,21402474.998619,7686434864.214532
2025-06-14 09:00:00,362.4,363.3,352.4,356.3,8583516.72126581,3081479981.8590417
2025-06-15 09:00:00,356.3,359.8,353.7,357.9,7523326.98474746,2684008526.4363136
2025-06-16 09:00:00,357.7,370.8,354.5,358.9,20278367.6650997,7368867024.945679
2025-06-17 09:00:00,359.4,362.6,348.6,350.3,16395337.91549843,5821807295.239467
2025-06-18 09:00:00,350.8,353.1,342.0,349.7,14013266.41253909,4869716245.297502
2025-06-19 09:00:00,349.9,350.9,343.6,345.7,8498163.19745436,2952432161.5715284
2025-06-20 09:00:00,345.7,347.0,335.2,337.3,14277030.06681435,4875936456.776763
2025-06-21 09:00:00,337.1,340.5,325.4,332.1,12953945.34288841,4324351648.426072
2025-06-22 09:00:00,332.1,335.0,303.3,319.4,32567628.53163929,10348891642.98078
2025-06-23 09:00:00,319.5,341.8,315.6,340.9,18611669.13855101,6060180098.969952
2025-06-24 09:00:00,341.0,344.6,336.9,341.6,16560347.74107401,5643788557.712779
2025-06-25 09:00:00,341.6,342.3,330.1,331.5,12622121.19163398,4243502592.366195
2025-06-26 09:00:00,331.6,334.8,321.1,321.4,12662197.07180128,4146352511.644827
2025-06-27 09:00:00,321.4,327.3,319.5,325.4,8880149.52256819,2860568083.8489857
2025-06-28 09:00:00,325.4,329.0,324.4,327.2,8237199.47319919,2691789032.967686
2025-06-29 09:00:00,327.2,330.5,322.7,328.4,8013906.34459386,2620270079.8272614
2025-06-30 09:00:00,328.1,329.7,320.0,324.5,10647642.57880714,3446242445.5531435
2025-07-01 09:00:00,324.5,325.5,306.7,309.7,17356432.36866165,5501329463.099624
2025-07-02 09:00:00,309.7,325.8,307.2,322.0,15642387.02197267,4972305017.95713
2025-07-03 09:00:00,322.0,336.8,322.0,329.8,15719875.48153837,5200178841.199836
2025-07-04 09:00:00,329.8,333.3,321.5,325.1,9981731.23442361,3262297730.3039446
2025-07-05 09:00:00,325.1,326.5,322.0,325.9,4500403.18580899,1462137369.636826
2025-07-06 09:00:00,326.1,342.5,323.8,341.3,24005939.2452665,8006191521.226937
2025-07-07 09:00:00,341.3,350.2,337.3,339.5,32894899.52392629,11306584699.839981
2025-07-08 09:00:00,339.2,353.9,336.3,353.4,16767761.13230979,5779756596.025407
2025-07-09 09:00:00,353.4,404.9,350.9,391.1,191361501.69236183,74367622142.02367
2025-07-10 09:00:00,391.0,412.0,386.6,408.9,161153995.3230825,64172703999.578445
2025-07-11 09:00:00,408.9,538.2,400.5,484.5,389954283.21095806,187397769645.09732
2025-07-12 09:00:00,484.3,566.7,470.6,534.1,678231457.5296414,359036563011.41345
2025-07-13 09:00:00,534.1,650.2,526.8,639.0,832629580.1088258,499371850841.6356
2025-07-14 09:00:00,639.0,701.7,600.0,635.3,866719926.9922699,565782129354.3488
2025-07-15 09:00:00,635.0,649.7,586.4,616.6,442375651.07084405,274578942785.762
2025-07-16 09:00:00,616.5,656.9,610.5,617.0,406854633.3574699,257962986993.64917
2025-07-17 09:00:00,617.0,697.0,607.8,676.5,503325192.66161144,326307996840.75903
2025-07-18 09:00:00,677.2,708.9,615.7,627.8,426029230.5680457,284573461048.704
2025-07-19 09:00:00,627.6,643.1,618.0,631.1,130487548.6427077,82578663426.65349
2025-07-20 09:00:00,631.1,647.3,624.0,631.9,106927757.60556708,68104746310.07111
2025-07-21 09:00:00,631.8,670.0,622.5,645.0,192614311.823269,126023614254.07274
2025-07-22 09:00:00,645.4,650.5,611.5,639.3,108502516.16028483,68425775260.22596
2025-07-23 09:00:00,639.3,645.6,557.9,584.3,145906263.11712426,88174648255.46227
2025-07-24 09:00:00,584.0,608.5,543.3,577.3,131973675.54256223,76397334010.91338
2025-07-25 09:00:00,578.1,590.2,557.6,587.7,70606794.58368394,40567393312.472755
2025-07-26 09:00:00,587.7,609.2,584.0,594.0,62545028.73979067,37483506842.62274
2025-07-27 09:00:00,594.2,628.0,592.7,604.9,88602497.07618575,53854534295.27216
2025-07-28 09:00:00,604.9,615.3,574.1,577.7,79470328.22965425,47502083865.016014
2025-07-29 09:00:00,577.7,597.2,570.0,582.6,47173213.33827019,27516607279.828644
2025-07-30 09:00:00,582.6,585.9,550.4,565.0,47134070.68211754,26928167109.566402
2025-07-31 09:00:00,564.0,591.0,559.0,559.0,50086834.81620907,28831614128.525127
2025-08-01 09:00:00,559.0,560.0,525.7,534.0,64729845.3681273,35293281215.86256
2025-08-02 09:00:00,534.0,547.0,509.0,513.0,36518935.28037341,19225084286.1953
2025-08-03 09:00:00,514.0,563.0,505.0,560.0,57080313.95016344,30845477995.38999
2025-08-04 09:00:00,560.0,589.0,556.0,575.0,100544647.88612516,57982619733.39071
2025-08-05 09:00:00,576.0,586.0,550.0,555.0,62764391.32564505,35613334726.199974
2025-08-06 09:00:00,555.0,561.0,539.0,557.0,44163513.84220575,24270659115.409508
2025-08-07 09:00:00,557.0,607.5,553.0,606.0,99428291.3097591,57843531388.41991
2025-08-08 09:00:00,606.0,647.0,601.0,616.0,234751289.74933243,147248704028.0885
2025-08-09 09:00:00,617.0,627.0,611.0,614.0,98210101.71582279,60890355896.95946
2025-08-10 09:00:00,615.0,627.0,593.0,610.0,79853727.07443567,48720079621.39516
2025-08-11 09:00:00,610.0,631.0,590.0,596.0,109222218.35597795,67041378369.61792
2025-08-12 09:00:00,596.0,622.0,593.0,615.0,79748129.2026864,48384091476.29615
2025-08-13 09:00:00,615.0,626.0,604.0,617.0,84894470.98695442,52201363035.51862
2025-08-14 09:00:00,617.0,642.0,574.0,589.0,169233222.37542766,102852501347.85358
2025-08-15 09:00:00,590.0,605.0,575.0,601.0,53961267.92225528,31993821027.088074
2025-08-16 09:00:00,602.0,603.0,586.0,593.0,36481626.96367595,21679912910.967342
2025-08-17 09:00:00,593.0,600.0,588.0,590.0,32567995.39271484,19375579851.87649
2025-08-18 09:00:00,590.0,592.0,562.0,576.0,54200662.24096409,31102560981.604794
2025-08-19 09:00:00,576.0,582.0,543.0,544.0,47025702.2928112,26403708443.594055
2025-08-20 09:00:00,545.0,567.0,543.0,564.0,39163069.81721022,21742149121.01119
2025-08-21 09:00:00,564.0,568.0,547.0,550.0,27746498.93198444,15424036041.93321
2025-08-22 09:00:00,550.0,593.0,534.0,586.0,82681560.2311867,46838946277.873344
2025-08-23 09:00:00,586.0,586.0,566.0,576.0,39425796.66164747,22644958001.775627
2025-08-24 09:00:00,576.0,584.0,559.0,566.0,39918616.62647155,22777519197.17659
2025-08-25 09:00:00,566.0,570.0,537.0,544.0,48527707.11330867,26785779152.10307
2025-08-26 09:00:00,544.0,560.0,541.0,552.0,40501728.7469338,22268098615.578762
2025-08-27 09:00:00,553.0,554.0,527.0,531.0,55826072.08630806,30103259173.460846
2025-08-28 09:00:00,531.0,539.0,523.0,532.0,42195102.0111183,22475593476.249584
2025-08-29 09:00:00,532.0,534.0,497.0,508.0,103276917.21403964,52650822106.59218
2025-08-30 09:00:00,508.0,508.0,490.0,501.0,45184118.13493744,22514610912.83108
2025-08-31 09:00:00,502.0,509.0,490.0,490.0,35876503.65732844,17942978748.89243
2025-09-01 09:00:00,490.0,506.0,477.0,499.0,55446901.54601826,27213313597.791386
2025-09-02 09:00:00,499.0,513.0,493.0,513.0,52694544.14448272,26542958493.19736
2025-09-03 09:00:00,513.0,514.0,503.0,506.0,35676772.31806846,18095645502.170143
2025-09-04 09:00:00,507.0,512.0,503.0,504.0,35420648.27832261,17971786599.9074
2025-09-05 09:00:00,504.0,512.0,500.0,504.0,41610648.10905686,21036015855.98138
2025-09-06 09:00:00,503.0,506.0,496.0,499.0,18227636.16570499,9128859338.551096
2025-09-07 09:00:00,499.0,513.0,498.0,505.0,41773153.07928954,21086696322.48601
2025-09-08 09:00:00,505.0,535.0,501.0,525.0,82654850.21324109,42882568916.60388
2025-09-09 09:00:00,525.0,537.0,517.0,519.0,68362321.9326767,35988237824.9054
2025-09-10 09:00:00,519.0,536.0,515.0,533.0,43072401.80654036,22705044569.079845
2025-09-11 09:00:00,533.0,552.0,533.0,550.0,60124278.79474503,32574824208.12276
2025-09-12 09:00:00,550.0,563.0,544.0,561.0,54031039.59823255,29750755990.579998
2025-09-13 09:00:00,561.0,575.0,553.0,562.0,54702863.64014136,30871152167.267063
2025-09-14 09:00:00,562.0,562.0,532.0,542.0,46501935.8165116,25430599711.10602
2025-09-15 09:00:00,542.0,548.0,522.0,531.0,50476457.91978825,26875922067.20303
2025-09-16 09:00:00,531.0,546.0,522.0,534.0,37430343.15396329,20056002148.599625
2025-09-17 09:00:00,533.0,553.0,528.0,548.0,41554298.27897608,22399256943.702408
2025-09-18 09:00:00,548.0,560.0,545.0,551.0,44816107.67670544,24760008725.49259
2025-09-19 09:00:00,551.0,555.0,539.0,545.0,45793850.95421464,24994588196.672424
2025-09-20 09:00:00,544.0,552.0,540.0,542.0,28131828.59266518,15327387250.614347
2025-09-21 09:00:00,542.0,546.0,531.0,533.0,33675039.9876492,18167290052.599194
2025-09-22 09:00:00,533.0,533.0,495.0,527.0,84333536.06738079,43445687209.79738
2025-09-23 09:00:00,527.0,534.0,513.0,521.0,38845227.66244592,20385430091.124985
2025-09-24 09:00:00,521.0,540.0,512.0,532.0,44750187.60501769,23515499431.242428
2025-09-25 09:00:00,532.0,535.0,506.0,510.0,45124337.1101667,23341210647.098347
2025-09-26 09:00:00,510.0,523.0,503.0,522.0,30745091.60573383,15760049675.354868
2025-09-27 09:00:00,522.0,523.0,514.0,520.0,15227591.57240921,7895902374.904071
2025-09-28 09:00:00,520.0,529.0,508.0,527.0,18210586.42463336,9413902396.74292
2025-09-29 09:00:00,527.0,539.0,521.0,530.0,36228526.33422883,19136946173.063774
2025-09-30 09:00:00,530.0,533.0,517.0,520.0,24752135.63009665,12972877988.651218
2025-10-01 09:00:00,520.0,566.0,517.0,566.0,50943216.53579499,27702517648.773384
2025-10-02 09:00:00,566.0,585.0,562.0,580.0,72920513.79828031,41741457968.074326
2025-10-03 09:00:00,580.0,585.0,566.0,576.0,42643987.95023621,24437382576.757458
2025-10-04 09:00:00,576.0,578.0,555.0,565.0,27973635.61976593,15855014723.212654
2025-10-05 09:00:00,565.0,580.0,560.0,569.0,37003547.82843206,21128688662.09508
2025-10-06 09:00:00,569.0,587.0,565.0,582.0,41574969.65704649,24039615299.386204
2025-10-07 09:00:00,582.0,584.0,555.0,557.0,45874391.8091513,26143693252.681683
2025-10-08 09:00:00,557.0,566.0,550.0,561.0,29061560.07319626,16188883946.758091
2025-10-09 09:00:00,561.0,561.0,544.0,555.0,25594487.76516261,14123747588.710247
2025-10-10 09:00:00,554.0,560.0,460.0,497.0,101284897.66889995,52350048179.452675
2025-10-11 09:00:00,497.0,516.0,474.0,498.0,64025851.53146356,31707219502.325237
2025-10-12 09:00:00,498.0,526.0,481.0,517.0,53716407.08341156,27048615442.38364
2025-10-13 09:00:00,517.0,528.0,505.0,524.0,37521099.38412377,19487515184.054546
2025-10-14 09:00:00,524.0,526.0,489.0,507.0,43352102.23070553,21819171068.718697
2025-10-15 09:00:00,507.0,513.0,491.0,495.0,26129626.00463862,13145233470.035488
2025-10-16 09:00:00,495.0,502.0,473.0,478.0,36579009.58965027,17839843744.288445
2025-10-17 09:00:00,478.0,484.0,443.0,475.0,51983614.79770106,24066740078.187637
2025-10-18 09:00:00,475.0,489.0,472.0,480.0,17253098.29943163,8285570591.372882
2025-10-19 09:00:00,481.0,489.0,466.0,483.0,22440098.66992432,10739036599.546719
2025-10-20 09:00:00,483.0,498.0,476.0,487.0,24539444.74824114,11992898748.566916
2025-10-21 09:00:00,488.0,496.0,473.0,473.0,29119247.64190388,14022831052.716244
2025-10-22 09:00:00,474.0,475.0,461.0,467.0,21006971.04335234,9853779841.80815
2025-10-23 09:00:00,467.0,474.0,465.0,468.0,13414670.07406395,6300988800.441363
2025-10-24 09:00:00,469.0,488.0,467.0,477.0,26492550.24304783,12577783598.19621
2025-10-25 09:00:00,477.0,494.0,475.0,486.0,23715301.87150306,11433600310.978714
2025-10-26 09:00:00,486.0,494.0,482.0,489.0,26781409.99521736,13075542809.717197
2025-10-27 09:00:00,490.0,495.0,476.0,477.0,27445698.04135882,13287670572.753666
2025-10-28 09:00:00,478.0,500.0,470.0,476.0,48314661.3907091,23481459493.35708
2025-10-29 09:00:00,476.0,482.0,467.0,472.0,28079144.05770117,13335150845.019398
2025-10-30 09:00:00,473.0,475.0,441.0,452.0,45003773.65021683,20605623946.489697
2025-10-31 09:00:00,453.0,468.0,449.0,457.0,21924985.74357596,10009922985.795418
2025-11-01 09:00:00,457.0,459.0,450.0,455.0,10870766.39389504,4938696978.538824
2025-11-02 09:00:00,455.0,458.0,445.0,452.0,15193680.7280422,6869789762.104637
2025-11-03 09:00:00,453.0,454.0,408.0,414.0,59190530.5292011,25351398552.203957
2025-11-04 09:00:00,415.0,426.0,380.0,406.0,73802908.46275122,29836912415.740406
2025-11-05 09:00:00,407.0,422.0,382.0,420.0,39167271.12917732,15906585857.111504
2025-11-06 09:00:00,420.0,421.0,396.0,402.0,27024756.08963966,11055894568.318256
2025-11-07 09:00:00,403.0,441.0,398.0,434.0,44987749.18138359,18849018374.498146
2025-11-08 09:00:00,435.0,442.0,415.0,423.0,23601201.27999293,10136418176.865252
2025-11-09 09:00:00,423.0,427.0,407.0,425.0,33775422.1054681,14050315976.173836
2025-11-10 09:00:00,425.0,462.0,421.0,445.0,67867628.19250181,30208938104.45798
2025-11-11 09:00:00,446.0,452.0,418.0,422.0,38867885.77630509,16960223615.983587
2025-11-12 09:00:00,421.0,440.0,412.0,419.0,29894836.47211099,12708165974.960135
2025-11-13 09:00:00,420.0,448.0,401.0,407.0,72669954.14546733,30885174987.231125
2025-11-14 09:00:00,408.0,412.0,389.0,394.0,64646025.51282108,25923469164.81325
2025-11-15 09:00:00,394.0,405.0,390.0,393.0,21844455.62015004,8648892943.348797
2025-11-16 09:00:00,393.0,395.0,372.0,378.0,34758327.48284358,13373193586.706154
2025-11-17 09:00:00,379.0,390.0,367.0,370.0,30018883.00388202,11359269565.079
2025-11-18 09:00:00,370.0,386.0,361.0,380.0,35646736.75900777,13195400430.909698
2025-11-19 09:00:00,380.0,381.0,352.0,368.0,36396904.29428534,13320720547.69673
2025-11-20 09:00:00,368.0,379.0,352.0,355.0,30224185.7109233,11068353111.765451
2025-11-21 09:00:00,355.0,359.0,326.0,349.0,65497211.40292678,22450759057.691193
2025-11-22 09:00:00,348.0,351.0,340.0,347.0,20201640.11948452,6975760897.401648
2025-11-23 09:00:00,346.0,384.0,345.0,376.0,47066904.67937594,17112708862.751564
2025-11-24 09:00:00,376.0,390.0,365.0,383.0,68169181.14156123,25691567901.05276
2025-11-25 09:00:00,383.0,386.0,363.0,377.0,41257709.83404521,15491247168.532215
2025-11-26 09:00:00,377.0,390.0,371.0,386.0,29187856.40429529,11073671379.263287
2025-11-27 09:00:00,386.0,388.0,376.0,381.0,24241727.5707727,9267271210.26141
2025-11-28 09:00:00,382.0,395.0,376.0,380.0,24760830.18654118,9506286051.499107
2025-11-29 09:00:00,380.0,386.0,375.0,380.0,12505126.0214886,4756018541.582002
2025-11-30 09:00:00,380.0,383.0,371.0,371.0,16241078.09977768,6136190772.94888
2025-12-01 09:00:00,372.0,373.0,338.0,350.0,52420392.0561778,18295911448.990482
2025-12-02 09:00:00,350.0,384.0,344.0,378.0,30958775.8824193,11217199061.06505
2025-12-03 09:00:00,379.0,392.0,374.0,384.0,32345286.1831547,12356548395.535892
2025-12-04 09:00:00,383.0,386.0,370.0,376.0,19101075.97757412,7231935916.591283
2025-12-05 09:00:00,376.0,379.0,357.0,360.0,18743058.18728871,6930137285.778458
2025-12-06 09:00:00,360.0,363.0,355.0,359.0,8487248.89099771,3051614450.7984543
2025-12-07 09:00:00,359.0,366.0,346.0,355.0,19654716.21974317,6997780747.640192
2025-12-08 09:00:00,356.0,367.0,354.0,359.0,13804330.08219368,4986392992.363946
2025-12-09 09:00:00,359.0,382.0,353.0,374.0,18658066.80773038,6831440349.302898
2025-12-10 09:00:00,375.0,385.0,370.0,371.0,19467014.48500631,7300274766.5027275
2025-12-11 09:00:00,372.0,372.0,357.0,365.0,17946796.63838974,6498165844.838726
2025-12-12 09:00:00,365.0,369.0,350.0,356.0,15219818.40890985,5472211040.8639145
2025-12-13 09:00:00,356.0,360.0,353.0,355.0,8966209.82681929,3192048830.0598793
2025-12-14 09:00:00,354.0,356.0,340.0,342.0,14089270.76403538,4910152770.263384
2025-12-15 09:00:00,342.0,350.0,322.0,330.0,28249153.88134491,9470063934.388002
2025-12-16 09:00:00,330.0,334.0,320.0,327.0,23090328.32773934,7556357648.667556
2025-12-17 09:00:00,327.0,344.0,313.0,315.0,34270576.32189265,11078223559.456356
2025-12-18 09:00:00,315.0,326.0,303.0,308.0,35459219.74300883,11113320321.395617
2025-12-19 09:00:00,309.0,330.0,303.0,327.0,36556543.56884311,11625939883.703976
2025-12-20 09:00:00,327.0,334.0,323.0,326.0,23549939.07934443,7724917489.143635
2025-12-21 09:00:00,325.0,328.0,316.0,322.0,15836222.68881548,5097867737.824556
2025-12-22 09:00:00,322.0,337.0,320.0,329.0,19650397.52097283,6458492790.892452
2025-12-23 09:00:00,329.0,331.0,319.0,325.0,16598171.86562478,5384107040.79505
2025-12-24 09:00:00,325.0,325.0,312.0,314.0,19954483.50438238,6322399953.452645
2025-12-25 09:00:00,314.0,319.0,307.0,309.0,17276653.2388363,5419236093.958373
2025-12-26 09:00:00,309.0,317.0,307.0,313.0,18026275.60854534,5630136092.117537
2025-12-27 09:00:00,313.0,324.0,312.0,323.0,8533280.92734291,2689231074.997254
2025-12-28 09:00:00,322.0,328.0,318.0,320.0,12643354.72549415,4096909465.3808646
2025-12-29 09:00:00,320.0,329.0,314.0,315.0,16846437.00888158,5412255184.549614
2025-12-30 09:00:00,315.0,315.0,305.0,307.0,29155005.09865476,9035677016.88642
2025-12-31 09:00:00,306.0,308.0,293.0,294.0,28784590.40889738,8668657571.17037
2026-01-01 09:00:00,295.0,306.0,294.0,303.0,18719998.92744587,5590330374.303494
2026-01-02 09:00:00,302.0,319.0,298.0,316.0,48964088.69466819,15135590778.696407
2026-01-03 09:00:00,317.0,331.0,314.0,322.0,48435786.88755363,15568390157.802444
2026-01-04 09:00:00,322.0,341.0,320.0,337.0,40700007.98689966,13596718496.129702
2026-01-05 09:00:00,336.0,369.0,333.0,367.0,79916281.34729193,27876980129.16603
2026-01-06 09:00:00,367.0,371.0,341.0,355.0,89310311.84314781,32124705075.05645
2026-01-07 09:00:00,355.0,355.0,338.0,340.0,35463407.4298917,12284572213.134941
2026-01-08 09:00:00,341.0,345.0,330.0,337.0,28141289.80511676,9482530767.968195
2026-01-09 09:00:00,337.0,343.0,332.0,337.0,19022556.98264475,6407625856.977037
2026-01-10 09:00:00,337.0,338.0,332.0,334.0,11048146.02982742,3704033666.2855196
2026-01-11 09:00:00,334.0,337.0,327.0,330.0,15661308.42162461,5207420012.51519
2026-01-12 09:00:00,330.0,337.0,320.0,324.0,28893657.64828088,9466952662.789093
2026-01-13 09:00:00,323.0,354.0,322.0,349.0,29554135.10678929,9978775627.024166
2026-01-14 09:00:00,349.0,363.0,345.0,346.0,50459594.46879577,17852842982.669243
2026-01-15 09:00:00,347.0,347.0,332.0,337.0,24914133.92716782,8461212171.493623
2026-01-16 09:00:00,336.0,339.0,326.0,334.0,19051317.36533649,6349186450.959792
2026-01-17 09:00:00,334.0,353.0,332.0,340.0,17215653.12910874,5842658785.911424
2026-01-18 09:00:00,340.0,344.0,323.0,324.0,18685684.33084593,6246139252.183004
2026-01-19 09:00:00,323.0,326.0,303.0,320.0,29834405.85101108,9457558390.775585
2026-01-20 09:00:00,320.0,321.0,306.0,308.0,25277610.35551115,7944584981.313466
2026-01-21 09:00:00,309.0,322.0,306.0,315.0,29021804.32804202,9133944881.070795
2026-01-22 09:00:00,315.0,322.0,312.0,313.0,14960388.4037966,4740717044.958984
2026-01-23 09:00:00,314.0,323.0,310.0,313.0,17002073.41316071,5350749905.289703
2026-01-24 09:00:00,313.0,314.0,311.0,312.0,12459662.36275371,3890202554.934542
2026-01-25 09:00:00,312.0,313.0,300.0,303.0,21008580.24995574,6435533033.76356
2026-01-26 09:00:00,303.0,310.0,301.0,304.0,26977939.70883617,8206744282.740851
2026-01-27 09:00:00,304.0,306.0,298.0,304.0,20718957.92764324,6259742089.469989
2026-01-28 09:00:00,304.0,307.0,298.0,304.0,18413107.02598023,5578344652.495397
2026-01-29 09:00:00,304.0,305.0,287.0,292.0,33606142.30816716,9898146123.946655
2026-01-30 09:00:00,292.0,292.0,280.0,286.0,33922989.41744532,9670414552.482466
2026-01-31 09:00:00,286.0,286.0,248.0,271.0,54680642.77907364,14652336976.656258
2026-02-01 09:00:00,271.0,272.0,253.0,257.0,37769953.06744374,9941167615.254244
2026-02-02 09:00:00,258.0,272.0,250.0,265.0,36654715.94377418,9577641708.163002
2026-02-03 09:00:00,264.0,269.0,250.0,260.0,28697883.36193403,7450148965.349574
2026-02-04 09:00:00,260.0,264.0,248.0,253.0,33081001.74670706,8437818347.031256
2026-02-05 09:00:00,253.0,253.0,210.0,217.0,109433457.25121579,25322785362.514297
2026-02-06 09:00:00,217.0,254.0,202.0,245.0,128475694.88402195,29929028351.40642
2026-02-07 09:00:00,245.0,245.0,230.0,239.0,49825864.1887852,11882660422.855597
2026-02-08 09:00:00,239.0,245.0,236.0,240.0,24578767.84758967,5916623096.147227
2026-02-09 09:00:00,240.0,244.0,231.0,236.0,28508420.34594197,6747580000.996425
2026-02-10 09:00:00,236.0,238.0,230.0,235.0,26796457.04455212,6271570648.603791
2026-02-11 09:00:00,235.0,236.0,223.0,229.0,37543061.08006189,8594345921.908823
2026-02-12 09:00:00,229.0,240.0,227.0,230.0,28286032.62606334,6569979902.639362
2026-02-13 09:00:00,230.0,244.0,227.0,240.0,20232577.74647448,4727471957.70115
2026-02-14 09:00:00,240.0,260.0,240.0,257.0,33716263.44544808,8437652552.356415
2026-02-15 09:00:00,257.0,280.0,248.0,252.0,124169912.90114668,32681361898.19558
2026-02-16 09:00:00,252.0,256.0,246.0,252.0,24896232.55060952,6256583368.207902
2026-02-17 09:00:00,252.0,253.0,243.0,246.0,22085099.92798779,5457704922.754054
2026-02-18 09:00:00,246.0,250.0,238.0,239.0,20715981.19425987,5063750894.8234005
2026-02-19 09:00:00,239.0,241.0,232.0,234.0,21861874.65295513,5168720621.205665
2026-02-20 09:00:00,235.0,243.0,232.0,240.0,23132679.72696242,5489967139.588293
2026-02-21 09:00:00,240.0,242.0,237.0,237.0,18945514.63883844,4537904314.904368
2026-02-22 09:00:00,237.0,237.0,226.0,228.0,43653114.52059367,10020493744.704676
2026-02-23 09:00:00,228.0,232.0,220.0,223.0,41977948.90034737,9433894521.033796
2026-02-24 09:00:00,223.0,225.0,217.0,219.0,27360782.65601156,6028816850.100776
2026-02-25 09:00:00,220.0,244.0,218.0,234.0,39212261.82278675,9026691639.307087
2026-02-26 09:00:00,234.0,239.0,229.0,233.0,30821533.46625183,7237792972.047007
2026-02-27 09:00:00,234.0,241.0,229.0,231.0,27989357.8644749,6563830139.933826
2026-02-28 09:00:00,231.0,247.0,203.0,232.0,77967435.0560774,17548099269.370335
2026-03-01 09:00:00,232.0,240.0,221.0,225.0,33625290.50346061,7763684816.626352
2026-03-02 09:00:00,226.0,237.0,222.0,227.0,29957628.54220157,6857101339.93849
2026-03-03 09:00:00,227.0,228.0,219.0,222.0,32755496.87455893,7295861712.67461
2026-03-04 09:00:00,223.0,240.0,220.0,231.0,48712939.08045115,11144590736.93695
2026-03-05 09:00:00,232.0,236.0,226.0,229.0,25337774.95501351,5865248365.420385
2026-03-06 09:00:00,229.0,235.0,222.0,226.0,20575184.05995795,4712675563.918316
2026-03-07 09:00:00,226.0,227.0,221.0,223.0,13602814.09912588,3045747785.1984377
2026-03-08 09:00:00,223.0,226.0,218.0,219.0,19312018.56593026,4267932718.6626463
2026-03-09 09:00:00,219.0,225.0,219.0,222.0,32763274.36283004,7267472476.912421
2026-03-10 09:00:00,222.0,245.0,221.0,231.0,43032562.99561421,10085658788.074587
2026-03-11 09:00:00,232.0,238.0,227.0,233.0,22757942.96410228,5276336267.90571
2026-03-12 09:00:00,233.0,236.0,230.0,234.0,20677454.42328646,4821675269.977894
2026-03-13 09:00:00,235.0,246.0,233.0,241.0,45197847.75130066,10880449863.283112
2026-03-14 09:00:00,241.0,246.0,239.0,246.0,19138983.63088741,4644585882.860451
2026-03-15 09:00:00,246.0,252.0,244.0,248.0,23210023.91841103,5733030470.995976
2026-03-16 09:00:00,249.0,260.0,245.0,259.0,41104290.61468485,10425488806.76787
2026-03-17 09:00:00,259.0,270.0,254.0,256.0,44803174.58568076,11649895695.188738
2026-03-18 09:00:00,256.0,262.0,245.0,253.0,28020274.6298199,7100250073.282298
2026-03-19 09:00:00,252.0,254.0,243.0,247.0,24095377.56548302,5990112921.218204
2026-03-20 09:00:00,247.0,252.0,245.0,248.0,13774866.92792364,3421052051.4614515
2026-03-21 09:00:00,247.0,250.0,243.0,244.0,12847425.60030346,3181510358.622532
2026-03-22 09:00:00,245.0,246.0,233.0,234.0,21467410.30536556,5129791462.12712
2026-03-23 09:00:00,235.0,249.0,234.0,248.0,31017599.93524661,7476472217.775293
2026-03-24 09:00:00,248.0,261.0,244.0,259.0,22880643.59393058,5733481645.647937
2026-03-25 09:00:00,259.0,272.0,258.0,265.0,42537692.15448091,11288590097.669302
2026-03-26 09:00:00,265.0,267.0,258.0,262.0,26080589.24184664,6822187447.379974
2026-03-27 09:00:00,263.0,265.0,253.0,255.0,21797403.40979246,5654262773.5950575
2026-03-28 09:00:00,255.0,260.0,250.0,254.0,17688958.86577725,4496312919.422941
2026-03-29 09:00:00,255.0,257.0,246.0,251.0,18983483.35612624,4781460447.905584
2026-03-30 09:00:00,251.0,264.0,250.0,254.0,24139190.71702028,6201074504.646962
2026-03-31 09:00:00,255.0,260.0,249.0,254.0,19608100.84471126,4977230518.520125
2026-04-01 09:00:00,254.0,264.0,252.0,256.0,20705347.43810924,5342217735.903497
2026-04-02 09:00:00,257.0,259.0,244.0,248.0,32202392.00706337,8036271322.81462
2026-04-03 09:00:00,248.0,253.0,245.0,247.0,11208533.01542341,2791423633.609976
2026-04-04 09:00:00,248.0,248.0,244.0,246.0,10678979.56363462,2625227747.698893
2026-04-05 09:00:00,246.0,247.0,239.0,247.0,17527987.91938257,4255040984.838868
2026-04-06 09:00:00,246.0,249.0,234.0,236.0,55962336.40391064,13489351629.758127
2026-04-07 09:00:00,236.0,246.0,232.0,243.0,34333926.0465352,8129689746.159915
2026-04-08 09:00:00,243.0,245.0,234.0,235.0,22685862.2781297,5458177154.519738
2026-04-09 09:00:00,236.0,236.0,228.0,230.0,30711825.65265269,7100459251.704609
2026-04-10 09:00:00,231.0,234.0,227.0,231.0,24579978.34111479,5670984620.831588
2026-04-11 09:00:00,230.0,233.0,228.0,229.0,18201513.65302861,4181114627.371
2026-04-12 09:00:00,229.0,230.0,224.0,225.0,16744326.75082046,3787704170.0915112
2026-04-13 09:00:00,225.0,231.0,224.0,231.0,21759349.19163723,4934322469.490855
2026-04-14 09:00:00,231.0,234.0,227.0,229.0,19950597.27945388,4595612186.1458235
2026-04-15 09:00:00,230.0,235.0,229.0,232.0,21794508.43372481,5045891523.257833
2026-04-16 09:00:00,233.0,250.0,232.0,249.0,33862674.07041877,8139767078.445051
2026-04-17 09:00:00,250.0,260.0,243.0,256.0,30204046.22746377,7595180600.43111
2026-04-18 09:00:00,256.0,261.0,248.0,253.0,25543329.78914593,6479660559.85159
2026-04-19 09:00:00,253.0,256.0,247.0,248.0,21537763.27808758,5421432875.197514
2026-04-20 09:00:00,248.0,259.0,247.0,257.0,20771773.5619934,5228280957.956299
2026-04-21 09:00:00,258.0,273.0,255.0,265.0,48520722.87372515,12835884265.615284
2026-04-22 09:00:00,266.0,270.0,261.0,261.0,36701991.45237505,9755079447.686956
2026-04-23 09:00:00,262.0,267.0,259.0,261.0,23259675.32481168,6097224556.257273
2026-04-24 09:00:00,260.0,263.0,257.0,258.0,15296724.37220429,3976996660.1049676
2026-04-25 09:00:00,258.0,260.0,253.0,253.0,14711003.83420378,3773149962.2911277
2026-04-26 09:00:00,253.0,257.0,250.0,254.0,17987004.52165868,4558798495.602326
2026-04-27 09:00:00,254.0,257.0,245.0,248.0,23892761.4760731,5972275688.229039
2026-04-28 09:00:00,248.0,248.0,240.0,241.0,20545462.51180389,4988493821.90682
2026-04-29 09:00:00,240.0,245.0,237.0,239.0,33450149.06568783,8076623967.199093
2026-04-30 09:00:00,238.0,241.0,236.0,236.0,19500597.56063381,4642028062.752052
2026-05-01 09:00:00,237.0,241.0,236.0,237.0,21477868.15811993,5117559993.434269
2026-05-02 09:00:00,237.0,239.0,236.0,237.0,15389771.7833714,3653909756.822073
2026-05-03 09:00:00,238.0,238.0,234.0,235.0,17559431.89577712,4143318700.6392345
2026-05-04 09:00:00,235.0,239.0,232.0,234.0,40538765.25544806,9530572330.694721
2026-05-05 09:00:00,234.0,239.0,233.0,236.0,30285919.68438776,7151568675.136237
2026-05-06 09:00:00,236.0,244.0,235.0,238.0,43202749.91530688,10334850235.345692
2026-05-07 09:00:00,239.0,239.0,232.0,233.0,39118993.28509566,9224785832.282452
2026-05-08 09:00:00,233.0,244.0,232.0,241.0,41139355.56657742,9783880160.058197
2026-05-09 09:00:00,241.0,248.0,238.0,240.0,44603895.21061101,10809978683.030529
2026-05-10 09:00:00,240.0,255.0,238.0,248.0,72414288.08888783,17752837609.340504
2026-05-11 09:00:00,249.0,252.0,242.0,248.0,57835721.6134801,14311882370.733286
2026-05-12 09:00:00,248.0,250.0,239.0,241.0,57144555.44225621,13959727438.301636
2026-05-13 09:00:00,240.0,245.0,235.0,237.0,45362516.14954433,10918401729.88673
2026-05-14 09:00:00,237.0,249.0,234.0,240.0,63780507.82141461,15366759707.306976
2026-05-15 09:00:00,241.0,243.0,229.0,230.0,61313016.59115927,14394758792.351034
2026-05-16 09:00:00,230.0,233.0,224.0,227.0,38213786.88633456,8691670342.669271
2026-05-17 09:00:00,227.0,229.0,218.0,222.0,30533726.73899088,6861830701.016746
2026-05-18 09:00:00,222.0,224.0,215.0,219.0,49441136.7629925,10864864754.548685
2026-05-19 09:00:00,219.0,221.0,213.0,214.0,27983133.27641693,6077407285.423333
2026-05-20 09:00:00,214.0,215.0,211.0,213.0,35860739.27742786,7642765889.65859
2026-05-21 09:00:00,213.0,221.0,213.0,218.0,38774952.58716953,8375492098.386678
2026-05-22 09:00:00,217.0,224.0,215.0,215.0,37834483.57192489,8292932949.254393
2026-05-23 09:00:00,215.0,223.0,210.0,221.0,30734733.83024551,6609100756.669243
2026-05-24 09:00:00,222.0,224.0,217.0,221.0,19561038.03262511,4327061759.855792
2026-05-25 09:00:00,221.0,230.0,219.0,222.0,32264654.73514678,7260161997.832972
2026-05-26 09:00:00,223.0,224.0,218.0,218.0,35433990.33754833,7822281414.199338
2026-05-27 09:00:00,219.0,251.0,215.0,241.0,187467864.06429765,44125327317.197655
2026-05-28 09:00:00,242.0,320.0,241.0,300.0,731535945.8265505,203684453576.23535
2026-05-29 09:00:00,301.0,393.0,288.0,385.0,714826954.8519139,232178412466.5863
2026-05-30 09:00:00,385.0,442.0,335.0,341.0,865638071.7194008,335479631367.7405
2026-05-31 09:00:00,340.0,395.0,327.0,383.0,605568136.3853183,220357443085.35217
2026-06-01 09:00:00,384.0,405.0,352.0,355.0,530363705.9067049,201903871959.65805
2026-06-02 09:00:00,355.0,356.0,316.0,330.0,358833594.66238695,120261105268.44127
2026-06-03 09:00:00,330.0,349.0,309.0,309.0,333250327.94058216,110274686731.5831
2026-06-04 09:00:00,310.0,329.0,294.0,301.0,367324218.0335473,114218193673.5441
2026-06-05 09:00:00,302.0,317.0,282.0,309.0,282594149.3127629,83024862923.324
2026-06-06 09:00:00,310.0,327.0,288.0,323.0,261653382.81822535,80669617896.40022
2026-06-07 09:00:00,323.0,331.0,303.0,311.0,228357960.74228284,72148276465.16399
2026-06-08 09:00:00,311.0,313.0,297.0,304.0,139570873.69961557,42415236376.71513
2026-06-09 09:00:00,304.0,307.0,288.0,289.0,136615385.03508538,40525656326.65783
2026-06-10 09:00:00,289.0,290.0,272.0,275.0,127139010.23958579,35608296794.39813
2026-06-11 09:00:00,275.0,292.0,274.0,288.0,89664669.42544891,25543435225.23227
2026-06-12 09:00:00,288.0,300.0,283.0,284.0,100936627.12805836,29252811610.46594
2026-06-13 09:00:00,284.0,290.0,277.0,284.0,56893066.45569522,16171169323.980198
2026-06-14 09:00:00,284.0,290.0,273.0,288.0,67309567.60517024,18856994319.22315
2026-06-15 09:00:00,288.0,352.0,281.0,321.0,359002068.832969,115555674575.41914
2026-06-16 09:00:00,321.0,352.0,312.0,327.0,318027208.8830997,105026739883.54893
2026-06-17 09:00:00,327.0,351.0,326.0,341.0,291411685.9911874,98315211976.07828
2026-06-18 09:00:00,341.0,380.0,340.0,354.0,441905071.945335,159229728447.5255
2026-06-19 09:00:00,355.0,356.0,324.0,331.0,235238746.98554477,79223822997.19594
2026-06-20 09:00:00,330.0,332.0,318.0,327.0,120177480.49991967,39044181466.06219
2026-06-21 09:00:00,327.0,330.0,316.0,317.0,68515515.40373394,22093095327.10973
2026-06-22 09:00:00,316.0,327.0,305.0,307.0,103247929.18757933,32697690770.43882
2026-06-23 09:00:00,307.0,307.0,287.0,295.0,101719275.16575179,30077361814.889687
2026-06-24 09:00:00,295.0,298.0,278.0,282.0,110471098.51137236,31612971481.487213
2026-06-25 09:00:00,282.0,289.0,265.0,271.0,123244806.46943878,34131347426.698883
2026-06-26 09:00:00,272.0,274.0,260.0,270.0,101556664.76105331,27051056100.61894
2026-06-27 09:00:00,270.0,272.0,262.0,264.0,57533505.61577935,15322441953.047304
2026-06-28 09:00:00,264.0,266.0,256.0,262.0,42622761.81496126,11110697249.164589
2026-06-29 09:00:00,263.0,271.0,258.0,265.0,64328323.41054766,16951365569.650736
2026-06-30 09:00:00,265.0,289.0,263.0,289.0,203419259.26257753,56184271791.33465
2026-07-01 09:00:00,289.0,316.0,288.0,300.0,223734914.33883792,67746648678.77729
2026-07-02 09:00:00,301.0,309.0,292.0,301.0,125886542.75942217,37784196896.266846
2026-07-03 09:00:00,301.0,312.0,296.0,308.0,88677290.32114609,26879477071.358555
2026-07-04 09:00:00,308.0,325.0,305.0,311.0,113529426.86219162,35514037519.57426
2026-07-05 09:00:00,312.0,312.0,298.0,306.0,61399683.48974151,18629722237.489605
2026-07-06 09:00:00,306.0,313.0,295.0,300.0,98539733.27201779,29836054803.99015
2026-07-07 09:00:00,300.0,302.0,281.0,283.0,85146873.42689654,24703566843.135063
2026-07-08 09:00:00,283.0,285.0,268.0,271.0,65481285.00303707,18032590066.34037
2026-07-09 09:00:00,271.0,281.0,268.0,279.0,88393812.29616691,24137880350.658203
2026-07-10 09:00:00,279.0,290.0,276.0,284.0,60390473.02162747,17143458890.497324
2026-07-11 09:00:00,285.0,289.0,278.0,278.0,39836476.18677768,11323316702.93732
2026-07-12 09:00:00,278.0,285.0,273.0,277.0,44242602.75285786,12313316141.270725
2026-07-13 09:00:00,277.0,282.0,266.0,269.0,61678583.51386372,16810281882.321146
2026-07-14 09:00:00,268.0,275.0,263.0,271.0,57301658.39076461,15383407499.9366
2026-07-15 09:00:00,271.0,283.0,268.0,277.0,68027827.94709669,18714002407.00396
2026-07-16 09:00:00,277.0,283.0,272.0,273.0,82655941.81881902,22978160397.539658
2026-07-17 09:00:00,273.0,278.0,268.0,273.0,59241142.38533441,16118720043.124859
2026-07-18 09:00:00,274.0,280.0,270.0,276.0,43042416.43676415,11786549805.419577
2026-07-19 09:00:00,277.0,283.0,273.0,277.0,39907063.73993821,11088649211.333204
2026-07-20 09:00:00,277.0,280.0,270.0,275.0,51598228.12059842,14166139811.248224
2026-07-21 09:00:00,275.0,287.0,273.0,281.0,71674337.72198474,20082431285.948048
2026-07-22 09:00:00,281.0,286.0,272.0,274.0,67770475.89396872,18835855742.187187
2026-07-23 09:00:00,274.0,275.0,264.0,267.0,62247411.44645874,16733601728.48177
2026-07-24 09:00:00,267.0,270.0,258.0,260.0,56097124.67159104,14792112598.860415
2026-07-25 09:00:00,260.0,264.0,258.0,261.0,28808563.77805119,7516946092.855145
2026-07-26 09:00:00,261.0,267.0,258.0,265.0,36918408.17572064,9639111052.64583
2026-07-27 09:00:00,266.0,266.0,250.0,251.0,62243607.71952863,16156428410.271341
2026-07-28 09:00:00,251.0,254.0,247.0,253.0,48804506.9929817,12227578603.436512
2026-07-29 09:00:00,253.0,255.0,242.0,246.0,44481465.73037154,11034693665.004274
2026-07-30 09:00:00,246.0,248.0,243.0,244.0,31813233.69904062,7792649279.432394
2026-07-31 09:00:00,244.0,249.0,241.0,247.0,37528836.46235925,9154841414.033052
2026-08-01 09:00:00,247.0,249.0,243.0,247.0,17357281.23488289,4278371011.3807025
2026-08-02 09:00:00,246.0,255.0,246.0,250.0,25935189.2003482,6502303495.903554
2026-08-03 09:00:00,249.0,250.0,242.0,244.0,37513579.54429759,9183075997.244965
2026-08-04 09:00:00,244.0,245.0,240.0,240.0,29468196.40967557,7139384627.163009
2026-08-05 09:00:00,240.0,241.0,233.0,235.0,38935672.56311935,9226306719.341282
2026-08-06 09:00:00,235.0,235.0,226.0,228.0,56009977.94820273,12846260474.200665
2026-08-07 09:00:00,229.0,231.0,224.0,227.0,44442877.37422792,10105751479.93139
2026-08-08 09:00:00,227.0,235.0,226.0,231.0,23405286.98879003,5393842882.094085
2026-08-09 09:00:00,231.0,232.0,226.0,228.0,22563849.92132127,5173388303.345462
2026-08-10 09:00:00,228.0,233.0,227.0,229.0,26444667.16406965,6080574090.1673765
2026-08-11 09:00:00,229.0,230.0,224.0,229.0,32482297.42236329,7375687199.487472
2026-08-12 09:00:00,229.0,229.0,223.0,225.0,29842534.51364497,6757709838.615081
2026-08-13 09:00:00,225.0,229.0,224.0,226.0,27799741.62836968,6294950477.015042
2026-08-14 09:00:00,226.0,227.0,221.0,224.0,18304675.92614276,4106888945.368657
2026-08-15 09:00:00,224.0,226.0,223.0,223.0,14595408.07679251,3274009067.0406866
2026-08-16 09:00:00,224.0,226.0,221.0,221.0,15411755.98147581,3433043124.7801833
2026-08-17 09:00:00,221.0,225.0,221.0,224.0,22024219.37347604,4908120079.507362
2026-08-18 09:00:00,224.0,224.0,214.0,218.0,48774732.58512014,10614147633.581154
2026-08-19 09:00:00,218.0,237.0,215.0,235.0,57605979.10657964,13024153819.485363
2026-08-20 09:00:00,235.0,264.0,229.0,251.0,157681456.0779866,38963040730.146324
2026-08-21 09:00:00,251.0,280.0,249.0,277.0,181424750.46765646,47637015260.06657
2026-08-22 09:00:00,278.0,306.0,258.0,268.0,321580957.0371537,89645083263.2318
2026-08-23 09:00:00,269.0,278.0,258.0,274.0,133817021.21022601,36027840676.67331
2026-08-24 09:00:00,274.0,276.0,262.0,267.0,90632067.54346174,24361253617.963734
2026-08-25 09:00:00,267.0,275.0,253.0,254.0,97551820.92177334,25925907998.615788
2026-08-26 09:00:00,253.0,259.0,247.0,258.0,73510460.12836646,18668394324.474674
2026-08-27 09:00:00,258.0,263.0,251.0,260.0,61700791.90748655,15895420835.120377
2026-08-28 09:00:00,260.0,262.0,245.0,249.0,64660823.91636692,16384732169.852852
2026-08-29 09:00:00,249.0,251.0,245.0,250.0,25245520.43261672,6252213212.768871
2026-08-30 09:00:00,250.0,253.0,240.0,242.0,36091165.48059164,8945659180.438238
2026-08-31 09:00:00,242.0,248.0,241.0,244.0,40076613.02786253,9749745706.430845
2026-09-01 09:00:00,245.0,247.0,244.0,246.0,9498977.48234659,2329221884.393896
