,open,high,low,close,volume,value
2021-09-28 09:00:00,1475.0,1515.0,1390.0,1395.0,7669334.95160247,11070139892.307945
2021-09-29 09:00:00,1395.0,1450.0,1340.0,1400.0,6632561.89404742,9296995139.444427
2021-09-30 09:00:00,1405.0,1485.0,1395.0,1480.0,6941360.58529166,10013772373.58415
2021-10-01 09:00:00,1480.0,1620.0,1435.0,1620.0,14758891.87333487,22765095278.839783
2021-10-02 09:00:00,1615.0,1680.0,1590.0,1630.0,13044362.73018586,21431467577.02774
2021-10-03 09:00:00,1635.0,1660.0,1575.0,1635.0,8784117.43352446,14300491314.773878
2021-10-04 09:00:00,1630.0,1795.0,1545.0,1735.0,31559784.53744557,53235096838.04226
2021-10-05 09:00:00,1735.0,1770.0,1620.0,1725.0,16402610.65597314,27769044144.645073
2021-10-06 09:00:00,1720.0,1835.0,1620.0,1745.0,24767480.13905029,42703443198.14121
2021-10-07 09:00:00,1740.0,1795.0,1685.0,1755.0,10672289.127401,18528239443.96276
2021-10-08 09:00:00,1755.0,1850.0,1735.0,1820.0,15769693.00836185,28511366997.347862
2021-10-09 09:00:00,1825.0,2525.0,1725.0,2220.0,105282678.6522657,232345602062.81433
2021-10-10 09:00:00,2220.0,2820.0,1990.0,2290.0,276501815.34670883,689336130603.4241
2021-10-11 09:00:00,2295.0,2685.0,2220.0,2315.0,133204936.34346499,330872832624.96405
2021-10-12 09:00:00,2310.0,2570.0,2165.0,2525.0,66850787.10923606,159514970311.13568
2021-10-13 09:00:00,2525.0,3255.0,2505.0,2715.0,177756347.49977508,503147529851.6519
2021-10-14 09:00:00,2715.0,2885.0,2555.0,2700.0,45687398.08180751,124078793804.24329
2021-10-15 09:00:00,2700.0,2760.0,2350.0,2430.0,37512920.98682644,94175041715.62321
2021-10-16 09:00:00,2430.0,2520.0,2320.0,2405.0,16456524.02326685,39775894182.18104
2021-10-17 09:00:00,2405.0,2785.0,2385.0,2760.0,104545491.85307251,273618718747.11353
2021-10-18 09:00:00,2760.0,3580.0,2725.0,3205.0,348066656.7961943,1109997103333.6025
2021-10-19 09:00:00,3205.0,3320.0,2830.0,2870.0,83683361.08943176,249063500694.135
2021-10-20 09:00:00,2865.0,2980.0,2695.0,2940.0,59050576.43823048,165878624817.76123
2021-10-21 09:00:00,2940.0,3000.0,2750.0,2820.0,48399893.76710138,138136667287.10645
2021-10-22 09:00:00,2820.0,2855.0,2655.0,2695.0,27545750.24157096,75589356881.523
2021-10-23 09:00:00,2700.0,2750.0,2600.0,2710.0,13951002.74414712,37050699374.614975
2021-10-24 09:00:00,2710.0,2935.0,2655.0,2720.0,59154034.98718767,166045050178.47375
2021-10-25 09:00:00,2725.0,2725.0,2630.0,2690.0,12921207.83993306,34392225601.8305
2021-10-26 09:00:00,2690.0,2690.0,2600.0,2625.0,11290269.12924508,29682382128.91245
2021-10-27 09:00:00,2625.0,2650.0,2215.0,2310.0,32350771.48457166,78555581765.78448
2021-10-28 09:00:00,2315.0,2365.0,2205.0,2345.0,24749717.76589239,56374642909.117134
2021-10-29 09:00:00,2350.0,2410.0,2290.0,2375.0,24093844.59136603,56415425555.38185
2021-10-30 09:00:00,2375.0,2385.0,2245.0,2270.0,19435417.90328182,44691374299.01654
2021-10-31 09:00:00,2275.0,2275.0,2125.0,2190.0,24481164.97706088,53300807646.18547
2021-11-01 09:00:00,2190.0,2400.0,2135.0,2310.0,49784866.48645101,113593456778.05617
2021-11-02 09:00:00,2310.0,2385.0,2250.0,2320.0,23932459.57755302,55454568908.017456
2021-11-03 09:00:00,2320.0,2485.0,2200.0,2345.0,37034914.78653964,86894439636.66377
2021-11-04 09:00:00,2340.0,2345.0,2260.0,2335.0,11397708.51816708,26124253966.26437
2021-11-05 09:00:00,2335.0,2485.0,2280.0,2425.0,18380527.96137519,43870529201.230446
2021-11-06 09:00:00,2430.0,2455.0,2340.0,2435.0,13559654.42682145,32509425459.706715
2021-11-07 09:00:00,2430.0,2725.0,2395.0,2715.0,54945489.39215475,142110154950.21652
2021-11-08 09:00:00,2710.0,2950.0,2610.0,2800.0,122228434.00579274,337752404411.74554
2021-11-09 09:00:00,2800.0,2885.0,2630.0,2705.0,34368297.4923405,93634920690.4793
2021-11-10 09:00:00,2700.0,2795.0,2510.0,2575.0,36467543.73336372,97682034959.87233
2021-11-11 09:00:00,2575.0,2780.0,2575.0,2745.0,34392797.23566639,92974445208.38986
2021-11-12 09:00:00,2750.0,2930.0,2680.0,2825.0,51016502.3232388,144918871764.38687
2021-11-13 09:00:00,2830.0,3040.0,2825.0,2900.0,37969953.19584446,111564232476.43289
2021-11-14 09:00:00,2895.0,2925.0,2775.0,2900.0,17053656.97414632,48441081458.407005
2021-11-15 09:00:00,2900.0,3030.0,2805.0,2965.0,29547928.92415506,85529514410.75963
2021-11-16 09:00:00,2970.0,2975.0,2585.0,2665.0,43294501.29348502,118445670880.13301
2021-11-17 09:00:00,2670.0,2710.0,2465.0,2620.0,36960814.040818,95890184279.09608
2021-11-18 09:00:00,2625.0,2650.0,2315.0,2420.0,30098708.74548736,74434301145.38737
2021-11-19 09:00:00,2425.0,2580.0,2320.0,2570.0,21263314.37883809,52559462551.37556
2021-11-20 09:00:00,2570.0,2635.0,2480.0,2620.0,14428218.13992961,36993314490.207726
2021-11-21 09:00:00,2620.0,2790.0,2515.0,2715.0,21661984.68023531,57805895992.24666
2021-11-22 09:00:00,2720.0,2865.0,2650.0,2650.0,34407406.03037197,95443737906.5124
2021-11-23 09:00:00,2650.0,2695.0,2480.0,2580.0,26157702.77891237,66716646141.01654
2021-11-24 09:00:00,2580.0,2615.0,2400.0,2465.0,20901508.66882435,51494656198.2965
2021-11-25 09:00:00,2465.0,2665.0,2415.0,2555.0,30645537.31703828,77425509942.51103
2021-11-26 09:00:00,2555.0,2570.0,2270.0,2335.0,27113105.24015549,65433836966.63839
2021-11-27 09:00:00,2335.0,2470.0,2310.0,2410.0,11288195.55916427,27172170983.338146
2021-11-28 09:00:00,2405.0,2475.0,2275.0,2430.0,14389368.36546183,34076166616.123184
2021-11-29 09:00:00,2430.0,2750.0,2405.0,2705.0,41985615.04779178,110066043306.72743
2021-11-30 09:00:00,2705.0,3485.0,2655.0,3410.0,201231224.28526944,633957292783.3256
2021-12-01 09:00:00,3410.0,4090.0,3320.0,3580.0,237363746.65127248,882392049833.402
2021-12-02 09:00:00,3595.0,3800.0,3135.0,3180.0,76863221.4520269,261169786595.58017
2021-12-03 09:00:00,3180.0,3390.0,2955.0,3225.0,62712456.63139952,197439154001.4563
2021-12-04 09:00:00,3230.0,3310.0,2160.0,2815.0,116079796.37868169,317625304477.3564
2021-12-05 09:00:00,2815.0,2925.0,2385.0,2610.0,47151029.49002713,125540521668.4895
2021-12-06 09:00:00,2605.0,2835.0,2490.0,2815.0,97439218.70761342,259634046971.4651
2021-12-07 09:00:00,2815.0,3045.0,2790.0,2910.0,63603183.89763994,186532251886.96262
2021-12-08 09:00:00,2910.0,2990.0,2675.0,2870.0,41134371.92969202,116511748150.18607
2021-12-09 09:00:00,2870.0,2920.0,2605.0,2635.0,33998794.46081445,94282512043.35425
2021-12-10 09:00:00,2635.0,2745.0,2435.0,2490.0,30712665.55365976,79728992941.37286
2021-12-11 09:00:00,2490.0,2670.0,2470.0,2665.0,14098183.16671367,36118163900.92266
2021-12-12 09:00:00,2660.0,2680.0,2520.0,2635.0,10214831.28668002,26526809479.961334
2021-12-13 09:00:00,2635.0,2645.0,2315.0,2325.0,17428487.94499231,42888923546.63365
2021-12-14 09:00:00,2330.0,2460.0,2185.0,2430.0,30192393.21805621,70342506155.41039
2021-12-15 09:00:00,2430.0,2895.0,2260.0,2805.0,37858232.45347847,98143068886.88332
2021-12-16 09:00:00,2805.0,2930.0,2650.0,2685.0,32158144.53558791,89620232452.6498
2021-12-17 09:00:00,2685.0,2720.0,2470.0,2585.0,27231669.10766755,70909495522.37938
2021-12-18 09:00:00,2585.0,2630.0,2485.0,2605.0,12730533.74888657,32714225693.476326
2021-12-19 09:00:00,2610.0,2705.0,2550.0,2580.0,15833813.88713982,41536921116.5652
2021-12-20 09:00:00,2590.0,2605.0,2410.0,2490.0,16120149.75509283,40180566120.37484
2021-12-21 09:00:00,2490.0,2625.0,2425.0,2615.0,14466352.23877774,37039893557.166405
2021-12-22 09:00:00,2620.0,2755.0,2600.0,2705.0,16732945.42572834,44428869458.18997
2021-12-23 09:00:00,2705.0,2880.0,2650.0,2850.0,23822839.53065825,66041012670.34337
2021-12-24 09:00:00,2850.0,2935.0,2705.0,2750.0,20885383.28633893,59363576453.54479
2021-12-25 09:00:00,2745.0,2840.0,2720.0,2790.0,11696488.42223012,32296946094.871037
2021-12-26 09:00:00,2790.0,2870.0,2715.0,2840.0,14132324.16271853,39203312537.67855
2021-12-27 09:00:00,2845.0,3185.0,2840.0,3170.0,52028860.56020579,158266549417.93442
2021-12-28 09:00:00,3170.0,3230.0,2740.0,2790.0,69520495.79958719,206622138988.5983
2021-12-29 09:00:00,2790.0,2830.0,2560.0,2620.0,44760154.19884306,119813663853.83339
2021-12-30 09:00:00,2625.0,2755.0,2545.0,2670.0,28439215.48405802,76173964127.31096
2021-12-31 09:00:00,2670.0,2770.0,2585.0,2665.0,20107264.72789804,54099459862.49364
2022-01-01 09:00:00,2665.0,2775.0,2665.0,2770.0,14802269.53914881,40501333416.878494
2022-01-02 09:00:00,2770.0,2935.0,2770.0,2930.0,36620550.11080759,104616071311.8711
2022-01-03 09:00:00,2925.0,2930.0,2730.0,2795.0,24838579.71566381,69902037697.44646
2022-01-04 09:00:00,2795.0,2935.0,2740.0,2865.0,29233234.78035781,82732594598.92168
2022-01-05 09:00:00,2865.0,3010.0,2590.0,2775.0,49264262.99217289,140876450683.672
2022-01-06 09:00:00,2775.0,2805.0,2560.0,2705.0,36629998.01838248,97347309829.61896
2022-01-07 09:00:00,2705.0,2720.0,2475.0,2595.0,30073906.28820114,77675929288.47972
2022-01-08 09:00:00,2595.0,2645.0,2460.0,2570.0,16102445.45003665,41358962698.728294
2022-01-09 09:00:00,2570.0,2595.0,2490.0,2570.0,11577474.0654933,29469455638.44688
2022-01-10 09:00:00,2565.0,2580.0,2260.0,2430.0,29251484.36341617,70577448231.9799
2022-01-11 09:00:00,2430.0,2580.0,2285.0,2565.0,22093032.51439258,52874132415.39025
2022-01-12 09:00:00,2565.0,2670.0,2490.0,2645.0,19035623.40271269,49162987118.60057
2022-01-13 09:00:00,2640.0,2670.0,2490.0,2495.0,16992741.71210232,43940942648.36038
2022-01-14 09:00:00,2495.0,2575.0,2425.0,2530.0,17335219.16521043,43541313339.11863
2022-01-15 09:00:00,2530.0,2650.0,2510.0,2605.0,12962922.87284951,33639900588.113873
2022-01-16 09:00:00,2595.0,2605.0,2555.0,2580.0,7353445.87161197,18983817341.959297
2022-01-17 09:00:00,2580.0,2635.0,2455.0,2515.0,14697746.38732515,37441283911.74679
2022-01-18 09:00:00,2515.0,3015.0,2345.0,2815.0,98217097.88374792,265586143279.68256
2022-01-19 09:00:00,2815.0,2920.0,2520.0,2535.0,80853683.80870467,220655521469.5438
2022-01-20 09:00:00,2535.0,2645.0,2370.0,2390.0,32173426.20456882,80532801166.76596
2022-01-21 09:00:00,2390.0,2440.0,2050.0,2080.0,32799310.68059822,73923360397.3337
2022-01-22 09:00:00,2075.0,2120.0,1550.0,1765.0,46756732.80941642,84998126539.2361
2022-01-23 09:00:00,1765.0,1830.0,1685.0,1790.0,25014790.09249927,44048399361.58839
2022-01-24 09:00:00,1790.0,1795.0,1475.0,1660.0,40567413.690789,64166230737.82945
2022-01-25 09:00:00,1665.0,1680.0,1515.0,1650.0,21909540.04186697,35104382864.55283
2022-01-26 09:00:00,1640.0,1865.0,1625.0,1690.0,36011211.65861197,62346596313.48018
2022-01-27 09:00:00,1690.0,1780.0,1615.0,1715.0,19645622.09323345,33308904050.879974
2022-01-28 09:00:00,1715.0,1830.0,1690.0,1800.0,18860666.90091429,33239187555.21065
2022-01-29 09:00:00,1800.0,1945.0,1800.0,1875.0,23776065.75759897,44583840505.16423
2022-01-30 09:00:00,1875.0,1935.0,1815.0,1860.0,14429359.35175481,27078191457.38627
2022-01-31 09:00:00,1860.0,1905.0,1750.0,1835.0,16693262.47920255,30274449606.01568
2022-02-01 09:00:00,1840.0,1890.0,1800.0,1840.0,10509808.15501482,19382062470.35528
2022-02-02 09:00:00,1835.0,1890.0,1720.0,1730.0,14452108.84561027,26273497802.934395
2022-02-03 09:00:00,1730.0,1770.0,1660.0,1755.0,10142328.82571927,17431075836.033924
2022-02-04 09:00:00,1755.0,1890.0,1735.0,1885.0,11676839.7921638,20972616868.95431
2022-02-05 09:00:00,1880.0,1995.0,1855.0,1950.0,18572789.4397375,36136194489.52665
2022-02-06 09:00:00,1950.0,2095.0,1940.0,2040.0,22606498.82656031,45679501832.48613
2022-02-07 09:00:00,2045.0,2145.0,2015.0,2090.0,19237683.06630736,39923768178.56299
2022-02-08 09:00:00,2090.0,2185.0,1905.0,2065.0,25880088.20159988,52751443669.501625
2022-02-09 09:00:00,2060.0,2115.0,1965.0,2080.0,11697284.54525874,23815708157.006294
2022-02-10 09:00:00,2085.0,2165.0,1965.0,1985.0,26466433.40660612,54898127453.28156
2022-02-11 09:00:00,1985.0,2000.0,1810.0,1855.0,10211468.41476855,19699284378.50952
2022-02-12 09:00:00,1860.0,1890.0,1730.0,1875.0,14085896.41389674,25438711305.50963
2022-02-13 09:00:00,1870.0,1890.0,1785.0,1795.0,8982954.10868307,16666323118.542059
2022-02-14 09:00:00,1795.0,1830.0,1720.0,1785.0,8933295.47444807,15739834576.717983
2022-02-15 09:00:00,1785.0,1955.0,1775.0,1920.0,9241929.43236619,17166998696.599142
2022-02-16 09:00:00,1920.0,1925.0,1820.0,1880.0,9124959.3654021,17107927641.221012
2022-02-17 09:00:00,1880.0,1895.0,1690.0,1690.0,12809227.76786063,22865314332.72033
2022-02-18 09:00:00,1695.0,1750.0,1605.0,1640.0,10079519.29809167,16913350378.443367
2022-02-19 09:00:00,1640.0,1650.0,1545.0,1615.0,6741391.49867147,10770456305.808395
2022-02-20 09:00:00,1610.0,1615.0,1475.0,1505.0,7770976.7829641,11852221508.038612
2022-02-21 09:00:00,1510.0,1560.0,1350.0,1365.0,12837587.07588852,18913764098.272236
2022-02-22 09:00:00,1360.0,1420.0,1285.0,1420.0,11628612.06939171,15566845005.721413
2022-02-23 09:00:00,1420.0,1540.0,1380.0,1390.0,11052420.35676069,16094962800.850441
2022-02-24 09:00:00,1395.0,1415.0,1210.0,1365.0,17573275.83511556,22715827383.12488
2022-02-25 09:00:00,1365.0,1450.0,1350.0,1430.0,10387671.36052418,14509730109.58148
2022-02-26 09:00:00,1430.0,1485.0,1405.0,1450.0,8025908.65702522,11614778396.329369
2022-02-27 09:00:00,1450.0,1465.0,1370.0,1380.0,9381408.01775942,13335348521.600374
2022-02-28 09:00:00,1380.0,1530.0,1350.0,1505.0,11326465.01930819,16312969967.187534
2022-03-01 09:00:00,1510.0,1575.0,1475.0,1555.0,12219828.4822477,18564484769.74153
2022-03-02 09:00:00,1550.0,1565.0,1475.0,1500.0,7373738.77639028,11165786115.995646
2022-03-03 09:00:00,1500.0,1540.0,1440.0,1470.0,8745202.3077423,13090782724.356346
2022-03-04 09:00:00,1465.0,1470.0,1365.0,1375.0,7667323.20908733,10825600680.732851
2022-03-05 09:00:00,1375.0,1410.0,1350.0,1405.0,3331512.31966207,4583721275.73821
2022-03-06 09:00:00,1400.0,1410.0,1325.0,1345.0,5103463.24113596,6926537806.481901
2022-03-07 09:00:00,1340.0,1360.0,1295.0,1310.0,6083153.25078626,8038253381.957556
2022-03-08 09:00:00,1310.0,1340.0,1300.0,1325.0,4292718.8901203,5656249062.161966
2022-03-09 09:00:00,1320.0,1435.0,1320.0,1385.0,4775921.87112312,6564441504.481972
2022-03-10 09:00:00,1385.0,2055.0,1310.0,1850.0,177407002.33655453,323672369406.1106
2022-03-11 09:00:00,1850.0,1990.0,1665.0,1690.0,225717421.6507402,411172461046.9428
2022-03-12 09:00:00,1695.0,1770.0,1650.0,1660.0,50128637.14101541,85262752718.52551
2022-03-13 09:00:00,1660.0,1670.0,1525.0,1545.0,31074406.21945771,49604603506.24564
2022-03-14 09:00:00,1545.0,1625.0,1500.0,1575.0,29118299.45808965,45365364016.25263
2022-03-15 09:00:00,1575.0,1580.0,1500.0,1515.0,12109846.05752623,18486391197.210075
2022-03-16 09:00:00,1515.0,1570.0,1505.0,1560.0,15896159.80965902,24406122489.817963
2022-03-17 09:00:00,1560.0,1565.0,1515.0,1555.0,8327665.99363447,12799099468.598595
2022-03-18 09:00:00,1560.0,1645.0,1510.0,1580.0,14225999.67115882,22293983801.706547
2022-03-19 09:00:00,1575.0,1620.0,1565.0,1595.0,11938317.88701989,18977977747.713562
2022-03-20 09:00:00,1595.0,1600.0,1535.0,1540.0,7674241.03333036,12034999870.6442
2022-03-21 09:00:00,1545.0,1625.0,1540.0,1585.0,21300327.15331829,33782453594.987915
2022-03-22 09:00:00,1585.0,1610.0,1565.0,1595.0,11191579.33915121,17800833005.514595
2022-03-23 09:00:00,1600.0,1715.0,1575.0,1635.0,19806746.49068738,32249769123.835117
2022-03-24 09:00:00,1635.0,1665.0,1620.0,1650.0,12135244.83724826,19956533371.744522
2022-03-25 09:00:00,1655.0,1730.0,1630.0,1645.0,21205178.51248606,35488636971.503136
2022-03-26 09:00:00,1650.0,1695.0,1610.0,1675.0,11155173.65983906,18418984944.04595
2022-03-27 09:00:00,1675.0,1810.0,1640.0,1740.0,26776941.29366816,45858653705.192154
2022-03-28 09:00:00,1740.0,1825.0,1725.0,1745.0,22007937.69380084,39110226904.59179
2022-03-29 09:00:00,1745.0,1870.0,1685.0,1755.0,24608440.28130462,43722531993.10034
2022-03-30 09:00:00,1755.0,1895.0,1705.0,1810.0,32786420.17655741,59409379385.69702
2022-03-31 09:00:00,1815.0,1930.0,1730.0,1760.0,32201926.82133312,58977982867.374146
2022-04-01 09:00:00,1760.0,1805.0,1690.0,1795.0,13120933.35088761,22889675669.580406
2022-04-02 09:00:00,1800.0,1930.0,1780.0,1845.0,26858778.05597106,49402291579.71383
2022-04-03 09:00:00,1840.0,1975.0,1795.0,1880.0,23085574.77687135,43361608427.80698
2022-04-04 09:00:00,1880.0,1895.0,1715.0,1790.0,12813544.02572111,23073579425.29503
2022-04-05 09:00:00,1790.0,1810.0,1735.0,1735.0,7492269.59024158,13277916278.376078
2022-04-06 09:00:00,1735.0,1740.0,1530.0,1540.0,16267210.29620369,26420366624.22939
2022-04-07 09:00:00,1540.0,1620.0,1515.0,1605.0,6481662.94214822,10188166970.680828
2022-04-08 09:00:00,1610.0,1630.0,1525.0,1560.0,7576443.29249706,12010559557.317898
2022-04-09 09:00:00,1555.0,1670.0,1540.0,1600.0,11969459.04792549,19245969770.88838
2022-04-10 09:00:00,1600.0,1600.0,1535.0,1540.0,4256601.21127671,6672858204.481208
2022-04-11 09:00:00,1540.0,1555.0,1410.0,1415.0,7541551.71655716,11142234557.581778
2022-04-12 09:00:00,1420.0,1490.0,1410.0,1465.0,6309360.79040697,9139375651.911343
2022-04-13 09:00:00,1460.0,1545.0,1440.0,1510.0,6496260.37021307,9745677995.994732
2022-04-14 09:00:00,1510.0,1615.0,1470.0,1495.0,14087737.98280898,21833632216.57206
2022-04-15 09:00:00,1495.0,1515.0,1465.0,1485.0,4492423.35121678,6672296025.470674
2022-04-16 09:00:00,1485.0,1495.0,1450.0,1470.0,2238857.23402903,3300463405.1220913
2022-04-17 09:00:00,1470.0,1475.0,1420.0,1425.0,2572565.71767413,3739392917.5289297
2022-04-18 09:00:00,1430.0,1670.0,1355.0,1515.0,101970438.60561132,157580173723.5471
2022-04-19 09:00:00,1515.0,1555.0,1480.0,1520.0,22827022.76401362,34607829700.4025
2022-04-20 09:00:00,1520.0,1520.0,1450.0,1475.0,8587158.04702499,12795022595.22765
2022-04-21 09:00:00,1480.0,1505.0,1435.0,1440.0,8479673.58930882,12510694455.772764
2022-04-22 09:00:00,1445.0,1500.0,1415.0,1435.0,7152029.07105455,10384845763.939596
2022-04-23 09:00:00,1435.0,1440.0,1405.0,1425.0,3296808.34485782,4687869864.076877
2022-04-24 09:00:00,1420.0,1530.0,1395.0,1405.0,25497419.71734349,37394897255.63174
2022-04-25 09:00:00,1405.0,1420.0,1320.0,1400.0,10848070.38334106,14765945826.552303
2022-04-26 09:00:00,1400.0,1410.0,1310.0,1325.0,6372770.67997324,8699710524.300047
2022-04-27 09:00:00,1320.0,1350.0,1295.0,1340.0,5215181.29956252,6924193534.2549515
2022-04-28 09:00:00,1345.0,1385.0,1310.0,1340.0,5993867.05354014,8063193061.316827
2022-04-29 09:00:00,1340.0,1435.0,1280.0,1300.0,40526234.50859889,55319543432.44297
2022-04-30 09:00:00,1300.0,1300.0,1195.0,1205.0,6237386.46394019,7823508937.752052
2022-05-01 09:00:00,1205.0,1235.0,1150.0,1220.0,7401813.96327627,8832194119.707994
2022-05-02 09:00:00,1215.0,1280.0,1170.0,1205.0,7102043.22473607,8647575890.10922
2022-05-03 09:00:00,1205.0,1220.0,1170.0,1185.0,3665014.16042008,4400688672.744969
2022-05-04 09:00:00,1190.0,1275.0,1165.0,1265.0,6696384.42223007,8110686625.886665
2022-05-05 09:00:00,1265.0,1290.0,1125.0,1145.0,10059176.71825005,12094351553.784111
2022-05-06 09:00:00,1150.0,1165.0,1085.0,1130.0,6517451.04039934,7274540612.442238
2022-05-07 09:00:00,1130.0,1140.0,1050.0,1075.0,3431170.35833224,3763246570.0329633
2022-05-08 09:00:00,1075.0,1080.0,1000.0,1025.0,9346759.06282262,9655610115.417696
2022-05-09 09:00:00,1025.0,1045.0,867.0,874.0,17692520.84440978,16960781262.753653
2022-05-10 09:00:00,873.0,971.0,821.0,889.0,18601807.14490364,16845112051.254705
2022-05-11 09:00:00,894.0,940.0,727.0,806.0,27951991.08367123,23284854500.841602
2022-05-12 09:00:00,806.0,823.0,634.0,682.0,16095214.76712884,11306891050.272064
2022-05-13 09:00:00,682.0,794.0,668.0,725.0,15687689.0895029,11596522274.716034
2022-05-14 09:00:00,725.0,778.0,680.0,752.0,10353879.17934787,7585898116.039886
2022-05-15 09:00:00,753.0,828.0,715.0,799.0,25461856.92074513,19843674512.441193
2022-05-16 09:00:00,799.0,800.0,724.0,726.0,8196159.34913919,6150431639.120119
2022-05-17 09:00:00,729.0,748.0,711.0,741.0,9346521.03906679,6856618919.597673
2022-05-18 09:00:00,740.0,747.0,647.0,650.0,10991511.56871211,7606933998.044699
2022-05-19 09:00:00,649.0,690.0,619.0,683.0,11100077.84169383,7310715887.982345
2022-05-20 09:00:00,687.0,698.0,650.0,663.0,6282071.29861932,4229033171.196101
2022-05-21 09:00:00,663.0,684.0,641.0,679.0,5056113.07044595,3363669426.492367
2022-05-22 09:00:00,681.0,756.0,671.0,716.0,17557310.24705398,12512576404.276215
2022-05-23 09:00:00,716.0,815.0,697.0,809.0,39728398.51996102,29746578993.488068
2022-05-24 09:00:00,808.0,814.0,708.0,766.0,44132096.16397557,33066982579.289658
2022-05-25 09:00:00,766.0,850.0,721.0,753.0,41671594.20897376,31582877068.79725
2022-05-26 09:00:00,752.0,758.0,657.0,697.0,18283144.12238764,12978807327.234583
2022-05-27 09:00:00,697.0,729.0,652.0,663.0,15302416.64635116,10447396843.642406
2022-05-28 09:00:00,663.0,673.0,650.0,664.0,4135135.77527926,2736566982.958113
2022-05-29 09:00:00,664.0,670.0,633.0,667.0,6760057.12131591,4395003179.002175
2022-05-30 09:00:00,667.0,719.0,654.0,715.0,12713954.69871151,8755681213.463068
2022-05-31 09:00:00,715.0,735.0,688.0,712.0,15729487.78861801,11250847766.31673
2022-06-01 09:00:00,712.0,752.0,661.0,673.0,20324149.17658518,14571938959.012028
2022-06-02 09:00:00,674.0,734.0,668.0,713.0,35592590.37844215,25063555923.48174
2022-06-03 09:00:00,714.0,714.0,672.0,686.0,9087235.33802873,6302465330.931532
2022-06-04 09:00:00,685.0,689.0,673.0,682.0,2767983.31023343,1882353376.450142
2022-06-05 09:00:00,682.0,703.0,668.0,690.0,9127878.78303651,6264253404.007409
2022-06-06 09:00:00,690.0,756.0,684.0,711.0,25323439.34334836,18292052953.25775
2022-06-07 09:00:00,712.0,727.0,672.0,689.0,13286111.31900998,9187091088.495779
2022-06-08 09:00:00,689.0,717.0,682.0,702.0,18124162.39838857,12717853440.127163
2022-06-09 09:00:00,701.0,710.0,681.0,686.0,7257223.54429839,5052178565.742229
2022-06-10 09:00:00,686.0,686.0,635.0,643.0,9701655.4737902,6413618888.101899
2022-06-11 09:00:00,643.0,654.0,601.0,611.0,8394250.88314988,5251142960.733906
2022-06-12 09:00:00,612.0,616.0,534.0,545.0,14528346.41412009,8144634024.008546
2022-06-13 09:00:00,545.0,550.0,438.0,452.0,24724324.21787459,11791225192.143597
2022-06-14 09:00:00,452.0,457.0,398.0,446.0,28034697.6476041,12152892391.251808
2022-06-15 09:00:00,447.0,474.0,400.0,474.0,16986675.60467931,7314897066.851821
2022-06-16 09:00:00,474.0,484.0,424.0,433.0,12781527.69969509,5834125857.902989
2022-06-17 09:00:00,433.0,555.0,424.0,503.0,50681681.07745638,25574380564.619194
2022-06-18 09:00:00,502.0,506.0,430.0,450.0,24780389.57415373,11541094569.178837
2022-06-19 09:00:00,451.0,469.0,419.0,461.0,12672195.44933108,5583919756.438114
2022-06-20 09:00:00,461.0,497.0,439.0,483.0,28949041.39839718,13719625674.570004
2022-06-21 09:00:00,484.0,579.0,482.0,526.0,154079533.824262,83334871652.11732
2022-06-22 09:00:00,526.0,528.0,494.0,497.0,13378624.24002681,6776494512.314465
2022-06-23 09:00:00,497.0,527.0,492.0,523.0,20949668.24360516,10696249207.341171
2022-06-24 09:00:00,524.0,541.0,514.0,537.0,19745205.22842948,10421133873.005434
2022-06-25 09:00:00,538.0,538.0,511.0,531.0,11288575.2578516,5957123824.70115
2022-06-26 09:00:00,531.0,574.0,522.0,525.0,40217777.59068758,22169901662.036247
2022-06-27 09:00:00,525.0,710.0,519.0,574.0,416293839.2180081,259560846785.80173
2022-06-28 09:00:00,574.0,645.0,539.0,544.0,155535962.07567665,92855494215.22939
2022-06-29 09:00:00,544.0,630.0,540.0,588.0,153292536.84406927,90810281894.2402
2022-06-30 09:00:00,587.0,596.0,506.0,536.0,44533964.46121446,23708699931.233364
2022-07-01 09:00:00,536.0,541.0,506.0,516.0,16911510.68558306,8813832922.477337
2022-07-02 09:00:00,516.0,535.0,500.0,516.0,16160556.94517397,8364418691.521327
2022-07-03 09:00:00,513.0,514.0,500.0,509.0,6356098.76210171,3216152849.018657
2022-07-04 09:00:00,508.0,518.0,487.0,515.0,8986320.50543092,4493576790.011447
2022-07-05 09:00:00,516.0,550.0,510.0,526.0,37689542.09438674,19852800552.55042
2022-07-06 09:00:00,527.0,529.0,512.0,524.0,10093727.76284756,5229985636.8289585
2022-07-07 09:00:00,524.0,538.0,514.0,535.0,8847475.56410871,4638309341.649523
2022-07-08 09:00:00,535.0,543.0,521.0,532.0,14825093.65577928,7883726585.422952
2022-07-09 09:00:00,532.0,543.0,528.0,540.0,7922992.17883251,4241524350.1559567
2022-07-10 09:00:00,540.0,570.0,525.0,533.0,34403349.6856845,18891959588.455444
2022-07-11 09:00:00,530.0,539.0,495.0,498.0,13508490.7597131,6912187499.393032
2022-07-12 09:00:00,498.0,506.0,476.0,480.0,9345072.26462342,4593248907.827425
2022-07-13 09:00:00,480.0,498.0,457.0,498.0,10632528.52648761,5085804439.58835
2022-07-14 09:00:00,497.0,502.0,474.0,502.0,9440838.76311803,4607510423.878086
2022-07-15 09:00:00,501.0,509.0,493.0,507.0,9173680.62139005,4609329036.015299
2022-07-16 09:00:00,507.0,520.0,495.0,519.0,7976041.28567264,4041572801.966011
2022-07-17 09:00:00,520.0,524.0,508.0,510.0,7654125.15718707,3943023401.4680443
2022-07-18 09:00:00,509.0,557.0,507.0,555.0,18064424.52010999,9623519935.585135
2022-07-19 09:00:00,556.0,596.0,536.0,584.0,23295842.6421178,13027749199.84971
2022-07-20 09:00:00,585.0,638.0,536.0,544.0,44950173.61438426,26770801004.080303
2022-07-21 09:00:00,544.0,574.0,533.0,566.0,28127089.99450519,15612004394.98439
2022-07-22 09:00:00,566.0,592.0,551.0,569.0,16330431.70035088,9328813412.617352
2022-07-23 09:00:00,569.0,591.0,546.0,565.0,14495720.06413693,8226772608.018235
2022-07-24 09:00:00,566.0,616.0,566.0,582.0,75805886.05942127,44981123499.18213
2022-07-25 09:00:00,580.0,580.0,537.0,539.0,17786750.52874532,9861209832.50167
2022-07-26 09:00:00,539.0,554.0,511.0,530.0,13206572.93398231,7052507317.115592
2022-07-27 09:00:00,530.0,558.0,519.0,553.0,9283779.83396492,5000731995.287666
2022-07-28 09:00:00,554.0,574.0,541.0,571.0,17512033.72708965,9733429759.508575
2022-07-29 09:00:00,571.0,586.0,558.0,575.0,20750427.54707934,11895580888.438534
2022-07-30 09:00:00,576.0,600.0,571.0,577.0,20007141.98873885,11669244340.650475
2022-07-31 09:00:00,577.0,618.0,566.0,583.0,34354290.38702949,20318508164.78884
2022-08-01 09:00:00,582.0,636.0,577.0,613.0,36756824.3645722,22266187905.498257
2022-08-02 09:00:00,615.0,619.0,568.0,590.0,19715739.88953758,11649960067.117971
2022-08-03 09:00:00,590.0,684.0,576.0,627.0,127184179.53763008,81230997788.27841
2022-08-04 09:00:00,626.0,644.0,613.0,635.0,33782685.81372365,21112550998.474148
2022-08-05 09:00:00,635.0,650.0,621.0,649.0,18832849.34476654,12039887898.617094
2022-08-06 09:00:00,649.0,652.0,638.0,644.0,8483755.30364133,5468612326.405364
2022-08-07 09:00:00,644.0,666.0,636.0,650.0,21714699.67365253,14118674736.241873
2022-08-08 09:00:00,652.0,712.0,649.0,673.0,83631443.79046386,57217675597.83919
2022-08-09 09:00:00,672.0,672.0,627.0,641.0,27191051.28685631,17634782312.108517
2022-08-10 09:00:00,641.0,657.0,615.0,656.0,22778875.98075217,14442408083.136765
2022-08-11 09:00:00,656.0,679.0,648.0,672.0,23347418.18731797,15487335496.935846
2022-08-12 09:00:00,672.0,678.0,655.0,675.0,15067140.97186804,10032321470.21794
2022-08-13 09:00:00,675.0,697.0,668.0,680.0,22311750.53679528,15250657949.727041
2022-08-14 09:00:00,680.0,683.0,655.0,661.0,13904709.66450666,9339209335.931442
2022-08-15 09:00:00,661.0,681.0,641.0,657.0,18812015.77024094,12452538367.739182
2022-08-16 09:00:00,657.0,657.0,632.0,640.0,8250488.03674489,5294668690.63879
2022-08-17 09:00:00,641.0,655.0,606.0,619.0,13219124.28275013,8366307809.52437
2022-08-18 09:00:00,619.0,636.0,608.0,610.0,9134682.48791828,5706191975.151044
2022-08-19 09:00:00,613.0,613.0,534.0,535.0,19495404.06926732,11044341628.957026
2022-08-20 09:00:00,535.0,552.0,527.0,540.0,6944913.31939756,3768391265.011429
2022-08-21 09:00:00,540.0,564.0,525.0,542.0,11407279.36085212,6230617726.182326
2022-08-22 09:00:00,543.0,543.0,508.0,530.0,10390408.6296547,5411431417.833553
2022-08-23 09:00:00,529.0,532.0,510.0,530.0,7469021.91347924,3901733431.711221
2022-08-24 09:00:00,530.0,543.0,518.0,528.0,6292962.33336003,3317937966.000526
2022-08-25 09:00:00,528.0,560.0,526.0,542.0,9023772.45383513,4859486366.959386
2022-08-26 09:00:00,541.0,553.0,492.0,499.0,12861471.64630181,6796530400.762368
2022-08-27 09:00:00,500.0,523.0,492.0,502.0,5607015.60547654,2821433964.2518086
2022-08-28 09:00:00,502.0,511.0,486.0,488.0,5175873.27986887,2602478989.5407286
2022-08-29 09:00:00,488.0,540.0,486.0,507.0,38343955.27622779,19494585784.62988
2022-08-30 09:00:00,507.0,518.0,491.0,498.0,10135396.53130905,5116708625.745169
2022-08-31 09:00:00,499.0,510.0,493.0,500.0,7155628.36982463,3592325830.0249496
2022-09-01 09:00:00,500.0,508.0,487.0,499.0,7828823.30823188,3882016530.5631833
2022-09-02 09:00:00,498.0,504.0,493.0,501.0,6082577.95405121,3030674896.984698
2022-09-03 09:00:00,501.0,504.0,495.0,500.0,3184907.5260217,1587095591.057966
2022-09-04 09:00:00,498.0,506.0,496.0,505.0,4080034.02115247,2040515530.6745763
2022-09-05 09:00:00,506.0,513.0,495.0,507.0,7715979.55530174,3881575829.9574785
2022-09-06 09:00:00,508.0,512.0,474.0,478.0,11183346.12468487,5555275895.051785
2022-09-07 09:00:00,478.0,490.0,462.0,488.0,6607022.59479007,3145835808.604531
2022-09-08 09:00:00,487.0,560.0,485.0,504.0,20383774.03898115,10475999668.57179
2022-09-09 09:00:00,503.0,534.0,500.0,524.0,12020677.6613282,6198220232.521337
2022-09-10 09:00:00,525.0,549.0,516.0,527.0,13735494.4336837,7259875222.154703
2022-09-11 09:00:00,528.0,568.0,527.0,537.0,25044551.04517435,13532678995.338837
2022-09-12 09:00:00,537.0,550.0,522.0,532.0,12563999.17344398,6715067653.242442
2022-09-13 09:00:00,534.0,534.0,484.0,490.0,13346635.1872706,6781745340.822704
2022-09-14 09:00:00,490.0,499.0,485.0,495.0,5184802.18176815,2554140085.69201
2022-09-15 09:00:00,496.0,497.0,485.0,488.0,4724543.84899019,2315695956.876225
2022-09-16 09:00:00,489.0,500.0,481.0,492.0,4724848.14043058,2310703958.6324444
2022-09-17 09:00:00,492.0,502.0,489.0,499.0,3192895.32167458,1580944040.7329855
2022-09-18 09:00:00,499.0,500.0,457.0,463.0,7226601.96992091,3472567694.3899813
2022-09-19 09:00:00,463.0,476.0,448.0,466.0,7098138.8641267,3263953173.640482
2022-09-20 09:00:00,469.0,496.0,462.0,475.0,16290778.61645882,7758112670.143607
2022-09-21 09:00:00,476.0,484.0,456.0,462.0,8658558.92612431,4049126185.7543526
2022-09-22 09:00:00,462.0,483.0,459.0,479.0,8240876.27466024,3883854159.045019
2022-09-23 09:00:00,478.0,491.0,463.0,484.0,10708393.04690014,5134238834.431643
2022-09-24 09:00:00,485.0,487.0,473.0,476.0,4525579.77484883,2178601137.377564
2022-09-25 09:00:00,476.0,484.0,467.0,470.0,5590297.14324023,2657592138.926157
2022-09-26 09:00:00,470.0,473.0,458.0,471.0,6542684.89989779,3053054163.5068045
2022-09-27 09:00:00,471.0,482.0,461.0,477.0,8134038.94493846,3865331852.158522
2022-09-28 09:00:00,477.0,488.0,455.0,469.0,9377316.48591873,4390381402.9049835
2022-09-29 09:00:00,470.0,484.0,461.0,469.0,11833029.90743267,5571026151.185954
2022-09-30 09:00:00,469.0,478.0,462.0,467.0,6437789.39798662,3018424039.7775087
2022-10-01 09:00:00,467.0,469.0,463.0,466.0,2997155.8776409,1397273636.9112935
2022-10-02 09:00:00,467.0,468.0,459.0,461.0,3023958.91818496,1400537678.1930988
2022-10-03 09:00:00,461.0,467.0,455.0,465.0,5847147.89520006,2693229292.45363
2022-10-04 09:00:00,465.0,471.0,461.0,469.0,5186512.78745749,2412375700.696591
2022-10-05 09:00:00,469.0,477.0,459.0,465.0,6351235.8486709,2962060242.5631
2022-10-06 09:00:00,466.0,467.0,456.0,460.0,3423012.58451589,1582314732.208116
2022-10-07 09:00:00,461.0,476.0,453.0,464.0,11935330.13940772,5536895952.576022
2022-10-08 09:00:00,464.0,492.0,462.0,469.0,26618136.85026035,12701646644.339563
2022-10-09 09:00:00,469.0,495.0,466.0,483.0,30185796.24931808,14484227402.903498
2022-10-10 09:00:00,483.0,484.0,458.0,458.0,11443701.17881903,5381927710.795517
2022-10-11 09:00:00,458.0,460.0,443.0,448.0,8483135.58679856,3814483420.973005
2022-10-12 09:00:00,447.0,450.0,442.0,446.0,3195482.45843594,1425118629.0020397
2022-10-13 09:00:00,445.0,447.0,410.0,433.0,11691832.56973237,4992901825.138374
2022-10-14 09:00:00,433.0,444.0,429.0,432.0,5305693.13127346,2328005191.029106
2022-10-15 09:00:00,431.0,434.0,426.0,431.0,1988520.53627891,856703598.3468943
2022-10-16 09:00:00,431.0,436.0,429.0,433.0,1737756.90128012,752697285.6773114
2022-10-17 09:00:00,433.0,454.0,429.0,444.0,13545976.18967317,6010949158.13359
2022-10-18 09:00:00,443.0,447.0,433.0,439.0,6542214.50232224,2882521642.273672
2022-10-19 09:00:00,439.0,440.0,425.0,426.0,4760973.91865797,2047713832.4183552
2022-10-20 09:00:00,425.0,454.0,420.0,432.0,11675301.04258911,5089142424.260567
2022-10-21 09:00:00,432.0,433.0,417.0,428.0,6804854.5833452,2892184909.0208263
2022-10-22 09:00:00,428.0,447.0,425.0,434.0,11535808.79764127,5028010132.941925
2022-10-23 09:00:00,434.0,440.0,427.0,437.0,4963929.93175501,2148425269.4615726
2022-10-24 09:00:00,437.0,438.0,427.0,435.0,4849722.38236745,2106608426.6424572
2022-10-25 09:00:00,436.0,454.0,431.0,442.0,16718553.48816422,7401000210.039353
2022-10-26 09:00:00,442.0,451.0,440.0,446.0,7820837.47937483,3490069053.0014296
2022-10-27 09:00:00,446.0,450.0,434.0,438.0,7812551.52291387,3459194234.782257
2022-10-28 09:00:00,437.0,447.0,429.0,443.0,6954340.93147865,3027992953.6742363
2022-10-29 09:00:00,442.0,451.0,441.0,447.0,6739648.27985768,3001786149.947213
2022-10-30 09:00:00,447.0,457.0,443.0,446.0,6306051.08508663,2824819465.3447604
2022-10-31 09:00:00,446.0,451.0,440.0,448.0,7352097.62679735,3271355707.002781
2022-11-01 09:00:00,447.0,452.0,441.0,445.0,8203244.94693556,3662553912.788243
2022-11-02 09:00:00,443.0,445.0,431.0,434.0,7491575.23036613,3283472693.5696907
2022-11-03 09:00:00,435.0,460.0,434.0,449.0,23681305.26930151,10675680409.67729
2022-11-04 09:00:00,449.0,470.0,448.0,466.0,13209352.79880753,6052962038.226811
2022-11-05 09:00:00,465.0,478.0,460.0,471.0,9698405.17804354,4562846615.586091
2022-11-06 09:00:00,471.0,472.0,447.0,449.0,6487839.57026375,2983078325.4913025
2022-11-07 09:00:00,449.0,455.0,440.0,447.0,8598245.27569884,3840014104.279247
2022-11-08 09:00:00,448.0,449.0,380.0,395.0,17336313.20702972,7273780543.572095
2022-11-09 09:00:00,395.0,397.0,299.0,309.0,22120673.21685276,7729660458.393897
2022-11-10 09:00:00,310.0,350.0,306.0,349.0,17485492.93895424,5760870557.251061
2022-11-11 09:00:00,349.0,353.0,304.0,322.0,15582916.70674035,5042016074.898976
2022-11-12 09:00:00,321.0,345.0,308.0,325.0,31736211.29902749,10470303923.067236
2022-11-13 09:00:00,326.0,326.0,292.0,301.0,13906131.3986495,4237204267.4804487
2022-11-14 09:00:00,301.0,303.0,269.0,302.0,15030955.64057335,4302406971.797556
2022-11-15 09:00:00,301.0,414.0,290.0,337.0,194689329.02034795,71537615283.99692
2022-11-16 09:00:00,337.0,371.0,318.0,326.0,59664336.05227987,20407404722.070362
2022-11-17 09:00:00,327.0,328.0,308.0,317.0,7949086.46012601,2525262536.900687
2022-11-18 09:00:00,317.0,360.0,316.0,336.0,87065231.96490045,29268822871.191673
2022-11-19 09:00:00,336.0,337.0,321.0,329.0,13846328.97448154,4514942362.832941
2022-11-20 09:00:00,328.0,340.0,303.0,311.0,36354289.18896013,11891677868.996536
2022-11-21 09:00:00,311.0,331.0,296.0,306.0,24143138.55657941,7567546552.993734
2022-11-22 09:00:00,306.0,315.0,296.0,314.0,11493351.36903939,3507197628.8098683
2022-11-23 09:00:00,313.0,324.0,308.0,324.0,9461694.45338461,2998152160.5187726
2022-11-24 09:00:00,324.0,328.0,307.0,316.0,10189287.74924098,3240763994.1601014
2022-11-25 09:00:00,316.0,348.0,315.0,325.0,51106804.29880667,16792016123.335876
2022-11-26 09:00:00,325.0,328.0,320.0,324.0,7502142.13404553,2436559509.8909883
2022-11-27 09:00:00,324.0,348.0,322.0,329.0,26842024.17226606,8972715651.843933
2022-11-28 09:00:00,330.0,402.0,323.0,347.0,149551486.49343243,54478719961.97124
2022-11-29 09:00:00,347.0,366.0,332.0,342.0,39378119.59322017,13706975312.127054
2022-11-30 09:00:00,341.0,348.0,335.0,346.0,15905100.39856188,5440719754.705655
2022-12-01 09:00:00,346.0,346.0,334.0,336.0,7284734.4497458,2469048736.931894
2022-12-02 09:00:00,336.0,337.0,319.0,330.0,10109341.15518649,3320013150.9330163
2022-12-03 09:00:00,330.0,344.0,330.0,333.0,12313153.39227572,4156041975.99677
2022-12-04 09:00:00,333.0,337.0,328.0,333.0,6599164.55690107,2186174653.4350004
2022-12-05 09:00:00,333.0,349.0,330.0,346.0,12983075.77544327,4393834399.384229
2022-12-06 09:00:00,346.0,359.0,339.0,347.0,22086491.874024,7721250022.318738
2022-12-07 09:00:00,346.0,347.0,323.0,337.0,12139730.96958592,4049351778.735713
2022-12-08 09:00:00,336.0,368.0,331.0,351.0,30942384.93402089,10829997132.808651
2022-12-09 09:00:00,351.0,366.0,344.0,354.0,23583375.24583418,8398271942.667409
2022-12-10 09:00:00,354.0,429.0,349.0,362.0,212445673.65127265,83743474691.6017
2022-12-11 09:00:00,362.0,424.0,358.0,377.0,257982868.0587346,101373668809.70212
2022-12-12 09:00:00,376.0,425.0,371.0,406.0,230117173.25083908,92427687271.88837
2022-12-13 09:00:00,406.0,429.0,381.0,390.0,177398078.6140469,72272048514.16905
2022-12-14 09:00:00,390.0,396.0,355.0,362.0,51064878.36923143,18971321235.75191
2022-12-15 09:00:00,362.0,362.0,344.0,351.0,24071853.74796537,8435497405.310169
2022-12-16 09:00:00,351.0,367.0,312.0,324.0,53440267.46150262,18820708542.463463
2022-12-17 09:00:00,322.0,328.0,294.0,318.0,20134403.19131819,6208534435.918404
2022-12-18 09:00:00,318.0,318.0,307.0,313.0,7609959.58354566,2372284149.899247
2022-12-19 09:00:00,313.0,315.0,280.0,289.0,14603347.13603905,4357720949.264243
2022-12-20 09:00:00,289.0,309.0,287.0,302.0,11162750.83083615,3326926543.258343
2022-12-21 09:00:00,301.0,303.0,293.0,297.0,7352488.18204569,2187300812.622712
2022-12-22 09:00:00,296.0,304.0,291.0,297.0,7842173.67820311,2325276396.6812935
2022-12-23 09:00:00,297.0,301.0,294.0,297.0,5006079.64367144,1486390154.7800646
2022-12-24 09:00:00,297.0,326.0,297.0,308.0,51701729.11122685,16223469925.75007
2022-12-25 09:00:00,308.0,310.0,290.0,299.0,10218579.9473941,3077337384.803867
2022-12-26 09:00:00,299.0,299.0,287.0,293.0,6317364.70677414,1840490723.6045556
2022-12-27 09:00:00,293.0,295.0,282.0,284.0,4990260.68353152,1429871350.1291554
2022-12-28 09:00:00,284.0,285.0,266.0,268.0,10006372.12838893,2731578908.136949
2022-12-29 09:00:00,268.0,272.0,257.0,266.0,6648684.0833585,1762701692.9945817
2022-12-30 09:00:00,266.0,279.0,259.0,274.0,16163886.56116286,4335240353.964509
2022-12-31 09:00:00,273.0,282.0,267.0,274.0,8403598.6124119,2314547251.9261656
2023-01-01 09:00:00,274.0,277.0,267.0,274.0,5046803.92016557,1363757213.8246465
2023-01-02 09:00:00,274.0,277.0,268.0,276.0,6514236.86077992,1785214505.50133
2023-01-03 09:00:00,276.0,281.0,271.0,277.0,8503823.44602064,2353119676.675991
2023-01-04 09:00:00,277.0,286.0,275.0,283.0,12659845.57111194,3554697010.403122
2023-01-05 09:00:00,283.0,289.0,275.0,278.0,14905466.56134307,4194187643.336727
2023-01-06 09:00:00,279.0,280.0,268.0,278.0,8171333.96922373,2233266663.3198314
2023-01-07 09:00:00,277.0,281.0,276.0,279.0,5318512.02819466,1480510265.1136236
2023-01-08 09:00:00,279.0,288.0,275.0,287.0,6531886.92516869,1830728412.8881269
2023-01-09 09:00:00,287.0,301.0,284.0,291.0,23199322.65279514,6755933373.98282
2023-01-10 09:00:00,291.0,303.0,286.0,298.0,20647373.33802596,6058871643.9719715
2023-01-11 09:00:00,298.0,303.0,291.0,300.0,19300031.48851293,5703659033.85194
2023-01-12 09:00:00,300.0,311.0,295.0,308.0,33208892.31346897,10011318328.627634
2023-01-13 09:00:00,309.0,321.0,304.0,318.0,25307466.55228555,7874619418.281648
2023-01-14 09:00:00,318.0,343.0,306.0,333.0,66987677.45787263,21792322908.378597
2023-01-15 09:00:00,331.0,345.0,322.0,338.0,57676511.94556198,19118213955.127663
2023-01-16 09:00:00,338.0,352.0,321.0,345.0,76423038.36716497,26050933678.460567
2023-01-17 09:00:00,346.0,346.0,333.0,336.0,31603292.28315219,10673124905.82501
2023-01-18 09:00:00,336.0,342.0,309.0,312.0,42220259.81274571,13830921288.352034
2023-01-19 09:00:00,311.0,325.0,310.0,324.0,19963071.2137999,6350791857.838945
2023-01-20 09:00:00,323.0,342.0,317.0,341.0,22908328.27429508,7484330403.592812
2023-01-21 09:00:00,341.0,348.0,334.0,340.0,30137937.73452566,10273869500.809645
2023-01-22 09:00:00,339.0,353.0,338.0,348.0,30114283.64540254,10373458715.984903
2023-01-23 09:00:00,348.0,369.0,348.0,361.0,53633494.70883948,19109159761.862698
2023-01-24 09:00:00,361.0,392.0,334.0,346.0,90557907.2739766,33413128268.360943
2023-01-25 09:00:00,346.0,356.0,331.0,353.0,32999907.5865581,11326408573.832676
2023-01-26 09:00:00,353.0,360.0,346.0,357.0,22415683.9726842,7918783298.567055
2023-01-27 09:00:00,357.0,379.0,344.0,371.0,47873466.23689061,17286717311.308918
2023-01-28 09:00:00,371.0,374.0,355.0,364.0,22392815.82353633,8188890629.202888
2023-01-29 09:00:00,364.0,369.0,359.0,369.0,14530421.11660348,5284721383.397587
2023-01-30 09:00:00,368.0,372.0,329.0,339.0,35612962.71462698,12454792094.449993
2023-01-31 09:00:00,339.0,356.0,328.0,347.0,21251114.30915609,7207459946.546808
2023-02-01 09:00:00,348.0,359.0,333.0,357.0,22785387.96745706,7876441497.375078
2023-02-02 09:00:00,357.0,371.0,356.0,358.0,24096637.34134565,8743964811.13284
2023-02-03 09:00:00,357.0,388.0,357.0,380.0,83637050.30857693,31459798744.03314
2023-02-04 09:00:00,381.0,388.0,375.0,385.0,24912374.04744192,9507976361.546732
2023-02-05 09:00:00,385.0,395.0,359.0,378.0,50069422.53736943,18981868457.506866
2023-02-06 09:00:00,378.0,394.0,367.0,378.0,34404783.85659331,13022244184.035643
2023-02-07 09:00:00,379.0,397.0,375.0,396.0,39470826.77568597,15174011347.157701
2023-02-08 09:00:00,396.0,411.0,381.0,404.0,41328628.80889576,16548044750.327484
2023-02-09 09:00:00,404.0,404.0,365.0,368.0,43334823.27239883,16552643773.915632
2023-02-10 09:00:00,368.0,371.0,355.0,368.0,17275339.21794389,6292914981.924038
2023-02-11 09:00:00,369.0,378.0,363.0,377.0,6361942.58679873,2354674009.1876755
2023-02-12 09:00:00,377.0,415.0,365.0,385.0,80427102.06967205,31798232157.328598
2023-02-13 09:00:00,384.0,427.0,371.0,391.0,170773228.7229112,67743378150.59044
2023-02-14 09:00:00,391.0,399.0,369.0,396.0,48692651.51222115,18577462593.68166
2023-02-15 09:00:00,396.0,449.0,387.0,439.0,128850787.97565626,54039556062.92806
2023-02-16 09:00:00,439.0,454.0,411.0,414.0,54904814.27251156,23991303726.234882
2023-02-17 09:00:00,414.0,431.0,411.0,429.0,19643870.24232672,8296286056.78298
2023-02-18 09:00:00,429.0,488.0,424.0,486.0,69389321.18495451,31790243497.76452
2023-02-19 09:00:00,485.0,737.0,472.0,736.0,535299481.0086823,313880347828.18256
2023-02-20 09:00:00,736.0,865.0,673.0,785.0,828156041.9460888,643345650570.8772
2023-02-21 09:00:00,788.0,992.0,751.0,842.0,582032472.4259268,516227430104.72705
2023-02-22 09:00:00,842.0,1095.0,826.0,968.0,515483884.59237325,489162749431.30536
2023-02-23 09:00:00,966.0,1160.0,961.0,1070.0,310683752.9248479,335580563591.797
2023-02-24 09:00:00,1070.0,1130.0,917.0,970.0,151734294.57172552,154570928034.50778
2023-02-25 09:00:00,970.0,1045.0,860.0,1025.0,135428274.02708146,127256782746.2332
2023-02-26 09:00:00,1025.0,1060.0,968.0,1035.0,88428450.05526768,89090182871.11414
2023-02-27 09:00:00,1040.0,1300.0,1000.0,1210.0,321134607.18723994,388716810202.70667
2023-02-28 09:00:00,1215.0,1270.0,1120.0,1190.0,134006363.05233634,159655443086.4486
2023-03-01 09:00:00,1190.0,1370.0,1170.0,1300.0,185204731.65973425,238961928504.3235
2023-03-02 09:00:00,1300.0,1360.0,1185.0,1230.0,120162182.74453633,150593733822.95602
2023-03-03 09:00:00,1225.0,1230.0,1080.0,1130.0,95415344.59900273,107492638560.45776
2023-03-04 09:00:00,1130.0,1150.0,967.0,994.0,82146434.43741573,86211365022.93819
2023-03-05 09:00:00,994.0,1070.0,945.0,1005.0,134001518.77176894,133634489846.5277
2023-03-06 09:00:00,1010.0,1065.0,970.0,1015.0,86286524.01695944,87425003483.17125
2023-03-07 09:00:00,1015.0,1025.0,891.0,922.0,103241499.25117393,97986667783.60814
2023-03-08 09:00:00,922.0,941.0,814.0,837.0,101813153.94899397,87991755328.96175
2023-03-09 09:00:00,837.0,886.0,756.0,781.0,212661203.32154894,176738839607.4713
2023-03-10 09:00:00,782.0,831.0,715.0,820.0,198536673.70307967,152319172985.0296
2023-03-11 09:00:00,819.0,853.0,768.0,826.0,159022292.19501343,128478860327.16705
2023-03-12 09:00:00,825.0,997.0,762.0,991.0,167308610.94463688,142255503246.50128
2023-03-13 09:00:00,991.0,1110.0,936.0,1050.0,355910451.0892658,357386701060.17786
2023-03-14 09:00:00,1050.0,1335.0,1005.0,1270.0,355944678.5799278,414003054802.0604
2023-03-15 09:00:00,1275.0,1430.0,1105.0,1180.0,406501591.20644945,531961735326.4994
2023-03-16 09:00:00,1180.0,1255.0,1140.0,1215.0,164338181.24834126,197484079349.85913
2023-03-17 09:00:00,1210.0,1575.0,1200.0,1550.0,295258394.82058,414375200227.3925
2023-03-18 09:00:00,1550.0,1710.0,1470.0,1520.0,251950113.42406616,403397877469.4887
2023-03-19 09:00:00,1520.0,1645.0,1430.0,1505.0,181177849.2496034,279691990971.2596
2023-03-20 09:00:00,1505.0,1725.0,1435.0,1555.0,228835395.784128,365009844507.1859
2023-03-21 09:00:00,1550.0,1635.0,1455.0,1485.0,180505150.98565945,282514624871.7848
2023-03-22 09:00:00,1485.0,1645.0,1405.0,1525.0,226244265.7266413,343513607019.4786
2023-03-23 09:00:00,1525.0,1585.0,1485.0,1540.0,128719363.04058735,197202598835.96603
2023-03-24 09:00:00,1545.0,1560.0,1335.0,1395.0,99684802.23114581,145678101928.01248
2023-03-25 09:00:00,1395.0,1410.0,1230.0,1260.0,95872157.07366613,125025883762.12335
2023-03-26 09:00:00,1260.0,1370.0,1220.0,1330.0,121433504.72802629,158555156319.0072
2023-03-27 09:00:00,1335.0,1365.0,1190.0,1220.0,92698838.71132462,116840111380.4718
2023-03-28 09:00:00,1220.0,1275.0,1140.0,1260.0,107154974.88606198,127697224928.34059
2023-03-29 09:00:00,1255.0,1395.0,1230.0,1300.0,154838777.6438651,203760180228.56595
2023-03-30 09:00:00,1295.0,1375.0,1205.0,1230.0,97753103.53242409,125383879972.0952
2023-03-31 09:00:00,1230.0,1250.0,1175.0,1225.0,51913643.72948873,62779505419.53244
2023-04-01 09:00:00,1225.0,1230.0,1170.0,1185.0,27885893.33284272,33370174289.241722
2023-04-02 09:00:00,1185.0,1245.0,1140.0,1155.0,49779961.21384134,58911203978.100655
2023-04-03 09:00:00,1155.0,1235.0,1130.0,1160.0,77917989.81290767,92537523516.04915
2023-04-04 09:00:00,1160.0,1180.0,1130.0,1155.0,34618586.98184652,39830763837.85938
2023-04-05 09:00:00,1155.0,1200.0,1130.0,1135.0,37125997.15994616,43169422936.267525
2023-04-06 09:00:00,1140.0,1140.0,1065.0,1090.0,27867781.7504859,30511777663.824696
2023-04-07 09:00:00,1090.0,1110.0,1030.0,1060.0,18508711.13692905,19743115681.05419
2023-04-08 09:00:00,1060.0,1085.0,1045.0,1065.0,12124308.02381298,12969214402.513836
2023-04-09 09:00:00,1065.0,1175.0,1040.0,1160.0,47219286.48494963,52556330540.347664
2023-04-10 09:00:00,1155.0,1235.0,1090.0,1205.0,71387811.9720891,82691850238.47699
2023-04-11 09:00:00,1205.0,1335.0,1190.0,1275.0,100519342.02897131,126360817108.46149
2023-04-12 09:00:00,1275.0,1290.0,1175.0,1185.0,89070410.5039326,110231127946.23792
2023-04-13 09:00:00,1190.0,1205.0,1140.0,1165.0,42007546.55983931,49014866024.13051
2023-04-14 09:00:00,1160.0,1195.0,1130.0,1160.0,49390213.61033988,57436877513.4612
2023-04-15 09:00:00,1165.0,1165.0,1135.0,1150.0,18245526.48318961,20896700074.051067
2023-04-16 09:00:00,1150.0,1160.0,1125.0,1140.0,15600448.29631079,17749832126.858624
2023-04-17 09:00:00,1140.0,1140.0,1100.0,1105.0,22213634.50436489,24756217389.594856
2023-04-18 09:00:00,1105.0,1140.0,1080.0,1125.0,24097378.13704135,26882634994.37377
2023-04-19 09:00:00,1120.0,1125.0,1010.0,1020.0,34352275.82497932,36326177954.61089
2023-04-20 09:00:00,1015.0,1030.0,958.0,980.0,39740428.11854673,39489023778.702576
2023-04-21 09:00:00,981.0,1005.0,899.0,921.0,46815700.05665186,44902764743.63137
2023-04-22 09:00:00,921.0,1005.0,896.0,980.0,40055564.43529679,38042582953.09961
2023-04-23 09:00:00,980.0,981.0,939.0,950.0,26493903.76782238,25361253620.87424
2023-04-24 09:00:00,949.0,1020.0,930.0,981.0,135740280.14968035,133763126619.14465
2023-04-25 09:00:00,981.0,1010.0,940.0,999.0,71476530.32147346,69165537749.66223
2023-04-26 09:00:00,999.0,1065.0,945.0,978.0,55857445.15367619,55879406484.48253
2023-04-27 09:00:00,978.0,1050.0,966.0,989.0,57063539.1436921,57030714780.42964
2023-04-28 09:00:00,989.0,1005.0,946.0,957.0,33357323.6655007,32434438404.508423
2023-04-29 09:00:00,957.0,979.0,948.0,963.0,22311829.85798721,21550209439.83428
2023-04-30 09:00:00,962.0,985.0,956.0,961.0,32759564.49505727,31740175450.293503
2023-05-01 09:00:00,961.0,977.0,909.0,919.0,30450572.19503522,28440510933.385853
2023-05-02 09:00:00,918.0,1030.0,913.0,1000.0,63299045.78326734,61138928513.43543
2023-05-03 09:00:00,1000.0,1080.0,995.0,1060.0,89595740.05514494,93315791522.92607
2023-05-04 09:00:00,1055.0,1085.0,988.0,993.0,40189449.08854921,41650460044.33826
2023-05-05 09:00:00,992.0,1015.0,952.0,962.0,42716488.42911143,41845836254.39903
2023-05-06 09:00:00,962.0,983.0,917.0,933.0,39787985.11095273,37693835109.96009
2023-05-07 09:00:00,933.0,1005.0,921.0,972.0,59730630.32949496,57610797074.93197
2023-05-08 09:00:00,973.0,1075.0,937.0,987.0,171740867.75293618,171382841575.53583
2023-05-09 09:00:00,987.0,987.0,920.0,929.0,83991719.84126864,79337549470.94678
2023-05-10 09:00:00,930.0,932.0,851.0,891.0,89220984.34795998,79278285429.6555
2023-05-11 09:00:00,891.0,912.0,827.0,849.0,50102771.91726451,43595719552.81527
2023-05-12 09:00:00,849.0,869.0,810.0,865.0,58358226.07571551,49085586863.964
2023-05-13 09:00:00,865.0,865.0,841.0,846.0,16333776.43303862,13913424719.75937
2023-05-14 09:00:00,845.0,872.0,830.0,850.0,19639862.93097941,16685039157.261618
2023-05-15 09:00:00,850.0,877.0,831.0,854.0,26243243.17501117,22455222884.45507
2023-05-16 09:00:00,853.0,875.0,842.0,857.0,22024685.22646283,18869248055.24661
2023-05-17 09:00:00,859.0,899.0,847.0,885.0,28536130.90011092,24816415176.696938
2023-05-18 09:00:00,885.0,914.0,863.0,900.0,40169809.15159295,35943238540.2818
2023-05-19 09:00:00,901.0,901.0,874.0,893.0,21091703.61749254,18663845518.566998
2023-05-20 09:00:00,893.0,914.0,885.0,901.0,18423621.71456084,16568176977.615381
2023-05-21 09:00:00,901.0,903.0,859.0,861.0,14371274.57705283,12666547750.877419
2023-05-22 09:00:00,861.0,862.0,838.0,843.0,15411276.70461883,13034543205.10328
2023-05-23 09:00:00,844.0,883.0,843.0,849.0,45601420.85047178,39455135915.97514
2023-05-24 09:00:00,849.0,850.0,787.0,796.0,25942335.76577958,21064327620.16543
2023-05-25 09:00:00,796.0,802.0,772.0,782.0,16436994.45031969,12858749379.729633
2023-05-26 09:00:00,782.0,818.0,782.0,806.0,31462758.67446273,25221231418.103394
2023-05-27 09:00:00,806.0,814.0,801.0,809.0,10006991.42691217,8077387256.067434
2023-05-28 09:00:00,809.0,843.0,805.0,839.0,11120531.11652543,9154807846.75709
2023-05-29 09:00:00,839.0,873.0,831.0,843.0,32580331.13054198,27712473591.79487
2023-05-30 09:00:00,843.0,850.0,824.0,831.0,13050852.30201063,10904011095.856638
2023-05-31 09:00:00,831.0,835.0,790.0,802.0,15784541.97091654,12729447314.045422
2023-06-01 09:00:00,802.0,810.0,792.0,798.0,8370227.47424888,6710730398.874749
2023-06-02 09:00:00,797.0,814.0,787.0,812.0,7265972.49011421,5846331566.464886
2023-06-03 09:00:00,812.0,820.0,804.0,814.0,4712796.67309857,3829469400.192672
2023-06-04 09:00:00,813.0,821.0,811.0,811.0,4382058.86920277,3571411754.7922573
2023-06-05 09:00:00,811.0,811.0,705.0,725.0,29804912.10890638,22406482472.459038
2023-06-06 09:00:00,725.0,799.0,698.0,785.0,100271485.47399595,76335480795.4019
2023-06-07 09:00:00,784.0,894.0,778.0,884.0,239463302.35514677,203058357363.53378
2023-06-08 09:00:00,883.0,924.0,828.0,847.0,140988417.16882062,123343336606.46692
2023-06-09 09:00:00,847.0,869.0,817.0,829.0,61514064.1627729,51746581423.90878
2023-06-10 09:00:00,827.0,837.0,685.0,742.0,100465226.58502513,74656428872.72525
2023-06-11 09:00:00,743.0,768.0,710.0,732.0,32268178.28398528,23680721178.62757
2023-06-12 09:00:00,732.0,734.0,688.0,706.0,31256075.25389151,22045618946.03997
2023-06-13 09:00:00,705.0,733.0,686.0,698.0,39659501.82997306,28219429927.611786
2023-06-14 09:00:00,698.0,714.0,641.0,663.0,27763106.54681975,19031218348.547943
2023-06-15 09:00:00,664.0,726.0,634.0,722.0,40123352.26193628,27158216371.81523
2023-06-16 09:00:00,722.0,756.0,702.0,737.0,54201217.60499688,39279539163.61782
2023-06-17 09:00:00,737.0,794.0,732.0,752.0,50552547.61889975,38689366050.65943
2023-06-18 09:00:00,752.0,770.0,731.0,735.0,23826919.35206318,17881033937.21747
2023-06-19 09:00:00,735.0,793.0,733.0,776.0,34567240.85157031,26262123226.51907
2023-06-20 09:00:00,775.0,998.0,771.0,981.0,218964723.7694781,191302464920.34445
2023-06-21 09:00:00,981.0,1145.0,952.0,1065.0,264750379.43554926,268891856272.59616
2023-06-22 09:00:00,1065.0,1155.0,1005.0,1015.0,172020401.07701606,187332757314.4944
2023-06-23 09:00:00,1015.0,1110.0,1000.0,1025.0,125412557.55950719,130126979719.38007
2023-06-24 09:00:00,1020.0,1025.0,957.0,979.0,74235856.21014704,73664104843.23843
2023-06-25 09:00:00,980.0,1010.0,947.0,966.0,56593786.83127912,55501690161.23974
2023-06-26 09:00:00,965.0,1040.0,952.0,973.0,127156604.7769888,125709285465.75273
2023-06-27 09:00:00,972.0,982.0,923.0,943.0,72197702.37332246,68627426695.84677
2023-06-28 09:00:00,944.0,944.0,885.0,911.0,59179051.68570553,53936960957.717415
2023-06-29 09:00:00,911.0,972.0,905.0,916.0,93210000.65946724,87859023593.16808
2023-06-30 09:00:00,916.0,958.0,854.0,922.0,116374862.76278248,106910763453.19109
2023-07-01 09:00:00,921.0,940.0,892.0,931.0,48028232.95204107,43809092887.2314
2023-07-02 09:00:00,931.0,943.0,899.0,928.0,30947014.06828407,28353499798.27174
2023-07-03 09:00:00,926.0,997.0,923.0,983.0,116761601.89640757,112808045336.71344
2023-07-04 09:00:00,983.0,983.0,911.0,918.0,49068203.08292226,46388753709.03835
2023-07-05 09:00:00,918.0,924.0,872.0,890.0,41603647.72775306,37370467725.004265
2023-07-06 09:00:00,890.0,922.0,860.0,861.0,45953321.48768079,40894477849.34645
2023-07-07 09:00:00,862.0,875.0,853.0,864.0,24175649.24142823,20841157196.27757
2023-07-08 09:00:00,864.0,870.0,843.0,854.0,14246006.15254418,12227532765.53225
2023-07-09 09:00:00,854.0,862.0,841.0,843.0,11901237.60891754,10134227503.314613
2023-07-10 09:00:00,844.0,859.0,811.0,842.0,27513712.68598398,22834121642.070393
2023-07-11 09:00:00,843.0,876.0,832.0,861.0,24807687.60904611,21136005021.649784
2023-07-12 09:00:00,862.0,909.0,858.0,877.0,40873524.4894389,36208632640.56464
2023-07-13 09:00:00,877.0,891.0,842.0,871.0,48193088.77933025,41825788477.12009
2023-07-14 09:00:00,871.0,905.0,822.0,838.0,41619257.33497803,35996473129.59915
2023-07-15 09:00:00,838.0,842.0,820.0,830.0,17562982.36293946,14559368083.588713
2023-07-16 09:00:00,830.0,833.0,808.0,815.0,13910259.58591866,11446770823.347984
2023-07-17 09:00:00,814.0,830.0,794.0,821.0,20110694.82657502,16361456812.08669
2023-07-18 09:00:00,820.0,864.0,800.0,815.0,52647170.20067446,43746203341.11135
2023-07-19 09:00:00,815.0,828.0,804.0,807.0,20747613.54987288,16929432922.69715
2023-07-20 09:00:00,806.0,825.0,795.0,807.0,22537046.28687501,18267873227.421272
2023-07-21 09:00:00,807.0,813.0,803.0,810.0,12004956.45481115,9689290765.757309
2023-07-22 09:00:00,809.0,826.0,806.0,811.0,13597332.61953132,11104490610.114067
2023-07-23 09:00:00,811.0,818.0,803.0,810.0,11032517.6390389,8925349441.422365
2023-07-24 09:00:00,810.0,814.0,745.0,771.0,22486631.68902697,17598233708.781883
2023-07-25 09:00:00,771.0,795.0,755.0,771.0,17110519.0788371,13151447315.243782
2023-07-26 09:00:00,772.0,791.0,759.0,784.0,23421814.15573763,18196201227.799694
2023-07-27 09:00:00,783.0,791.0,769.0,773.0,11310544.56009647,8815525084.884254
2023-07-28 09:00:00,774.0,780.0,766.0,774.0,9343080.90971609,7223720085.703106
2023-07-29 09:00:00,774.0,780.0,771.0,777.0,9038053.10855113,7003494091.692404
2023-07-30 09:00:00,776.0,794.0,765.0,773.0,23319922.75382763,18169274248.956364
2023-07-31 09:00:00,774.0,779.0,759.0,766.0,13481804.40652722,10363009993.010286
2023-08-01 09:00:00,766.0,819.0,760.0,800.0,73234807.41716686,58046182049.76442
2023-08-02 09:00:00,801.0,819.0,788.0,800.0,41575875.54266612,33374618076.123913
2023-08-03 09:00:00,801.0,839.0,799.0,803.0,61895479.56564565,50589385405.50956
2023-08-04 09:00:00,803.0,803.0,767.0,774.0,25790687.9056086,20199228093.309906
2023-08-05 09:00:00,774.0,774.0,759.0,766.0,10766493.24428835,8226320667.466539
2023-08-06 09:00:00,766.0,773.0,760.0,765.0,7890624.13369751,6053030205.228945
2023-08-07 09:00:00,767.0,775.0,741.0,763.0,14267100.09030037,10896898117.814327
2023-08-08 09:00:00,764.0,824.0,749.0,786.0,24572465.18344076,19205287175.53065
2023-08-09 09:00:00,786.0,799.0,771.0,776.0,29129511.02600296,22837379386.64124
2023-08-10 09:00:00,776.0,784.0,768.0,774.0,13802485.22395833,10708687388.335995
2023-08-11 09:00:00,774.0,782.0,772.0,776.0,7956750.43354926,6171778888.554013
2023-08-12 09:00:00,775.0,783.0,774.0,780.0,7295969.48023232,5678754531.543256
2023-08-13 09:00:00,781.0,807.0,777.0,778.0,17319142.52285523,13713584299.907686
2023-08-14 09:00:00,778.0,790.0,768.0,780.0,9785793.23845801,7612147839.111486
2023-08-15 09:00:00,780.0,786.0,732.0,747.0,14173608.30249821,10837247986.190718
2023-08-16 09:00:00,747.0,761.0,685.0,700.0,32689973.79617729,23803344349.090263
2023-08-17 09:00:00,700.0,714.0,624.0,640.0,30053241.63151306,20101703123.747147
2023-08-18 09:00:00,640.0,674.0,636.0,658.0,20302314.05811542,13245647559.385803
2023-08-19 09:00:00,658.0,688.0,657.0,679.0,9377228.87516469,6259316610.085897
2023-08-20 09:00:00,680.0,688.0,663.0,670.0,7010153.44172036,4731021710.323423
2023-08-21 09:00:00,671.0,672.0,630.0,649.0,9152147.68856822,5990880775.6964655
2023-08-22 09:00:00,649.0,652.0,618.0,646.0,11412798.94153404,7279129767.517769
2023-08-23 09:00:00,645.0,668.0,635.0,658.0,8561822.81536358,5552309991.067581
2023-08-24 09:00:00,659.0,660.0,637.0,647.0,6240660.14811996,4050503375.7491603
2023-08-25 09:00:00,647.0,648.0,624.0,642.0,8669703.56045659,5495623673.257822
2023-08-26 09:00:00,643.0,646.0,629.0,629.0,3894429.88725803,2483378233.7087574
2023-08-27 09:00:00,630.0,642.0,627.0,635.0,4301795.54854591,2721046281.4452286
2023-08-28 09:00:00,636.0,641.0,613.0,617.0,10391079.95806977,6458925083.800987
2023-08-29 09:00:00,618.0,724.0,602.0,709.0,112694179.31401019,77708037827.82639
2023-08-30 09:00:00,709.0,756.0,697.0,721.0,142533303.17278937,103589369359.66516
2023-08-31 09:00:00,722.0,730.0,666.0,672.0,49787156.60428835,35035900397.75857
2023-09-01 09:00:00,672.0,683.0,638.0,641.0,35048255.11687606,23165734754.687344
2023-09-02 09:00:00,641.0,647.0,615.0,625.0,16907591.64192246,10677191579.64862
2023-09-03 09:00:00,626.0,629.0,615.0,619.0,12702681.69519405,7893262612.863831
2023-09-04 09:00:00,618.0,625.0,606.0,614.0,13582540.17358603,8367578928.639622
2023-09-05 09:00:00,615.0,671.0,615.0,647.0,75685463.33053964,48541227095.76049
2023-09-06 09:00:00,647.0,656.0,618.0,632.0,26236912.26445474,16667068255.85524
2023-09-07 09:00:00,632.0,643.0,621.0,643.0,14228680.9599443,8962814797.207466
2023-09-08 09:00:00,643.0,646.0,623.0,631.0,11601244.77117244,7342036729.665444
2023-09-09 09:00:00,631.0,640.0,626.0,637.0,5681643.7700414,3594993154.681327
2023-09-10 09:00:00,637.0,637.0,610.0,615.0,13388526.90877969,8282875396.989257
2023-09-11 09:00:00,616.0,618.0,575.0,585.0,21253274.44763645,12659830930.919456
2023-09-12 09:00:00,585.0,621.0,581.0,597.0,33709607.55298216,20503699278.869274
2023-09-13 09:00:00,599.0,632.0,597.0,621.0,30045679.01435031,18527881886.470703
2023-09-14 09:00:00,621.0,642.0,615.0,634.0,19592762.4034416,12325836762.566044
2023-09-15 09:00:00,633.0,639.0,616.0,633.0,21430571.57002633,13404330258.5587
2023-09-16 09:00:00,632.0,646.0,628.0,640.0,18075117.94719224,11516847978.384512
2023-09-17 09:00:00,638.0,639.0,606.0,611.0,14026601.35664156,8700063740.016623
2023-09-18 09:00:00,612.0,677.0,602.0,648.0,59166371.48579305,38456334993.780334
2023-09-19 09:00:00,648.0,674.0,632.0,660.0,32705353.33601234,21484138181.246315
2023-09-20 09:00:00,660.0,670.0,642.0,658.0,18178425.00444968,11905150292.257668
2023-09-21 09:00:00,657.0,680.0,630.0,641.0,22183741.70006086,14442703461.305452
2023-09-22 09:00:00,641.0,646.0,629.0,639.0,11243978.0484201,7174095124.479318
2023-09-23 09:00:00,638.0,644.0,634.0,641.0,6953394.52084592,4446126811.57633
2023-09-24 09:00:00,641.0,646.0,621.0,628.0,9702495.89042581,6169668492.167913
2023-09-25 09:00:00,628.0,635.0,619.0,627.0,9490842.2905879,5951725121.210923
2023-09-26 09:00:00,627.0,635.0,612.0,621.0,9426212.16595736,5900997114.353223
2023-09-27 09:00:00,621.0,658.0,617.0,625.0,34840787.63364881,22135850889.982697
2023-09-28 09:00:00,625.0,661.0,623.0,658.0,59550188.96606151,38499647788.99101
2023-09-29 09:00:00,657.0,658.0,636.0,646.0,18586214.89334718,12012386409.477438
2023-09-30 09:00:00,646.0,654.0,640.0,652.0,7969776.02032668,5143848168.625598
2023-10-01 09:00:00,652.0,702.0,646.0,692.0,35073701.9067221,23909978705.12804
2023-10-02 09:00:00,693.0,742.0,683.0,702.0,73398543.77731493,52475272402.07655
2023-10-03 09:00:00,702.0,723.0,660.0,662.0,43017863.9493681,29979611429.99627
2023-10-04 09:00:00,662.0,675.0,641.0,672.0,15021944.61614487,9894789986.023752
2023-10-05 09:00:00,671.0,694.0,658.0,671.0,18199482.05663013,12275027555.700317
2023-10-06 09:00:00,671.0,710.0,660.0,700.0,19454209.68797132,13264045016.525974
2023-10-07 09:00:00,699.0,717.0,688.0,702.0,15761439.77998325,11048504214.356483
2023-10-08 09:00:00,702.0,712.0,682.0,684.0,9853402.94731137,6848996057.249786
2023-10-09 09:00:00,684.0,701.0,653.0,666.0,22303977.63819033,15056795044.131302
2023-10-10 09:00:00,666.0,696.0,659.0,680.0,20423303.66511797,13891109820.40577
2023-10-11 09:00:00,681.0,684.0,651.0,673.0,17231936.92739509,11462426008.625597
2023-10-12 09:00:00,674.0,677.0,654.0,668.0,12603550.16561334,8379642523.066526
2023-10-13 09:00:00,668.0,704.0,659.0,687.0,13988758.35492839,9454391928.294624
2023-10-14 09:00:00,687.0,708.0,685.0,686.0,19894291.26760068,13866085367.656569
2023-10-15 09:00:00,687.0,707.0,679.0,698.0,13847214.70592369,9564581047.483797
2023-10-16 09:00:00,699.0,807.0,693.0,737.0,93368511.87234472,69104168734.00557
2023-10-17 09:00:00,737.0,755.0,713.0,751.0,39609404.08341753,29078372920.339115
2023-10-18 09:00:00,751.0,782.0,726.0,738.0,40305545.01067896,30319858328.803627
2023-10-19 09:00:00,738.0,780.0,723.0,773.0,35823172.67643911,26892982350.28616
2023-10-20 09:00:00,773.0,912.0,758.0,854.0,166101420.9526406,143588606851.02454
2023-10-21 09:00:00,855.0,884.0,831.0,837.0,49446766.24257917,42286792346.47277
2023-10-22 09:00:00,838.0,874.0,821.0,848.0,24629691.84844365,20740260636.18946
2023-10-23 09:00:00,848.0,1000.0,838.0,986.0,98516711.70134866,90554284148.67911
2023-10-24 09:00:00,986.0,1000.0,880.0,915.0,123292627.23965724,116814182116.89793
2023-10-25 09:00:00,915.0,956.0,891.0,916.0,60696497.15615635,56120166923.926544
2023-10-26 09:00:00,916.0,935.0,845.0,871.0,43650162.18561382,39154819013.7558
2023-10-27 09:00:00,871.0,883.0,844.0,862.0,18030582.42924113,15539555609.308554
2023-10-28 09:00:00,863.0,900.0,861.0,890.0,16588796.93502654,14677396678.969618
2023-10-29 09:00:00,890.0,925.0,851.0,863.0,31659046.8566314,27676957803.935116
2023-10-30 09:00:00,863.0,871.0,843.0,861.0,23373026.19005355,20084286412.57699
2023-10-31 09:00:00,861.0,867.0,812.0,851.0,31829668.46707817,27044050595.388206
2023-11-01 09:00:00,850.0,888.0,820.0,878.0,32283439.24422479,27491507261.745724
2023-11-02 09:00:00,877.0,894.0,834.0,851.0,29698199.20602275,25704279934.17577
2023-11-03 09:00:00,851.0,878.0,811.0,861.0,22503259.27296223,18866740614.241764
2023-11-04 09:00:00,861.0,885.0,849.0,872.0,22773259.48921324,19751106475.874737
2023-11-05 09:00:00,872.0,898.0,851.0,867.0,25313041.23632716,22105132478.92497
2023-11-06 09:00:00,868.0,914.0,860.0,902.0,39903643.06005049,35651001774.01396
2023-11-07 09:00:00,901.0,923.0,867.0,897.0,42616137.30198843,37980742793.85775
2023-11-08 09:00:00,897.0,960.0,882.0,934.0,29091178.70390036,26518311237.56722
2023-11-09 09:00:00,934.0,978.0,843.0,914.0,68473468.7998458,64122828290.530235
2023-11-10 09:00:00,914.0,939.0,882.0,926.0,39512587.00189033,36198701656.41951
2023-11-11 09:00:00,926.0,929.0,882.0,900.0,24104813.2200568,21822450350.89711
2023-11-12 09:00:00,900.0,905.0,867.0,900.0,18908245.48337013,16783143082.741135
2023-11-13 09:00:00,900.0,909.0,865.0,867.0,25071262.53061606,22200346867.4951
2023-11-14 09:00:00,867.0,875.0,831.0,837.0,23359479.57939326,19994152096.02627
2023-11-15 09:00:00,837.0,875.0,817.0,871.0,19075293.40011203,16181985780.716827
2023-11-16 09:00:00,872.0,915.0,866.0,875.0,54342305.78736549,48432305394.307495
2023-11-17 09:00:00,875.0,913.0,836.0,859.0,33960679.1582742,29876915329.7503
2023-11-18 09:00:00,857.0,860.0,815.0,852.0,14172898.50392467,11865878977.848528
2023-11-19 09:00:00,851.0,866.0,831.0,863.0,7938593.29649282,6759201233.887308
2023-11-20 09:00:00,863.0,893.0,850.0,857.0,16215345.54644577,14079528950.827824
2023-11-21 09:00:00,857.0,861.0,791.0,793.0,22272015.57393601,18521778656.988373
2023-11-22 09:00:00,793.0,853.0,793.0,840.0,16074941.79220409,13219023911.391773
2023-11-23 09:00:00,840.0,851.0,827.0,844.0,10361346.92372004,8712543580.954916
2023-11-24 09:00:00,843.0,917.0,841.0,866.0,26564270.29260759,23196493837.029274
2023-11-25 09:00:00,867.0,889.0,858.0,880.0,14508429.94341314,12672888996.160599
2023-11-26 09:00:00,880.0,950.0,879.0,927.0,46288157.16092583,42090724674.57787
2023-11-27 09:00:00,926.0,944.0,867.0,883.0,28761459.8887017,25912662941.106026
2023-11-28 09:00:00,883.0,969.0,841.0,966.0,40342082.28727289,37022074744.48436
2023-11-29 09:00:00,966.0,1070.0,950.0,967.0,102018168.12443712,103249606048.08969
2023-11-30 09:00:00,967.0,972.0,906.0,929.0,32654160.46163022,30693811445.885292
2023-12-01 09:00:00,927.0,1045.0,913.0,1015.0,54281289.84719118,52601459082.214836
2023-12-02 09:00:00,1020.0,1095.0,1005.0,1040.0,39239562.04286915,40956096370.157776
2023-12-03 09:00:00,1040.0,1145.0,1030.0,1110.0,52257387.50664767,57501279725.354164
2023-12-04 09:00:00,1110.0,1605.0,1045.0,1595.0,321963735.2607074,433118162065.6459
2023-12-05 09:00:00,1595.0,1700.0,1480.0,1615.0,315617152.0795893,502790676373.63336
2023-12-06 09:00:00,1615.0,1620.0,1400.0,1420.0,124085225.9578096,185293501831.68732
2023-12-07 09:00:00,1425.0,1490.0,1325.0,1365.0,67774282.90325128,94708133255.4532
2023-12-08 09:00:00,1365.0,1450.0,1325.0,1415.0,55478872.71029963,76484380884.48364
2023-12-09 09:00:00,1415.0,1425.0,1345.0,1365.0,46766327.81310544,64224900227.86618
2023-12-10 09:00:00,1365.0,1395.0,1315.0,1355.0,24440033.06627346,33106107068.424057
2023-12-11 09:00:00,1355.0,1360.0,1210.0,1255.0,32394047.86536477,40832140482.77957
2023-12-12 09:00:00,1255.0,1375.0,1250.0,1290.0,42241038.65567473,55437999681.493515
2023-12-13 09:00:00,1295.0,1425.0,1220.0,1380.0,38313930.53181765,50445978852.790855
2023-12-14 09:00:00,1385.0,1555.0,1360.0,1470.0,90753534.19343056,133772018941.08632
2023-12-15 09:00:00,1470.0,1475.0,1355.0,1360.0,33661810.35333681,47282652440.86838
2023-12-16 09:00:00,1360.0,1455.0,1330.0,1380.0,38782069.69558447,54697892505.87227
2023-12-17 09:00:00,1380.0,1470.0,1375.0,1440.0,36685361.36716633,52034912685.98059
2023-12-18 09:00:00,1440.0,1725.0,1430.0,1710.0,138100969.59514034,211992728050.42813
2023-12-19 09:00:00,1705.0,1750.0,1580.0,1610.0,56656877.0086293,93666943297.31807
2023-12-20 09:00:00,1610.0,2100.0,1600.0,1985.0,152509664.9819822,289769408166.27136
2023-12-21 09:00:00,1985.0,2090.0,1900.0,1940.0,81820210.95841116,163154502773.7077
2023-12-22 09:00:00,1935.0,1965.0,1760.0,1905.0,43524685.42111345,80810875317.87384
2023-12-23 09:00:00,1910.0,2090.0,1875.0,1995.0,93758318.91915233,187241904891.20944
2023-12-24 09:00:00,2000.0,2055.0,1845.0,1870.0,42137511.79313111,82397693359.35025
2023-12-25 09:00:00,1865.0,2155.0,1835.0,2010.0,70952804.49678686,143505001984.8031
2023-12-26 09:00:00,2010.0,2210.0,1900.0,2185.0,76189121.00720333,157094942647.9279
2023-12-27 09:00:00,2185.0,2325.0,2035.0,2085.0,57008924.81216148,123982037634.16832
2023-12-28 09:00:00,2080.0,2125.0,1865.0,1970.0,43398080.52589589,85347838664.11331
2023-12-29 09:00:00,1975.0,2060.0,1870.0,1920.0,39813939.08851059,78064313532.13155
2023-12-30 09:00:00,1925.0,1970.0,1840.0,1900.0,26152934.96740583,49683679086.59028
2023-12-31 09:00:00,1905.0,2055.0,1865.0,2015.0,29161528.13017589,57448217920.916046
2024-01-01 09:00:00,2015.0,2125.0,1945.0,2115.0,28494330.70098485,57403209029.50357
2024-01-02 09:00:00,2115.0,2320.0,2070.0,2070.0,68315948.00690264,150849155314.63586
2024-01-03 09:00:00,2070.0,2200.0,1610.0,2120.0,89947931.36259519,181004327143.3318
2024-01-04 09:00:00,2120.0,2330.0,2025.0,2305.0,64159305.36066621,139243765099.33786
2024-01-05 09:00:00,2305.0,2395.0,2120.0,2165.0,55509522.57214178,124735078059.79376
2024-01-06 09:00:00,2165.0,2170.0,1955.0,2115.0,29564674.09208892,60706585674.83213
2024-01-07 09:00:00,2120.0,2390.0,2075.0,2235.0,66073288.33029394,148998682898.5185
2024-01-08 09:00:00,2235.0,2725.0,2090.0,2720.0,173974139.5605404,428540538897.31537
2024-01-09 09:00:00,2720.0,2770.0,2325.0,2460.0,115059588.08870469,299869520422.59247
2024-01-10 09:00:00,2465.0,2675.0,2230.0,2520.0,90959972.20508465,222276109072.19003
2024-01-11 09:00:00,2520.0,2685.0,2360.0,2455.0,97888229.06703602,245596823769.40887
2024-01-12 09:00:00,2450.0,2490.0,2205.0,2270.0,41031578.81456728,96636411711.32825
2024-01-13 09:00:00,2270.0,2385.0,2250.0,2300.0,29900783.34670977,69446410674.84155
2024-01-14 09:00:00,2305.0,2325.0,2150.0,2170.0,17445366.92487747,39379921630.86104
2024-01-15 09:00:00,2170.0,2245.0,2130.0,2180.0,18074637.85736599,39699660619.45232
2024-01-16 09:00:00,2180.0,2285.0,2175.0,2240.0,18684826.74488463,41788128716.802185
2024-01-17 09:00:00,2245.0,2265.0,2145.0,2170.0,12092885.82662721,26635837069.59457
2024-01-18 09:00:00,2170.0,2205.0,2050.0,2060.0,16891858.43111104,35956243827.103935
2024-01-19 09:00:00,2060.0,2095.0,1930.0,2075.0,19112187.97005342,38554659311.94343
2024-01-20 09:00:00,2075.0,2085.0,1975.0,2050.0,6880269.90481024,13944188555.586525
2024-01-21 09:00:00,2050.0,2080.0,2005.0,2010.0,5550400.81065018,11345361246.185495
2024-01-22 09:00:00,2005.0,2030.0,1830.0,1850.0,12727917.45713457,24556432959.605453
2024-01-23 09:00:00,1850.0,1945.0,1720.0,1940.0,22472126.70569066,40770507063.31957
2024-01-24 09:00:00,1940.0,2050.0,1885.0,2030.0,21024579.60296022,41780723478.03988
2024-01-25 09:00:00,2035.0,2065.0,1970.0,2010.0,12607421.83766619,25436911269.95152
2024-01-26 09:00:00,2005.0,2130.0,1980.0,2085.0,16857522.72252774,34918075301.67095
2024-01-27 09:00:00,2085.0,2145.0,2065.0,2090.0,11455958.99112886,24062053852.74211
2024-01-28 09:00:00,2090.0,2150.0,2005.0,2033.0,11258800.9327097,23627878008.131943
2024-01-29 09:00:00,2035.0,2140.0,1981.0,2101.0,11762951.80493935,24084015548.151764
2024-01-30 09:00:00,2101.0,2205.0,2083.0,2111.0,19853205.80509011,42733721903.9755
2024-01-31 09:00:00,2111.0,2169.0,2016.0,2073.0,13260078.10261831,27657815345.14845
2024-02-01 09:00:00,2073.0,2079.0,2001.0,2057.0,8114132.57790486,16524158590.27635
2024-02-02 09:00:00,2057.0,2160.0,2048.0,2137.0,9451168.69883345,19917289977.321163
2024-02-03 09:00:00,2138.0,2170.0,2098.0,2103.0,5305299.957275,11303154013.95872
2024-02-04 09:00:00,2100.0,2101.0,2025.0,2031.0,5718998.34426858,11766132643.912056
2024-02-05 09:00:00,2031.0,2088.0,1993.0,2045.0,6696314.67080962,13653407757.164892
2024-02-06 09:00:00,2044.0,2080.0,1994.0,2056.0,5759972.13511237,11710045080.382551
2024-02-07 09:00:00,2056.0,2273.0,2048.0,2257.0,15604780.74231125,33837959899.197216
2024-02-08 09:00:00,2257.0,2492.0,2234.0,2441.0,46511307.33028035,110236602529.40248
2024-02-09 09:00:00,2441.0,2552.0,2375.0,2444.0,45861703.57363025,113140482260.47295
2024-02-10 09:00:00,2444.0,2528.0,2340.0,2451.0,19863922.44857532,48139862606.93766
2024-02-11 09:00:00,2450.0,2606.0,2422.0,2503.0,33989109.89652888,86155137463.14977
2024-02-12 09:00:00,2503.0,2755.0,2494.0,2676.0,42095227.43092771,110580898171.60326
2024-02-13 09:00:00,2676.0,2948.0,2633.0,2890.0,64211026.25789395,180849886329.008
2024-02-14 09:00:00,2890.0,3483.0,2840.0,3477.0,95852327.9585898,299457947619.1873
2024-02-15 09:00:00,3476.0,3853.0,3395.0,3480.0,123769207.5301074,451245282274.2175
2024-02-16 09:00:00,3482.0,3652.0,3377.0,3585.0,56524243.09865118,198766168909.3174
2024-02-17 09:00:00,3584.0,3679.0,3351.0,3511.0,36669803.66921039,129389918479.37825
2024-02-18 09:00:00,3511.0,3666.0,3389.0,3651.0,23476120.45274878,82090464559.72829
2024-02-19 09:00:00,3651.0,4036.0,3570.0,3649.0,63140553.26932777,241005841418.84143
2024-02-20 09:00:00,3650.0,3940.0,3615.0,3740.0,54709183.37106409,206446927222.6818
2024-02-21 09:00:00,3740.0,4025.0,3620.0,3750.0,58242371.31014904,223808752198.65555
2024-02-22 09:00:00,3749.0,3774.0,3538.0,3551.0,26398589.60803501,96004070973.00256
2024-02-23 09:00:00,3553.0,3665.0,3371.0,3408.0,25674329.81085525,90573202392.7302
2024-02-24 09:00:00,3408.0,3580.0,3315.0,3558.0,22075351.2239974,76411098882.4683
2024-02-25 09:00:00,3560.0,3632.0,3458.0,3565.0,12824938.56343602,45423013871.00279
2024-02-26 09:00:00,3565.0,3995.0,3330.0,3986.0,38696731.49929824,143354935083.89578
2024-02-27 09:00:00,3984.0,4494.0,3935.0,4078.0,99269363.51016323,419918410170.58765
2024-02-28 09:00:00,4078.0,4692.0,4005.0,4321.0,119924750.9304995,525191925262.6238
2024-02-29 09:00:00,4321.0,4438.0,4016.0,4079.0,55137764.86257172,234138163942.8704
2024-03-01 09:00:00,4082.0,4259.0,4080.0,4163.0,24827445.41846935,103347477576.74104
2024-03-02 09:00:00,4163.0,4169.0,4038.0,4138.0,15804375.8294592,64697931933.95296
2024-03-03 09:00:00,4138.0,4376.0,3870.0,4250.0,30286944.31890311,126705674368.49973
2024-03-04 09:00:00,4250.0,4441.0,4078.0,4254.0,39371383.93668703,168824451951.63315
2024-03-05 09:00:00,4250.0,4258.0,3654.0,3912.0,40630742.92013831,164750974677.2776
2024-03-06 09:00:00,3914.0,4071.0,3629.0,4013.0,20201765.04008879,78566778752.86984
2024-03-07 09:00:00,4013.0,4120.0,3863.0,4089.0,14429446.93780154,57778778412.85245
2024-03-08 09:00:00,4089.0,4284.0,3958.0,4007.0,19009777.98671061,77512529003.82864
2024-03-09 09:00:00,4007.0,4055.0,3918.0,3951.0,10059998.58278806,40065434183.18004
2024-03-10 09:00:00,3950.0,4646.0,3928.0,4183.0,71953235.99064113,312519336318.4965
2024-03-11 09:00:00,4182.0,4780.0,3960.0,4275.0,58936249.44703112,261799990852.47
2024-03-12 09:00:00,4275.0,4414.0,4080.0,4299.0,18526273.59401933,78970124074.88762
2024-03-13 09:00:00,4299.0,4462.0,4185.0,4393.0,19578482.38703235,85096585106.51675
2024-03-14 09:00:00,4393.0,4439.0,4029.0,4211.0,17504016.80587675,74242425805.15569
2024-03-15 09:00:00,4211.0,4301.0,3801.0,4074.0,20061948.18029268,80749856933.0361
2024-03-16 09:00:00,4074.0,4134.0,3723.0,3847.0,10630875.83229128,41943101693.05151
2024-03-17 09:00:00,3847.0,4076.0,3745.0,4050.0,20219485.44840935,79986137999.645
2024-03-18 09:00:00,4048.0,4063.0,3825.0,3892.0,8940161.12265617,35294010990.454414
2024-03-19 09:00:00,3892.0,4348.0,3686.0,4016.0,43912283.74984273,178235320640.4168
2024-03-20 09:00:00,4017.0,5190.0,3938.0,5028.0,75345188.8039259,339864652256.12695
2024-03-21 09:00:00,5024.0,5181.0,4695.0,4783.0,33040521.31473441,163525752413.26755
2024-03-22 09:00:00,4782.0,5345.0,4720.0,5081.0,53868742.4693372,272551158047.74265
2024-03-23 09:00:00,5073.0,5329.0,4950.0,5257.0,26054056.92469241,133713706432.18323
2024-03-24 09:00:00,5257.0,5458.0,5075.0,5276.0,25596281.94136833,134496249913.1926
2024-03-25 09:00:00,5280.0,5400.0,4962.0,5152.0,27200172.26546444,140080259895.7469
2024-03-26 09:00:00,5153.0,5153.0,4917.0,4969.0,18148145.35231989,91744798781.28989
2024-03-27 09:00:00,4969.0,5090.0,4800.0,4856.0,15627891.70783342,77423410770.31963
2024-03-28 09:00:00,4858.0,4969.0,4754.0,4902.0,10280846.61747001,49938655830.10349
2024-03-29 09:00:00,4910.0,5295.0,4865.0,5225.0,19751799.42450139,100721081140.29044
2024-03-30 09:00:00,5223.0,5265.0,5012.0,5219.0,8502788.45154979,43777763711.767845
2024-03-31 09:00:00,5219.0,5264.0,5020.0,5169.0,6633736.93052368,33817905160.608818
2024-04-01 09:00:00,5169.0,5483.0,4907.0,5206.0,27514560.97593264,143995500855.4868
2024-04-02 09:00:00,5197.0,5212.0,4859.0,4876.0,17903238.37907371,89628343616.54277
2024-04-03 09:00:00,4876.0,4921.0,4538.0,4595.0,12553139.71989765,59753059963.51044
2024-04-04 09:00:00,4595.0,4850.0,4508.0,4751.0,9787224.86824514,45659981382.71526
2024-04-05 09:00:00,4752.0,4870.0,4275.0,4487.0,14343220.20160219,64640721586.358894
2024-04-06 09:00:00,4487.0,4683.0,4431.0,4610.0,7062062.64497543,32408364576.66481
2024-04-07 09:00:00,4610.0,4810.0,4574.0,4731.0,5191432.45302747,24370033544.48313
2024-04-08 09:00:00,4731.0,4988.0,4630.0,4929.0,12052363.41956565,58579100499.60239
2024-04-09 09:00:00,4929.0,5042.0,4506.0,4576.0,11028017.14491511,52083047061.5315
2024-04-10 09:00:00,4582.0,4656.0,4321.0,4460.0,8800294.51873256,39407038994.18837
2024-04-11 09:00:00,4460.0,4461.0,4232.0,4307.0,8240541.97133271,35829153704.84877
2024-04-12 09:00:00,4307.0,4385.0,3750.0,3910.0,16554626.03028601,67679823794.96937
2024-04-13 09:00:00,3914.0,4126.0,3336.0,3830.0,32429539.55091105,123140431933.47395
2024-04-14 09:00:00,3826.0,4203.0,3680.0,4135.0,23380745.26623484,91845469771.2113
2024-04-15 09:00:00,4135.0,4209.0,3754.0,3859.0,14078571.14326084,56602523425.62584
2024-04-16 09:00:00,3859.0,3900.0,3486.0,3637.0,13605346.06672203,49917149006.04946
2024-04-17 09:00:00,3637.0,3670.0,3351.0,3379.0,15422929.3431377,53279782394.89118
2024-04-18 09:00:00,3379.0,3644.0,3274.0,3598.0,20335975.8435862,70494035587.18738
2024-04-19 09:00:00,3597.0,3699.0,3244.0,3584.0,21783864.4201995,76431315968.07455
2024-04-20 09:00:00,3586.0,3982.0,3505.0,3969.0,13786662.04211452,51696760156.77332
2024-04-21 09:00:00,3969.0,4199.0,3920.0,4071.0,16073812.61191806,65557676542.47464
2024-04-22 09:00:00,4077.0,4396.0,4055.0,4387.0,14475658.17755301,60756679749.5182
2024-04-23 09:00:00,4381.0,4529.0,4139.0,4182.0,19301157.52776036,84622778518.85704
2024-04-24 09:00:00,4182.0,4259.0,3905.0,3936.0,14615649.9428112,59667794187.7887
2024-04-25 09:00:00,3938.0,4080.0,3789.0,3835.0,15972696.64615075,62825694335.634895
2024-04-26 09:00:00,3835.0,3940.0,3700.0,3726.0,9813099.76959593,37296158869.91082
2024-04-27 09:00:00,3727.0,3766.0,3594.0,3688.0,7496594.25153146,27400809954.767433
2024-04-28 09:00:00,3686.0,3754.0,3523.0,3557.0,7165258.18369453,26183842263.715446
2024-04-29 09:00:00,3557.0,3594.0,3346.0,3577.0,11331039.15501994,39108687074.89237
2024-04-30 09:00:00,3580.0,3739.0,3042.0,3114.0,29317621.60641042,98621961234.8277
2024-05-01 09:00:00,3111.0,3168.0,2731.0,3071.0,54600522.72076701,158446507031.53
2024-05-02 09:00:00,3067.0,3085.0,2853.0,2932.0,23054614.07909063,68077973330.74132
2024-05-03 09:00:00,2932.0,3415.0,2893.0,3372.0,39666268.30802232,122475509502.06627
2024-05-04 09:00:00,3372.0,3488.0,3296.0,3330.0,23510893.70067408,79726525289.78247
2024-05-05 09:00:00,3330.0,3353.0,3182.0,3240.0,11984129.25871985,39084248729.403404
2024-05-06 09:00:00,3239.0,3368.0,3080.0,3098.0,15950693.86574784,51452436044.43214
2024-05-07 09:00:00,3098.0,3199.0,3012.0,3016.0,11671378.61617033,36331629255.62943
2024-05-08 09:00:00,3015.0,3062.0,2864.0,2890.0,12380574.44043759,36690184548.435104
2024-05-09 09:00:00,2890.0,2987.0,2820.0,2940.0,13297134.07211821,38453952232.519745
2024-05-10 09:00:00,2941.0,2994.0,2818.0,2834.0,13516667.34718586,39244311731.03966
2024-05-11 09:00:00,2834.0,2864.0,2766.0,2796.0,7427262.07908601,20893989131.110214
2024-05-12 09:00:00,2795.0,2883.0,2765.0,2804.0,5398982.1469484,15172369790.534813
2024-05-13 09:00:00,2803.0,2921.0,2637.0,2825.0,19076693.80996372,53343847640.946465
2024-05-14 09:00:00,2823.0,2850.0,2662.0,2675.0,12480587.45250803,34496297624.12583
2024-05-15 09:00:00,2675.0,3062.0,2625.0,3038.0,42181415.3102775,123187731629.20282
2024-05-16 09:00:00,3037.0,3059.0,2723.0,2760.0,60170579.02928547,171831154974.18887
2024-05-17 09:00:00,2760.0,2962.0,2639.0,2877.0,60872596.06691903,170565308034.635
2024-05-18 09:00:00,2877.0,2976.0,2845.0,2863.0,18054097.24519372,52641797201.07155
2024-05-19 09:00:00,2863.0,2872.0,2700.0,2720.0,12190651.10345458,34025365167.967518
2024-05-20 09:00:00,2717.0,2913.0,2668.0,2911.0,17952470.18692289,50304906477.08462
2024-05-21 09:00:00,2911.0,3111.0,2847.0,2993.0,29407513.95490256,88394743208.35204
2024-05-22 09:00:00,2993.0,3000.0,2809.0,2852.0,16527344.82510773,47679166418.2342
2024-05-23 09:00:00,2853.0,2896.0,2706.0,2806.0,21343456.06918495,60222219106.15216
2024-05-24 09:00:00,2806.0,2835.0,2669.0,2752.0,12528879.85907451,34380578522.54164
2024-05-25 09:00:00,2749.0,2797.0,2737.0,2771.0,8697117.74508168,24046830972.206253
2024-05-26 09:00:00,2771.0,2827.0,2740.0,2753.0,7585231.17072072,21044625556.847515
2024-05-27 09:00:00,2755.0,2954.0,2747.0,2871.0,14306699.56129282,40708352133.38908
2024-05-28 09:00:00,2871.0,2894.0,2721.0,2748.0,15759349.33734522,43663369646.24673
2024-05-29 09:00:00,2748.0,2784.0,2690.0,2695.0,10819194.81588889,29653507622.81905
2024-05-30 09:00:00,2695.0,2798.0,2622.0,2664.0,12955555.39807389,35050357064.58874
2024-05-31 09:00:00,2664.0,2733.0,2566.0,2571.0,11780812.04577966,31029408548.855488
2024-06-01 09:00:00,2571.0,2586.0,2530.0,2574.0,6415118.1445928,16379189797.59983
2024-06-02 09:00:00,2574.0,2640.0,2545.0,2558.0,5777488.49911475,14996893533.688128
2024-06-03 09:00:00,2558.0,2730.0,2541.0,2636.0,13309448.37931152,35251061705.00616
2024-06-04 09:00:00,2636.0,2982.0,2621.0,2980.0,28695713.06818478,80905696548.0764
2024-06-05 09:00:00,2979.0,3354.0,2923.0,3330.0,47405388.58406015,149028467987.98215
2024-06-06 09:00:00,3331.0,3397.0,3122.0,3196.0,36864113.54459866,120527306186.72606
2024-06-07 09:00:00,3198.0,3470.0,2960.0,3059.0,47921894.27348074,156783448086.01874
2024-06-08 09:00:00,3059.0,3328.0,3016.0,3185.0,37848345.14107037,121486325432.75366
2024-06-09 09:00:00,3185.0,3282.0,3080.0,3193.0,22928477.93530458,72889542279.53275
2024-06-10 09:00:00,3191.0,3241.0,3009.0,3112.0,25614161.5907643,79851139223.41176
2024-06-11 09:00:00,3112.0,3139.0,2915.0,3091.0,30366700.5586434,91728506984.66095
2024-06-12 09:00:00,3098.0,3456.0,2995.0,3351.0,50796016.76449085,166157152623.85736
2024-06-13 09:00:00,3351.0,3380.0,3000.0,3019.0,38252595.68429341,122525995915.09506
2024-06-14 09:00:00,3023.0,3040.0,2700.0,2752.0,34581961.71382444,99479397061.998
2024-06-15 09:00:00,2752.0,2799.0,2656.0,2766.0,18684668.67374592,50675842782.6995
2024-06-16 09:00:00,2761.0,2817.0,2684.0,2700.0,18711535.06955094,51333528602.88204
2024-06-17 09:00:00,2697.0,2708.0,2392.0,2475.0,33339274.32006502,84791274566.73198
2024-06-18 09:00:00,2473.0,2487.0,2154.0,2270.0,36870633.13063002,84171239738.15378
2024-06-19 09:00:00,2270.0,2440.0,2230.0,2313.0,26796773.31434397,63178128943.05012
2024-06-20 09:00:00,2310.0,2464.0,2291.0,2329.0,26912453.87106361,63911838597.66055
2024-06-21 09:00:00,2327.0,2389.0,2247.0,2268.0,18002630.32117793,41618327875.85509
2024-06-22 09:00:00,2269.0,2364.0,2213.0,2341.0,14020805.76955544,32396820515.91675
2024-06-23 09:00:00,2341.0,2385.0,2237.0,2247.0,10698797.82097841,24800944983.306187
2024-06-24 09:00:00,2247.0,2279.0,2077.0,2258.0,29722714.60200283,64990093047.96841
2024-06-25 09:00:00,2256.0,2542.0,2229.0,2539.0,34966093.93787627,83121249355.20113
2024-06-26 09:00:00,2540.0,2573.0,2370.0,2389.0,31029866.4365414,76398226148.14565
2024-06-27 09:00:00,2389.0,2498.0,2344.0,2408.0,29370172.07984436,71255953426.57231
2024-06-28 09:00:00,2408.0,2473.0,2360.0,2370.0,17192394.48729494,41711489332.38369
2024-06-29 09:00:00,2369.0,2398.0,2290.0,2298.0,7842685.3323661,18412055698.527252
2024-06-30 09:00:00,2298.0,2433.0,2260.0,2413.0,12179138.26880464,28427604689.80364
2024-07-01 09:00:00,2413.0,2494.0,2380.0,2411.0,15223947.36576615,37006377190.708954
2024-07-02 09:00:00,2410.0,2429.0,2337.0,2363.0,11799289.71839268,28119289034.593586
2024-07-03 09:00:00,2363.0,2386.0,2204.0,2221.0,18328506.14351454,41777928408.408195
2024-07-04 09:00:00,2221.0,2239.0,1981.0,1995.0,27473829.98973973,57503083666.435165
2024-07-05 09:00:00,1997.0,2046.0,1802.0,2007.0,42692263.44700341,82418897311.84894
2024-07-06 09:00:00,2007.0,2122.0,1950.0,2105.0,18693737.18184429,38036737008.173965
2024-07-07 09:00:00,2105.0,2108.0,1871.0,1882.0,19648401.67098125,39173282944.07442
2024-07-08 09:00:00,1882.0,2015.0,1802.0,1921.0,26525860.91736038,50797436734.60034
2024-07-09 09:00:00,1923.0,1984.0,1893.0,1967.0,14555413.8101034,28344960133.950897
2024-07-10 09:00:00,1967.0,2208.0,1939.0,2145.0,30130726.46893575,62922145488.69377
2024-07-11 09:00:00,2144.0,2393.0,2126.0,2278.0,40160890.38714141,91487842877.57861
2024-07-12 09:00:00,2278.0,2429.0,2173.0,2354.0,33127058.8533979,76351346683.25151
2024-07-13 09:00:00,2354.0,2425.0,2296.0,2367.0,20420410.26520481,48098490059.20676
2024-07-14 09:00:00,2369.0,2439.0,2315.0,2428.0,20677623.27267371,48949581522.43402
2024-07-15 09:00:00,2428.0,2701.0,2409.0,2691.0,44178061.98500386,115583962932.7776
2024-07-16 09:00:00,2694.0,2710.0,2493.0,2664.0,42768108.03255914,111291568967.53181
2024-07-17 09:00:00,2663.0,2799.0,2607.0,2619.0,36716425.95956302,99393473359.76503
2024-07-18 09:00:00,2619.0,2699.0,2520.0,2587.0,22765415.53694391,59778641384.608574
2024-07-19 09:00:00,2588.0,2737.0,2493.0,2665.0,23262332.58481208,60586002045.80572
2024-07-20 09:00:00,2668.0,2709.0,2629.0,2678.0,13341746.51527564,35722222617.282394
2024-07-21 09:00:00,2678.0,2767.0,2613.0,2721.0,18469527.2877828,49664618550.56401
2024-07-22 09:00:00,2722.0,2751.0,2576.0,2577.0,17480540.07043987,46177384370.787865
2024-07-23 09:00:00,2577.0,2606.0,2424.0,2454.0,17935987.48939469,45155869200.23843
2024-07-24 09:00:00,2455.0,2558.0,2409.0,2439.0,15144786.15934856,37652681212.95321
2024-07-25 09:00:00,2439.0,2559.0,2315.0,2533.0,22717666.21849287,54916330173.430565
2024-07-26 09:00:00,2532.0,2633.0,2521.0,2590.0,17433322.48372102,45095613804.70213
2024-07-27 09:00:00,2590.0,2840.0,2569.0,2697.0,35912045.06168765,95843809644.44897
2024-07-28 09:00:00,2697.0,2726.0,2602.0,2640.0,16135025.20571306,42786571363.963844
2024-07-29 09:00:00,2640.0,2728.0,2555.0,2574.0,24015243.30448534,63756043264.80951
2024-07-30 09:00:00,2574.0,2618.0,2482.0,2505.0,17107943.34566115,43509067255.08436
2024-07-31 09:00:00,2505.0,2570.0,2418.0,2418.0,14677037.89330945,36659825067.220146
2024-08-01 09:00:00,2421.0,2461.0,2270.0,2418.0,20274076.73745362,48181945435.30686
2024-08-02 09:00:00,2418.0,2445.0,2181.0,2207.0,19516424.56515758,44908769572.21724
2024-08-03 09:00:00,2207.0,2224.0,2029.0,2113.0,19112759.82610177,40968069117.69841
2024-08-04 09:00:00,2114.0,2130.0,1876.0,1921.0,22155267.48057226,44106839573.79201
2024-08-05 09:00:00,1922.0,1938.0,1551.0,1768.0,76215200.74446343,132252160555.12383
2024-08-06 09:00:00,1771.0,1968.0,1768.0,1889.0,37668033.36116822,70877127817.83617
2024-08-07 09:00:00,1889.0,2027.0,1852.0,1865.0,34173860.98839004,66618603023.00061
2024-08-08 09:00:00,1864.0,2150.0,1827.0,2132.0,33815555.08199077,67053083633.523315
2024-08-09 09:00:00,2132.0,2214.0,2033.0,2100.0,26746222.24427726,56823211354.85879
2024-08-10 09:00:00,2101.0,2129.0,2062.0,2104.0,10702742.40123956,22419476781.950058
2024-08-11 09:00:00,2102.0,2129.0,1926.0,1943.0,15090810.08311138,30731294634.41218
2024-08-12 09:00:00,1943.0,2061.0,1896.0,2004.0,25597029.4006926,50797554217.08782
2024-08-13 09:00:00,2004.0,2221.0,1959.0,2131.0,24639232.48098163,51406552840.29522
2024-08-14 09:00:00,2132.0,2184.0,2026.0,2032.0,20388825.10373958,43069318320.83667
2024-08-15 09:00:00,2031.0,2122.0,1960.0,2006.0,21808869.2782115,44309772559.7109
2024-08-16 09:00:00,2010.0,2065.0,1950.0,2035.0,20501413.89951779,41368078443.04026
2024-08-17 09:00:00,2034.0,2089.0,2012.0,2047.0,10529192.40123285,21589125844.882175
2024-08-18 09:00:00,2046.0,2068.0,1981.0,1985.0,12509481.65882241,25418956757.628334
2024-08-19 09:00:00,1985.0,2034.0,1931.0,2025.0,14379868.69185261,28380528128.205067
2024-08-20 09:00:00,2026.0,2094.0,2000.0,2031.0,15673548.27361977,32183689527.865227
2024-08-21 09:00:00,2030.0,2188.0,1980.0,2185.0,17971529.64966906,37179690027.168465
2024-08-22 09:00:00,2184.0,2244.0,2133.0,2216.0,14483496.25225357,31711648294.18067
2024-08-23 09:00:00,2216.0,2460.0,2210.0,2382.0,25787003.19298546,60089046854.77289
2024-08-24 09:00:00,2383.0,2478.0,2361.0,2436.0,16573864.84675668,40302815293.173996
2024-08-25 09:00:00,2436.0,2489.0,2340.0,2460.0,16268294.1554456,39323287381.376175
2024-08-26 09:00:00,2460.0,2469.0,2355.0,2367.0,13383569.99327036,32126876717.95735
2024-08-27 09:00:00,2367.0,2465.0,2268.0,2371.0,22845013.78035677,54018239954.88365
2024-08-28 09:00:00,2369.0,2411.0,2133.0,2212.0,42353679.45022066,96386260400.87663
2024-08-29 09:00:00,2210.0,2258.0,2125.0,2149.0,21101456.20640303,46251462897.57921
2024-08-30 09:00:00,2150.0,2192.0,2070.0,2127.0,18524292.95232581,39441949976.85136
2024-08-31 09:00:00,2127.0,2158.0,2056.0,2070.0,8653376.34604823,18209774639.421078
2024-09-01 09:00:00,2071.0,2078.0,1946.0,1965.0,15148337.59629225,30413466730.059624
2024-09-02 09:00:00,1965.0,2065.0,1954.0,2056.0,16586090.37662143,33101322354.773087
2024-09-03 09:00:00,2055.0,2111.0,1923.0,1928.0,19952833.15746057,40456235658.006615
2024-09-04 09:00:00,1931.0,2022.0,1862.0,1989.0,20635383.01505951,40122809339.21003
2024-09-05 09:00:00,1990.0,2010.0,1865.0,1884.0,15119550.65614989,29246463933.231804
2024-09-06 09:00:00,1884.0,1956.0,1806.0,1864.0,23307182.98777206,43795196101.55663
2024-09-07 09:00:00,1864.0,1935.0,1848.0,1885.0,8835568.98863151,16712379975.876226
2024-09-08 09:00:00,1885.0,1948.0,1871.0,1924.0,10596250.17483022,20221119272.762955
2024-09-09 09:00:00,1924.0,2084.0,1909.0,2060.0,16979699.04671154,33732919967.070713
2024-09-10 09:00:00,2058.0,2228.0,2040.0,2180.0,17232468.99336876,36473327954.02341
2024-09-11 09:00:00,2180.0,2188.0,2055.0,2125.0,23795184.17321291,50421918077.22535
2024-09-12 09:00:00,2125.0,2227.0,2125.0,2203.0,21864903.85898917,47790058973.440636
2024-09-13 09:00:00,2203.0,2234.0,2125.0,2205.0,17527461.41217506,38195229432.13325
2024-09-14 09:00:00,2205.0,2210.0,2133.0,2158.0,9964339.95837365,21596633362.472385
2024-09-15 09:00:00,2158.0,2173.0,2077.0,2096.0,9711934.79873841,20768164454.834682
2024-09-16 09:00:00,2095.0,2096.0,1988.0,2011.0,13465093.24986415,27315898232.384586
2024-09-17 09:00:00,2010.0,2145.0,1982.0,2050.0,16319616.49317824,33706109896.53563
2024-09-18 09:00:00,2050.0,2099.0,1997.0,2098.0,19802119.96253299,40530181977.82123
2024-09-19 09:00:00,2099.0,2328.0,2066.0,2247.0,36047427.96561038,80299029427.27858
2024-09-20 09:00:00,2247.0,2417.0,2216.0,2328.0,23739894.64874555,55314179288.08658
2024-09-21 09:00:00,2331.0,2374.0,2295.0,2343.0,11970510.68378185,27922657299.981262
2024-09-22 09:00:00,2343.0,2347.0,2225.0,2309.0,11711118.10871756,26709693183.481033
2024-09-23 09:00:00,2309.0,2498.0,2258.0,2464.0,23053936.8140031,55452620474.96769
2024-09-24 09:00:00,2464.0,2640.0,2427.0,2602.0,27986633.22693531,71585994394.94284
2024-09-25 09:00:00,2602.0,2715.0,2490.0,2507.0,20542478.13516337,53680014367.515915
2024-09-26 09:00:00,2506.0,2727.0,2468.0,2628.0,22999044.12402337,60384832795.892395
2024-09-27 09:00:00,2628.0,2723.0,2601.0,2627.0,15048994.38543505,39967035229.07328
2024-09-28 09:00:00,2628.0,2664.0,2519.0,2581.0,10039707.08330563,25974401666.12868
2024-09-29 09:00:00,2581.0,2620.0,2505.0,2573.0,9032870.49292702,23083732154.31876
2024-09-30 09:00:00,2575.0,2616.0,2410.0,2435.0,16335886.7253846,40840282933.52674
2024-10-01 09:00:00,2435.0,2557.0,2195.0,2307.0,27731293.56970088,66220076438.127914
2024-10-02 09:00:00,2307.0,2394.0,2251.0,2335.0,19874757.43278582,46412090424.89304
2024-10-03 09:00:00,2334.0,2539.0,2311.0,2480.0,48510151.61746691,117888498686.8211
2024-10-04 09:00:00,2480.0,2699.0,2466.0,2537.0,45931215.09943269,117819307082.41103
2024-10-05 09:00:00,2537.0,2545.0,2395.0,2445.0,20246131.52234185,49992191054.10314
2024-10-06 09:00:00,2446.0,2488.0,2417.0,2474.0,16216702.83783457,39757271351.38905
2024-10-07 09:00:00,2474.0,2532.0,2372.0,2379.0,28924758.24045332,70969361513.67236
2024-10-08 09:00:00,2376.0,2403.0,2313.0,2346.0,16947654.53655291,39947635223.275055
2024-10-09 09:00:00,2343.0,2375.0,2234.0,2249.0,14594886.13140439,33520984242.31246
2024-10-10 09:00:00,2248.0,2295.0,2181.0,2277.0,14306856.45313126,32178922416.16531
2024-10-11 09:00:00,2279.0,2397.0,2247.0,2353.0,14362314.89740346,33344649147.46297
2024-10-12 09:00:00,2353.0,2407.0,2349.0,2364.0,9494880.18416856,22552582937.259113
2024-10-13 09:00:00,2364.0,2371.0,2267.0,2338.0,9543917.44056453,22200763095.56696
2024-10-14 09:00:00,2336.0,2473.0,2302.0,2457.0,21425929.1223982,51859704189.38863
2024-10-15 09:00:00,2457.0,2530.0,2391.0,2452.0,28022654.5856961,68684829920.6207
2024-10-16 09:00:00,2453.0,2575.0,2422.0,2510.0,26015634.39520798,65157057769.22261
2024-10-17 09:00:00,2509.0,2600.0,2430.0,2538.0,18712466.72511054,46863078554.95943
2024-10-18 09:00:00,2538.0,2651.0,2507.0,2624.0,17221461.64422172,44520945273.262505
2024-10-19 09:00:00,2624.0,2626.0,2543.0,2573.0,10448716.6656004,26963792122.848747
2024-10-20 09:00:00,2573.0,2635.0,2522.0,2616.0,8965188.94700786,23079993357.428574
2024-10-21 09:00:00,2617.0,2645.0,2474.0,2506.0,14642333.87758848,37432192841.516846
2024-10-22 09:00:00,2506.0,2529.0,2443.0,2501.0,10058591.07169721,25005056903.76934
2024-10-23 09:00:00,2501.0,2508.0,2401.0,2483.0,7716741.22713169,19009491418.52413
2024-10-24 09:00:00,2484.0,2531.0,2446.0,2500.0,8188512.71210561,20439737615.829483
2024-10-25 09:00:00,2501.0,2501.0,2210.0,2336.0,11506751.24998826,27728943722.417156
2024-10-26 09:00:00,2336.0,2383.0,2300.0,2369.0,6724770.10655384,15736882036.767664
2024-10-27 09:00:00,2369.0,2468.0,2349.0,2428.0,6694388.85524507,16100174411.2773
2024-10-28 09:00:00,2429.0,2495.0,2340.0,2456.0,16860212.60582291,40987102831.23669
2024-10-29 09:00:00,2455.0,2705.0,2444.0,2616.0,47855426.51807713,124802111947.11208
2024-10-30 09:00:00,2615.0,2615.0,2485.0,2500.0,17161315.13257191,43633667330.101364
2024-10-31 09:00:00,2500.0,2507.0,2341.0,2354.0,14826068.03891216,35924668542.04888
2024-11-01 09:00:00,2354.0,2394.0,2255.0,2302.0,14541405.59501043,33630291742.09583
2024-11-02 09:00:00,2303.0,2325.0,2240.0,2251.0,5838115.68958709,13324011318.58296
2024-11-03 09:00:00,2252.0,2256.0,2040.0,2125.0,10993842.32258402,23627887588.48305
2024-11-04 09:00:00,2125.0,2165.0,1993.0,2030.0,12204378.9697606,25195453506.4488
2024-11-05 09:00:00,2030.0,2187.0,2026.0,2107.0,13113067.26416604,27601392587.96899
2024-11-06 09:00:00,2107.0,2384.0,2104.0,2370.0,31941484.50797219,72895204721.92207
2024-11-07 09:00:00,2370.0,2411.0,2266.0,2306.0,17889681.20076894,41722123856.907036
2024-11-08 09:00:00,2306.0,2358.0,2249.0,2313.0,20547212.68104278,47284355192.65741
2024-11-09 09:00:00,2313.0,2424.0,2260.0,2393.0,20204068.90197574,46750785369.97398
2024-11-10 09:00:00,2394.0,2568.0,2362.0,2510.0,54564805.64422158,135062580525.31302
2024-11-11 09:00:00,2509.0,3085.0,2492.0,3071.0,144090929.10869542,410315433153.0503
2024-11-12 09:00:00,3072.0,3264.0,2702.0,2876.0,89756352.38197465,268806695969.8304
2024-11-13 09:00:00,2874.0,2937.0,2596.0,2771.0,40004211.05285516,110296558489.05939
2024-11-14 09:00:00,2771.0,2824.0,2504.0,2563.0,28346402.07711752,76222017063.71535
2024-11-15 09:00:00,2564.0,2666.0,2474.0,2649.0,25892911.63393651,66889801663.50976
2024-11-16 09:00:00,2650.0,2821.0,2614.0,2813.0,36521030.18806193,99220968669.99905
2024-11-17 09:00:00,2815.0,2850.0,2572.0,2626.0,27072375.80937779,73334531552.47928
2024-11-18 09:00:00,2623.0,2765.0,2597.0,2735.0,29824302.30354909,80032311923.8778
2024-11-19 09:00:00,2735.0,2778.0,2604.0,2653.0,24727942.71749838,66475462451.33392
2024-11-20 09:00:00,2656.0,2666.0,2502.0,2557.0,23666720.62310935,61192238936.0126
2024-11-21 09:00:00,2559.0,2766.0,2488.0,2689.0,64772323.11971007,173439896483.3105
2024-11-22 09:00:00,2686.0,2840.0,2510.0,2823.0,53643469.07396715,145455366825.58896
2024-11-23 09:00:00,2825.0,2984.0,2730.0,2880.0,62022875.78045779,176696253776.06583
2024-11-24 09:00:00,2878.0,2986.0,2616.0,2870.0,61093303.85603049,172669437690.48608
2024-11-25 09:00:00,2871.0,3328.0,2815.0,2954.0,151146667.25313383,469832096181.8712
2024-11-26 09:00:00,2953.0,3130.0,2840.0,2968.0,54289545.37306669,161405601666.4665
2024-11-27 09:00:00,2970.0,3107.0,2882.0,3097.0,31155284.15572612,92842781775.47162
2024-11-28 09:00:00,3097.0,3296.0,3061.0,3224.0,49190519.78776328,156227005833.25708
2024-11-29 09:00:00,3224.0,3253.0,3110.0,3239.0,25311232.54819278,80679799726.41434
2024-11-30 09:00:00,3239.0,3265.0,3144.0,3208.0,23220873.34653391,74167409589.91791
2024-12-01 09:00:00,3208.0,3456.0,3100.0,3286.0,36003413.28047272,118056913591.3943
2024-12-02 09:00:00,3286.0,3383.0,3010.0,3372.0,54621050.42617617,175208864724.83514
2024-12-03 09:00:00,3376.0,3599.0,1900.0,3502.0,91362365.04980849,295923692389.3258
2024-12-04 09:00:00,3495.0,3877.0,3447.0,3786.0,49130476.68613689,180640932486.39624
2024-12-05 09:00:00,3786.0,4250.0,3495.0,3890.0,97299303.87854178,389724736307.47656
2024-12-06 09:00:00,3890.0,3980.0,3636.0,3824.0,28793069.21064934,110128528908.35753
2024-12-07 09:00:00,3822.0,3869.0,3681.0,3705.0,10601634.23526752,39781617886.760376
2024-12-08 09:00:00,3702.0,3824.0,3581.0,3795.0,13288527.93591395,49166226836.87342
2024-12-09 09:00:00,3794.0,3800.0,2950.0,3217.0,35714289.88885113,121879896012.39445
2024-12-10 09:00:00,3217.0,3286.0,2902.0,3116.0,30013426.9720122,92663410672.54771
2024-12-11 09:00:00,3123.0,3412.0,2968.0,3391.0,17471831.70752753,55834961422.11599
2024-12-12 09:00:00,3392.0,3520.0,3315.0,3351.0,17689040.20889868,60568576757.440216
2024-12-13 09:00:00,3351.0,3398.0,3218.0,3311.0,10601128.82273978,34883272669.640144
2024-12-14 09:00:00,3304.0,3398.0,3132.0,3212.0,12887221.04494241,41919041825.44288
2024-12-15 09:00:00,3208.0,3523.0,3156.0,3505.0,31766324.7068507,107623984189.7729
2024-12-16 09:00:00,3506.0,3770.0,3480.0,3508.0,61365986.51813563,221669508595.20074
2024-12-17 09:00:00,3508.0,3549.0,3300.0,3337.0,31404886.00153904,107670869907.42023
2024-12-18 09:00:00,3330.0,3338.0,2954.0,2973.0,27813324.86657397,87939663468.70694
2024-12-19 09:00:00,2973.0,3055.0,2640.0,2712.0,42558655.65137336,122718489165.33469
2024-12-20 09:00:00,2712.0,2768.0,2372.0,2729.0,50421441.08798737,129818883301.98804
2024-12-21 09:00:00,2730.0,2838.0,2500.0,2513.0,30880167.36625725,81877080708.19862
2024-12-22 09:00:00,2521.0,2571.0,2422.0,2495.0,18427527.86736024,46204467285.567474
2024-12-23 09:00:00,2496.0,2612.0,2410.0,2565.0,22119485.27812503,55047266007.11921
2024-12-24 09:00:00,2568.0,2673.0,2483.0,2632.0,18470058.78505775,47665347278.87599
2024-12-25 09:00:00,2632.0,2638.0,2490.0,2504.0,19101293.74408266,48963488227.526794
2024-12-26 09:00:00,2509.0,2534.0,2346.0,2378.0,16305250.15347855,39312065394.000374
2024-12-27 09:00:00,2379.0,2469.0,2341.0,2370.0,12692899.1844574,30543501391.3665
2024-12-28 09:00:00,2369.0,2487.0,2345.0,2477.0,10477384.98539574,25293664360.32198
2024-12-29 09:00:00,2477.0,2482.0,2318.0,2347.0,10135083.85854029,24359500450.985138
2024-12-30 09:00:00,2347.0,2367.0,2195.0,2217.0,20953787.49978196,47642098050.31182
2024-12-31 09:00:00,2217.0,2398.0,2131.0,2295.0,46784223.41896905,107216070601.32632
2025-01-01 09:00:00,2295.0,2443.0,2227.0,2400.0,16801753.49212058,38904070333.84088
2025-01-02 09:00:00,2400.0,2492.0,2374.0,2462.0,15973539.53237643,38871448029.82761
2025-01-03 09:00:00,2463.0,2581.0,2402.0,2557.0,16916310.67393141,42117710322.61374
2025-01-04 09:00:00,2556.0,2589.0,2511.0,2549.0,11619941.56114974,29595984222.346214
2025-01-05 09:00:00,2549.0,2621.0,2505.0,2592.0,14388829.18484522,36764729286.504776
2025-01-06 09:00:00,2592.0,2750.0,2532.0,2684.0,22597152.07034297,59850784847.3061
2025-01-07 09:00:00,2686.0,2695.0,2395.0,2400.0,24061317.97665275,60873646377.50477
2025-01-08 09:00:00,2398.0,2423.0,2224.0,2311.0,23534527.409969,54610072350.583626
2025-01-09 09:00:00,2312.0,2334.0,2220.0,2265.0,15977474.20757481,36279932375.391365
2025-01-10 09:00:00,2270.0,2355.0,2256.0,2313.0,14910592.7905793,34380876300.21817
2025-01-11 09:00:00,2312.0,2329.0,2260.0,2299.0,7672642.89321208,17568544987.494637
2025-01-12 09:00:00,2299.0,2318.0,2258.0,2271.0,7306047.13681093,16725970801.574505
2025-01-13 09:00:00,2271.0,2308.0,2071.0,2193.0,20215581.84029362,43663715208.98507
2025-01-14 09:00:00,2189.0,2255.0,2161.0,2228.0,10208228.81410932,22603052210.665222
2025-01-15 09:00:00,2228.0,2366.0,2173.0,2366.0,14362586.13993755,32505276176.775505
2025-01-16 09:00:00,2366.0,2367.0,2261.0,2286.0,13158550.13370517,30369743862.071327
2025-01-17 09:00:00,2286.0,2480.0,2286.0,2459.0,20903748.66263897,50872920509.570435
2025-01-18 09:00:00,2460.0,2544.0,2305.0,2351.0,20564142.80605227,49698629724.34304
2025-01-19 09:00:00,2354.0,2388.0,2106.0,2153.0,22083528.35222822,49880068820.39937
2025-01-20 09:00:00,2158.0,2320.0,2081.0,2128.0,22666087.04200359,49554944520.09352
2025-01-21 09:00:00,2130.0,2244.0,2051.0,2198.0,15439492.64461472,32955033335.695587
2025-01-22 09:00:00,2204.0,2216.0,2100.0,2109.0,7403526.55177448,15979081207.693954
2025-01-23 09:00:00,2110.0,2145.0,2031.0,2088.0,10733654.57304476,22319869297.48149
2025-01-24 09:00:00,2091.0,2145.0,2023.0,2062.0,10500841.52452045,21915714928.844753
2025-01-25 09:00:00,2062.0,2107.0,2040.0,2087.0,5311625.37337622,11013931045.983831
2025-01-26 09:00:00,2086.0,2121.0,2023.0,2028.0,6699188.28545785,13960471490.686432
2025-01-27 09:00:00,2028.0,2035.0,1865.0,1947.0,18762278.62190522,36413290523.549286
2025-01-28 09:00:00,1947.0,1973.0,1880.0,1893.0,6242418.87226366,12110703793.378654
2025-01-29 09:00:00,1893.0,1969.0,1880.0,1915.0,5079874.09043978,9741208754.799343
2025-01-30 09:00:00,1917.0,2063.0,1904.0,1987.0,7555093.9176362,14941613081.999289
2025-01-31 09:00:00,1987.0,2091.0,1983.0,2039.0,13287683.97518934,27160689910.09869
2025-02-01 09:00:00,2034.0,2054.0,1883.0,1909.0,6967482.67784491,13813640565.265959
2025-02-02 09:00:00,1909.0,1935.0,1583.0,1634.0,21111314.90046693,37327492043.94309
2025-02-03 09:00:00,1636.0,1668.0,1341.0,1646.0,31635118.571223,47132349063.78082
2025-02-04 09:00:00,1646.0,1690.0,1528.0,1598.0,16294258.32217133,26161879571.209656
2025-02-05 09:00:00,1598.0,1622.0,1509.0,1520.0,6560524.17064631,10315147985.433088
2025-02-06 09:00:00,1520.0,1542.0,1392.0,1411.0,11665336.08293264,17107948592.640814
2025-02-07 09:00:00,1411.0,1474.0,1318.0,1352.0,10724008.37796086,14976061298.889767
2025-02-08 09:00:00,1350.0,1429.0,1311.0,1409.0,7692861.62990574,10356568932.824728
2025-02-09 09:00:00,1409.0,1422.0,1323.0,1382.0,9995353.86243005,13861030835.72604
2025-02-10 09:00:00,1382.0,1511.0,1335.0,1467.0,13049243.22293024,18788076143.54003
2025-02-11 09:00:00,1469.0,1529.0,1408.0,1423.0,10415745.77038822,15344153697.303976
2025-02-12 09:00:00,1425.0,1517.0,1364.0,1489.0,9344692.45011482,13260137893.550323
2025-02-13 09:00:00,1490.0,1523.0,1420.0,1443.0,7811267.47143843,11377678924.357157
2025-02-14 09:00:00,1444.0,1520.0,1430.0,1485.0,7444589.20977348,10973393474.130135
2025-02-15 09:00:00,1485.0,1493.0,1400.0,1411.0,5247222.78004993,7588006623.432337
2025-02-16 09:00:00,1415.0,1449.0,1385.0,1411.0,5324019.23127867,7532062576.740072
2025-02-17 09:00:00,1407.0,1450.0,1364.0,1389.0,7268191.92440501,10196958324.870724
2025-02-18 09:00:00,1389.0,1397.0,1285.0,1316.0,9415446.02568078,12522057994.210382
2025-02-19 09:00:00,1315.0,1355.0,1290.0,1330.0,4922567.9078351,6506875224.385133
2025-02-20 09:00:00,1326.0,1412.0,1321.0,1405.0,7660993.92234162,10500539068.203346
2025-02-21 09:00:00,1406.0,1437.0,1321.0,1343.0,7983077.71542128,11071403009.97379
2025-02-22 09:00:00,1343.0,1373.0,1330.0,1364.0,4527479.93209757,6132561297.773558
2025-02-23 09:00:00,1368.0,1401.0,1322.0,1342.0,5107863.41723821,6977122384.175421
2025-02-24 09:00:00,1342.0,1351.0,1120.0,1128.0,17136579.99576755,21049444060.41653
2025-02-25 09:00:00,1128.0,1170.0,1021.0,1145.0,23084543.14981687,25210211796.853573
2025-02-26 09:00:00,1145.0,1179.0,1105.0,1160.0,8398550.72606037,9618728012.77588
2025-02-27 09:00:00,1161.0,1338.0,1136.0,1225.0,40549175.06508274,51741400141.16955
2025-02-28 09:00:00,1225.0,1246.0,1132.0,1225.0,19059027.36480434,22549322466.163624
2025-03-01 09:00:00,1227.0,1255.0,1170.0,1208.0,9243093.47570626,11197384581.830873
2025-03-02 09:00:00,1208.0,1329.0,1172.0,1329.0,17802457.13661908,22382178154.116444
2025-03-03 09:00:00,1329.0,1331.0,1084.0,1100.0,17481143.28473222,21315766634.790146
2025-03-04 09:00:00,1102.0,1110.0,985.0,1053.0,21523134.96618274,22226829412.129906
2025-03-05 09:00:00,1053.0,1105.0,1027.0,1094.0,12201785.81097842,13038311347.855808
2025-03-06 09:00:00,1097.0,1137.0,1059.0,1077.0,12066665.56480538,13304600058.079086
2025-03-07 09:00:00,1078.0,1111.0,1015.0,1058.0,10769388.75738959,11479346289.662
2025-03-08 09:00:00,1058.0,1073.0,1010.0,1020.0,5712027.15078701,5894573750.293912
2025-03-09 09:00:00,1019.0,1029.0,915.0,936.0,11980124.92711318,11670364834.009035
2025-03-10 09:00:00,936.0,987.0,861.8,868.3,16111140.69863464,14944330559.594606
2025-03-11 09:00:00,870.6,929.6,815.8,907.9,15284167.68181186,13334508427.796627
2025-03-12 09:00:00,909.2,968.8,875.9,942.0,9859973.29739785,9130766058.067104
2025-03-13 09:00:00,941.8,954.0,892.5,914.2,6047776.57999797,5594755515.51541
2025-03-14 09:00:00,914.2,971.1,909.8,943.7,4809217.65088317,4516312688.341054
2025-03-15 09:00:00,943.7,977.6,942.4,968.2,3632397.8996268,3480438377.3450646
2025-03-16 09:00:00,966.6,968.1,903.0,909.2,5424148.42633779,5055344389.040903
2025-03-17 09:00:00,909.2,945.0,909.1,916.3,5732118.71500199,5285613451.2655525
2025-03-18 09:00:00,916.2,918.1,867.1,902.0,8597979.87231426,7671110908.525628
2025-03-19 09:00:00,900.9,977.7,894.4,968.9,9376792.59324114,8768232957.50453
2025-03-20 09:00:00,968.9,976.0,933.0,950.0,4102299.46839205,3903928862.176691
2025-03-21 09:00:00,950.2,957.0,906.5,918.5,4908240.47848089,4551030019.569683
2025-03-22 09:00:00,918.8,934.0,909.1,919.6,3622962.69030459,3339104373.2804637
2025-03-23 09:00:00,919.6,957.1,914.7,932.5,5434967.73389034,5082692283.295691
2025-03-24 09:00:00,933.2,1025.0,920.6,1009.0,11621203.9920309,11469129785.464787
2025-03-25 09:00:00,1009.0,1043.0,996.3,1030.0,7863625.74312678,8035821190.940854
2025-03-26 09:00:00,1030.0,1133.0,1023.0,1065.0,21375258.03756736,23126917149.72186
2025-03-27 09:00:00,1065.0,1142.0,1060.0,1075.0,14473434.00883518,15895616023.424515
2025-03-28 09:00:00,1075.0,1075.0,966.5,984.0,12005997.07936894,12151367884.462856
2025-03-29 09:00:00,984.0,987.0,917.0,929.0,7310772.17077559,6926195456.967332
2025-03-30 09:00:00,929.0,950.5,902.0,910.6,5960595.76353483,5536072312.207194
2025-03-31 09:00:00,910.9,928.0,882.0,906.4,6970746.18267721,6302376960.4464
2025-04-01 09:00:00,905.0,946.8,898.0,917.0,5141317.24080967,4752828896.238111
2025-04-02 09:00:00,917.0,942.0,845.0,857.9,10187238.07811834,9080034064.5196
2025-04-03 09:00:00,857.9,892.1,826.0,857.0,6149986.80465224,5258040625.627469
2025-04-04 09:00:00,858.1,903.5,835.3,885.2,5397216.55908893,4669651759.652266
2025-04-05 09:00:00,885.2,906.0,870.0,885.6,2765455.38142774,2465956772.373452
2025-04-06 09:00:00,884.9,906.4,777.7,797.3,10877403.26922829,9071680187.875534
2025-04-07 09:00:00,797.3,839.7,716.9,823.3,14839717.84457261,11556980888.928259
2025-04-08 09:00:00,823.4,864.0,795.0,802.1,7377468.92075657,6153303865.382429
2025-04-09 09:00:00,803.3,904.5,778.0,890.0,9843618.62997852,8289629648.795769
2025-04-10 09:00:00,890.0,920.0,853.6,878.7,8466148.01088282,7546368650.583343
2025-04-11 09:00:00,879.4,916.8,873.5,896.1,5285358.55074662,4764248197.529531
2025-04-12 09:00:00,896.1,948.0,880.5,938.9,5171395.30870178,4736745966.203345
2025-04-13 09:00:00,938.9,940.0,878.0,891.7,4976085.43496748,4551393210.657075
2025-04-14 09:00:00,890.7,919.7,866.9,873.2,7903473.88823757,7049441267.26448
2025-04-15 09:00:00,873.5,897.1,845.0,849.0,6413952.61096757,5586541382.427665
2025-04-16 09:00:00,849.2,860.4,823.0,837.6,5270216.48207233,4450526343.567474
2025-04-17 09:00:00,837.6,855.9,825.0,841.8,3852570.60641085,3245024591.189881
2025-04-18 09:00:00,842.7,869.2,833.1,857.3,3314676.07435059,2830144638.98113
2025-04-19 09:00:00,857.3,892.0,853.1,886.4,3201418.64691607,2798699431.307766
2025-04-20 09:00:00,886.4,939.0,873.0,914.8,10709508.96926348,9730838198.377853
2025-04-21 09:00:00,914.8,1050.0,911.0,1012.0,110165997.32279135,111058709279.07791
2025-04-22 09:00:00,1012.0,1189.0,994.3,1170.0,106264994.3113076,115756309454.15169
2025-04-23 09:00:00,1170.0,1181.0,1080.0,1118.0,48376227.94487006,55097282908.524055
2025-04-24 09:00:00,1118.0,1263.0,1062.0,1249.0,62688089.0322769,73550872298.6459
2025-04-25 09:00:00,1252.0,1335.0,1230.0,1254.0,48887873.80781603,62517226325.19204
2025-04-26 09:00:00,1255.0,1276.0,1203.0,1229.0,16174761.49369904,20032524148.699966
2025-04-27 09:00:00,1229.0,1348.0,1210.0,1213.0,42916799.99983545,55005471055.25881
2025-04-28 09:00:00,1212.0,1296.0,1179.0,1227.0,25116044.4069616,31009025413.081547
2025-04-29 09:00:00,1227.0,1282.0,1177.0,1194.0,25035575.61485325,30864996885.430622
2025-04-30 09:00:00,1194.0,1202.0,1107.0,1172.0,15145943.33483578,17500347534.265636
2025-05-01 09:00:00,1175.0,1229.0,1166.0,1205.0,10905167.49729899,13129466608.351957
2025-05-02 09:00:00,1205.0,1227.0,1154.0,1181.0,9930984.08642219,11826467772.893549
2025-05-03 09:00:00,1179.0,1187.0,1103.0,1110.0,7168594.95086465,8161551324.205547
2025-05-04 09:00:00,1109.0,1149.0,1083.0,1090.0,9124231.70714721,10193608866.582523
2025-05-05 09:00:00,1088.0,1110.0,1055.0,1099.0,8954406.22382299,9675498499.934172
2025-05-06 09:00:00,1097.0,1142.0,1038.0,1137.0,10496047.10752927,11419674816.952087
2025-05-07 09:00:00,1137.0,1281.0,1124.0,1275.0,43624016.15622759,52970421680.3703
2025-05-08 09:00:00,1275.0,1392.0,1251.0,1392.0,31375428.51783555,41329779198.033844
2025-05-09 09:00:00,1392.0,1394.0,1328.0,1356.0,21767882.4184103,29605366015.155758
2025-05-10 09:00:00,1356.0,1467.0,1351.0,1442.0,28027219.90859397,39855382631.02899
2025-05-11 09:00:00,1443.0,1488.0,1365.0,1396.0,15519880.79498418,22124422613.3
2025-05-12 09:00:00,1397.0,1447.0,1319.0,1395.0,15709870.33859877,22070086317.31191
2025-05-13 09:00:00,1395.0,1422.0,1310.0,1403.0,11638546.42939286,15906488977.21784
2025-05-14 09:00:00,1404.0,1415.0,1315.0,1327.0,9956889.44417148,13620190129.499027
2025-05-15 09:00:00,1325.0,1341.0,1225.0,1249.0,13566530.50855495,17131524734.364225
2025-05-16 09:00:00,1250.0,1299.0,1229.0,1243.0,8719164.28592364,11092229264.932137
2025-05-17 09:00:00,1244.0,1244.0,1193.0,1203.0,6872129.09524793,8338321536.972118
2025-05-18 09:00:00,1204.0,1286.0,1183.0,1255.0,8429132.50502625,10390061774.31873
2025-05-19 09:00:00,1255.0,1264.0,1158.0,1209.0,8188394.56377453,9787963734.922058
2025-05-20 09:00:00,1209.0,1245.0,1179.0,1240.0,6411299.01679058,7755809856.324997
2025-05-21 09:00:00,1240.0,1316.0,1208.0,1300.0,14467215.72319551,18379916686.74704
2025-05-22 09:00:00,1299.0,1420.0,1288.0,1388.0,22854220.18671768,31084191429.795006
2025-05-23 09:00:00,1388.0,1420.0,1251.0,1262.0,20759558.20474859,27899675113.142216
2025-05-24 09:00:00,1264.0,1293.0,1256.0,1263.0,6678805.26877949,8501422672.547737
2025-05-25 09:00:00,1264.0,1270.0,1201.0,1259.0,6574952.78966334,8131744334.615568
2025-05-26 09:00:00,1259.0,1268.0,1216.0,1232.0,5892073.0649625,7301174194.643865
2025-05-27 09:00:00,1232.0,1269.0,1198.0,1234.0,7000866.5070439,8629679179.858213
2025-05-28 09:00:00,1234.0,1236.0,1171.0,1198.0,7554213.85875213,9123315890.800434
2025-05-29 09:00:00,1198.0,1219.0,1141.0,1150.0,9274240.79313429,10935164965.9093
2025-05-30 09:00:00,1151.0,1157.0,1051.0,1057.0,12506286.61182351,13732353239.51418
2025-05-31 09:00:00,1057.0,1071.0,1004.0,1048.0,7435414.9613721,7701074351.029992
2025-06-01 09:00:00,1049.0,1067.0,1017.0,1059.0,4022745.72707318,4184870999.538507
2025-06-02 09:00:00,1059.0,1064.0,1015.0,1059.0,4690349.10746672,4851626786.888955
2025-06-03 09:00:00,1059.0,1122.0,1058.0,1095.0,6998358.16600419,7639026090.179843
2025-06-04 09:00:00,1095.0,1112.0,1039.0,1039.0,4693633.69033609,5040022500.191973
2025-06-05 09:00:00,1041.0,1053.0,941.3,966.9,10145515.63960968,10149602950.50501
2025-06-06 09:00:00,967.0,997.9,862.0,880.8,34789409.68389977,31895682846.248627
2025-06-07 09:00:00,880.9,934.0,879.7,925.2,19938373.72017526,18133944806.70027
2025-06-08 09:00:00,925.1,934.1,893.0,901.5,7596908.61560189,6926812875.849879
2025-06-09 09:00:00,901.5,958.0,891.0,957.9,8195174.40355543,7517796840.560679
2025-06-10 09:00:00,957.9,983.6,936.1,979.3,9299481.24090529,8925058118.04722
2025-06-11 09:00:00,979.1,993.3,935.9,948.4,7379048.42751548,7147162650.622781
2025-06-12 09:00:00,948.3,948.7,884.4,894.0,7806572.13260225,7166790292.970047
2025-06-13 09:00:00,894.0,894.0,835.0,886.2,9871003.78456154,8470440223.674955
2025-06-14 09:00:00,886.0,888.0,856.4,872.0,3246162.8995507,2849136501.344937
2025-06-15 09:00:00,871.9,884.0,842.4,861.9,3650470.36714813,3153399562.0888987
2025-06-16 09:00:00,862.0,912.8,847.4,878.0,5960520.41402466,5298753169.724507
2025-06-17 09:00:00,877.1,905.0,832.0,845.5,6797703.63809358,5882133984.98734
2025-06-18 09:00:00,846.9,864.0,814.5,854.8,6502620.57416439,5479646298.127013
2025-06-19 09:00:00,854.7,873.0,840.6,869.7,3610757.91430123,3096597494.588255
2025-06-20 09:00:00,869.7,903.0,837.0,853.0,7490599.63416545,6548528011.446397
2025-06-21 09:00:00,853.0,859.6,793.6,812.2,6779461.7314151,5606979273.648471
2025-06-22 09:00:00,814.5,829.0,729.6,781.6,13695374.97616689,10638027330.47478
2025-06-23 09:00:00,781.0,882.0,773.3,873.1,8058530.6114808,6579036969.424521
2025-06-24 09:00:00,873.1,934.0,864.0,910.9,15488173.59016034,13942966097.250349
2025-06-25 09:00:00,910.9,1019.0,908.3,923.8,67564579.17120002,64636129994.78871
2025-06-26 09:00:00,923.5,931.0,874.7,900.0,15303275.02503365,13851574898.436266
2025-06-27 09:00:00,900.0,919.7,882.0,905.0,11236009.90934455,10137410827.935963
2025-06-28 09:00:00,905.0,918.4,890.7,913.3,4876365.17071811,4409030141.368428
2025-06-29 09:00:00,914.9,951.4,901.3,943.0,5222010.00474975,4796541707.977447
2025-06-30 09:00:00,944.7,947.0,885.7,896.9,8054283.36269678,7312044359.405827
2025-07-01 09:00:00,897.0,908.0,869.2,872.4,6611785.46565338,5858736301.800473
2025-07-02 09:00:00,873.0,951.3,860.1,931.3,7493868.56569437,6788406101.220973
2025-07-03 09:00:00,931.3,964.3,929.0,934.5,6570947.07291319,6219808346.0956335
2025-07-04 09:00:00,934.6,945.1,874.0,886.0,7071191.59632517,6392030007.842694
2025-07-05 09:00:00,886.1,894.4,870.7,881.2,2861012.43657465,2525320496.753548
2025-07-06 09:00:00,881.2,909.8,872.2,895.6,3735024.21318724,3322845199.255549
2025-07-07 09:00:00,895.6,907.8,877.9,888.5,4264248.6996706,3805046038.8354387
2025-07-08 09:00:00,887.6,899.9,875.5,894.5,4116483.3255306,3647354285.593259
2025-07-09 09:00:00,894.5,947.6,886.8,937.3,6208634.04308691,5649088537.120451
2025-07-10 09:00:00,937.3,1009.0,925.0,1001.0,10239554.54372693,9837223975.270075
2025-07-11 09:00:00,1002.0,1055.0,975.0,996.0,13971292.74199392,14199973693.005806
2025-07-12 09:00:00,996.1,1026.0,974.0,1004.0,8350150.82039657,8384563333.469082
2025-07-13 09:00:00,1006.0,1085.0,1003.0,1066.0,13422374.54964033,14083190662.65504
2025-07-14 09:00:00,1068.0,1161.0,1060.0,1088.0,20275433.4063931,22622816891.47537
2025-07-15 09:00:00,1088.0,1114.0,1030.0,1111.0,14977675.05136216,15958423028.879938
2025-07-16 09:00:00,1110.0,1135.0,1082.0,1100.0,14056517.42498599,15589381042.559048
2025-07-17 09:00:00,1102.0,1166.0,1091.0,1154.0,23006680.72887083,25985870782.364517
2025-07-18 09:00:00,1154.0,1223.0,1112.0,1143.0,23139163.37624196,27290177847.85874
2025-07-19 09:00:00,1143.0,1167.0,1109.0,1163.0,10587142.12634745,12044111008.021793
2025-07-20 09:00:00,1163.0,1211.0,1148.0,1194.0,10877254.44168301,12807108951.548283
2025-07-21 09:00:00,1194.0,1244.0,1169.0,1201.0,14389211.98189715,17455160560.14043
2025-07-22 09:00:00,1201.0,1224.0,1133.0,1224.0,15766866.16411856,18495946019.225166
2025-07-23 09:00:00,1224.0,1224.0,1053.0,1088.0,20991002.29891788,23847631246.201138
2025-07-24 09:00:00,1088.0,1138.0,1045.0,1060.0,22879562.95700658,24985364004.92535
2025-07-25 09:00:00,1060.0,1105.0,1026.0,1103.0,9849286.76863997,10417457156.507248
2025-07-26 09:00:00,1103.0,1117.0,1083.0,1102.0,5379959.56968952,5924260905.657901
2025-07-27 09:00:00,1102.0,1183.0,1100.0,1171.0,10671409.84354163,12159157270.237703
2025-07-28 09:00:00,1171.0,1183.0,1078.0,1091.0,12118613.78566993,13793308416.350374
2025-07-29 09:00:00,1089.0,1114.0,1052.0,1092.0,7906762.23717056,8564495690.11714
2025-07-30 09:00:00,1092.0,1092.0,1030.0,1053.0,6112163.22709406,6451406041.639425
2025-07-31 09:00:00,1053.0,1067.0,999.9,1001.0,6178614.39968968,6416711747.56936
2025-08-01 09:00:00,1001.0,1013.0,938.0,955.0,12027936.49159239,11732955904.940899
2025-08-02 09:00:00,955.0,971.0,922.0,934.0,5779147.4449478,5463093641.605738
2025-08-03 09:00:00,933.0,969.0,919.4,963.0,3634114.56392159,3456961762.295648
2025-08-04 09:00:00,963.0,1002.0,952.0,995.0,5678612.05833088,5535600622.359171
2025-08-05 09:00:00,995.0,1036.0,941.0,962.0,8713621.13134332,8543439160.622991
2025-08-06 09:00:00,962.0,974.0,934.0,964.0,5281601.0938352,5030130860.242173
2025-08-07 09:00:00,964.0,1020.0,955.0,1020.0,5608477.95931437,5533843527.782297
2025-08-08 09:00:00,1020.0,1033.0,988.0,1013.0,8036954.15488459,8131101874.753693
2025-08-09 09:00:00,1013.0,1045.0,1011.0,1032.0,7462505.9178566,7692046518.30113
2025-08-10 09:00:00,1032.0,1065.0,1000.0,1035.0,12954057.80644876,13370880303.346073
2025-08-11 09:00:00,1034.0,1095.0,986.0,994.0,30158876.44757719,31711556952.97696
2025-08-12 09:00:00,994.0,1046.0,969.0,1031.0,17116189.35111373,17147085213.706736
2025-08-13 09:00:00,1030.0,1088.0,1015.0,1085.0,17989912.0622162,18756250479.78069
2025-08-14 09:00:00,1086.0,1105.0,980.0,1000.0,28187477.71522138,29283471422.719162
2025-08-15 09:00:00,1000.0,1013.0,961.0,989.0,12577563.63151522,12467044493.332956
2025-08-16 09:00:00,989.0,1000.0,975.0,996.0,5164524.32395963,5097892816.960816
2025-08-17 09:00:00,997.0,1020.0,989.0,999.0,6027547.15230109,6054655319.453138
2025-08-18 09:00:00,999.0,1000.0,950.0,962.0,10938261.02425664,10557449366.98064
2025-08-19 09:00:00,962.0,973.0,900.0,909.0,10154177.92326335,9493310754.822489
2025-08-20 09:00:00,909.0,951.0,906.0,948.0,7607304.18343034,7028773026.041002
2025-08-21 09:00:00,947.0,954.0,915.0,920.0,4797519.96453293,4470770251.64714
2025-08-22 09:00:00,920.0,985.0,890.0,979.0,12265631.10261872,11534746303.332655
2025-08-23 09:00:00,979.0,983.0,950.0,967.0,5546746.86471887,5348025530.708333
2025-08-24 09:00:00,967.0,976.0,932.0,944.0,6973884.05876862,6614449952.1507845
2025-08-25 09:00:00,944.0,950.0,871.0,885.0,13905977.26757667,12594322099.642773
2025-08-26 09:00:00,885.0,915.0,873.0,911.0,6291863.15042271,5628768154.39986
2025-08-27 09:00:00,910.0,914.0,891.0,897.0,5694328.76398382,5142708371.647399
2025-08-28 09:00:00,897.0,925.0,891.0,915.0,6293952.87784082,5721521665.568166
2025-08-29 09:00:00,915.0,924.0,856.0,872.0,11331580.99524558,10018269163.58808
2025-08-30 09:00:00,872.0,878.0,851.0,872.0,4714799.93675042,4082421136.3266606
2025-08-31 09:00:00,872.0,897.0,863.0,865.0,4713083.26792193,4154365177.335096
2025-09-01 09:00:00,865.0,879.0,827.0,850.0,10245672.97891544,8736491240.709566
2025-09-02 09:00:00,850.0,876.0,840.0,872.0,5398526.2569079,4633195636.625991
2025-09-03 09:00:00,874.0,894.0,870.0,880.0,7440228.39031549,6571504920.007945
2025-09-04 09:00:00,880.0,899.0,848.0,860.0,7678243.3668646,6714843874.734383
2025-09-05 09:00:00,860.0,882.0,853.0,872.0,5431799.0415445,4710452731.210599
2025-09-06 09:00:00,872.0,877.0,859.0,871.0,1763657.31837291,1531888257.412294
2025-09-07 09:00:00,871.0,886.0,869.0,878.0,2245479.20153799,1971830831.3064225
2025-09-08 09:00:00,878.0,906.0,874.0,896.0,4641026.07642327,4146186431.3576365
2025-09-09 09:00:00,898.0,948.0,889.0,895.0,8923357.64849298,8084379506.262123
2025-09-10 09:00:00,895.0,919.0,889.0,914.0,7973321.67859547,7219716431.602326
2025-09-11 09:00:00,913.0,978.0,912.0,944.0,34914284.58887295,33125044623.511276
2025-09-12 09:00:00,944.0,959.0,926.0,959.0,11151906.69877703,10524117808.664017
2025-09-13 09:00:00,959.0,971.0,946.0,970.0,10005214.89679111,9600274220.677853
2025-09-14 09:00:00,968.0,971.0,920.0,933.0,7123722.03360537,6716309785.049474
2025-09-15 09:00:00,931.0,938.0,885.0,902.0,9128067.75977768,8300341333.195484
2025-09-16 09:00:00,901.0,927.0,891.0,919.0,5253240.60384626,4785022540.36075
2025-09-17 09:00:00,919.0,940.0,893.0,934.0,7716624.91050545,7026708361.277618
2025-09-18 09:00:00,934.0,967.0,925.0,959.0,8882636.29858567,8422489831.136869
2025-09-19 09:00:00,959.0,970.0,913.0,920.0,7335390.73319626,6909172284.4893265
2025-09-20 09:00:00,920.0,934.0,911.0,925.0,3930155.55701744,3614880232.535278
2025-09-21 09:00:00,924.0,926.0,903.0,906.0,4326163.50842592,3957439901.188196
2025-09-22 09:00:00,906.0,909.0,848.0,863.0,12506901.56456682,10851571961.660627
2025-09-23 09:00:00,863.0,869.0,840.0,854.0,6049548.81319424,5184382178.652136
2025-09-24 09:00:00,854.0,863.0,834.0,845.0,5931010.59139118,5037426019.821818
2025-09-25 09:00:00,844.0,850.0,811.0,820.0,8575796.85321597,7117334903.969554
2025-09-26 09:00:00,820.0,838.0,814.0,837.0,4077284.89206405,3365932242.9285803
2025-09-27 09:00:00,838.0,838.0,820.0,828.0,2032523.10732736,1683616082.2467735
2025-09-28 09:00:00,828.0,842.0,805.0,839.0,3602724.67056683,2949315869.256176
2025-09-29 09:00:00,839.0,845.0,816.0,832.0,4499343.96373707,3744180945.842607
2025-09-30 09:00:00,833.0,835.0,806.0,817.0,3093175.67281807,2528331071.9020233
2025-10-01 09:00:00,816.0,860.0,812.0,860.0,5118302.37293493,4293168339.8999295
2025-10-02 09:00:00,860.0,884.0,855.0,883.0,5952846.60030068,5180909600.261834
2025-10-03 09:00:00,883.0,895.0,861.0,880.0,5440224.21037686,4771439089.470995
2025-10-04 09:00:00,881.0,883.0,850.0,862.0,3944552.79142838,3413027458.7872777
2025-10-05 09:00:00,862.0,886.0,850.0,860.0,6150282.5503649,5352412430.850242
2025-10-06 09:00:00,860.0,899.0,854.0,897.0,4806980.91891292,4210239696.60401
2025-10-07 09:00:00,897.0,959.0,863.0,864.0,38154133.55247112,35322459610.43766
2025-10-08 09:00:00,865.0,899.0,863.0,884.0,13291680.1823422,11695654976.154366
2025-10-09 09:00:00,884.0,884.0,853.0,868.0,7145574.83237246,6189841349.098399
2025-10-10 09:00:00,868.0,870.0,600.0,674.0,25857191.87040466,19473044077.960545
2025-10-11 09:00:00,679.0,720.0,632.0,651.0,18205046.82414782,12154348244.282555
2025-10-12 09:00:00,651.0,709.0,625.0,696.0,16316937.29172474,10865938994.527618
2025-10-13 09:00:00,697.0,736.0,689.0,728.0,12190540.52152914,8647198978.947355
2025-10-14 09:00:00,729.0,734.0,671.0,709.0,12169548.11036134,8518621420.506297
2025-10-15 09:00:00,708.0,719.0,683.0,694.0,6183809.75055638,4343924856.511408
2025-10-16 09:00:00,694.0,703.0,660.0,668.0,8554471.23797494,5845256841.208909
2025-10-17 09:00:00,666.0,674.0,615.0,649.0,12564617.75560561,8043622956.964494
2025-10-18 09:00:00,649.0,658.0,637.0,645.0,3620032.22418114,2349441732.4223924
2025-10-19 09:00:00,645.0,707.0,628.0,662.0,11322743.53447177,7586670483.74673
2025-10-20 09:00:00,663.0,687.0,651.0,663.0,8389298.99322374,5598789691.45671
2025-10-21 09:00:00,665.0,688.0,638.0,645.0,9136525.88617391,5994868132.2454195
2025-10-22 09:00:00,644.0,655.0,622.0,639.0,7203116.54240677,4617762723.289324
2025-10-23 09:00:00,639.0,655.0,633.0,650.0,4974343.28011509,3191312368.5393453
2025-10-24 09:00:00,650.0,679.0,648.0,671.0,6302565.36198679,4165778001.4464264
2025-10-25 09:00:00,671.0,674.0,661.0,667.0,2328212.27755985,1553411013.7363071
2025-10-26 09:00:00,666.0,700.0,662.0,695.0,7633271.10084984,5231641408.225172
2025-10-27 09:00:00,695.0,701.0,669.0,679.0,5869065.9362167,4030066056.4432936
2025-10-28 09:00:00,679.0,683.0,653.0,660.0,6243727.26949984,4199008540.125392
2025-10-29 09:00:00,658.0,675.0,642.0,659.0,6355237.35944663,4183654292.1958146
2025-10-30 09:00:00,657.0,666.0,598.0,617.0,10775482.69228712,6763696765.26725
2025-10-31 09:00:00,617.0,652.0,604.0,620.0,10506695.89285699,6511764142.899092
2025-11-01 09:00:00,620.0,640.0,617.0,632.0,4028926.47650311,2531282322.452893
2025-11-02 09:00:00,631.0,642.0,616.0,631.0,2737604.95324957,1723443917.511281
2025-11-03 09:00:00,631.0,631.0,546.0,553.0,16497680.75426819,9599556466.21297
2025-11-04 09:00:00,552.0,571.0,500.0,535.0,15905117.69786026,8554209773.424313
2025-11-05 09:00:00,535.0,544.0,495.0,543.0,12612460.05927974,6638197529.418662
2025-11-06 09:00:00,543.0,543.0,514.0,527.0,6362695.11527192,3369957772.509797
2025-11-07 09:00:00,527.0,626.0,527.0,612.0,18042111.97756511,10300692657.327171
2025-11-08 09:00:00,612.0,657.0,587.0,602.0,18312837.4625099,11456611998.183361
2025-11-09 09:00:00,600.0,674.0,579.0,628.0,20545291.31850281,13018105286.252232
2025-11-10 09:00:00,628.0,650.0,617.0,636.0,12456225.56915191,7884427705.32041
2025-11-11 09:00:00,636.0,668.0,615.0,619.0,12482488.01127692,7939495441.508252
2025-11-12 09:00:00,618.0,641.0,600.0,608.0,6936417.88198694,4302175268.555715
2025-11-13 09:00:00,608.0,619.0,568.0,583.0,8319441.39151945,4973212013.748975
2025-11-14 09:00:00,582.0,583.0,537.0,548.0,11460067.13154204,6409594321.255344
2025-11-15 09:00:00,548.0,562.0,538.0,545.0,6125697.12168569,3365823305.356937
2025-11-16 09:00:00,545.0,555.0,507.0,518.0,8383257.20261258,4453080571.886944
2025-11-17 09:00:00,518.0,536.0,499.0,505.0,8672109.21967422,4496054719.10269
2025-11-18 09:00:00,504.0,528.0,492.0,514.0,9497096.97782251,4785456080.861449
2025-11-19 09:00:00,514.0,525.0,486.0,510.0,8802790.33447234,4476353850.5691595
2025-11-20 09:00:00,510.0,522.0,484.0,492.0,7919550.6938003,4001245264.2424088
2025-11-21 09:00:00,492.0,500.0,442.0,470.0,15372529.35116131,7222738425.171178
2025-11-22 09:00:00,469.0,473.0,452.0,462.0,5776759.29130122,2661005253.5874724
2025-11-23 09:00:00,463.0,476.0,461.0,468.0,5314312.8593163,2495647420.9884763
2025-11-24 09:00:00,467.0,486.0,460.0,482.0,6805853.42810964,3209783486.653372
2025-11-25 09:00:00,481.0,485.0,467.0,479.0,4575039.49957249,2178902631.129806
2025-11-26 09:00:00,479.0,484.0,463.0,483.0,4740058.30325885,2249187562.3581934
2025-11-27 09:00:00,483.0,497.0,478.0,489.0,5815708.39793255,2842376701.731457
2025-11-28 09:00:00,489.0,503.0,481.0,491.0,4639968.81670443,2283967405.422994
2025-11-29 09:00:00,490.0,496.0,487.0,492.0,2388888.38113649,1174910186.3890066
2025-11-30 09:00:00,492.0,500.0,480.0,482.0,3132140.1403905,1535614258.8448935
2025-12-01 09:00:00,482.0,483.0,429.0,440.0,6983015.64384368,3109870330.3875294
2025-12-02 09:00:00,441.0,470.0,430.0,463.0,3431942.32244715,1535701988.2151978
2025-12-03 09:00:00,463.0,481.0,457.0,478.0,3708230.8797847,1741517430.0530105
2025-12-04 09:00:00,478.0,483.0,457.0,461.0,3881534.3905162,1831605750.356573
2025-12-05 09:00:00,460.0,463.0,431.0,439.0,4544662.09124368,2033279253.1660233
2025-12-06 09:00:00,438.0,450.0,437.0,445.0,2990335.86154751,1324775686.7146907
2025-12-07 09:00:00,446.0,454.0,430.0,440.0,3575200.88506536,1584988240.8308458
2025-12-08 09:00:00,440.0,456.0,436.0,449.0,2687863.36544551,1204136608.8261735
2025-12-09 09:00:00,449.0,480.0,441.0,467.0,3700737.91570729,1711614928.1794422
2025-12-10 09:00:00,468.0,476.0,453.0,457.0,4682616.82908708,2173756609.5723805
2025-12-11 09:00:00,456.0,457.0,432.0,443.0,4097477.48383197,1803743213.970396
2025-12-12 09:00:00,443.0,445.0,420.0,431.0,3340514.05485455,1442633019.7715068
2025-12-13 09:00:00,431.0,436.0,427.0,433.0,2340737.00249523,1008304308.1136473
2025-12-14 09:00:00,431.0,436.0,413.0,417.0,3096785.57600486,1308873682.960929
2025-12-15 09:00:00,417.0,424.0,387.0,395.0,8066658.94887321,3259978585.5217175
2025-12-16 09:00:00,393.0,398.0,383.0,393.0,4895756.38765128,1907000456.2496204
2025-12-17 09:00:00,391.0,402.0,368.0,376.0,4443688.58106397,1696025003.1102533
2025-12-18 09:00:00,376.0,385.0,353.0,359.0,6146099.24468404,2265667400.5581923
2025-12-19 09:00:00,359.0,383.0,352.0,379.0,5099731.18648199,1885554454.9940665
2025-12-20 09:00:00,378.0,387.0,378.0,382.0,2644555.96268122,1010625223.150462
2025-12-21 09:00:00,381.0,384.0,364.0,371.0,2534272.29473033,948279972.8456949
2025-12-22 09:00:00,371.0,380.0,367.0,371.0,3455963.59212828,1293706677.6970153
2025-12-23 09:00:00,371.0,374.0,357.0,365.0,3190840.254883,1159964855.287677
2025-12-24 09:00:00,365.0,370.0,350.0,367.0,4354716.21668831,1556606094.189574
2025-12-25 09:00:00,367.0,376.0,360.0,362.0,3079590.8700106,1143835227.4819891
2025-12-26 09:00:00,361.0,374.0,360.0,368.0,2907518.33755273,1068744129.1404521
2025-12-27 09:00:00,368.0,390.0,367.0,389.0,4685310.54631102,1776931039.5198128
2025-12-28 09:00:00,387.0,392.0,378.0,387.0,2980416.89082496,1150928135.083865
2025-12-29 09:00:00,387.0,390.0,371.0,373.0,4053573.55709934,1550136421.0270336
2025-12-30 09:00:00,372.0,377.0,366.0,369.0,2653565.92080169,985660041.0161268
2025-12-31 09:00:00,368.0,414.0,353.0,358.0,14706291.82703448,5649161406.324334
2026-01-01 09:00:00,358.0,385.0,351.0,382.0,6737741.15692064,2443670403.4912744
2026-01-02 09:00:00,382.0,401.0,377.0,400.0,5272564.6120899,2041644435.7256975
2026-01-03 09:00:00,400.0,458.0,399.0,438.0,48967112.00979755,21419497194.989746
2026-01-04 09:00:00,437.0,538.0,434.0,515.0,62366589.93715995,30267988918.28652
2026-01-05 09:00:00,514.0,558.0,500.0,545.0,40319502.86270632,21176479647.8326
2026-01-06 09:00:00,544.0,565.0,522.0,540.0,27484460.55395786,15091001227.761217
2026-01-07 09:00:00,541.0,544.0,503.0,508.0,10280044.72760822,5367512262.490236
2026-01-08 09:00:00,506.0,521.0,480.0,519.0,9851683.33463064,4937162063.669565
2026-01-09 09:00:00,518.0,560.0,502.0,551.0,11781555.38143394,6260449174.864291
2026-01-10 09:00:00,550.0,592.0,537.0,571.0,25117806.78231415,14289359782.669575
2026-01-11 09:00:00,570.0,592.0,555.0,564.0,15086114.40018235,8605336882.627893
2026-01-12 09:00:00,564.0,591.0,544.0,557.0,14399394.76153467,8137559666.940094
2026-01-13 09:00:00,556.0,590.0,554.0,579.0,15775303.88194927,9056216648.221773
2026-01-14 09:00:00,579.0,586.0,559.0,563.0,10659177.75428736,6123360914.737173
2026-01-15 09:00:00,563.0,570.0,536.0,541.0,9230139.76351428,5115570070.997535
2026-01-16 09:00:00,541.0,554.0,526.0,550.0,4785001.17053036,2578398291.563229
2026-01-17 09:00:00,550.0,554.0,533.0,536.0,5067586.07891346,2756019086.29494
2026-01-18 09:00:00,535.0,539.0,510.0,511.0,4275311.92944359,2245711217.7851124
2026-01-19 09:00:00,510.0,511.0,466.0,480.0,7848709.94526638,3825771658.618116
2026-01-20 09:00:00,480.0,480.0,446.0,449.0,5464369.24106027,2534313135.2493005
2026-01-21 09:00:00,449.0,477.0,447.0,468.0,6275564.32894535,2887750930.4007835
2026-01-22 09:00:00,468.0,492.0,462.0,468.0,7312311.55966939,3495193490.1709003
2026-01-23 09:00:00,468.0,481.0,451.0,457.0,6422842.38353802,2998848675.231193
2026-01-24 09:00:00,457.0,459.0,446.0,448.0,2911441.20237407,1318376340.5079648
2026-01-25 09:00:00,447.0,449.0,412.0,419.0,6996643.08560269,3013118400.8928266
2026-01-26 09:00:00,418.0,444.0,416.0,438.0,6734278.69345132,2905328970.8613253
2026-01-27 09:00:00,438.0,445.0,427.0,437.0,4118603.09321905,1795152438.0360203
2026-01-28 09:00:00,438.0,441.0,428.0,435.0,3499058.61060208,1519785465.3600214
2026-01-29 09:00:00,435.0,436.0,405.0,422.0,8753659.82768416,3674583745.581429
2026-01-30 09:00:00,421.0,433.0,400.0,432.0,6386589.33323433,2636015913.8849516
2026-01-31 09:00:00,432.0,434.0,357.0,392.0,10622209.67297101,4167419967.0230985
2026-02-01 09:00:00,392.0,396.0,365.0,376.0,7283983.75141289,2782616634.6091537
2026-02-02 09:00:00,377.0,439.0,367.0,430.0,17338448.93120151,7028298662.988142
2026-02-03 09:00:00,430.0,482.0,426.0,456.0,53197450.0616446,24160804199.242615
2026-02-04 09:00:00,455.0,459.0,404.0,410.0,19353790.42729759,8441715961.375151
2026-02-05 09:00:00,412.0,428.0,352.0,370.0,39609595.53082362,15756615571.871405
2026-02-06 09:00:00,369.0,424.0,327.0,413.0,27414603.48747392,10452175425.674849
2026-02-07 09:00:00,414.0,423.0,380.0,397.0,13600321.72540585,5479683269.250622
2026-02-08 09:00:00,396.0,471.0,395.0,402.0,60189739.72757213,25594825158.245567
2026-02-09 09:00:00,402.0,402.0,373.0,390.0,16687360.92773818,6472368685.023315
2026-02-10 09:00:00,390.0,390.0,374.0,377.0,8424595.20410316,3198642115.1082425
2026-02-11 09:00:00,377.0,388.0,361.0,378.0,11167630.32820877,4176171544.358285
2026-02-12 09:00:00,378.0,394.0,377.0,385.0,8483292.04166844,3271198581.214014
2026-02-13 09:00:00,385.0,410.0,380.0,396.0,8676803.67495189,3401925599.184885
2026-02-14 09:00:00,395.0,413.0,392.0,409.0,9546359.25549622,3843568297.290833
2026-02-15 09:00:00,408.0,415.0,386.0,397.0,9441277.12984693,3790079627.4686084
2026-02-16 09:00:00,395.0,403.0,387.0,396.0,5791475.19800619,2282119958.5030985
2026-02-17 09:00:00,396.0,397.0,382.0,387.0,4235371.76253187,1642408502.9236307
2026-02-18 09:00:00,387.0,392.0,373.0,376.0,4015592.68470591,1537927987.644262
2026-02-19 09:00:00,375.0,378.0,361.0,370.0,7232918.12413688,2664180050.776138
2026-02-20 09:00:00,370.0,382.0,364.0,377.0,5569817.60008791,2076711057.2450724
2026-02-21 09:00:00,378.0,382.0,373.0,375.0,3205991.971238,1208982274.3424675
2026-02-22 09:00:00,374.0,374.0,355.0,361.0,4490931.19118153,1635510377.9081857
2026-02-23 09:00:00,361.0,361.0,341.0,349.0,7572395.25218633,2636389976.09328
2026-02-24 09:00:00,349.0,355.0,337.0,348.0,6236448.88252463,2144050124.5838687
2026-02-25 09:00:00,348.0,397.0,346.0,382.0,9088662.87845811,3382872632.45375
2026-02-26 09:00:00,380.0,385.0,367.0,378.0,4972844.72594871,1879082277.9866025
2026-02-27 09:00:00,378.0,400.0,370.0,380.0,8173981.04688058,3148260443.1924667
2026-02-28 09:00:00,379.0,385.0,354.0,381.0,7667029.90967546,2815738704.1084657
2026-03-01 09:00:00,381.0,393.0,362.0,370.0,5138387.3494117,1939232729.6399179
2026-03-02 09:00:00,370.0,389.0,364.0,376.0,8025593.33382944,3009895081.551114
2026-03-03 09:00:00,375.0,385.0,369.0,377.0,6804235.09424189,2552992841.111279
2026-03-04 09:00:00,377.0,401.0,369.0,391.0,9500791.87606757,3661267095.876394
2026-03-05 09:00:00,390.0,399.0,382.0,388.0,5577198.95943969,2180965052.942562
2026-03-06 09:00:00,388.0,398.0,379.0,386.0,4626008.00725919,1795267390.2359567
2026-03-07 09:00:00,385.0,390.0,375.0,381.0,2474290.64955541,945704581.1633458
2026-03-08 09:00:00,380.0,383.0,369.0,372.0,5375139.72452091,2016643737.7082973
2026-03-09 09:00:00,372.0,384.0,369.0,372.0,5113401.26132834,1928966319.9508212
2026-03-10 09:00:00,372.0,398.0,370.0,380.0,6601943.29481227,2514241852.0733476
2026-03-11 09:00:00,380.0,383.0,372.0,375.0,6150070.57185275,2310532088.7623625
2026-03-12 09:00:00,375.0,376.0,367.0,375.0,4928038.19916333,1828663689.2124972
2026-03-13 09:00:00,374.0,395.0,373.0,377.0,9594919.82094406,3661774964.3590574
2026-03-14 09:00:00,376.0,378.0,363.0,371.0,6143850.85521951,2277250343.1611457
2026-03-15 09:00:00,371.0,379.0,368.0,378.0,5617949.49709321,2097857071.9359982
2026-03-16 09:00:00,378.0,397.0,374.0,397.0,17148466.58860437,6567363881.842232
2026-03-17 09:00:00,396.0,401.0,383.0,392.0,9556264.69158324,3739989100.706519
2026-03-18 09:00:00,390.0,396.0,370.0,375.0,9324768.31818917,3556495379.6481733
2026-03-19 09:00:00,375.0,376.0,358.0,367.0,6151323.71313209,2249457739.8658476
2026-03-20 09:00:00,367.0,375.0,362.0,368.0,5106323.39393689,1882679224.669786
2026-03-21 09:00:00,368.0,371.0,358.0,361.0,3169657.0205464,1159288782.7545
2026-03-22 09:00:00,360.0,363.0,345.0,348.0,6445151.03451487,2281892773.316264
2026-03-23 09:00:00,348.0,367.0,345.0,363.0,7335423.07426446,2618429558.981157
2026-03-24 09:00:00,362.0,364.0,355.0,363.0,3497616.68588135,1258946756.6828187
2026-03-25 09:00:00,362.0,368.0,359.0,363.0,3561009.93045125,1294910501.9067338
2026-03-26 09:00:00,362.0,364.0,350.0,354.0,5386917.61824391,1912492708.556026
2026-03-27 09:00:00,354.0,357.0,338.0,344.0,7694429.02110851,2646704252.8550944
2026-03-28 09:00:00,343.0,345.0,334.0,336.0,5161005.28722544,1747427925.6553094
2026-03-29 09:00:00,336.0,336.0,322.0,326.0,7126723.24708806,2355474573.025529
2026-03-30 09:00:00,326.0,343.0,326.0,333.0,3960160.03240665,1328448152.09546
2026-03-31 09:00:00,333.0,342.0,329.0,341.0,3563743.98874561,1196283470.4344068
2026-04-01 09:00:00,341.0,345.0,337.0,340.0,3957227.20000956,1349396562.8235397
2026-04-02 09:00:00,339.0,343.0,323.0,328.0,5616261.08104179,1856855055.167492
2026-04-03 09:00:00,328.0,332.0,324.0,329.0,2763899.83013905,906403818.8451263
2026-04-04 09:00:00,329.0,330.0,325.0,328.0,3211740.95955054,1051432297.9134736
2026-04-05 09:00:00,328.0,330.0,324.0,330.0,2014867.69412398,658923595.8634341
2026-04-06 09:00:00,330.0,342.0,326.0,329.0,5495865.62810498,1828255994.995502
2026-04-07 09:00:00,328.0,341.0,322.0,339.0,5843601.3215847,1921129886.046358
2026-04-08 09:00:00,339.0,339.0,327.0,328.0,4583471.1230932,1530876258.7782626
2026-04-09 09:00:00,329.0,337.0,326.0,330.0,4072068.97279232,1343345714.3925338
2026-04-10 09:00:00,330.0,333.0,318.0,331.0,11496859.47804133,3724305354.9835215
2026-04-11 09:00:00,331.0,331.0,320.0,325.0,4940313.68138289,1605715813.320227
2026-04-12 09:00:00,324.0,326.0,316.0,317.0,5688146.47026832,1818355417.9371207
2026-04-13 09:00:00,317.0,336.0,316.0,336.0,5639473.98947352,1822504138.9362538
2026-04-14 09:00:00,335.0,338.0,321.0,326.0,5542659.1978554,1829920881.5325305
2026-04-15 09:00:00,326.0,354.0,324.0,346.0,6820366.25788494,2301437293.260921
2026-04-16 09:00:00,347.0,365.0,342.0,357.0,6511014.63179897,2287906364.501803
2026-04-17 09:00:00,357.0,367.0,350.0,357.0,6022283.07090389,2155902918.5881567
2026-04-18 09:00:00,356.0,357.0,340.0,343.0,5906286.47929448,2055364337.7602787
2026-04-19 09:00:00,343.0,344.0,326.0,328.0,5885150.04368217,1973844061.746883
2026-04-20 09:00:00,328.0,337.0,326.0,333.0,4985465.35772296,1649460255.5248547
2026-04-21 09:00:00,332.0,335.0,327.0,333.0,3330055.84753584,1103050426.4620204
2026-04-22 09:00:00,333.0,344.0,331.0,336.0,4567994.06777526,1550981954.6958256
2026-04-23 09:00:00,335.0,341.0,330.0,339.0,5238379.69415052,1754822556.443981
2026-04-24 09:00:00,337.0,344.0,336.0,341.0,3725640.23095887,1267781944.7578676
2026-04-25 09:00:00,341.0,346.0,335.0,340.0,3946371.9915309,1346757889.4562523
2026-04-26 09:00:00,339.0,345.0,336.0,344.0,3321656.4534935,1131792877.565735
2026-04-27 09:00:00,344.0,349.0,332.0,338.0,5039550.29095251,1712932989.2259767
2026-04-28 09:00:00,338.0,338.0,331.0,334.0,2972424.45464567,991765026.7311937
2026-04-29 09:00:00,333.0,342.0,323.0,333.0,5041785.18192498,1678249528.9056451
2026-04-30 09:00:00,331.0,335.0,326.0,330.0,2328614.32300355,766905434.1813052
2026-05-01 09:00:00,330.0,335.0,329.0,331.0,1847877.59889281,612457046.7472361
2026-05-02 09:00:00,331.0,338.0,330.0,336.0,2556044.41376274,850179087.6523908
2026-05-03 09:00:00,336.0,337.0,331.0,332.0,2707777.78993246,901545758.7165709
2026-05-04 09:00:00,331.0,342.0,329.0,333.0,5716125.87611296,1916709780.9383736
2026-05-05 09:00:00,332.0,433.0,332.0,375.0,52126990.40162455,20012572367.124542
2026-05-06 09:00:00,374.0,378.0,355.0,369.0,20487117.67187249,7468226790.1254
2026-05-07 09:00:00,368.0,407.0,362.0,372.0,38053349.36325881,14656125187.330738
2026-05-08 09:00:00,372.0,395.0,370.0,391.0,22131149.2939588,8519659736.997781
2026-05-09 09:00:00,390.0,405.0,387.0,390.0,12372490.55015119,4914132055.72095
2026-05-10 09:00:00,389.0,396.0,383.0,395.0,8669360.18655735,3386154991.3755603
2026-05-11 09:00:00,395.0,399.0,379.0,399.0,8968672.27497823,3490347765.382574
2026-05-12 09:00:00,399.0,403.0,383.0,401.0,11906436.55848967,4671870579.287057
2026-05-13 09:00:00,401.0,441.0,392.0,397.0,30162680.85703916,12628885372.943155
2026-05-14 09:00:00,396.0,411.0,386.0,397.0,11823527.96468059,4713125144.447105
2026-05-15 09:00:00,396.0,400.0,369.0,373.0,11711786.0426285,4479201016.120333
2026-05-16 09:00:00,372.0,374.0,353.0,356.0,8032977.76643918,2913090895.527866
2026-05-17 09:00:00,356.0,360.0,341.0,350.0,6310278.42845862,2229107880.3961554
2026-05-18 09:00:00,349.0,357.0,341.0,353.0,6569426.0007559,2283328030.72777
2026-05-19 09:00:00,354.0,362.0,344.0,348.0,5019926.06293526,1772914259.4465313
2026-05-20 09:00:00,348.0,365.0,347.0,360.0,4635372.42830768,1651919286.381226
2026-05-21 09:00:00,360.0,376.0,357.0,373.0,5094110.29453008,1856994693.3436003
2026-05-22 09:00:00,372.0,383.0,360.0,362.0,6858438.44352977,2559378878.162363
2026-05-23 09:00:00,361.0,382.0,347.0,372.0,6485418.10383362,2347567377.3114395
2026-05-24 09:00:00,372.0,372.0,356.0,365.0,3408364.82092842,1246635975.5514371
2026-05-25 09:00:00,366.0,379.0,365.0,368.0,6369218.43489269,2367245248.730944
2026-05-26 09:00:00,369.0,376.0,359.0,360.0,6991713.88028089,2549708520.0935135
2026-05-27 09:00:00,359.0,362.0,342.0,343.0,6631942.03673551,2333098053.802004
2026-05-28 09:00:00,342.0,347.0,328.0,345.0,11569706.13270426,3884979115.2506485
2026-05-29 09:00:00,346.0,357.0,340.0,348.0,6402516.0639489,2228958080.766895
2026-05-30 09:00:00,349.0,358.0,347.0,350.0,4669906.51147471,1649948536.9546704
2026-05-31 09:00:00,350.0,356.0,342.0,353.0,4255239.20761769,1479963334.2031443
2026-06-01 09:00:00,353.0,356.0,334.0,342.0,6467012.67514304,2217636355.8848557
2026-06-02 09:00:00,342.0,343.0,310.0,315.0,16197914.65999745,5236647571.231152
2026-06-03 09:00:00,315.0,331.0,310.0,312.0,9335644.49261047,2991794175.483305
2026-06-04 09:00:00,312.0,315.0,284.0,287.0,25074897.60561757,7427811588.202269
2026-06-05 09:00:00,287.0,287.0,254.0,268.0,33834719.53906387,9092971211.65715
2026-06-06 09:00:00,268.0,278.0,255.0,275.0,8863852.79337012,2389095680.3994045
2026-06-07 09:00:00,275.0,290.0,273.0,283.0,5094322.14893205,1440698613.8945675
2026-06-08 09:00:00,283.0,286.0,275.0,279.0,5566739.39331422,1564921561.5653145
2026-06-09 09:00:00,279.0,279.0,265.0,273.0,5189815.46554964,1411199685.7048256
2026-06-10 09:00:00,273.0,276.0,260.0,265.0,4605826.82731374,1237837089.3876538
2026-06-11 09:00:00,263.0,282.0,263.0,276.0,5063848.46270579,1389074852.1880205
2026-06-12 09:00:00,277.0,281.0,269.0,271.0,4843961.92518622,1326640859.017105
2026-06-13 09:00:00,271.0,283.0,269.0,280.0,3335878.75030824,922425540.7446283
2026-06-14 09:00:00,280.0,296.0,277.0,294.0,7229798.81344181,2069269784.1936193
2026-06-15 09:00:00,294.0,302.0,287.0,292.0,6920788.15598096,2038860184.582378
2026-06-16 09:00:00,290.0,297.0,283.0,292.0,4458818.40355297,1291607570.5965776
2026-06-17 09:00:00,292.0,300.0,284.0,287.0,6251020.10522609,1818649260.6310058
2026-06-18 09:00:00,287.0,288.0,271.0,278.0,4846819.01781079,1353385008.3735707
2026-06-19 09:00:00,279.0,280.0,270.0,275.0,4481998.28293924,1228807764.713017
2026-06-20 09:00:00,275.0,279.0,270.0,279.0,3809120.48401775,1044909935.8043183
2026-06-21 09:00:00,279.0,280.0,267.0,268.0,3674305.33626775,1009756845.7965156
2026-06-22 09:00:00,268.0,287.0,266.0,272.0,7223601.76700812,1976656190.6246467
2026-06-23 09:00:00,272.0,281.0,260.0,269.0,8134977.97256877,2192171812.6413608
2026-06-24 09:00:00,269.0,271.0,248.0,261.0,10322378.45348838,2673092000.896149
2026-06-25 09:00:00,261.0,267.0,244.0,250.0,11294763.10435044,2875830086.626068
2026-06-26 09:00:00,250.0,258.0,241.0,258.0,8934739.58577694,2224616318.3942804
2026-06-27 09:00:00,258.0,261.0,254.0,255.0,3740715.99783121,965330857.6997771
2026-06-28 09:00:00,255.0,257.0,248.0,251.0,4208599.08739546,1065585955.5495223
2026-06-29 09:00:00,251.0,258.0,249.0,253.0,3597139.78281094,911220521.2319969
2026-06-30 09:00:00,253.0,253.0,244.0,246.0,4957743.3468574,1228617203.8079038
2026-07-01 09:00:00,246.0,260.0,241.0,252.0,6135241.88686327,1525548615.6225252
2026-07-02 09:00:00,251.0,256.0,248.0,253.0,10605896.50210505,2674640618.767308
2026-07-03 09:00:00,252.0,263.0,250.0,262.0,7590519.86783259,1941980679.0891438
2026-07-04 09:00:00,261.0,267.0,256.0,262.0,5591758.91091246,1455667806.081047
2026-07-05 09:00:00,262.0,262.0,254.0,260.0,3834363.4420605,986045942.8743678
2026-07-06 09:00:00,260.0,261.0,249.0,257.0,6344086.94653443,1621701530.8911288
2026-07-07 09:00:00,258.0,259.0,245.0,248.0,6983292.94691039,1749110176.4929752
2026-07-08 09:00:00,247.0,258.0,240.0,249.0,9230762.95612572,2267015000.1357393
2026-07-09 09:00:00,249.0,259.0,248.0,253.0,4216251.57635687,1066140675.5009482
2026-07-10 09:00:00,253.0,262.0,252.0,257.0,4944356.02225549,1269611884.4128828
2026-07-11 09:00:00,255.0,264.0,255.0,257.0,3748771.37629627,970725284.1191607
2026-07-12 09:00:00,256.0,267.0,252.0,253.0,5167874.31813653,1343753721.8817563
2026-07-13 09:00:00,252.0,256.0,241.0,247.0,8955425.75422217,2197102316.3247705
2026-07-14 09:00:00,247.0,250.0,242.0,249.0,6660247.33248491,1631321148.7981908
2026-07-15 09:00:00,249.0,254.0,245.0,248.0,5086111.35366788,1266585044.5297
2026-07-16 09:00:00,248.0,252.0,242.0,247.0,4829126.15838368,1188050325.487473
2026-07-17 09:00:00,247.0,247.0,241.0,243.0,4057181.79865202,987384803.1958432
2026-07-18 09:00:00,243.0,247.0,241.0,244.0,2880736.44961179,703106334.603726
2026-07-19 09:00:00,244.0,246.0,239.0,241.0,4683515.48106381,1134383337.549456
2026-07-20 09:00:00,241.0,244.0,237.0,242.0,4984719.26348837,1197977266.0223227
2026-07-21 09:00:00,242.0,248.0,241.0,245.0,4510868.24182412,1104292410.2249813
2026-07-22 09:00:00,245.0,248.0,242.0,248.0,3609311.23295789,881301221.409001
2026-07-23 09:00:00,247.0,247.0,241.0,242.0,3457939.71155418,838968356.7456496
2026-07-24 09:00:00,242.0,242.0,207.0,213.0,71545404.7899029,15383137349.153929
2026-07-25 09:00:00,213.0,213.0,197.0,201.0,37921741.90811479,7663279255.062616
2026-07-26 09:00:00,201.0,214.0,198.0,213.0,24708707.58892126,5069544479.6855
2026-07-27 09:00:00,213.0,215.0,195.0,197.0,14066491.33508963,2893443721.126265
2026-07-28 09:00:00,197.0,205.0,190.0,201.0,13530170.49810879,2639856069.484529
2026-07-29 09:00:00,200.0,202.0,190.0,193.0,7755589.28803135,1500982111.6580229
2026-07-30 09:00:00,192.0,199.0,190.0,199.0,4813093.58610433,933011987.3995678
2026-07-31 09:00:00,198.0,202.0,195.0,198.0,5228664.8151201,1035158554.8389534
2026-08-01 09:00:00,198.0,201.0,194.0,201.0,2773372.03190806,544742394.5299217
2026-08-02 09:00:00,201.0,203.0,198.0,200.0,5947466.21958565,1192118305.1009371
2026-08-03 09:00:00,200.0,200.0,192.0,198.0,6257530.98588483,1222946586.0083025
2026-08-04 09:00:00,197.0,197.0,191.0,193.0,5421347.58684477,1050918448.1775596
2026-08-05 09:00:00,192.0,193.0,187.0,190.0,4991225.97148205,948558673.4984161
2026-08-06 09:00:00,190.0,190.0,183.0,185.0,5532189.53095741,1032820780.5037647
2026-08-07 09:00:00,185.0,187.0,181.0,183.0,4090866.95907838,752671899.0242314
2026-08-08 09:00:00,182.0,188.0,182.0,187.0,4647125.97671428,861945968.6201042
2026-08-09 09:00:00,187.0,187.0,183.0,183.0,3273490.05547504,606815911.6037842
2026-08-10 09:00:00,183.0,188.0,182.0,185.0,4740712.49864596,879878849.6060482
2026-08-11 09:00:00,184.0,187.0,177.0,181.0,6868124.46389805,1242367038.8115942
2026-08-12 09:00:00,180.0,181.0,171.0,174.0,10080729.14845882,1770372259.6707346
2026-08-13 09:00:00,174.0,176.0,172.0,176.0,5696962.69346075,991550539.7919589
2026-08-14 09:00:00,176.0,176.0,170.0,173.0,5842982.66249492,1009311900.3431224
2026-08-15 09:00:00,173.0,176.0,172.0,172.0,2504743.44884238,435323035.4747944
2026-08-16 09:00:00,173.0,174.0,169.0,174.0,2513799.6751413,432809107.40078956
2026-08-17 09:00:00,173.0,174.0,170.0,171.0,3278056.98057056,561724957.2649431
2026-08-18 09:00:00,170.0,171.0,165.0,169.0,4297033.52429496,719900438.9286385
2026-08-19 09:00:00,169.0,178.0,165.0,177.0,7069433.40143108,1203999148.429214
2026-08-20 09:00:00,177.0,202.0,176.0,202.0,16242818.61510201,3069892450.5687594
2026-08-21 09:00:00,202.0,263.0,200.0,261.0,39374997.51503185,9015467792.180128
2026-08-22 09:00:00,261.0,315.0,245.0,301.0,66403009.35835121,18655715996.53719
2026-08-23 09:00:00,301.0,335.0,279.0,322.0,46615958.08122827,14440028131.645401
2026-08-24 09:00:00,321.0,341.0,304.0,318.0,25304685.4444206,8162099398.870901
2026-08-25 09:00:00,318.0,399.0,317.0,361.0,102198595.45809582,37763195674.28797
2026-08-26 09:00:00,362.0,404.0,358.0,374.0,77928596.4017926,29634543192.113064
2026-08-27 09:00:00,374.0,375.0,348.0,355.0,26889513.60949473,9631621578.410797
2026-08-28 09:00:00,355.0,382.0,344.0,360.0,35340438.62715956,12863150865.34678
2026-08-29 09:00:00,361.0,362.0,333.0,339.0,19679302.75653568,6777873270.235434
2026-08-30 09:00:00,339.0,351.0,324.0,324.0,16024035.60484906,5411051354.793649
2026-08-31 09:00:00,324.0,352.0,323.0,347.0,20321776.38788084,6903562186.590838
2026-09-01 09:00:00,347.0,356.0,344.0,351.0,5021793.76359552,1760255596.7228081
