,open,high,low,close,volume,value
2021-09-28 09:00:00,776.0,780.0,725.0,728.0,43293009.76795682,32627736479.391193
2021-09-29 09:00:00,728.0,767.0,712.0,738.0,33649416.97784044,24988849705.54115
2021-09-30 09:00:00,737.0,823.0,735.0,820.0,56291677.99071669,44333421384.87125
2021-10-01 09:00:00,820.0,994.0,805.0,981.0,182206236.321294,166328944369.83676
2021-10-02 09:00:00,982.0,1025.0,937.0,962.0,140932337.5734002,137750873814.5562
2021-10-03 09:00:00,963.0,1060.0,921.0,1060.0,119071174.37973277,116955155445.03098
2021-10-04 09:00:00,1055.0,1065.0,970.0,1010.0,166415136.94515857,168968041019.85236
2021-10-05 09:00:00,1010.0,1010.0,943.0,967.0,73738038.03587686,71834194756.53148
2021-10-06 09:00:00,967.0,1020.0,893.0,993.0,114129406.83880435,110263231937.85263
2021-10-07 09:00:00,992.0,993.0,939.0,976.0,52784510.18812916,50698224672.99443
2021-10-08 09:00:00,976.0,998.0,944.0,957.0,62565739.79968233,60300453346.78689
2021-10-09 09:00:00,957.0,988.0,945.0,977.0,42571492.35192339,40888007990.721535
2021-10-10 09:00:00,975.0,977.0,926.0,929.0,27524123.11641435,26214904811.238987
2021-10-11 09:00:00,928.0,946.0,904.0,916.0,30402202.29489323,28168307069.145855
2021-10-12 09:00:00,916.0,919.0,847.0,891.0,34625183.42500888,30417617099.101334
2021-10-13 09:00:00,890.0,912.0,872.0,907.0,25170789.21979783,22408531888.526684
2021-10-14 09:00:00,907.0,974.0,893.0,951.0,62623217.12085913,58863522980.88599
2021-10-15 09:00:00,951.0,969.0,874.0,909.0,55622056.60781867,51175432761.563446
2021-10-16 09:00:00,909.0,923.0,893.0,920.0,16580805.96012114,15087635227.439846
2021-10-17 09:00:00,921.0,936.0,882.0,892.0,14941119.20190782,13630818510.343702
2021-10-18 09:00:00,890.0,949.0,885.0,907.0,58697237.30930126,53710004384.579994
2021-10-19 09:00:00,908.0,909.0,890.0,899.0,12095318.87233465,10884755592.716913
2021-10-20 09:00:00,900.0,958.0,891.0,941.0,22993022.7382977,21220049022.862904
2021-10-21 09:00:00,940.0,970.0,924.0,926.0,27999738.21315532,26461067787.404446
2021-10-22 09:00:00,925.0,947.0,913.0,927.0,16009283.69601481,14924893504.233345
2021-10-23 09:00:00,928.0,935.0,910.0,934.0,8216344.59227364,7582483650.871114
2021-10-24 09:00:00,935.0,972.0,933.0,971.0,38244258.26812637,36459634350.5619
2021-10-25 09:00:00,971.0,998.0,939.0,975.0,50292751.99044534,48959313758.525154
2021-10-26 09:00:00,975.0,1045.0,965.0,1005.0,49060316.78307602,49320108120.501114
2021-10-27 09:00:00,1005.0,1075.0,870.0,941.0,103599689.38941431,101507592098.31313
2021-10-28 09:00:00,941.0,1135.0,912.0,1130.0,126416974.43627185,130415219907.0361
2021-10-29 09:00:00,1130.0,1440.0,1095.0,1395.0,323954331.5511241,418524455633.336
2021-10-30 09:00:00,1390.0,2795.0,1270.0,2125.0,899275953.8794948,1607033680680.7837
2021-10-31 09:00:00,2130.0,2915.0,1710.0,1855.0,437192760.1866943,1035576999073.1968
2021-11-01 09:00:00,1855.0,2985.0,1815.0,2525.0,765895531.9914203,1843735166429.2747
2021-11-02 09:00:00,2530.0,4250.0,2465.0,3620.0,918925826.7715422,3052491176789.878
2021-11-03 09:00:00,3600.0,4075.0,3145.0,3810.0,568844590.2005863,2085285396902.7673
2021-11-04 09:00:00,3815.0,3910.0,3155.0,3245.0,225541032.2088244,795603936730.4932
2021-11-05 09:00:00,3260.0,3380.0,2980.0,3115.0,139759513.91435668,446854217761.664
2021-11-06 09:00:00,3110.0,3450.0,3065.0,3275.0,129591622.76472351,424221381372.6881
2021-11-07 09:00:00,3280.0,3325.0,3170.0,3255.0,35088854.71620691,113563309394.8991
2021-11-08 09:00:00,3250.0,3275.0,3010.0,3105.0,51949720.50052071,160289196543.14484
2021-11-09 09:00:00,3105.0,3110.0,2850.0,2875.0,52680630.94568109,155801207197.15793
2021-11-10 09:00:00,2875.0,3180.0,2580.0,2825.0,106994356.62985829,316706090225.58563
2021-11-11 09:00:00,2825.0,3095.0,2755.0,2950.0,45908350.50957428,132283875162.51927
2021-11-12 09:00:00,2950.0,3435.0,2890.0,3200.0,160177692.0835109,513355484944.15857
2021-11-13 09:00:00,3200.0,3905.0,3140.0,3380.0,266341321.9098235,952536923638.0752
2021-11-14 09:00:00,3380.0,3615.0,3340.0,3445.0,77414482.08996882,268240107687.68814
2021-11-15 09:00:00,3445.0,3630.0,3310.0,3410.0,69944823.47201385,243916118989.4557
2021-11-16 09:00:00,3410.0,4200.0,2965.0,4000.0,262812070.93894792,957670688491.2174
2021-11-17 09:00:00,4000.0,4680.0,3820.0,4610.0,251321517.41381758,1054702499424.7911
2021-11-18 09:00:00,4610.0,5825.0,4345.0,5350.0,279176558.1038949,1405727935925.568
2021-11-19 09:00:00,5335.0,5640.0,4970.0,5455.0,143138717.56631505,761729217834.9838
2021-11-20 09:00:00,5455.0,5500.0,5025.0,5210.0,71182150.71826564,370214483767.8064
2021-11-21 09:00:00,5205.0,5485.0,4775.0,4995.0,67996041.06495726,349929885791.92694
2021-11-22 09:00:00,4995.0,6320.0,4685.0,6280.0,134860295.15264705,731208229521.8359
2021-11-23 09:00:00,6270.0,7100.0,6015.0,6670.0,178516724.53792137,1178834284499.1357
2021-11-24 09:00:00,6675.0,9970.0,6540.0,9370.0,352356731.0719248,3018966463664.599
2021-11-25 09:00:00,9370.0,10590.0,8340.0,8910.0,276140551.067176,2599763552287.856
2021-11-26 09:00:00,8900.0,9665.0,8225.0,9000.0,166353542.62784758,1502576655281.782
2021-11-27 09:00:00,9025.0,9080.0,7950.0,8385.0,93963941.47973742,791423010888.8473
2021-11-28 09:00:00,8390.0,9590.0,7355.0,9495.0,223866412.58252022,1906966819552.0918
2021-11-29 09:00:00,9495.0,9995.0,8675.0,8740.0,164809441.62974828,1535688846854.528
2021-11-30 09:00:00,8740.0,8965.0,8330.0,8435.0,82392141.46604687,710289662191.085
2021-12-01 09:00:00,8430.0,8725.0,7945.0,8180.0,50890301.52858275,418920428278.3662
2021-12-02 09:00:00,8180.0,8555.0,7550.0,8355.0,71426642.06984808,570189951878.0767
2021-12-03 09:00:00,8360.0,8620.0,7460.0,7650.0,59579847.86041122,476880037505.9324
2021-12-04 09:00:00,7650.0,7795.0,5640.0,7685.0,264471690.52972737,1829027319266.3555
2021-12-05 09:00:00,7690.0,7770.0,6535.0,6790.0,99445280.60613881,701342682208.6888
2021-12-06 09:00:00,6790.0,7135.0,5975.0,6830.0,132704862.97167596,850701650375.6713
2021-12-07 09:00:00,6825.0,7105.0,6525.0,6620.0,74859378.6381957,510848774690.23846
2021-12-08 09:00:00,6620.0,6905.0,6250.0,6590.0,55846977.46730806,364900576157.4917
2021-12-09 09:00:00,6595.0,7035.0,6360.0,6490.0,93967640.9447887,631882989523.1848
2021-12-10 09:00:00,6485.0,6670.0,6120.0,6170.0,53636535.37512763,343297674395.74207
2021-12-11 09:00:00,6165.0,6380.0,6005.0,6290.0,24009136.6161808,148829107052.8538
2021-12-12 09:00:00,6290.0,6840.0,6270.0,6790.0,58556354.01540934,387057139697.8543
2021-12-13 09:00:00,6790.0,6980.0,5960.0,6030.0,67779481.46348327,436093410269.72534
2021-12-14 09:00:00,6030.0,6165.0,5640.0,5930.0,74851682.6162099,441751570411.25055
2021-12-15 09:00:00,5925.0,6565.0,5530.0,6430.0,75288851.84048839,453832838301.6011
2021-12-16 09:00:00,6430.0,6760.0,6150.0,6205.0,56201646.52523863,364111202454.638
2021-12-17 09:00:00,6205.0,6365.0,5910.0,6180.0,43203957.82689989,266026078543.17288
2021-12-18 09:00:00,6180.0,6570.0,6070.0,6420.0,35062401.57426822,222384037324.4516
2021-12-19 09:00:00,6425.0,6570.0,6225.0,6270.0,25974010.39475111,166515347890.7876
2021-12-20 09:00:00,6265.0,6300.0,5905.0,6135.0,27829265.42617135,168995842938.59625
2021-12-21 09:00:00,6135.0,6410.0,6005.0,6325.0,25544107.81049356,159206746449.74878
2021-12-22 09:00:00,6325.0,6445.0,6210.0,6300.0,24519452.25337779,155604820684.89948
2021-12-23 09:00:00,6305.0,7680.0,6205.0,7660.0,77930932.68969515,541839979127.9734
2021-12-24 09:00:00,7655.0,7845.0,7040.0,7145.0,84185656.65523323,632683568388.2119
2021-12-25 09:00:00,7150.0,8245.0,7070.0,8135.0,99855610.91116625,785062601246.0463
2021-12-26 09:00:00,8135.0,8490.0,7950.0,8125.0,83845228.96160215,687968874821.1093
2021-12-27 09:00:00,8130.0,8190.0,7750.0,7805.0,40392736.52687957,322453866828.8615
2021-12-28 09:00:00,7805.0,7845.0,7100.0,7190.0,72310638.4992599,542446047246.8251
2021-12-29 09:00:00,7195.0,7485.0,7015.0,7135.0,65556887.59085294,473980243890.7918
2021-12-30 09:00:00,7135.0,7360.0,6870.0,7170.0,44053453.73701347,312169534093.7633
2021-12-31 09:00:00,7170.0,7480.0,7030.0,7175.0,36270461.94356703,264668498742.64053
2022-01-01 09:00:00,7175.0,7340.0,7130.0,7260.0,16263822.66525989,117823451742.3829
2022-01-02 09:00:00,7260.0,7295.0,7085.0,7195.0,24315719.63021931,174374025859.90326
2022-01-03 09:00:00,7195.0,7280.0,6835.0,6955.0,26665274.57673477,188006270395.172
2022-01-04 09:00:00,6955.0,6970.0,6605.0,6680.0,29422317.85417282,200133834918.19342
2022-01-05 09:00:00,6680.0,6890.0,5905.0,6200.0,45138459.25558499,288027402476.6394
2022-01-06 09:00:00,6200.0,6675.0,5820.0,6480.0,78776844.15127297,493228202248.9502
2022-01-07 09:00:00,6475.0,6540.0,5910.0,6010.0,49007596.11480329,299475979609.0341
2022-01-08 09:00:00,6010.0,6215.0,5630.0,5795.0,30551341.87157467,180965431128.4893
2022-01-09 09:00:00,5795.0,6135.0,5715.0,5815.0,38320681.57383302,225404350884.11365
2022-01-10 09:00:00,5815.0,5870.0,5190.0,5460.0,57960554.70264436,317638663554.549
2022-01-11 09:00:00,5460.0,5830.0,5300.0,5785.0,46201487.6272713,253855226794.48694
2022-01-12 09:00:00,5785.0,6420.0,5740.0,6235.0,62291513.93002987,381157613699.7083
2022-01-13 09:00:00,6235.0,6350.0,5845.0,5920.0,47792306.45129303,292762881412.9972
2022-01-14 09:00:00,5925.0,6035.0,5690.0,5940.0,34795095.58394814,204763481441.34552
2022-01-15 09:00:00,5940.0,5960.0,5830.0,5895.0,14902157.43142147,87858488577.42276
2022-01-16 09:00:00,5895.0,6120.0,5780.0,5940.0,19683772.25240095,116379082383.13441
2022-01-17 09:00:00,5940.0,6020.0,5525.0,5615.0,23763934.08702549,137010739512.7074
2022-01-18 09:00:00,5620.0,5640.0,5315.0,5405.0,20514175.67489565,111481020912.7549
2022-01-19 09:00:00,5410.0,5420.0,4990.0,5100.0,26150685.05541193,134895397089.66182
2022-01-20 09:00:00,5100.0,5355.0,4790.0,4820.0,29839392.92457256,151892208880.48895
2022-01-21 09:00:00,4815.0,4870.0,4040.0,4160.0,62141502.40149062,277783037416.7753
2022-01-22 09:00:00,4160.0,4205.0,3355.0,3720.0,126978093.08358155,469826706697.6997
2022-01-23 09:00:00,3725.0,3980.0,3595.0,3815.0,83532830.61938849,317493744935.44666
2022-01-24 09:00:00,3815.0,3820.0,3260.0,3670.0,101933661.09626117,352656149788.7738
2022-01-25 09:00:00,3665.0,3780.0,3485.0,3695.0,57805047.03912486,210022309892.33298
2022-01-26 09:00:00,3695.0,4175.0,3645.0,3765.0,106091740.49002872,413684421042.3979
2022-01-27 09:00:00,3770.0,4355.0,3660.0,4180.0,118717520.56161895,483333000416.3917
2022-01-28 09:00:00,4180.0,4385.0,4050.0,4300.0,84305951.1433376,356664112615.4424
2022-01-29 09:00:00,4300.0,4835.0,4280.0,4810.0,92167781.5934945,424916844859.2309
2022-01-30 09:00:00,4810.0,5055.0,4590.0,4820.0,80783860.163378,393769886838.7245
2022-01-31 09:00:00,4820.0,5125.0,4530.0,5030.0,84273729.83682817,404225938883.37427
2022-02-01 09:00:00,5030.0,5075.0,4800.0,4910.0,40910851.24600351,201759007507.3255
2022-02-02 09:00:00,4910.0,4960.0,4500.0,4520.0,42519297.65899238,202686583289.5274
2022-02-03 09:00:00,4515.0,4575.0,4330.0,4530.0,42480138.27236863,189051971864.19656
2022-02-04 09:00:00,4535.0,4900.0,4455.0,4890.0,42629635.17461363,197087353900.7425
2022-02-05 09:00:00,4890.0,5500.0,4815.0,5325.0,91795057.70970592,483373567280.5739
2022-02-06 09:00:00,5325.0,5745.0,5320.0,5660.0,81271766.74037667,454003493733.74084
2022-02-07 09:00:00,5660.0,5900.0,5535.0,5710.0,57358123.80729381,326728124263.02606
2022-02-08 09:00:00,5715.0,5880.0,5235.0,5870.0,66082025.95050607,366002835533.8625
2022-02-09 09:00:00,5865.0,5935.0,5520.0,5705.0,45424510.28882336,259398961880.87482
2022-02-10 09:00:00,5705.0,5750.0,5340.0,5385.0,58535363.45423483,325453922804.7651
2022-02-11 09:00:00,5380.0,5515.0,4930.0,5145.0,43766035.41675591,232678814935.68085
2022-02-12 09:00:00,5145.0,5340.0,5010.0,5165.0,56512526.98222479,293272657575.7638
2022-02-13 09:00:00,5160.0,5295.0,4935.0,4985.0,26041168.0174948,133448472472.80794
2022-02-14 09:00:00,4985.0,5015.0,4720.0,4885.0,37914501.09467136,183241922035.81705
2022-02-15 09:00:00,4885.0,5340.0,4840.0,5335.0,44875658.1766929,229104741249.6463
2022-02-16 09:00:00,5335.0,5410.0,4955.0,5075.0,47640291.5193469,245836985255.89584
2022-02-17 09:00:00,5075.0,5155.0,4535.0,4565.0,54667972.54141039,265098726916.3189
2022-02-18 09:00:00,4560.0,4705.0,4375.0,4430.0,35904203.08767206,162680183275.2754
2022-02-19 09:00:00,4435.0,4465.0,4165.0,4285.0,28670151.30702025,123032461127.48315
2022-02-20 09:00:00,4290.0,4295.0,3870.0,3935.0,45021637.62891009,180514403934.099
2022-02-21 09:00:00,3935.0,4150.0,3530.0,3560.0,84750609.69673915,330428533025.32153
2022-02-22 09:00:00,3565.0,3885.0,3460.0,3860.0,72039086.22132763,266153055652.4129
2022-02-23 09:00:00,3860.0,4005.0,3650.0,3665.0,67152811.68736616,259124576258.2782
2022-02-24 09:00:00,3665.0,3785.0,3295.0,3700.0,101318530.17233828,353892842992.4305
2022-02-25 09:00:00,3700.0,3915.0,3560.0,3890.0,69603070.0343174,259978225399.67374
2022-02-26 09:00:00,3890.0,3985.0,3750.0,3800.0,46748877.13241254,180035565770.99335
2022-02-27 09:00:00,3805.0,3830.0,3520.0,3565.0,65315618.39357621,240250550398.1729
2022-02-28 09:00:00,3565.0,3895.0,3485.0,3880.0,63229449.46658908,231689213630.85498
2022-03-01 09:00:00,3880.0,4115.0,3780.0,4070.0,98439746.92388584,387752163920.9615
2022-03-02 09:00:00,4075.0,4145.0,3925.0,3985.0,66104205.21725516,265777524236.52264
2022-03-03 09:00:00,3985.0,4010.0,3740.0,3840.0,41479199.44603961,160799839875.88693
2022-03-04 09:00:00,3835.0,3855.0,3560.0,3615.0,42802282.04070592,158477426349.22906
2022-03-05 09:00:00,3615.0,3750.0,3550.0,3715.0,25872096.2066402,94738055176.78479
2022-03-06 09:00:00,3710.0,3790.0,3535.0,3540.0,27238037.93358694,99416270107.87784
2022-03-07 09:00:00,3540.0,3645.0,3395.0,3465.0,37579010.16171818,132067496174.53305
2022-03-08 09:00:00,3465.0,3595.0,3440.0,3525.0,23403219.86076343,82393494121.65485
2022-03-09 09:00:00,3525.0,3720.0,3505.0,3645.0,28918645.26564363,105299523763.6681
2022-03-10 09:00:00,3640.0,3680.0,3460.0,3510.0,28545602.62334654,100593709360.99095
2022-03-11 09:00:00,3515.0,3555.0,3440.0,3465.0,18325363.48790467,63973054887.528015
2022-03-12 09:00:00,3465.0,3515.0,3465.0,3475.0,8760723.4583955,30580668820.80394
2022-03-13 09:00:00,3475.0,3655.0,3390.0,3415.0,26610971.07593944,94047743857.7053
2022-03-14 09:00:00,3410.0,3455.0,3345.0,3415.0,17491773.60575136,59548950318.14066
2022-03-15 09:00:00,3420.0,3430.0,3335.0,3385.0,13961434.32057372,47107266375.74431
2022-03-16 09:00:00,3385.0,3995.0,3350.0,3990.0,102284066.96671146,373620908445.7718
2022-03-17 09:00:00,3990.0,4130.0,3845.0,3930.0,89357373.79422896,354459735660.7355
2022-03-18 09:00:00,3930.0,3945.0,3730.0,3905.0,53940935.281573,205879745347.12967
2022-03-19 09:00:00,3900.0,3995.0,3815.0,3920.0,43825526.96722727,170562926280.90384
2022-03-20 09:00:00,3920.0,3930.0,3750.0,3780.0,23997713.48015799,91984867984.78535
2022-03-21 09:00:00,3785.0,3820.0,3695.0,3770.0,19943045.13153569,75035575682.44998
2022-03-22 09:00:00,3765.0,3880.0,3740.0,3810.0,22152049.26206656,84668309014.20337
2022-03-23 09:00:00,3805.0,4060.0,3755.0,4010.0,45719049.87260432,178694679882.6851
2022-03-24 09:00:00,4010.0,4285.0,4010.0,4175.0,80050608.57670677,331314590517.0707
2022-03-25 09:00:00,4175.0,4310.0,4050.0,4100.0,48588854.0966618,201821122414.8442
2022-03-26 09:00:00,4100.0,4135.0,4025.0,4115.0,20611015.03852658,84351407966.6238
2022-03-27 09:00:00,4110.0,4275.0,4005.0,4250.0,26653782.97475127,109576341816.76447
2022-03-28 09:00:00,4250.0,4395.0,4155.0,4190.0,36384606.95114285,155935281526.38077
2022-03-29 09:00:00,4190.0,4385.0,4105.0,4205.0,33946470.68449491,144657748233.17365
2022-03-30 09:00:00,4210.0,4305.0,4055.0,4235.0,30627684.9016539,128354282241.1668
2022-03-31 09:00:00,4235.0,4645.0,4150.0,4210.0,68540006.85032228,301138202836.6389
2022-04-01 09:00:00,4205.0,4320.0,4045.0,4260.0,30951881.41483293,128900471119.82489
2022-04-02 09:00:00,4260.0,4525.0,4200.0,4255.0,45397988.85440061,198954412898.96667
2022-04-03 09:00:00,4255.0,4375.0,4160.0,4325.0,20747031.68858819,88699752851.85803
2022-04-04 09:00:00,4320.0,4365.0,4085.0,4245.0,25533849.51326577,108579219068.2035
2022-04-05 09:00:00,4250.0,4270.0,4120.0,4130.0,13431657.11751957,56430541865.958336
2022-04-06 09:00:00,4130.0,4130.0,3640.0,3665.0,33062860.07768529,127889462302.59785
2022-04-07 09:00:00,3660.0,3840.0,3565.0,3810.0,19378681.12058471,72381617807.75487
2022-04-08 09:00:00,3810.0,3890.0,3625.0,3655.0,14866235.6770056,56208066375.10813
2022-04-09 09:00:00,3655.0,3755.0,3640.0,3745.0,6003653.33676398,22209618961.89431
2022-04-10 09:00:00,3750.0,3760.0,3615.0,3625.0,6358369.07475031,23479194909.92781
2022-04-11 09:00:00,3625.0,3645.0,3380.0,3395.0,15551543.01968514,54366986815.52827
2022-04-12 09:00:00,3395.0,3555.0,3375.0,3510.0,11652144.40810953,40359914581.72609
2022-04-13 09:00:00,3505.0,3625.0,3465.0,3605.0,7451188.25487896,26335961217.5445
2022-04-14 09:00:00,3600.0,3650.0,3425.0,3500.0,8239144.22037512,29249025123.250492
2022-04-15 09:00:00,3490.0,3540.0,3460.0,3515.0,5088468.70222297,17829859090.68309
2022-04-16 09:00:00,3515.0,3645.0,3485.0,3520.0,7670768.41474014,27298221583.204144
2022-04-17 09:00:00,3520.0,3535.0,3390.0,3395.0,6102894.78493671,21196377223.28196
2022-04-18 09:00:00,3395.0,3470.0,3220.0,3425.0,12793067.19126175,42533909221.69723
2022-04-19 09:00:00,3425.0,3750.0,3375.0,3630.0,35804261.27959523,130163399423.68626
2022-04-20 09:00:00,3625.0,3845.0,3510.0,3560.0,31582905.7595433,116638214216.38159
2022-04-21 09:00:00,3555.0,3640.0,3420.0,3465.0,14426076.9959199,51358127714.78844
2022-04-22 09:00:00,3465.0,3510.0,3415.0,3450.0,7618659.45731149,26401649445.921864
2022-04-23 09:00:00,3450.0,3475.0,3375.0,3405.0,5368497.68682018,18344258798.23434
2022-04-24 09:00:00,3405.0,3570.0,3350.0,3485.0,8593806.70095501,29661599037.62745
2022-04-25 09:00:00,3480.0,3495.0,3255.0,3410.0,14918167.34491066,50133617997.696304
2022-04-26 09:00:00,3410.0,3440.0,3135.0,3180.0,14303668.08194631,47339600329.39367
2022-04-27 09:00:00,3180.0,3265.0,3120.0,3225.0,7342284.68053961,23516707548.623238
2022-04-28 09:00:00,3220.0,3275.0,3145.0,3200.0,7193466.42129249,23099266858.567
2022-04-29 09:00:00,3190.0,3215.0,2915.0,2970.0,11378107.32257266,34745091292.089386
2022-04-30 09:00:00,2970.0,3025.0,2550.0,2590.0,16120977.86725838,44972644515.666504
2022-05-01 09:00:00,2585.0,2820.0,2480.0,2760.0,24279468.35160748,63930540324.09867
2022-05-02 09:00:00,2760.0,2810.0,2600.0,2715.0,15468885.90080135,41701965400.222374
2022-05-03 09:00:00,2720.0,2955.0,2675.0,2760.0,26852502.79329812,76006721937.15392
2022-05-04 09:00:00,2760.0,3140.0,2735.0,3110.0,23889823.8829184,69083381383.52602
2022-05-05 09:00:00,3110.0,3135.0,2700.0,2770.0,31406669.81777077,91420166780.60739
2022-05-06 09:00:00,2770.0,2805.0,2600.0,2690.0,16195533.14808823,43547502544.31629
2022-05-07 09:00:00,2690.0,2700.0,2510.0,2550.0,9317109.292106,24315156157.755547
2022-05-08 09:00:00,2550.0,2690.0,2485.0,2625.0,17667300.85143369,45575815724.73043
2022-05-09 09:00:00,2625.0,2680.0,2305.0,2320.0,24543959.72234592,60338961852.36481
2022-05-10 09:00:00,2315.0,2545.0,2205.0,2295.0,32559390.57496465,77193143407.854
2022-05-11 09:00:00,2295.0,2375.0,1640.0,1835.0,79198919.13567542,154409367660.7877
2022-05-12 09:00:00,1835.0,1915.0,1360.0,1510.0,103992876.83288333,163115257674.4317
2022-05-13 09:00:00,1510.0,2020.0,1485.0,1715.0,164981952.3979287,301510934240.8368
2022-05-14 09:00:00,1710.0,2065.0,1605.0,1905.0,166416990.1695176,305025904259.31323
2022-05-15 09:00:00,1910.0,1940.0,1750.0,1915.0,85481221.16868888,155645307825.04932
2022-05-16 09:00:00,1910.0,1920.0,1705.0,1730.0,62498070.92628155,110822926889.77017
2022-05-17 09:00:00,1735.0,1810.0,1680.0,1770.0,44879031.3622143,78767448440.036
2022-05-18 09:00:00,1765.0,1795.0,1530.0,1540.0,52028871.13544877,86007062322.5978
2022-05-19 09:00:00,1540.0,1730.0,1465.0,1665.0,80470965.31214692,128261200852.43285
2022-05-20 09:00:00,1665.0,1780.0,1590.0,1655.0,82493108.2714247,138553491239.70844
2022-05-21 09:00:00,1655.0,1735.0,1610.0,1710.0,43749196.24866888,73280242337.09998
2022-05-22 09:00:00,1710.0,1800.0,1690.0,1775.0,56626911.89844388,99103441345.58495
2022-05-23 09:00:00,1775.0,1885.0,1630.0,1665.0,82782618.24059144,147563407833.6762
2022-05-24 09:00:00,1670.0,1695.0,1555.0,1675.0,45096431.93984036,73876714846.80115
2022-05-25 09:00:00,1665.0,1830.0,1585.0,1795.0,88353869.14236914,150019279724.88187
2022-05-26 09:00:00,1790.0,1955.0,1630.0,1765.0,234009994.1850526,421746116208.97504
2022-05-27 09:00:00,1770.0,1795.0,1620.0,1660.0,102327869.79146363,172112292380.8151
2022-05-28 09:00:00,1665.0,1705.0,1635.0,1665.0,37909158.55765891,63037043914.38434
2022-05-29 09:00:00,1665.0,1675.0,1605.0,1660.0,31381622.62461641,51494618329.27946
2022-05-30 09:00:00,1660.0,1820.0,1645.0,1790.0,67500156.42140958,117218452365.19893
2022-05-31 09:00:00,1795.0,1910.0,1735.0,1820.0,95388574.04955927,173743105933.13177
2022-06-01 09:00:00,1820.0,1840.0,1655.0,1690.0,55284557.34021129,96950121858.02466
2022-06-02 09:00:00,1690.0,1730.0,1645.0,1725.0,27941671.71238826,46926644312.616486
2022-06-03 09:00:00,1725.0,1725.0,1615.0,1650.0,25926073.69988786,43086428603.55729
2022-06-04 09:00:00,1645.0,1675.0,1610.0,1650.0,14851362.09027334,24355315546.66036
2022-06-05 09:00:00,1650.0,1660.0,1620.0,1655.0,12415189.32058287,20292316417.41938
2022-06-06 09:00:00,1660.0,1750.0,1635.0,1695.0,30305790.92111748,51592120524.77779
2022-06-07 09:00:00,1700.0,1700.0,1610.0,1660.0,30555914.20316461,50269381611.45072
2022-06-08 09:00:00,1660.0,1685.0,1630.0,1645.0,17600266.3611485,29138798832.528065
2022-06-09 09:00:00,1645.0,1675.0,1635.0,1640.0,14592545.62438117,24100635114.028004
2022-06-10 09:00:00,1635.0,1650.0,1540.0,1555.0,28282504.75718881,45106523916.6221
2022-06-11 09:00:00,1555.0,1575.0,1380.0,1405.0,43897112.68609761,64345514932.39983
2022-06-12 09:00:00,1410.0,1420.0,1235.0,1240.0,70483349.4752168,91882873006.13615
2022-06-13 09:00:00,1235.0,1255.0,1050.0,1120.0,160587395.9893738,180273838694.16296
2022-06-14 09:00:00,1115.0,1240.0,1015.0,1150.0,139104208.96330872,159399928648.553
2022-06-15 09:00:00,1150.0,1250.0,1045.0,1240.0,117903955.37548015,132556144487.32076
2022-06-16 09:00:00,1245.0,1270.0,1080.0,1100.0,93027436.25461164,108670553248.64305
2022-06-17 09:00:00,1095.0,1165.0,1075.0,1130.0,56769899.04503332,63729772916.92732
2022-06-18 09:00:00,1130.0,1145.0,1005.0,1060.0,54814324.19029947,58353233468.8284
2022-06-19 09:00:00,1055.0,1120.0,1005.0,1105.0,56385203.92352378,59544753773.39038
2022-06-20 09:00:00,1105.0,1155.0,1055.0,1125.0,63740053.95210647,70294876502.06078
2022-06-21 09:00:00,1120.0,1245.0,1105.0,1190.0,67533090.13966008,79932329576.74873
2022-06-22 09:00:00,1185.0,1325.0,1135.0,1230.0,95339098.43197265,116975609157.7099
2022-06-23 09:00:00,1225.0,1345.0,1220.0,1315.0,76272180.2523339,98221242659.71222
2022-06-24 09:00:00,1315.0,1465.0,1310.0,1430.0,94511477.37550831,131616772812.94627
2022-06-25 09:00:00,1425.0,1725.0,1400.0,1650.0,130600693.526053,202992120232.36765
2022-06-26 09:00:00,1650.0,1785.0,1520.0,1540.0,137878284.87275457,229940389009.55725
2022-06-27 09:00:00,1545.0,1640.0,1500.0,1545.0,94659094.20733362,148740608662.88116
2022-06-28 09:00:00,1545.0,1605.0,1410.0,1425.0,68765301.25693008,102894198172.18181
2022-06-29 09:00:00,1425.0,1440.0,1345.0,1400.0,46707186.94176277,65174334847.57151
2022-06-30 09:00:00,1400.0,1485.0,1265.0,1465.0,92949374.61255194,126194906085.56729
2022-07-01 09:00:00,1470.0,1530.0,1395.0,1415.0,84493395.2489757,123358440635.12344
2022-07-02 09:00:00,1420.0,1430.0,1325.0,1375.0,30888428.93176145,42373330654.44611
2022-07-03 09:00:00,1375.0,1390.0,1340.0,1370.0,19099194.85569158,26058445099.329773
2022-07-04 09:00:00,1375.0,1600.0,1365.0,1575.0,97934894.00771718,145135410958.92737
2022-07-05 09:00:00,1575.0,1610.0,1465.0,1565.0,100129301.218757,154403448196.5222
2022-07-06 09:00:00,1565.0,1690.0,1515.0,1660.0,133931880.29170203,218783455185.70923
2022-07-07 09:00:00,1655.0,1720.0,1630.0,1670.0,114736841.19691148,192130303222.61917
2022-07-08 09:00:00,1670.0,1700.0,1570.0,1605.0,81316564.30642582,132237576196.07643
2022-07-09 09:00:00,1600.0,1630.0,1590.0,1595.0,25393767.68146417,40782812158.213394
2022-07-10 09:00:00,1595.0,1600.0,1505.0,1525.0,30821814.42676357,47536156015.87493
2022-07-11 09:00:00,1525.0,1535.0,1440.0,1455.0,45015172.26566979,66633669502.12268
2022-07-12 09:00:00,1455.0,1535.0,1445.0,1455.0,56028144.01721083,83075938248.96472
2022-07-13 09:00:00,1455.0,1540.0,1390.0,1540.0,74955265.01577799,109858436377.93686
2022-07-14 09:00:00,1535.0,1600.0,1480.0,1590.0,70788850.86395584,108486108300.54208
2022-07-15 09:00:00,1585.0,1625.0,1550.0,1595.0,57604467.95338564,91417229995.64525
2022-07-16 09:00:00,1595.0,1665.0,1585.0,1645.0,66127712.01678073,107184802073.32738
2022-07-17 09:00:00,1645.0,1660.0,1555.0,1565.0,49593879.18775087,79854744484.36006
2022-07-18 09:00:00,1565.0,1830.0,1555.0,1805.0,129071025.57945596,221541692516.4805
2022-07-19 09:00:00,1800.0,1940.0,1765.0,1865.0,178642958.41405103,330073670062.4852
2022-07-20 09:00:00,1865.0,1955.0,1725.0,1745.0,113839938.38819829,211334197380.1923
2022-07-21 09:00:00,1750.0,1835.0,1680.0,1810.0,104141271.12425779,184485529974.1129
2022-07-22 09:00:00,1815.0,1885.0,1750.0,1765.0,77134311.07331485,141407613373.2909
2022-07-23 09:00:00,1760.0,1815.0,1730.0,1785.0,48625121.54522871,86202965670.42744
2022-07-24 09:00:00,1780.0,1825.0,1750.0,1775.0,41083196.23558125,73121256464.07901
2022-07-25 09:00:00,1770.0,1780.0,1610.0,1615.0,54657361.68476448,92182783505.20038
2022-07-26 09:00:00,1615.0,1620.0,1510.0,1585.0,44145010.43740193,69249349049.19519
2022-07-27 09:00:00,1585.0,1735.0,1545.0,1730.0,55654710.45486192,90825930273.91132
2022-07-28 09:00:00,1725.0,1810.0,1670.0,1775.0,69320271.98641805,119843978516.45425
2022-07-29 09:00:00,1775.0,1845.0,1705.0,1760.0,66111433.04349907,117730592476.0137
2022-07-30 09:00:00,1760.0,1875.0,1735.0,1770.0,51504985.80973159,92511871321.53511
2022-07-31 09:00:00,1765.0,1820.0,1720.0,1725.0,40829650.51789865,72486055100.44083
2022-08-01 09:00:00,1730.0,1780.0,1700.0,1755.0,39807367.3172053,69148865043.7733
2022-08-02 09:00:00,1750.0,1780.0,1665.0,1700.0,36233277.06601114,61942372026.255875
2022-08-03 09:00:00,1700.0,1750.0,1660.0,1700.0,23753447.32852096,40572871611.34614
2022-08-04 09:00:00,1700.0,1800.0,1690.0,1735.0,40472446.8552011,70033135075.9978
2022-08-05 09:00:00,1735.0,1790.0,1720.0,1780.0,32359536.4030287,56851149156.57956
2022-08-06 09:00:00,1780.0,1820.0,1750.0,1755.0,27474617.26327106,49066379164.27419
2022-08-07 09:00:00,1750.0,1775.0,1720.0,1750.0,15705769.20836905,27463700573.040268
2022-08-08 09:00:00,1750.0,1830.0,1745.0,1790.0,35817653.94361004,64349722071.52746
2022-08-09 09:00:00,1785.0,1835.0,1710.0,1735.0,42581989.06531553,75246383072.80977
2022-08-10 09:00:00,1740.0,1785.0,1690.0,1775.0,42806625.56310543,74606850309.11316
2022-08-11 09:00:00,1780.0,1805.0,1755.0,1765.0,45994048.13148119,81780302910.26924
2022-08-12 09:00:00,1765.0,1775.0,1730.0,1770.0,28948038.25668148,50741818511.45167
2022-08-13 09:00:00,1770.0,1835.0,1755.0,1775.0,46063237.78126851,82430151608.45459
2022-08-14 09:00:00,1775.0,1890.0,1765.0,1800.0,77419045.21736772,141209067323.2513
2022-08-15 09:00:00,1800.0,1865.0,1750.0,1770.0,59595836.38165073,107085787158.6665
2022-08-16 09:00:00,1765.0,1785.0,1705.0,1715.0,35780447.69682458,62235730278.63915
2022-08-17 09:00:00,1715.0,1750.0,1630.0,1650.0,45572988.95684097,77047242122.3023
2022-08-18 09:00:00,1650.0,1670.0,1585.0,1595.0,28958323.46211105,47413483674.89182
2022-08-19 09:00:00,1590.0,1595.0,1420.0,1435.0,68333444.69198872,101476019207.75575
2022-08-20 09:00:00,1435.0,1485.0,1390.0,1445.0,25424525.72092236,36786235921.56055
2022-08-21 09:00:00,1445.0,1480.0,1415.0,1465.0,20191280.31869877,29300987265.470547
2022-08-22 09:00:00,1465.0,1475.0,1395.0,1440.0,25995547.63762615,36959212094.546364
2022-08-23 09:00:00,1440.0,1460.0,1395.0,1455.0,23163865.75582115,33103804961.842304
2022-08-24 09:00:00,1450.0,1460.0,1410.0,1425.0,23375117.20012614,33462550479.08442
2022-08-25 09:00:00,1420.0,1450.0,1415.0,1425.0,21375575.88760423,30593811623.71273
2022-08-26 09:00:00,1425.0,1440.0,1305.0,1320.0,45625005.68284849,63343482103.78872
2022-08-27 09:00:00,1325.0,1345.0,1290.0,1335.0,16791300.36446694,22157238716.475346
2022-08-28 09:00:00,1335.0,1355.0,1285.0,1290.0,13754000.16054669,18251698506.570137
2022-08-29 09:00:00,1290.0,1360.0,1270.0,1355.0,20208461.32985761,26450740935.056244
2022-08-30 09:00:00,1355.0,1375.0,1295.0,1310.0,23714677.82331424,31711140870.541004
2022-08-31 09:00:00,1315.0,1340.0,1285.0,1295.0,23682009.02876568,31193726563.31401
2022-09-01 09:00:00,1300.0,1305.0,1255.0,1290.0,21030877.76769417,26898124539.055836
2022-09-02 09:00:00,1295.0,1320.0,1270.0,1290.0,23227666.59162909,30062344669.4477
2022-09-03 09:00:00,1285.0,1290.0,1265.0,1290.0,12101107.89253671,15486471007.47646
2022-09-04 09:00:00,1285.0,1350.0,1275.0,1340.0,26535561.18375867,34977167647.518135
2022-09-05 09:00:00,1335.0,1360.0,1300.0,1320.0,34350475.15596429,45530991609.6322
2022-09-06 09:00:00,1320.0,1340.0,1225.0,1235.0,45800090.2143038,59317140389.097084
2022-09-07 09:00:00,1230.0,1270.0,1205.0,1255.0,29066180.30817573,35887363605.163574
2022-09-08 09:00:00,1255.0,1280.0,1245.0,1275.0,26636429.115506,33591045292.58139
2022-09-09 09:00:00,1275.0,1360.0,1275.0,1345.0,38753898.02371572,51272221011.71634
2022-09-10 09:00:00,1345.0,1410.0,1330.0,1355.0,48569832.29854295,66384040130.09244
2022-09-11 09:00:00,1355.0,1375.0,1315.0,1340.0,27572198.41021942,37129165137.651344
2022-09-12 09:00:00,1340.0,1365.0,1315.0,1330.0,31081358.55474447,41692810561.53602
2022-09-13 09:00:00,1330.0,1340.0,1235.0,1235.0,42260502.92131847,54249169016.275406
2022-09-14 09:00:00,1240.0,1265.0,1230.0,1255.0,18632050.47929368,23272564556.67696
2022-09-15 09:00:00,1255.0,1265.0,1215.0,1220.0,20919390.20401565,25825401780.002205
2022-09-16 09:00:00,1220.0,1240.0,1200.0,1240.0,15280895.04825355,18649982561.79006
2022-09-17 09:00:00,1235.0,1285.0,1230.0,1275.0,13036002.72578935,16290799851.688736
2022-09-18 09:00:00,1275.0,1285.0,1160.0,1170.0,23481526.52672794,28832950830.365112
2022-09-19 09:00:00,1175.0,1215.0,1150.0,1210.0,24517979.85352171,28949935002.668903
2022-09-20 09:00:00,1205.0,1225.0,1180.0,1190.0,16239885.39870344,19513812237.176193
2022-09-21 09:00:00,1190.0,1255.0,1155.0,1170.0,25442968.78734356,30454936155.467243
2022-09-22 09:00:00,1170.0,1275.0,1165.0,1270.0,22729936.48777799,27885860978.714054
2022-09-23 09:00:00,1265.0,1345.0,1220.0,1315.0,37773745.29793636,48177605294.869705
2022-09-24 09:00:00,1315.0,1360.0,1275.0,1280.0,23667171.49782502,31168100725.62501
2022-09-25 09:00:00,1275.0,1295.0,1230.0,1245.0,13629171.38100463,17263257718.81493
2022-09-26 09:00:00,1245.0,1250.0,1205.0,1230.0,20021626.51162958,24553161526.983322
2022-09-27 09:00:00,1235.0,1270.0,1200.0,1215.0,23164758.18156653,28773598670.228176
2022-09-28 09:00:00,1215.0,1230.0,1175.0,1220.0,19608014.95331158,23600885061.96258
2022-09-29 09:00:00,1220.0,1235.0,1190.0,1220.0,13526170.24894394,16421606893.036467
2022-09-30 09:00:00,1225.0,1245.0,1200.0,1210.0,13672777.66497023,16643771690.251724
2022-10-01 09:00:00,1215.0,1220.0,1200.0,1205.0,5548283.4933046,6710802069.992533
2022-10-02 09:00:00,1205.0,1210.0,1180.0,1185.0,7190494.98294644,8586517373.338401
2022-10-03 09:00:00,1180.0,1205.0,1170.0,1195.0,10990004.34994565,13031644392.159374
2022-10-04 09:00:00,1195.0,1220.0,1190.0,1210.0,10301134.98724807,12420341192.76135
2022-10-05 09:00:00,1210.0,1250.0,1195.0,1230.0,22533962.46361331,27558007087.89999
2022-10-06 09:00:00,1225.0,1235.0,1195.0,1200.0,16583563.03834784,20156506132.94437
2022-10-07 09:00:00,1200.0,1205.0,1175.0,1190.0,14325689.17119606,17071797530.85876
2022-10-08 09:00:00,1190.0,1200.0,1180.0,1185.0,7709078.9897312,9185126551.389425
2022-10-09 09:00:00,1190.0,1195.0,1175.0,1185.0,6213567.81659288,7370842226.54093
2022-10-10 09:00:00,1190.0,1200.0,1155.0,1155.0,13499474.45842176,15915710743.83918
2022-10-11 09:00:00,1160.0,1160.0,1110.0,1115.0,17365155.03097928,19594622519.46554
2022-10-12 09:00:00,1115.0,1130.0,1110.0,1115.0,6873861.94030312,7693034884.858843
2022-10-13 09:00:00,1115.0,1120.0,1010.0,1095.0,32842606.44990828,34735037087.04598
2022-10-14 09:00:00,1095.0,1140.0,1070.0,1080.0,15241872.55520279,16946549773.441652
2022-10-15 09:00:00,1085.0,1120.0,1080.0,1100.0,10766782.64827709,11836478557.480541
2022-10-16 09:00:00,1095.0,1130.0,1095.0,1115.0,6657460.14005948,7409792525.488673
2022-10-17 09:00:00,1120.0,1140.0,1105.0,1135.0,8626536.9520538,9688600099.75681
2022-10-18 09:00:00,1130.0,1150.0,1090.0,1105.0,11509496.89647647,12927709544.901537
2022-10-19 09:00:00,1105.0,1115.0,1050.0,1055.0,12266972.2298096,13314733835.626726
2022-10-20 09:00:00,1060.0,1080.0,1035.0,1045.0,10645870.36847707,11278821880.014833
2022-10-21 09:00:00,1045.0,1075.0,1015.0,1070.0,12773152.09045499,13249457026.98095
2022-10-22 09:00:00,1065.0,1075.0,1050.0,1070.0,5711559.80061877,6077301133.603358
2022-10-23 09:00:00,1070.0,1095.0,1050.0,1085.0,8396908.40052623,8985449745.76809
2022-10-24 09:00:00,1085.0,1095.0,1050.0,1060.0,9359406.53121115,9995264024.279243
2022-10-25 09:00:00,1060.0,1105.0,1055.0,1085.0,18510481.95422168,19973357635.429096
2022-10-26 09:00:00,1080.0,1105.0,1075.0,1090.0,18112824.72030408,19761137951.99668
2022-10-27 09:00:00,1090.0,1150.0,1085.0,1090.0,25765784.36902877,28558966197.888798
2022-10-28 09:00:00,1085.0,1130.0,1075.0,1115.0,15169921.33873674,16650202646.583498
2022-10-29 09:00:00,1115.0,1165.0,1115.0,1130.0,26190302.74608729,29935686333.28823
2022-10-30 09:00:00,1130.0,1325.0,1125.0,1210.0,158018116.36151972,198152625076.39966
2022-10-31 09:00:00,1205.0,1285.0,1190.0,1225.0,90853487.09834857,112153557704.59773
2022-11-01 09:00:00,1220.0,1285.0,1205.0,1210.0,41040643.3343964,51139242665.385475
2022-11-02 09:00:00,1205.0,1215.0,1130.0,1150.0,35320125.20661843,41281124274.35032
2022-11-03 09:00:00,1155.0,1205.0,1145.0,1150.0,26001549.73386122,30478963553.235676
2022-11-04 09:00:00,1150.0,1240.0,1145.0,1235.0,38904243.56269315,46792125139.81544
2022-11-05 09:00:00,1230.0,1365.0,1230.0,1280.0,82965952.66817471,108324846252.73407
2022-11-06 09:00:00,1275.0,1285.0,1190.0,1195.0,22248706.09481249,27655543026.7736
2022-11-07 09:00:00,1195.0,1215.0,1155.0,1180.0,27947024.51294661,33139263688.635227
2022-11-08 09:00:00,1180.0,1215.0,954.0,1025.0,79404312.34978154,86830144121.23065
2022-11-09 09:00:00,1030.0,1040.0,791.0,815.0,107142084.76516713,99006869028.13664
2022-11-10 09:00:00,816.0,952.0,805.0,951.0,76805875.87329148,68333431417.14014
2022-11-11 09:00:00,950.0,968.0,837.0,883.0,50335160.33799844,44978362365.55174
2022-11-12 09:00:00,883.0,885.0,815.0,829.0,22078844.01386655,18622661889.44052
2022-11-13 09:00:00,829.0,913.0,783.0,814.0,95188431.36661474,81137681883.97803
2022-11-14 09:00:00,814.0,833.0,745.0,806.0,69050929.79430722,54737590120.807816
2022-11-15 09:00:00,806.0,840.0,789.0,820.0,27672738.99341665,22551791118.189682
2022-11-16 09:00:00,820.0,829.0,786.0,808.0,22470296.17776203,18180304666.731415
2022-11-17 09:00:00,808.0,813.0,781.0,799.0,14115294.95509455,11228506261.405775
2022-11-18 09:00:00,800.0,812.0,790.0,800.0,15851405.20037004,12720538034.34332
2022-11-19 09:00:00,800.0,866.0,784.0,825.0,46459532.64586796,38195705075.27007
2022-11-20 09:00:00,825.0,833.0,759.0,767.0,40664995.43434509,32729537528.785084
2022-11-21 09:00:00,767.0,786.0,726.0,754.0,34964268.73202464,26275824709.52457
2022-11-22 09:00:00,754.0,775.0,732.0,774.0,28098284.27479854,21191844204.67502
2022-11-23 09:00:00,775.0,795.0,767.0,791.0,23505165.19796292,18386488454.355297
2022-11-24 09:00:00,792.0,816.0,756.0,772.0,36067003.37247957,28251313258.12964
2022-11-25 09:00:00,773.0,778.0,746.0,775.0,18010457.53399952,13733415245.793314
2022-11-26 09:00:00,775.0,796.0,769.0,777.0,18107254.20487967,14177186662.186039
2022-11-27 09:00:00,777.0,814.0,773.0,785.0,26826264.43913894,21328147373.11026
2022-11-28 09:00:00,785.0,792.0,747.0,762.0,21331449.70125884,16230697190.14287
2022-11-29 09:00:00,762.0,780.0,753.0,767.0,13506622.48577023,10394782782.898767
2022-11-30 09:00:00,766.0,800.0,761.0,800.0,21028364.13124656,16479154808.531166
2022-12-01 09:00:00,800.0,807.0,780.0,785.0,15966421.84179477,12621882303.694275
2022-12-02 09:00:00,785.0,818.0,777.0,809.0,36221774.1162794,28980020777.981983
2022-12-03 09:00:00,808.0,813.0,777.0,783.0,15620812.6104614,12399986399.49317
2022-12-04 09:00:00,783.0,792.0,778.0,790.0,11061696.19703214,8677387259.428452
2022-12-05 09:00:00,791.0,849.0,785.0,824.0,67056424.1714088,55164930992.07887
2022-12-06 09:00:00,825.0,831.0,808.0,821.0,27915801.81770382,22865362466.723618
2022-12-07 09:00:00,821.0,838.0,751.0,780.0,37150448.27836891,29333536524.1913
2022-12-08 09:00:00,781.0,798.0,766.0,789.0,17239039.18854737,13459377533.970741
2022-12-09 09:00:00,789.0,790.0,771.0,775.0,11016411.32669146,8594396201.977568
2022-12-10 09:00:00,775.0,783.0,771.0,776.0,9222093.15142949,7163406119.253528
2022-12-11 09:00:00,777.0,783.0,750.0,755.0,13048971.28933427,10010762104.718428
2022-12-12 09:00:00,753.0,754.0,727.0,744.0,15549606.75836209,11471174084.495121
2022-12-13 09:00:00,743.0,753.0,704.0,742.0,22023546.13591538,16093847677.222858
2022-12-14 09:00:00,742.0,762.0,723.0,725.0,20572910.12795079,15301755772.083696
2022-12-15 09:00:00,725.0,731.0,708.0,716.0,12092431.66692687,8702026418.579063
2022-12-16 09:00:00,715.0,716.0,613.0,630.0,34047319.98844618,22819855071.871284
2022-12-17 09:00:00,630.0,639.0,617.0,637.0,16189567.82849493,10200080028.356234
2022-12-18 09:00:00,637.0,638.0,616.0,625.0,9396532.51202695,5880785744.793031
2022-12-19 09:00:00,625.0,631.0,552.0,568.0,23408508.58243976,13872526163.877092
2022-12-20 09:00:00,568.0,592.0,564.0,588.0,15568518.95821081,9039196842.344055
2022-12-21 09:00:00,587.0,590.0,564.0,577.0,13448197.24944098,7739100498.954437
2022-12-22 09:00:00,575.0,587.0,553.0,581.0,19210857.16676941,11004908780.508951
2022-12-23 09:00:00,580.0,599.0,572.0,594.0,15107003.22960219,8848932611.366379
2022-12-24 09:00:00,593.0,594.0,580.0,586.0,8885010.34964639,5215221931.480375
2022-12-25 09:00:00,586.0,589.0,565.0,574.0,9209749.60196768,5299752742.090911
2022-12-26 09:00:00,574.0,577.0,561.0,570.0,8700315.09603382,4944195454.022432
2022-12-27 09:00:00,570.0,574.0,553.0,561.0,9964690.55217533,5627791023.561192
2022-12-28 09:00:00,560.0,561.0,519.0,525.0,14979404.90830337,7983931476.7935505
2022-12-29 09:00:00,525.0,526.0,500.0,512.0,16214565.02882358,8325224346.957229
2022-12-30 09:00:00,512.0,513.0,479.0,492.0,21518312.76782655,10580176616.367573
2022-12-31 09:00:00,493.0,497.0,482.0,488.0,13403452.59971113,6582946185.83273
2023-01-01 09:00:00,488.0,495.0,479.0,493.0,11697570.3155029,5694341413.559665
2023-01-02 09:00:00,493.0,526.0,483.0,520.0,22628707.54025406,11529587012.443756
2023-01-03 09:00:00,520.0,537.0,515.0,535.0,19181999.15181185,10027608523.106318
2023-01-04 09:00:00,534.0,566.0,531.0,553.0,27304571.02370538,15052075324.761044
2023-01-05 09:00:00,553.0,573.0,541.0,546.0,29767689.11386053,16586147588.420116
2023-01-06 09:00:00,545.0,550.0,518.0,548.0,20799632.58994033,11050589182.912512
2023-01-07 09:00:00,547.0,605.0,546.0,577.0,107505963.81962617,63128630865.2102
2023-01-08 09:00:00,577.0,655.0,564.0,627.0,80401077.41424298,48257511519.14077
2023-01-09 09:00:00,627.0,707.0,618.0,647.0,111592048.36498994,73887080103.6915
2023-01-10 09:00:00,647.0,670.0,629.0,652.0,37448454.53423632,24355396520.876637
2023-01-11 09:00:00,652.0,657.0,616.0,654.0,27381539.47848425,17378140775.45496
2023-01-12 09:00:00,654.0,685.0,631.0,669.0,54303068.30563725,35730579943.52068
2023-01-13 09:00:00,669.0,787.0,657.0,782.0,114331695.96031527,82910109407.60272
2023-01-14 09:00:00,782.0,883.0,746.0,821.0,217717616.40238258,177452086065.11716
2023-01-15 09:00:00,820.0,931.0,763.0,893.0,145673002.83108282,123998679964.50179
2023-01-16 09:00:00,892.0,910.0,831.0,872.0,91482673.37111793,80350799781.40921
2023-01-17 09:00:00,872.0,954.0,846.0,868.0,118061406.06243896,106861219283.20915
2023-01-18 09:00:00,868.0,954.0,833.0,853.0,201566883.3653949,181788841857.95834
2023-01-19 09:00:00,853.0,900.0,842.0,878.0,64658437.3279691,56251419553.78433
2023-01-20 09:00:00,877.0,955.0,851.0,951.0,78001048.22659555,70125454787.34544
2023-01-21 09:00:00,950.0,1045.0,943.0,983.0,154453378.42729172,153529569051.97913
2023-01-22 09:00:00,981.0,1060.0,960.0,1010.0,75810842.5255328,76413367105.56322
2023-01-23 09:00:00,1010.0,1045.0,976.0,992.0,57566081.57044954,57790912463.163246
2023-01-24 09:00:00,991.0,1010.0,888.0,915.0,69832220.01493408,67470880929.702194
2023-01-25 09:00:00,915.0,965.0,884.0,943.0,88160208.66564783,81423576930.82619
2023-01-26 09:00:00,941.0,959.0,903.0,932.0,64752637.01341964,60459488374.19697
2023-01-27 09:00:00,932.0,946.0,895.0,932.0,38272144.37255557,34990666738.4764
2023-01-28 09:00:00,932.0,978.0,911.0,930.0,63635345.45603214,60472920948.80304
2023-01-29 09:00:00,930.0,1005.0,917.0,1005.0,117391890.32653883,114213042624.93135
2023-01-30 09:00:00,1000.0,1010.0,887.0,908.0,80285723.28361677,75865825144.0348
2023-01-31 09:00:00,908.0,926.0,888.0,917.0,32603200.331783,29533378607.923992
2023-02-01 09:00:00,916.0,966.0,862.0,954.0,60605757.07126084,55497028003.90225
2023-02-02 09:00:00,954.0,996.0,935.0,943.0,65513562.30958897,62881330003.51411
2023-02-03 09:00:00,943.0,972.0,930.0,961.0,42171545.22744196,40120046363.971886
2023-02-04 09:00:00,961.0,1015.0,947.0,976.0,48983220.52877861,47874578992.93072
2023-02-05 09:00:00,975.0,985.0,905.0,925.0,53771328.4627595,50841112461.748924
2023-02-06 09:00:00,926.0,943.0,900.0,910.0,37737312.63384656,34624708158.94176
2023-02-07 09:00:00,911.0,1170.0,902.0,1155.0,145270459.80236357,152561053557.8332
2023-02-08 09:00:00,1155.0,1190.0,1040.0,1085.0,180692607.76534203,203820765544.3829
2023-02-09 09:00:00,1085.0,1090.0,934.0,946.0,116275311.851023,116292758641.60396
2023-02-10 09:00:00,947.0,978.0,912.0,951.0,82977525.13350771,78292989054.90727
2023-02-11 09:00:00,951.0,975.0,940.0,968.0,29494849.3211051,28120286660.73567
2023-02-12 09:00:00,967.0,968.0,908.0,914.0,38246029.58564917,35916505972.58568
2023-02-13 09:00:00,915.0,916.0,852.0,893.0,58126278.98501123,51291795971.79189
2023-02-14 09:00:00,894.0,937.0,860.0,923.0,82269178.494903,73874007613.05476
2023-02-15 09:00:00,922.0,982.0,901.0,977.0,75061416.20302421,70138985784.55118
2023-02-16 09:00:00,977.0,1040.0,927.0,933.0,121049324.58514398,120045746380.35977
2023-02-17 09:00:00,934.0,998.0,928.0,983.0,83828127.71226443,81847665374.58006
2023-02-18 09:00:00,982.0,1020.0,971.0,983.0,49976591.18132672,49666608470.31754
2023-02-19 09:00:00,983.0,1070.0,983.0,1010.0,75829036.95044075,77037314537.58698
2023-02-20 09:00:00,1010.0,1145.0,975.0,1070.0,101614055.15174785,109185512298.9008
2023-02-21 09:00:00,1070.0,1090.0,1000.0,1015.0,56517539.36408603,58858399612.77144
2023-02-22 09:00:00,1015.0,1025.0,960.0,1005.0,63863226.94401676,63008353695.17987
2023-02-23 09:00:00,1005.0,1020.0,973.0,1000.0,42453602.52835774,42244550178.31796
2023-02-24 09:00:00,1000.0,1005.0,943.0,963.0,53199310.89529896,51759240534.58718
2023-02-25 09:00:00,963.0,967.0,903.0,948.0,43505504.45783277,40740313369.61418
2023-02-26 09:00:00,947.0,959.0,935.0,955.0,23376472.45024511,22123453397.00635
2023-02-27 09:00:00,956.0,971.0,930.0,948.0,34866593.3717573,33012361321.518414
2023-02-28 09:00:00,947.0,956.0,908.0,917.0,30223680.77146478,28161167439.67415
2023-03-01 09:00:00,917.0,943.0,905.0,929.0,34069926.28986539,31567331452.918243
2023-03-02 09:00:00,929.0,933.0,894.0,915.0,30028474.70310452,27291765226.56876
2023-03-03 09:00:00,915.0,915.0,828.0,852.0,62173367.97253836,52930000521.68057
2023-03-04 09:00:00,852.0,881.0,809.0,833.0,38650359.97651781,32843370150.2869
2023-03-05 09:00:00,833.0,850.0,818.0,823.0,27439350.4456308,22835979178.007427
2023-03-06 09:00:00,823.0,855.0,797.0,836.0,56139853.59684091,46335319794.29291
2023-03-07 09:00:00,835.0,845.0,790.0,810.0,47166805.981837,38499175782.56017
2023-03-08 09:00:00,810.0,815.0,753.0,760.0,47144005.65242586,36897768179.37943
2023-03-09 09:00:00,761.0,788.0,709.0,724.0,52319269.95364554,39313728272.14561
2023-03-10 09:00:00,724.0,732.0,691.0,729.0,61189354.4612482,43646712263.47341
2023-03-11 09:00:00,729.0,749.0,696.0,716.0,40769959.86426853,29268186325.908493
2023-03-12 09:00:00,716.0,782.0,688.0,778.0,42027229.22622886,30594261255.044216
2023-03-13 09:00:00,778.0,824.0,746.0,812.0,103579133.36046275,81439589191.5351
2023-03-14 09:00:00,811.0,871.0,781.0,848.0,100728005.56898981,83492580940.59903
2023-03-15 09:00:00,848.0,862.0,767.0,785.0,85680242.12925191,70108273690.86343
2023-03-16 09:00:00,785.0,800.0,771.0,797.0,38231415.52683661,30100642681.785812
2023-03-17 09:00:00,797.0,906.0,788.0,894.0,95405844.74850927,80791481117.7661
2023-03-18 09:00:00,894.0,965.0,884.0,888.0,164747373.57339558,151675298551.91907
2023-03-19 09:00:00,888.0,938.0,881.0,911.0,85884719.77097224,78255227988.52829
2023-03-20 09:00:00,911.0,948.0,873.0,885.0,103760031.22928861,94575429069.49387
2023-03-21 09:00:00,885.0,911.0,832.0,891.0,85914228.56108703,75468096087.37044
2023-03-22 09:00:00,891.0,898.0,834.0,846.0,63732731.07110905,55337852576.71592
2023-03-23 09:00:00,847.0,879.0,834.0,871.0,38259224.03336919,32755610458.526157
2023-03-24 09:00:00,870.0,874.0,836.0,844.0,26427010.78201783,22661163302.08818
2023-03-25 09:00:00,845.0,856.0,825.0,833.0,20723860.36550762,17470282680.83316
2023-03-26 09:00:00,834.0,851.0,826.0,841.0,15583296.38311623,13079091932.68943
2023-03-27 09:00:00,840.0,845.0,774.0,792.0,51033157.3193235,41079662225.89525
2023-03-28 09:00:00,792.0,814.0,778.0,810.0,36861328.65480743,29344638158.622005
2023-03-29 09:00:00,810.0,864.0,805.0,842.0,57843021.41915436,48578460207.21595
2023-03-30 09:00:00,842.0,853.0,803.0,818.0,38997663.72316825,32252608910.81284
2023-03-31 09:00:00,818.0,834.0,801.0,826.0,23009546.33831741,18815381242.792233
2023-04-01 09:00:00,826.0,841.0,818.0,839.0,21296341.84758108,17654766171.27246
2023-04-02 09:00:00,840.0,852.0,806.0,817.0,34761060.91859824,28874511209.301685
2023-04-03 09:00:00,817.0,835.0,797.0,823.0,45100331.36422337,36798043609.36491
2023-04-04 09:00:00,823.0,844.0,812.0,837.0,27897394.48268583,23071419245.71727
2023-04-05 09:00:00,837.0,870.0,830.0,868.0,44342930.56373805,37609000083.16118
2023-04-06 09:00:00,868.0,897.0,833.0,846.0,54609715.85347544,46750486038.36098
2023-04-07 09:00:00,846.0,875.0,835.0,865.0,76040295.61314182,65136824640.79646
2023-04-08 09:00:00,866.0,867.0,842.0,844.0,21854601.40951633,18626689853.187836
2023-04-09 09:00:00,845.0,850.0,824.0,842.0,17701490.88264701,14835241565.972656
2023-04-10 09:00:00,842.0,862.0,827.0,857.0,19938772.4487535,16833648290.985033
2023-04-11 09:00:00,857.0,867.0,853.0,860.0,27820811.10117502,23940798469.459442
2023-04-12 09:00:00,860.0,887.0,826.0,872.0,46792886.21055255,39797609663.340614
2023-04-13 09:00:00,872.0,879.0,848.0,873.0,31025757.1891348,26887009502.03088
2023-04-14 09:00:00,873.0,907.0,861.0,900.0,59915871.41867137,53168991056.66728
2023-04-15 09:00:00,900.0,921.0,893.0,899.0,43588346.46035553,39397189187.57843
2023-04-16 09:00:00,899.0,911.0,882.0,903.0,24874240.01157195,22243590024.758
2023-04-17 09:00:00,902.0,928.0,883.0,919.0,71843510.65976347,64821208795.008514
2023-04-18 09:00:00,919.0,935.0,897.0,916.0,54191572.39662581,49674753068.084984
2023-04-19 09:00:00,916.0,921.0,835.0,845.0,59457756.51924885,51698138516.31081
2023-04-20 09:00:00,844.0,856.0,811.0,820.0,39558164.27394997,33092757539.366386
2023-04-21 09:00:00,820.0,827.0,774.0,785.0,33877829.50346774,27250793860.053154
2023-04-22 09:00:00,785.0,807.0,774.0,803.0,17629145.51683745,13919569794.017208
2023-04-23 09:00:00,803.0,804.0,780.0,784.0,11958777.54328358,9485576893.449047
2023-04-24 09:00:00,784.0,799.0,771.0,784.0,17785075.27052877,13940994361.0453
2023-04-25 09:00:00,784.0,802.0,757.0,798.0,19265489.14663161,14931687633.856968
2023-04-26 09:00:00,798.0,820.0,741.0,769.0,34158174.67066996,26858267032.392044
2023-04-27 09:00:00,770.0,792.0,764.0,784.0,20995182.87977755,16334066445.04661
2023-04-28 09:00:00,783.0,790.0,769.0,782.0,12965421.40563107,10107704095.975388
2023-04-29 09:00:00,781.0,793.0,777.0,787.0,10450291.05965196,8218656737.78014
2023-04-30 09:00:00,787.0,790.0,769.0,773.0,9929818.31864598,7753578240.436529
2023-05-01 09:00:00,773.0,779.0,745.0,752.0,15493755.11401269,11771947751.14948
2023-05-02 09:00:00,752.0,767.0,742.0,762.0,10929992.41437718,8203889342.183208
2023-05-03 09:00:00,761.0,782.0,736.0,773.0,17114069.88408297,12917492727.179022
2023-05-04 09:00:00,772.0,775.0,753.0,757.0,11497724.4576635,8774337483.199093
2023-05-05 09:00:00,758.0,770.0,749.0,763.0,10328307.20943831,7851422752.868797
2023-05-06 09:00:00,762.0,769.0,726.0,735.0,14722074.82438932,10933567497.980047
2023-05-07 09:00:00,735.0,737.0,727.0,730.0,8734274.43247262,6385758817.054591
2023-05-08 09:00:00,729.0,730.0,676.0,683.0,25455958.41582843,17761428720.995872
2023-05-09 09:00:00,684.0,693.0,673.0,684.0,14005733.11741861,9561766055.201828
2023-05-10 09:00:00,684.0,702.0,666.0,693.0,16585756.9394341,11384694137.239948
2023-05-11 09:00:00,692.0,693.0,657.0,668.0,11572869.7028542,7817878214.219665
2023-05-12 09:00:00,668.0,689.0,648.0,687.0,13987057.09359314,9291517951.121431
2023-05-13 09:00:00,687.0,689.0,676.0,678.0,5250678.58076284,3587730073.7392497
2023-05-14 09:00:00,679.0,688.0,670.0,680.0,4967309.78283682,3371496875.4230514
2023-05-15 09:00:00,680.0,692.0,671.0,677.0,8733073.75823802,5968878068.539662
2023-05-16 09:00:00,677.0,698.0,667.0,695.0,11994664.75473867,8162215394.348512
2023-05-17 09:00:00,696.0,727.0,695.0,714.0,53105563.85777413,37972834137.603584
2023-05-18 09:00:00,714.0,726.0,697.0,717.0,14990859.02410189,10708483566.023897
2023-05-19 09:00:00,716.0,728.0,706.0,717.0,11014041.04557173,7882465538.096489
2023-05-20 09:00:00,718.0,718.0,707.0,710.0,4715355.2178969,3352161310.520455
2023-05-21 09:00:00,710.0,712.0,690.0,692.0,7215863.34003095,5054889441.909436
2023-05-22 09:00:00,691.0,694.0,676.0,684.0,7822889.99940205,5363863975.118321
2023-05-23 09:00:00,684.0,700.0,680.0,684.0,8995867.78508926,6187181958.324996
2023-05-24 09:00:00,683.0,684.0,649.0,665.0,18261097.43282343,12120825429.018007
2023-05-25 09:00:00,665.0,705.0,647.0,680.0,65620113.79278503,44939397010.02593
2023-05-26 09:00:00,679.0,696.0,663.0,685.0,17348418.87616472,11734342115.47983
2023-05-27 09:00:00,685.0,705.0,682.0,701.0,10931250.95013369,7564181686.837281
2023-05-28 09:00:00,700.0,767.0,699.0,738.0,60783626.09577696,44850198871.79198
2023-05-29 09:00:00,738.0,745.0,719.0,730.0,25479402.14374259,18637006456.870975
2023-05-30 09:00:00,730.0,748.0,727.0,737.0,22200314.63272942,16369721654.940323
2023-05-31 09:00:00,736.0,745.0,704.0,711.0,22500863.78701045,16225386353.670221
2023-06-01 09:00:00,711.0,763.0,700.0,740.0,51319482.46058043,37882953892.06254
2023-06-02 09:00:00,739.0,761.0,725.0,759.0,31713196.47005416,23601049111.423878
2023-06-03 09:00:00,759.0,770.0,744.0,756.0,17496901.97578467,13219669872.799164
2023-06-04 09:00:00,757.0,801.0,747.0,781.0,23865913.53473751,18472389847.39148
2023-06-05 09:00:00,781.0,812.0,676.0,698.0,124926352.60087343,93623702741.80838
2023-06-06 09:00:00,698.0,714.0,652.0,698.0,85948062.86182763,58873349246.735504
2023-06-07 09:00:00,699.0,700.0,645.0,652.0,52563304.21385595,35255480047.74777
2023-06-08 09:00:00,651.0,656.0,632.0,639.0,28058171.40565602,18026725456.100124
2023-06-09 09:00:00,639.0,641.0,610.0,616.0,28164058.58384882,17675917790.54764
2023-06-10 09:00:00,616.0,617.0,488.0,511.0,119638549.2840386,62387290793.2345
2023-06-11 09:00:00,511.0,523.0,496.0,509.0,41626568.45764393,21202040377.84563
2023-06-12 09:00:00,509.0,514.0,494.0,508.0,35624736.75865096,17989781005.562393
2023-06-13 09:00:00,509.0,525.0,500.0,504.0,38807576.48740718,19872388912.877663
2023-06-14 09:00:00,504.0,517.0,478.0,486.0,39704266.1424268,19808273472.11414
2023-06-15 09:00:00,485.0,498.0,473.0,493.0,31050437.08028234,15077772750.629509
2023-06-16 09:00:00,493.0,504.0,481.0,500.0,21542238.83036308,10595981183.780775
2023-06-17 09:00:00,500.0,518.0,497.0,509.0,21649585.84413557,11016995031.260763
2023-06-18 09:00:00,510.0,516.0,501.0,503.0,16246527.00061058,8259343634.727252
2023-06-19 09:00:00,503.0,512.0,497.0,508.0,16297535.30814205,8207819830.35153
2023-06-20 09:00:00,508.0,526.0,493.0,525.0,30574188.86048357,15593383528.726042
2023-06-21 09:00:00,525.0,555.0,522.0,551.0,53666712.40214393,28949540951.666386
2023-06-22 09:00:00,551.0,574.0,542.0,545.0,44256226.09153593,24696315397.63139
2023-06-23 09:00:00,545.0,583.0,545.0,580.0,48868159.25793755,27667243868.24055
2023-06-24 09:00:00,579.0,610.0,568.0,590.0,95619774.95076165,56519139705.71448
2023-06-25 09:00:00,590.0,606.0,578.0,584.0,50135660.71745896,29752088460.908688
2023-06-26 09:00:00,584.0,585.0,556.0,562.0,35511769.56389857,20154945549.198795
2023-06-27 09:00:00,562.0,573.0,559.0,565.0,20927413.30568683,11825491604.31305
2023-06-28 09:00:00,566.0,566.0,525.0,529.0,22543699.1328597,12282571182.32925
2023-06-29 09:00:00,529.0,551.0,528.0,542.0,15577593.59381628,8413384828.665187
2023-06-30 09:00:00,542.0,570.0,521.0,559.0,51432482.44793812,28332609822.583885
2023-07-01 09:00:00,558.0,621.0,552.0,620.0,100063186.89825384,58344659807.11545
2023-07-02 09:00:00,620.0,622.0,580.0,593.0,70994874.96452528,42203209238.10423
2023-07-03 09:00:00,593.0,597.0,584.0,595.0,28368193.04185962,16745781109.730392
2023-07-04 09:00:00,595.0,618.0,577.0,581.0,45097031.49784288,26897783879.949833
2023-07-05 09:00:00,581.0,589.0,552.0,564.0,33794454.70174197,19267815934.469032
2023-07-06 09:00:00,565.0,583.0,546.0,549.0,31843430.73039981,17981795368.858948
2023-07-07 09:00:00,548.0,558.0,544.0,556.0,13460029.71886327,7418157185.4707365
2023-07-08 09:00:00,556.0,559.0,543.0,551.0,10384936.94307058,5732873722.983017
2023-07-09 09:00:00,551.0,555.0,543.0,545.0,7783320.29459052,4278438442.77907
2023-07-10 09:00:00,545.0,559.0,527.0,550.0,21386850.94494052,11522112974.140226
2023-07-11 09:00:00,549.0,562.0,544.0,556.0,21248135.34050841,11733899893.80016
2023-07-12 09:00:00,556.0,567.0,551.0,554.0,23986828.39595804,13382953457.634138
2023-07-13 09:00:00,555.0,613.0,543.0,612.0,77899930.58651242,45504902164.65625
2023-07-14 09:00:00,613.0,619.0,561.0,580.0,70158208.82033552,41883509987.51027
2023-07-15 09:00:00,580.0,589.0,568.0,583.0,25661555.33898505,14881908316.973785
2023-07-16 09:00:00,582.0,588.0,566.0,569.0,19229636.77459015,11110691812.544186
2023-07-17 09:00:00,569.0,585.0,564.0,580.0,30529184.65062364,17522582964.286587
2023-07-18 09:00:00,580.0,588.0,560.0,566.0,23153643.57809452,13282081695.215086
2023-07-19 09:00:00,567.0,577.0,561.0,566.0,18153116.73051937,10316590306.815683
2023-07-20 09:00:00,566.0,589.0,565.0,572.0,27342830.4954788,15708501211.196955
2023-07-21 09:00:00,572.0,583.0,567.0,583.0,15974712.41364669,9179492751.151829
2023-07-22 09:00:00,583.0,586.0,572.0,577.0,17631177.69108371,10231344789.02038
2023-07-23 09:00:00,577.0,597.0,573.0,591.0,26181502.04872514,15339922263.0322
2023-07-24 09:00:00,590.0,594.0,551.0,559.0,38399423.75467663,21803710985.88526
2023-07-25 09:00:00,559.0,561.0,550.0,557.0,19197893.33960683,10649454186.364246
2023-07-26 09:00:00,557.0,561.0,545.0,555.0,17858676.84923659,9858907958.257437
2023-07-27 09:00:00,556.0,564.0,548.0,554.0,11724193.49742149,6526999626.4814415
2023-07-28 09:00:00,553.0,562.0,549.0,559.0,10944167.00606126,6078184802.995164
2023-07-29 09:00:00,559.0,569.0,557.0,567.0,12674532.36181764,7109981946.683868
2023-07-30 09:00:00,566.0,570.0,550.0,558.0,25892623.60274863,14535955531.76142
2023-07-31 09:00:00,557.0,562.0,546.0,549.0,15379675.35969297,8522169478.596406
2023-08-01 09:00:00,549.0,558.0,540.0,554.0,21793053.99023473,11922413140.158962
2023-08-02 09:00:00,554.0,556.0,540.0,543.0,15746761.56508757,8639097029.297396
2023-08-03 09:00:00,543.0,547.0,533.0,534.0,17221299.68696285,9283878393.426231
2023-08-04 09:00:00,534.0,536.0,525.0,529.0,18406738.55642754,9769836236.375767
2023-08-05 09:00:00,529.0,538.0,521.0,535.0,13407618.88853738,7079695678.349331
2023-08-06 09:00:00,535.0,545.0,533.0,537.0,13665840.31729824,7373750726.123377
2023-08-07 09:00:00,537.0,544.0,521.0,535.0,13323388.78921545,7109979178.0583935
2023-08-08 09:00:00,534.0,544.0,531.0,540.0,9154073.87683099,4919476130.242417
2023-08-09 09:00:00,540.0,545.0,534.0,541.0,11574402.49555547,6243486481.324734
2023-08-10 09:00:00,541.0,542.0,532.0,536.0,9816192.37961465,5267411637.531766
2023-08-11 09:00:00,535.0,540.0,532.0,536.0,10392619.23312979,5568502921.584346
2023-08-12 09:00:00,535.0,538.0,534.0,538.0,9322899.68519575,4998703148.706731
2023-08-13 09:00:00,538.0,538.0,524.0,525.0,14774065.48267984,7841351264.205077
2023-08-14 09:00:00,525.0,534.0,521.0,525.0,21998726.93753704,11582259854.668642
2023-08-15 09:00:00,525.0,527.0,500.0,503.0,24695241.97442388,12704354863.851267
2023-08-16 09:00:00,503.0,504.0,480.0,484.0,38732958.82982765,19054667334.289417
2023-08-17 09:00:00,484.0,493.0,438.0,447.0,38877207.76581333,18190576864.23418
2023-08-18 09:00:00,448.0,458.0,437.0,452.0,24144056.65827015,10807912984.289747
2023-08-19 09:00:00,452.0,466.0,448.0,465.0,11384427.3931974,5172085084.315973
2023-08-20 09:00:00,465.0,468.0,455.0,459.0,9735316.29600232,4491075469.339564
2023-08-21 09:00:00,460.0,461.0,440.0,446.0,14607966.29198831,6561497903.14673
2023-08-22 09:00:00,446.0,449.0,430.0,444.0,14114977.04736568,6210796598.521773
2023-08-23 09:00:00,444.0,453.0,440.0,448.0,10803117.68787921,4817579593.723365
2023-08-24 09:00:00,449.0,450.0,435.0,441.0,9649974.09926609,4268212074.6015916
2023-08-25 09:00:00,441.0,442.0,432.0,440.0,11958875.57137391,5210570841.005837
2023-08-26 09:00:00,440.0,443.0,436.0,438.0,4423025.3163073,1944843892.7555795
2023-08-27 09:00:00,438.0,442.0,435.0,440.0,4048849.12875478,1775918508.5430527
2023-08-28 09:00:00,439.0,440.0,425.0,438.0,11512184.63732235,4962874494.710479
2023-08-29 09:00:00,437.0,461.0,425.0,454.0,23380543.51650897,10432272976.993088
2023-08-30 09:00:00,454.0,456.0,436.0,439.0,14436916.18327655,6419085867.568162
2023-08-31 09:00:00,440.0,445.0,423.0,424.0,18560825.04562338,8031351006.63487
2023-09-01 09:00:00,424.0,426.0,414.0,418.0,14325181.72023566,6017460757.028123
2023-09-02 09:00:00,418.0,420.0,412.0,414.0,7800815.31426019,3245271108.99858
2023-09-03 09:00:00,415.0,417.0,410.0,414.0,7654334.3844074,3165109203.688674
2023-09-04 09:00:00,415.0,422.0,408.0,413.0,10062431.17335954,4155514016.6100245
2023-09-05 09:00:00,413.0,419.0,408.0,418.0,8959790.56578717,3701450798.908568
2023-09-06 09:00:00,418.0,427.0,411.0,416.0,17389381.37964973,7291970252.841807
2023-09-07 09:00:00,416.0,421.0,412.0,418.0,9579465.10276124,3980211640.157417
2023-09-08 09:00:00,418.0,422.0,410.0,414.0,10719974.50518156,4454925005.333123
2023-09-09 09:00:00,414.0,416.0,412.0,415.0,4758977.62623129,1969687235.092138
2023-09-10 09:00:00,415.0,415.0,398.0,403.0,17422087.24555656,7054763782.505638
2023-09-11 09:00:00,403.0,404.0,378.0,384.0,27228766.3472696,10611728474.085968
2023-09-12 09:00:00,384.0,398.0,382.0,384.0,16491958.94623767,6415077493.5199175
2023-09-13 09:00:00,384.0,396.0,381.0,393.0,17423204.0371282,6768599208.480685
2023-09-14 09:00:00,393.0,415.0,391.0,404.0,35687212.37105375,14447764838.14649
2023-09-15 09:00:00,404.0,412.0,400.0,409.0,19934348.53165548,8059337758.543787
2023-09-16 09:00:00,411.0,421.0,409.0,415.0,15408756.79688369,6378439778.851254
2023-09-17 09:00:00,415.0,415.0,395.0,398.0,13567110.2418963,5501971984.550502
2023-09-18 09:00:00,399.0,411.0,392.0,404.0,11606192.18118382,4677253432.436167
2023-09-19 09:00:00,406.0,410.0,401.0,407.0,9666916.19785769,3921199316.2048974
2023-09-20 09:00:00,407.0,411.0,399.0,404.0,14527074.59010153,5859707917.618263
2023-09-21 09:00:00,404.0,411.0,395.0,397.0,18270745.12982229,7371490342.739083
2023-09-22 09:00:00,398.0,406.0,395.0,406.0,8079066.91355357,3237651216.954006
2023-09-23 09:00:00,406.0,410.0,404.0,407.0,7338126.6978131,2984995861.5561566
2023-09-24 09:00:00,407.0,420.0,399.0,400.0,26304560.71246792,10812502054.50471
2023-09-25 09:00:00,401.0,407.0,398.0,405.0,11005441.03650886,4423395223.315995
2023-09-26 09:00:00,406.0,411.0,403.0,411.0,8200827.77353095,3335817180.1474013
2023-09-27 09:00:00,411.0,419.0,407.0,410.0,12767489.21204244,5272164346.361256
2023-09-28 09:00:00,410.0,418.0,409.0,414.0,6320293.40203219,2606944381.566147
2023-09-29 09:00:00,414.0,433.0,412.0,426.0,17895340.84349589,7546771641.582481
2023-09-30 09:00:00,427.0,427.0,417.0,422.0,9018025.05446406,3804614696.4794173
2023-10-01 09:00:00,422.0,437.0,420.0,436.0,12549793.8247894,5388903889.878099
2023-10-02 09:00:00,436.0,437.0,412.0,415.0,19788698.77093378,8442761181.531249
2023-10-03 09:00:00,415.0,422.0,400.0,405.0,20632540.16799623,8539846214.604078
2023-10-04 09:00:00,405.0,407.0,392.0,404.0,15363574.77307658,6159676191.088329
2023-10-05 09:00:00,404.0,405.0,398.0,400.0,8215292.93058576,3295046888.412594
2023-10-06 09:00:00,400.0,411.0,399.0,407.0,8041981.24327579,3245489137.6712313
2023-10-07 09:00:00,407.0,410.0,405.0,408.0,4550396.62481028,1853647949.7366958
2023-10-08 09:00:00,407.0,409.0,402.0,406.0,5729781.8430213,2322411431.023157
2023-10-09 09:00:00,406.0,409.0,383.0,388.0,19247053.26730107,7579607764.770011
2023-10-10 09:00:00,387.0,391.0,383.0,386.0,13176330.25073409,5091193304.921041
2023-10-11 09:00:00,386.0,388.0,380.0,385.0,10828596.20245459,4147589715.8429675
2023-10-12 09:00:00,384.0,388.0,380.0,388.0,8493025.58267168,3257199906.7074537
2023-10-13 09:00:00,387.0,396.0,386.0,393.0,7111297.15496522,2771563893.2408466
2023-10-14 09:00:00,392.0,400.0,392.0,396.0,10755886.26171373,4256132099.6227484
2023-10-15 09:00:00,397.0,399.0,392.0,396.0,11713032.10009527,4639696457.508549
2023-10-16 09:00:00,396.0,408.0,394.0,400.0,17893217.4043465,7144599729.021797
2023-10-17 09:00:00,399.0,400.0,389.0,390.0,14312444.1908108,5632794747.8022175
2023-10-18 09:00:00,391.0,394.0,385.0,388.0,14118187.08659939,5496334072.781343
2023-10-19 09:00:00,387.0,390.0,382.0,386.0,12458377.48604174,4794118908.996264
2023-10-20 09:00:00,385.0,402.0,383.0,402.0,13863223.59395704,5465106275.953639
2023-10-21 09:00:00,402.0,419.0,399.0,418.0,18510039.81251723,7615458825.932778
2023-10-22 09:00:00,418.0,421.0,404.0,416.0,14767489.44851711,6089124080.458836
2023-10-23 09:00:00,416.0,433.0,412.0,433.0,32709644.81074846,13726488150.359934
2023-10-24 09:00:00,433.0,452.0,423.0,442.0,67721526.0257412,29756376078.32169
2023-10-25 09:00:00,441.0,459.0,433.0,448.0,33084255.27786867,14708974766.323994
2023-10-26 09:00:00,447.0,466.0,437.0,454.0,45907231.5469478,20761576548.50973
2023-10-27 09:00:00,454.0,454.0,432.0,440.0,21300555.41360871,9427459995.581438
2023-10-28 09:00:00,439.0,452.0,438.0,451.0,16173643.18953903,7217085853.943188
2023-10-29 09:00:00,450.0,499.0,444.0,484.0,75726261.8298287,36031250656.04391
2023-10-30 09:00:00,484.0,499.0,472.0,486.0,61196980.0575492,29720370126.513466
2023-10-31 09:00:00,485.0,491.0,455.0,471.0,43262906.78848675,20490718212.864418
2023-11-01 09:00:00,472.0,485.0,458.0,484.0,34043359.50283254,15979013882.66215
2023-11-02 09:00:00,485.0,520.0,479.0,501.0,115368961.30890028,57794004270.22478
2023-11-03 09:00:00,501.0,501.0,471.0,488.0,43091254.32619701,20842145517.307293
2023-11-04 09:00:00,489.0,502.0,483.0,502.0,30234415.7383517,14849682170.000517
2023-11-05 09:00:00,501.0,513.0,490.0,504.0,46629696.38603725,23437975439.63834
2023-11-06 09:00:00,503.0,528.0,499.0,523.0,59485555.02887147,30687000287.047916
2023-11-07 09:00:00,524.0,539.0,504.0,519.0,49594599.73812585,25867633123.10326
2023-11-08 09:00:00,519.0,538.0,511.0,535.0,33983069.20059785,17791772356.006954
2023-11-09 09:00:00,535.0,558.0,501.0,532.0,76872879.8038892,40944782040.31894
2023-11-10 09:00:00,532.0,578.0,528.0,566.0,106047878.18305114,58897494127.16335
2023-11-11 09:00:00,566.0,610.0,536.0,587.0,81434848.78131275,46584787583.47268
2023-11-12 09:00:00,587.0,598.0,560.0,588.0,41342788.74841537,24094789247.29372
2023-11-13 09:00:00,588.0,629.0,580.0,589.0,75774649.86488512,45887807534.185814
2023-11-14 09:00:00,590.0,603.0,554.0,570.0,59226962.21058703,34441488242.984276
2023-11-15 09:00:00,569.0,593.0,546.0,588.0,41189157.92540635,23525033635.72926
2023-11-16 09:00:00,588.0,608.0,561.0,569.0,54265376.42809264,31882981377.95993
2023-11-17 09:00:00,569.0,585.0,532.0,564.0,43320817.47589913,24264867050.763245
2023-11-18 09:00:00,564.0,564.0,524.0,544.0,33400422.4220734,18063067356.156967
2023-11-19 09:00:00,544.0,558.0,531.0,555.0,21168143.7655523,11550908510.071444
2023-11-20 09:00:00,556.0,566.0,547.0,553.0,20674703.40569912,11485170998.580765
2023-11-21 09:00:00,553.0,562.0,495.0,495.0,45064806.50434401,23779342240.91651
2023-11-22 09:00:00,495.0,529.0,495.0,523.0,27833370.9187821,14254108259.684254
2023-11-23 09:00:00,523.0,536.0,517.0,533.0,19988826.83039712,10485955624.847109
2023-11-24 09:00:00,533.0,547.0,529.0,544.0,18680192.42294124,10024123718.468554
2023-11-25 09:00:00,544.0,596.0,540.0,574.0,81342416.04850508,46803279460.669586
2023-11-26 09:00:00,574.0,595.0,556.0,571.0,69419492.93244275,39821583423.67866
2023-11-27 09:00:00,571.0,596.0,533.0,549.0,71657363.9057186,40385307639.581314
2023-11-28 09:00:00,549.0,558.0,524.0,553.0,31855612.80141733,17171192954.932137
2023-11-29 09:00:00,553.0,559.0,538.0,552.0,25219838.575397,13858116342.418114
2023-11-30 09:00:00,552.0,554.0,539.0,548.0,17726149.63824713,9671596030.994959
2023-12-01 09:00:00,548.0,559.0,541.0,554.0,14575049.11887709,8056618937.764265
2023-12-02 09:00:00,555.0,576.0,552.0,572.0,14210363.06883454,7993547485.615524
2023-12-03 09:00:00,571.0,578.0,564.0,574.0,23662094.66617182,13475051114.007584
2023-12-04 09:00:00,574.0,595.0,553.0,585.0,58773584.43381581,34097550712.231163
2023-12-05 09:00:00,585.0,621.0,578.0,615.0,96656261.55818576,58522924417.26301
2023-12-06 09:00:00,614.0,632.0,593.0,614.0,80817836.63315225,49829336913.339134
2023-12-07 09:00:00,614.0,640.0,600.0,636.0,77587710.90582462,48305718444.47994
2023-12-08 09:00:00,636.0,673.0,621.0,672.0,59811511.25185297,38624024801.615746
2023-12-09 09:00:00,672.0,747.0,672.0,732.0,149353324.70526806,105583769148.99329
2023-12-10 09:00:00,733.0,817.0,732.0,763.0,350459192.23502576,272598456210.6806
2023-12-11 09:00:00,764.0,767.0,677.0,709.0,179276033.77159575,127787906310.95853
2023-12-12 09:00:00,709.0,721.0,686.0,710.0,83718909.6858624,58871919799.70453
2023-12-13 09:00:00,710.0,724.0,664.0,718.0,56434280.29534306,38839722755.5155
2023-12-14 09:00:00,718.0,731.0,702.0,725.0,47388656.21986758,33996183873.436207
2023-12-15 09:00:00,725.0,726.0,685.0,685.0,28891494.85671922,20411287102.347267
2023-12-16 09:00:00,685.0,722.0,672.0,713.0,24199426.00888583,16969582697.515842
2023-12-17 09:00:00,713.0,717.0,681.0,685.0,29043487.94456883,20342300496.863953
2023-12-18 09:00:00,685.0,690.0,625.0,681.0,55650179.48433821,36478488586.80716
2023-12-19 09:00:00,681.0,691.0,659.0,669.0,28064022.81827216,18972220772.268555
2023-12-20 09:00:00,670.0,710.0,656.0,704.0,40791015.8173299,28233443038.609318
2023-12-21 09:00:00,704.0,743.0,696.0,742.0,47490556.31531762,34197942696.56661
2023-12-22 09:00:00,743.0,755.0,716.0,734.0,49703322.55713019,36616873357.19712
2023-12-23 09:00:00,733.0,735.0,712.0,721.0,20725471.45195423,14929455446.589125
2023-12-24 09:00:00,722.0,774.0,716.0,758.0,70337629.95423763,52220902648.47809
2023-12-25 09:00:00,758.0,825.0,731.0,808.0,155843817.80829695,123282461286.46696
2023-12-26 09:00:00,808.0,906.0,776.0,841.0,300537369.21188307,256960640892.8345
2023-12-27 09:00:00,841.0,846.0,790.0,804.0,84725202.09504426,68604564392.33269
2023-12-28 09:00:00,804.0,816.0,762.0,773.0,51601051.63565828,40539284470.73094
2023-12-29 09:00:00,773.0,789.0,748.0,770.0,53009840.69667405,41012652587.70429
2023-12-30 09:00:00,770.0,787.0,756.0,774.0,23522249.2487162,18134335997.533966
2023-12-31 09:00:00,774.0,818.0,768.0,805.0,40595044.55692407,32214710981.435974
2024-01-01 09:00:00,804.0,840.0,784.0,804.0,100045562.86962888,80916758230.30649
2024-01-02 09:00:00,805.0,824.0,781.0,786.0,55838093.72236951,44855652338.629616
2024-01-03 09:00:00,786.0,799.0,618.0,708.0,105343657.43203689,76362124756.94081
2024-01-04 09:00:00,708.0,738.0,674.0,723.0,65989401.84035727,46587210237.26696
2024-01-05 09:00:00,723.0,730.0,670.0,690.0,34224084.56381995,23785321869.0193
2024-01-06 09:00:00,690.0,691.0,640.0,674.0,35375436.15912924,23583499305.9856
2024-01-07 09:00:00,674.0,699.0,625.0,631.0,41963105.63844548,28118887929.362328
2024-01-08 09:00:00,632.0,679.0,586.0,674.0,55065317.23749951,34632457574.28706
2024-01-09 09:00:00,675.0,677.0,620.0,643.0,33974622.83011438,21984773366.246983
2024-01-10 09:00:00,642.0,728.0,620.0,709.0,46613291.51093983,31368166019.762398
2024-01-11 09:00:00,710.0,748.0,701.0,737.0,59044713.47311322,42943205443.53622
2024-01-12 09:00:00,737.0,760.0,677.0,700.0,61856786.4465415,45163494990.62598
2024-01-13 09:00:00,700.0,709.0,665.0,701.0,25604933.05095701,17746883190.643375
2024-01-14 09:00:00,701.0,704.0,670.0,673.0,17115865.19984852,11785346393.419733
2024-01-15 09:00:00,673.0,696.0,671.0,690.0,15736525.29963986,10783512634.176977
2024-01-16 09:00:00,690.0,720.0,685.0,714.0,28181043.83702277,19809884390.28826
2024-01-17 09:00:00,713.0,718.0,690.0,697.0,20997271.15720771,14701598282.87727
2024-01-18 09:00:00,697.0,698.0,660.0,666.0,23187708.17429652,15774477222.156229
2024-01-19 09:00:00,666.0,681.0,633.0,677.0,39969989.81191283,26400191291.483578
2024-01-20 09:00:00,677.0,682.0,663.0,671.0,14194378.18690225,9538642260.14177
2024-01-21 09:00:00,672.0,685.0,668.0,671.0,14034156.5022984,9514055549.167458
2024-01-22 09:00:00,670.0,673.0,626.0,628.0,27031246.2631693,17477098089.870018
2024-01-23 09:00:00,628.0,638.0,580.0,613.0,40070379.26241749,24070508337.81349
2024-01-24 09:00:00,612.0,619.0,596.0,613.0,21578250.22958445,13106796891.48849
2024-01-25 09:00:00,613.0,615.0,595.0,604.0,15299863.83972641,9235264125.600782
2024-01-26 09:00:00,604.0,628.0,598.0,623.0,17052009.76351518,10485241488.399117
2024-01-27 09:00:00,623.0,629.0,613.0,627.0,9909339.55819513,6176820486.20161
2024-01-28 09:00:00,627.0,646.0,615.9,619.5,18639212.90489416,11821938666.183193
2024-01-29 09:00:00,619.5,635.4,610.0,634.3,11594928.60304432,7226561512.9137745
2024-01-30 09:00:00,634.3,639.0,620.9,623.6,15472329.84107417,9767417917.435707
2024-01-31 09:00:00,622.8,625.5,600.8,602.5,16388646.39991933,10028738032.273083
2024-02-01 09:00:00,602.5,607.0,590.6,604.7,12352213.47962603,7397066552.0751705
2024-02-02 09:00:00,604.7,615.5,600.0,610.0,11877588.90659251,7209114167.515025
2024-02-03 09:00:00,609.2,615.8,602.0,604.1,8846732.72095841,5377706910.224667
2024-02-04 09:00:00,604.1,604.7,590.0,590.1,11854879.8580476,7086579944.92859
2024-02-05 09:00:00,590.1,600.3,578.3,593.7,13435812.70027337,7921749985.15882
2024-02-06 09:00:00,593.7,598.5,588.0,593.2,10193979.6900261,6044537881.275458
2024-02-07 09:00:00,593.2,609.8,587.8,605.1,11855632.96173767,7075303661.75873
2024-02-08 09:00:00,605.1,618.9,605.0,618.9,12258615.60654031,7490674772.675839
2024-02-09 09:00:00,619.0,641.0,618.7,636.0,22180049.08148311,13939980878.817987
2024-02-10 09:00:00,636.0,647.8,623.3,637.0,15561379.54088826,9912165288.935051
2024-02-11 09:00:00,637.0,641.7,628.5,632.4,11378391.58719364,7238932603.047989
2024-02-12 09:00:00,632.4,648.6,620.3,645.1,24428244.03176926,15551107428.204443
2024-02-13 09:00:00,645.6,652.0,623.0,631.9,21266654.52221248,13555598645.966484
2024-02-14 09:00:00,631.9,651.0,626.2,649.6,19866997.27952018,12769343573.487476
2024-02-15 09:00:00,649.7,683.0,649.2,676.2,34649374.68408014,23130683674.71967
2024-02-16 09:00:00,676.7,701.0,672.8,684.2,27636947.70558087,18945244382.996902
2024-02-17 09:00:00,684.2,730.0,665.8,700.7,82596946.38790049,57791912471.50956
2024-02-18 09:00:00,700.5,709.9,680.6,703.5,26759509.87256936,18623392489.90781
2024-02-19 09:00:00,703.5,736.7,697.7,731.7,31424475.99648548,22402147729.45811
2024-02-20 09:00:00,731.7,737.7,689.8,711.6,37419137.37369501,26700427191.787888
2024-02-21 09:00:00,711.6,712.6,668.0,686.7,27802988.1164206,19114390187.068935
2024-02-22 09:00:00,686.6,706.0,670.7,697.3,20645920.85052886,14213773272.172012
2024-02-23 09:00:00,697.3,709.1,683.0,692.1,23362630.52397896,16234705907.452211
2024-02-24 09:00:00,692.1,724.0,683.3,720.2,34559910.50978405,24538846852.446888
2024-02-25 09:00:00,720.4,722.5,702.3,715.2,18713346.74715451,13308932035.109308
2024-02-26 09:00:00,715.2,754.2,709.0,742.0,87309949.71848007,63946899520.93633
2024-02-27 09:00:00,742.3,783.8,731.9,774.0,77167349.3542482,58133147517.09523
2024-02-28 09:00:00,774.0,805.9,740.1,781.8,99695180.83297786,77514362377.50797
2024-02-29 09:00:00,781.6,866.2,768.0,856.3,116016654.05556104,94954999931.80261
2024-03-01 09:00:00,856.0,942.9,830.3,931.0,127811334.83242911,113891729252.54546
2024-03-02 09:00:00,931.0,989.0,909.1,962.8,116015393.08781217,109947595552.31703
2024-03-03 09:00:00,962.8,1015.0,840.0,940.0,151086116.87708673,141785628901.45627
2024-03-04 09:00:00,940.1,995.0,921.6,964.5,100826070.06662756,96487350964.74358
2024-03-05 09:00:00,964.9,1049.0,855.0,924.5,205453143.13708568,199873761387.8101
2024-03-06 09:00:00,924.7,962.0,858.4,961.2,94039671.8406578,86448092296.11276
2024-03-07 09:00:00,961.2,1005.0,948.4,979.0,91253484.22618361,89194969119.80496
2024-03-08 09:00:00,979.0,996.0,927.0,970.5,69018787.54424313,66473651341.86989
2024-03-09 09:00:00,970.5,1089.0,955.9,1058.0,155348318.0939164,159553515695.59616
2024-03-10 09:00:00,1059.0,1152.0,1053.0,1107.0,165494936.74041757,183682687685.44638
2024-03-11 09:00:00,1107.0,1110.0,1023.0,1102.0,84675127.85202771,91241837134.40294
2024-03-12 09:00:00,1102.0,1140.0,1030.0,1085.0,66653129.22512675,72058697085.0402
2024-03-13 09:00:00,1085.0,1102.0,1056.0,1085.0,47729319.33637475,51553081722.55635
2024-03-14 09:00:00,1085.0,1088.0,995.5,1057.0,69683351.85659847,73310444792.90607
2024-03-15 09:00:00,1058.0,1071.0,925.4,992.3,84051416.26938361,82784038598.94904
2024-03-16 09:00:00,992.0,1022.0,897.4,928.1,62106600.35339302,60226966674.36853
2024-03-17 09:00:00,928.1,959.5,866.8,949.8,48138367.0305139,44019781570.83116
2024-03-18 09:00:00,949.7,949.8,890.0,900.7,33641797.74342769,31023398823.355278
2024-03-19 09:00:00,900.7,909.5,815.0,848.9,53967717.33977192,46212933563.296
2024-03-20 09:00:00,847.9,957.1,806.4,949.0,53691011.26830547,47395898273.68544
2024-03-21 09:00:00,949.0,953.9,913.0,927.8,29966860.93422342,28034373011.61335
2024-03-22 09:00:00,927.8,969.1,902.6,956.4,41899523.00026417,39355255370.30872
2024-03-23 09:00:00,956.0,1003.0,936.8,975.0,43420387.80007524,42469560762.90177
2024-03-24 09:00:00,973.2,993.0,951.4,981.4,22456917.90895111,21790992768.912266
2024-03-25 09:00:00,981.0,998.0,959.0,987.6,34062419.02526163,33339068695.062084
2024-03-26 09:00:00,986.7,1040.0,980.0,1030.0,42245834.93115932,42504107270.207504
2024-03-27 09:00:00,1030.0,1053.0,972.0,984.0,40656548.65238824,40843150078.70403
2024-03-28 09:00:00,983.9,1003.0,963.0,993.7,23612798.85219676,23245734089.250336
2024-03-29 09:00:00,994.0,1023.0,974.0,1020.0,32086213.49692198,32123325641.961918
2024-03-30 09:00:00,1020.0,1032.0,990.8,997.5,16319876.84129416,16433610113.075048
2024-03-31 09:00:00,996.0,1005.0,983.0,995.6,10919382.08102475,10857661740.382162
2024-04-01 09:00:00,995.6,1003.0,928.0,949.6,25857458.29507871,24811835798.992287
2024-04-02 09:00:00,949.6,949.6,885.0,891.9,23749918.09095366,21543908309.93246
2024-04-03 09:00:00,891.7,907.3,857.2,868.0,17723006.56642889,15647908099.716007
2024-04-04 09:00:00,869.5,894.4,854.0,884.6,16060031.63182114,14090898026.40954
2024-04-05 09:00:00,884.6,885.3,850.0,873.3,13597132.77328092,11820956586.610607
2024-04-06 09:00:00,873.2,884.4,867.0,878.8,7059279.76909382,6177263357.24596
2024-04-07 09:00:00,878.0,892.0,874.4,883.2,8196764.99407184,7242207885.118566
2024-04-08 09:00:00,883.2,931.6,867.7,924.4,16808739.67034425,15236344839.596027
2024-04-09 09:00:00,925.0,930.0,890.0,892.7,16439537.62230135,14949570511.541853
2024-04-10 09:00:00,893.0,905.0,848.3,872.1,16160268.14422601,14088458724.074205
2024-04-11 09:00:00,872.6,895.5,866.0,874.3,12165503.63046649,10705224256.591154
2024-04-12 09:00:00,875.5,888.8,740.0,763.6,30371905.8938093,24560249752.170097
2024-04-13 09:00:00,763.6,763.6,567.8,632.7,67689711.79448459,45664068726.20491
2024-04-14 09:00:00,632.6,680.2,606.8,671.2,44520095.38983996,28500905268.123936
2024-04-15 09:00:00,671.2,698.9,632.3,655.6,29635562.672855,19869710778.291477
2024-04-16 09:00:00,655.6,663.6,620.6,653.5,21352711.03963874,13734490055.994219
2024-04-17 09:00:00,653.5,664.0,619.0,640.0,17451785.24055617,11197000214.862787
2024-04-18 09:00:00,640.0,652.8,618.4,647.1,16488740.80269858,10536814530.678768
2024-04-19 09:00:00,647.2,660.0,595.5,645.0,24665868.84839707,15635295980.834194
2024-04-20 09:00:00,646.0,707.4,640.3,705.2,17034411.08587556,11484063189.860023
2024-04-21 09:00:00,705.2,722.1,687.3,693.9,13073836.63941445,9225180096.218508
2024-04-22 09:00:00,694.3,719.9,690.3,714.2,12882398.11715561,9119762297.403833
2024-04-23 09:00:00,714.2,717.5,693.8,708.6,11618497.78675226,8191390363.143971
2024-04-24 09:00:00,708.3,731.0,667.7,675.1,27307364.57970191,19314827765.96012
2024-04-25 09:00:00,675.4,681.9,645.0,665.2,15852189.44300199,10515795328.73677
2024-04-26 09:00:00,666.0,670.0,647.5,656.3,8318065.24679884,5481487154.757923
2024-04-27 09:00:00,656.3,665.7,635.6,657.7,8551196.47270149,5552159820.623594
2024-04-28 09:00:00,657.7,672.8,640.6,642.9,7320992.02752304,4827848350.899127
2024-04-29 09:00:00,642.9,648.9,618.0,634.9,11777120.34302097,7405730060.9993925
2024-04-30 09:00:00,634.8,641.5,582.0,600.0,17202604.52684659,10423740642.768406
2024-05-01 09:00:00,600.0,612.4,560.0,606.6,21755709.70726067,12743516546.367739
2024-05-02 09:00:00,606.0,618.5,584.0,609.5,8972970.80755813,5411092220.989644
2024-05-03 09:00:00,610.1,645.3,606.9,639.8,10108849.27533767,6324454588.8544
2024-05-04 09:00:00,639.8,646.3,628.3,635.5,7798216.88395544,4976150686.534527
2024-05-05 09:00:00,635.3,643.4,622.3,635.0,6375020.57256511,4024700167.256741
2024-05-06 09:00:00,635.0,658.0,622.8,622.8,11635562.51317468,7451609155.649641
2024-05-07 09:00:00,623.2,628.0,608.9,609.1,6881971.87123514,4259370796.6031175
2024-05-08 09:00:00,610.0,618.0,595.0,604.1,9628944.65009972,5828277373.981287
2024-05-09 09:00:00,604.0,622.0,591.0,618.5,6820343.11232322,4137066405.4984317
2024-05-10 09:00:00,618.5,626.3,591.8,595.8,9961737.49008153,6083890417.810439
2024-05-11 09:00:00,595.8,605.5,592.4,593.2,4984569.1822038,2981805853.71196
2024-05-12 09:00:00,593.9,600.0,586.0,587.4,3947596.46494833,2339934731.824764
2024-05-13 09:00:00,587.4,598.0,565.5,582.6,11064857.57069006,6418377427.531304
2024-05-14 09:00:00,583.0,586.5,570.0,572.8,6617959.4816097,3823895629.7582216
2024-05-15 09:00:00,572.7,616.1,568.3,610.1,10933807.68847443,6472211730.839483
2024-05-16 09:00:00,610.2,613.9,592.9,607.2,7394806.27396779,4478055311.614808
2024-05-17 09:00:00,607.2,628.0,600.3,620.3,6782164.75115174,4166783866.8664503
2024-05-18 09:00:00,620.2,623.6,614.7,619.8,4675721.03896274,2897870090.7842116
2024-05-19 09:00:00,620.1,624.0,590.8,591.2,7493568.18998309,4539805175.614292
2024-05-20 09:00:00,591.6,638.4,584.7,636.0,18039376.42720189,11089246990.219196
2024-05-21 09:00:00,635.9,649.6,628.0,643.4,12275166.58173238,7843465210.422027
2024-05-22 09:00:00,643.4,644.9,618.3,629.9,7499997.86564365,4747519186.430341
2024-05-23 09:00:00,629.1,640.5,590.0,617.4,13345723.65900475,8250042980.086694
2024-05-24 09:00:00,618.2,631.8,606.9,623.3,9237011.76747642,5728220018.648596
2024-05-25 09:00:00,622.9,639.2,620.5,634.7,9939609.45009563,6282034587.862441
2024-05-26 09:00:00,634.6,635.3,614.6,615.3,7942665.36246914,4962876727.922663
2024-05-27 09:00:00,615.3,644.2,609.5,635.8,9700125.81358418,6058336287.7101
2024-05-28 09:00:00,635.8,638.8,611.5,622.3,9532176.03459777,5925416520.528118
2024-05-29 09:00:00,622.3,640.5,615.0,616.5,11230294.56517201,7054015969.133213
2024-05-30 09:00:00,617.0,625.5,599.9,609.6,9830993.49815485,6014091694.040821
2024-05-31 09:00:00,610.2,614.0,596.5,604.9,6228732.93076184,3768913773.0759916
2024-06-01 09:00:00,605.0,620.6,603.0,613.7,5528160.75175169,3362510219.5595145
2024-06-02 09:00:00,613.7,633.9,611.2,612.4,12433104.31390308,7749959554.167042
2024-06-03 09:00:00,611.6,654.9,603.5,632.0,25971723.06679063,16561068624.200214
2024-06-04 09:00:00,632.0,641.8,620.0,639.2,10029471.28383748,6325969833.783628
2024-06-05 09:00:00,639.2,658.4,636.5,651.8,9779007.17936041,6326379468.49396
2024-06-06 09:00:00,651.7,682.5,641.2,658.0,17260160.56687024,11429016338.161114
2024-06-07 09:00:00,657.6,667.6,596.0,614.7,19501649.56384911,12386030310.462118
2024-06-08 09:00:00,614.5,617.9,576.2,582.2,16978493.23810792,10107258887.607113
2024-06-09 09:00:00,581.4,596.5,573.9,593.1,7375426.24680729,4323916500.324957
2024-06-10 09:00:00,593.8,596.0,575.2,578.8,7171586.08344796,4188257062.288996
2024-06-11 09:00:00,579.5,581.2,550.0,557.7,11120135.68388196,6277132383.491355
2024-06-12 09:00:00,558.0,585.8,543.6,577.0,9783764.04586018,5558880689.465456
2024-06-13 09:00:00,577.0,578.9,551.7,556.6,5931171.46637061,3345769281.4542675
2024-06-14 09:00:00,557.0,563.3,528.8,539.5,7582704.75369324,4147798371.2125177
2024-06-15 09:00:00,539.6,546.9,535.6,544.5,3248584.51675347,1755830176.8016505
2024-06-16 09:00:00,545.4,547.0,536.3,540.9,3802631.67254544,2062006298.3050685
2024-06-17 09:00:00,540.9,543.0,469.5,475.0,30795128.40029082,15478187364.96334
2024-06-18 09:00:00,475.0,476.3,417.0,438.3,23605638.95057849,10468699166.926239
2024-06-19 09:00:00,438.3,461.9,435.2,457.6,9606400.7697267,4340892492.156711
2024-06-20 09:00:00,457.0,480.7,454.8,467.2,7143897.80554282,3345269877.3823533
2024-06-21 09:00:00,467.0,478.2,460.7,466.8,6276344.75490126,2949692014.5425487
2024-06-22 09:00:00,466.9,471.8,461.7,467.7,2516365.64674637,1175239017.7982812
2024-06-23 09:00:00,467.8,474.3,450.5,452.6,4439426.05337204,2049619134.98695
2024-06-24 09:00:00,452.4,464.7,434.2,464.3,9794394.12503243,4402820996.937959
2024-06-25 09:00:00,464.3,480.7,460.4,477.4,6392586.54668835,2997569451.1097875
2024-06-26 09:00:00,477.4,480.5,465.3,472.5,4296622.55527439,2034350119.4204676
2024-06-27 09:00:00,472.5,484.3,463.3,480.1,4666852.21657652,2210335122.0419927
2024-06-28 09:00:00,480.1,485.0,470.3,473.5,5149280.03277653,2454113985.6841908
2024-06-29 09:00:00,473.5,482.4,457.1,459.1,3836253.34907026,1797925261.9687989
2024-06-30 09:00:00,459.7,467.1,453.5,464.4,3599679.8301894,1655858427.712438
2024-07-01 09:00:00,464.4,472.6,457.5,461.3,4396559.64624811,2050423277.7069602
2024-07-02 09:00:00,461.1,471.4,456.2,464.0,3821411.00192499,1763475918.6727796
2024-07-03 09:00:00,464.0,465.9,442.4,445.1,5642231.1451629,2560014044.49194
2024-07-04 09:00:00,445.5,448.0,401.7,404.4,11687939.19739807,4933909663.043239
2024-07-05 09:00:00,403.2,406.1,355.1,401.7,23867748.09226464,9002173497.640148
2024-07-06 09:00:00,401.7,435.6,396.3,432.2,7641813.18665504,3167330564.546491
2024-07-07 09:00:00,433.0,433.2,400.6,403.1,5676718.05420207,2394875636.097427
2024-07-08 09:00:00,403.8,431.7,387.0,413.5,8810939.20808103,3628331307.972227
2024-07-09 09:00:00,413.4,423.0,410.2,420.0,5508794.48280675,2296091905.011509
2024-07-10 09:00:00,420.0,430.4,415.7,426.4,6678038.93078806,2827361169.7650104
2024-07-11 09:00:00,427.3,437.9,420.0,422.3,5883277.06173352,2517371157.921606
2024-07-12 09:00:00,422.5,439.2,419.0,439.2,4876579.87119556,2082512399.5907643
2024-07-13 09:00:00,439.1,446.7,434.7,443.9,4905178.95100704,2163347216.137936
2024-07-14 09:00:00,443.9,457.1,438.6,454.9,5366903.74122916,2391917881.1791534
2024-07-15 09:00:00,454.8,480.5,453.0,478.0,9230324.76789337,4270853044.503183
2024-07-16 09:00:00,478.0,482.0,452.8,469.2,10574567.36985775,4965450857.018912
2024-07-17 09:00:00,469.0,481.2,465.6,466.0,9379119.24531902,4448917627.889351
2024-07-18 09:00:00,465.5,485.0,444.6,453.1,15355792.21679922,7199519484.395229
2024-07-19 09:00:00,452.9,481.1,443.0,475.6,12583006.00272642,5804009746.536156
2024-07-20 09:00:00,476.0,490.3,472.0,484.5,7693238.21899546,3700503963.90956
2024-07-21 09:00:00,485.1,490.0,462.0,485.9,6955308.8624035,3355271238.5796213
2024-07-22 09:00:00,486.0,487.7,460.8,463.4,6889245.16531009,3252429851.7652135
2024-07-23 09:00:00,463.7,472.5,445.5,449.4,7612165.99930128,3486556282.1657677
2024-07-24 09:00:00,449.7,464.1,443.8,446.3,6254445.75503958,2836590210.0513067
2024-07-25 09:00:00,446.5,447.3,418.0,431.1,9502137.7922372,4079981637.2907844
2024-07-26 09:00:00,431.1,459.2,430.7,458.0,6380595.10675986,2841252935.8592973
2024-07-27 09:00:00,458.7,475.4,454.9,469.3,7767048.02377474,3612401864.6832824
2024-07-28 09:00:00,469.3,471.3,455.7,459.2,3907535.68968426,1805377945.326091
2024-07-29 09:00:00,459.2,478.9,458.1,458.9,10641016.56876479,4995686502.64966
2024-07-30 09:00:00,458.9,470.0,449.1,455.0,5729547.03398134,2650472128.755474
2024-07-31 09:00:00,455.0,463.6,433.0,433.0,8674354.53558433,3888651272.1167474
2024-08-01 09:00:00,433.4,437.0,402.5,425.7,9889398.19320321,4178953069.122156
2024-08-02 09:00:00,425.3,427.9,394.0,399.8,10530350.54086191,4300775032.289509
2024-08-03 09:00:00,399.9,410.4,376.0,386.4,9725550.41800774,3823800111.6860256
2024-08-04 09:00:00,386.4,394.8,357.0,367.2,10148936.77527566,3815777308.1261754
2024-08-05 09:00:00,367.2,369.9,304.6,343.0,37401648.741171,12395351632.063889
2024-08-06 09:00:00,343.0,368.7,340.5,350.9,12427706.00879273,4408880818.389033
2024-08-07 09:00:00,351.9,359.6,330.0,339.0,13301743.91870504,4626415884.786402
2024-08-08 09:00:00,339.0,375.5,332.8,374.0,10376773.14068842,3697015922.0264587
2024-08-09 09:00:00,373.1,374.6,364.0,373.0,7245556.62321085,2677412301.0124087
2024-08-10 09:00:00,373.0,386.9,368.7,381.8,6443221.15205722,2429282403.42473
2024-08-11 09:00:00,382.3,383.7,351.8,354.8,8057349.41405364,2975884433.0770335
2024-08-12 09:00:00,354.8,373.9,349.5,370.2,10650863.37271144,3867723171.444652
2024-08-13 09:00:00,369.8,377.7,359.2,372.3,4953381.69656993,1821955786.1615238
2024-08-14 09:00:00,372.3,372.7,354.6,358.4,6900646.3712754,2504594966.568923
2024-08-15 09:00:00,359.0,366.7,345.0,348.4,7234151.13706123,2583819755.5979333
2024-08-16 09:00:00,348.7,351.0,338.6,347.3,5656166.06169548,1956186244.409717
2024-08-17 09:00:00,347.3,351.6,344.4,351.5,2923701.92870051,1013454930.0054775
2024-08-18 09:00:00,351.0,364.2,345.8,355.1,5357258.39162676,1909084623.0187368
2024-08-19 09:00:00,355.7,358.6,347.7,356.5,4685560.56217177,1651071011.0941372
2024-08-20 09:00:00,356.6,361.7,350.9,357.1,3809128.95673229,1364218540.654815
2024-08-21 09:00:00,357.6,375.5,355.0,372.0,7454391.57688597,2716005701.0116253
2024-08-22 09:00:00,371.2,377.0,364.9,374.5,5462897.24813276,2025536803.4388356
2024-08-23 09:00:00,374.7,405.0,374.1,400.2,9125313.66691603,3559560980.6098204
2024-08-24 09:00:00,401.2,412.0,396.1,405.5,6612634.1787455,2670428371.1496778
2024-08-25 09:00:00,405.6,406.4,387.7,395.9,4784507.24611644,1894922023.9477258
2024-08-26 09:00:00,395.5,398.8,372.8,374.7,6534457.89604966,2513208948.4659853
2024-08-27 09:00:00,374.6,381.3,349.5,353.9,8731999.46871402,3203425997.0724216
2024-08-28 09:00:00,354.0,360.0,339.4,347.4,7249032.15696644,2539254476.433799
2024-08-29 09:00:00,346.7,356.5,339.5,344.0,5256259.92238962,1823425511.5261257
2024-08-30 09:00:00,344.0,352.4,333.9,347.4,5110598.17862335,1759285001.5493672
2024-08-31 09:00:00,347.4,350.2,339.8,342.2,2457061.43895517,849636994.8824291
2024-09-01 09:00:00,343.1,343.8,322.1,322.2,6681418.69371204,2225643778.6847334
2024-09-02 09:00:00,322.2,344.5,319.5,339.3,7026373.49647426,2306125098.1541142
2024-09-03 09:00:00,339.2,346.3,328.3,329.7,4497487.39045511,1517629080.263773
2024-09-04 09:00:00,329.3,344.6,314.6,339.4,5638498.02437594,1852516845.9625523
2024-09-05 09:00:00,339.3,341.2,328.9,331.6,3462614.85452925,1158858813.6308682
2024-09-06 09:00:00,331.1,336.8,310.9,321.0,5744568.00748378,1868041721.640372
2024-09-07 09:00:00,321.0,331.4,317.5,325.4,2369726.14077954,769607832.1525072
2024-09-08 09:00:00,325.8,335.6,324.7,332.5,2539870.59715388,839599368.8059797
2024-09-09 09:00:00,332.7,348.6,330.0,344.5,3883378.16481075,1320203659.366963
2024-09-10 09:00:00,344.5,348.3,338.5,344.8,3878825.21972565,1329638357.5564625
2024-09-11 09:00:00,344.7,345.6,331.5,343.5,4656577.99066561,1574565339.0377991
2024-09-12 09:00:00,343.4,350.7,341.9,349.6,4835049.0900467,1676466441.8149347
2024-09-13 09:00:00,349.6,353.8,345.0,349.8,5802071.43924415,2024994644.610771
2024-09-14 09:00:00,349.7,350.5,339.0,342.7,5961063.40469134,2048335392.7245657
2024-09-15 09:00:00,342.6,345.5,329.0,330.8,5753260.14290903,1951893429.5398314
2024-09-16 09:00:00,331.1,334.4,324.2,327.4,6744087.44872652,2214766721.6987996
2024-09-17 09:00:00,327.5,341.5,324.1,339.2,4479094.5073093,1496446313.3185432
2024-09-18 09:00:00,338.7,344.3,326.4,344.3,5802508.51517338,1949335971.2664177
2024-09-19 09:00:00,344.3,360.4,344.3,357.7,9772774.94942689,3448369835.907358
2024-09-20 09:00:00,357.7,369.0,352.7,363.3,8036894.20429325,2913198012.5706196
2024-09-21 09:00:00,363.9,387.3,361.7,383.6,10613771.39652761,3965251942.522268
2024-09-22 09:00:00,383.6,385.5,360.0,369.6,7422481.3665708,2773999912.81444
2024-09-23 09:00:00,369.6,378.1,361.8,371.1,8937877.91273054,3321959135.57688
2024-09-24 09:00:00,371.4,378.8,364.0,376.4,7455421.31593371,2776473401.516461
2024-09-25 09:00:00,376.5,384.0,368.0,369.8,9980661.65496584,3739513165.220837
2024-09-26 09:00:00,369.9,384.4,364.1,383.7,11993927.06057605,4504908635.568553
2024-09-27 09:00:00,383.7,400.0,380.4,397.0,12504959.93621461,4898162091.911114
2024-09-28 09:00:00,397.0,397.2,379.0,385.2,9946518.06533599,3854250211.329058
2024-09-29 09:00:00,385.2,386.3,375.6,380.1,7726077.49113337,2944291112.8111134
2024-09-30 09:00:00,380.1,382.1,355.3,357.1,12269545.0055825,4532688121.29726
2024-10-01 09:00:00,357.1,368.5,328.6,334.7,18969208.6313003,6600170936.041425
2024-10-02 09:00:00,334.8,343.0,321.8,328.9,13645794.2444066,4546886905.446212
2024-10-03 09:00:00,328.6,334.6,320.3,332.7,11300199.41842286,3701535228.705816
2024-10-04 09:00:00,332.7,343.9,330.4,341.8,10101802.88098635,3407928225.001501
2024-10-05 09:00:00,341.8,345.6,337.1,341.6,6495507.76360914,2220828043.4666176
2024-10-06 09:00:00,341.4,348.7,338.5,346.7,5672295.03827584,1947853352.0133946
2024-10-07 09:00:00,346.7,353.6,341.0,343.1,9023769.87163584,3143499309.891741
2024-10-08 09:00:00,343.1,347.8,337.4,339.5,5708397.10531379,1955364683.8724215
2024-10-09 09:00:00,339.6,343.6,329.1,334.2,6842178.67677409,2300619893.8803277
2024-10-10 09:00:00,333.5,338.0,328.0,337.5,5662533.25061055,1892719473.6712465
2024-10-11 09:00:00,337.5,350.8,335.3,350.4,4966001.76810276,1706656570.167487
2024-10-12 09:00:00,350.4,359.2,348.4,356.6,5686502.73267876,2015863958.252609
2024-10-13 09:00:00,356.8,361.9,348.0,353.0,6545567.44915062,2335227490.3508363
2024-10-14 09:00:00,354.0,373.0,350.0,371.0,10368414.20235055,3766240736.56477
2024-10-15 09:00:00,371.0,373.0,354.0,365.0,10564440.63320127,3861721730.6385098
2024-10-16 09:00:00,365.0,367.0,357.0,366.0,6277275.35602141,2273201737.538368
2024-10-17 09:00:00,364.0,367.0,347.0,353.0,9751409.44379238,3456792650.4502153
2024-10-18 09:00:00,352.0,385.0,348.0,382.0,14408039.46588085,5306193489.04772
2024-10-19 09:00:00,383.0,419.9,375.0,384.0,74630695.6685488,29542430448.389606
2024-10-20 09:00:00,385.0,398.0,378.0,390.0,37276259.0626937,14504232557.819466
2024-10-21 09:00:00,391.0,396.0,376.0,379.0,21854399.27789917,8463156080.448496
2024-10-22 09:00:00,379.0,388.0,369.0,387.0,13647904.70753814,5141657618.105063
2024-10-23 09:00:00,386.0,390.0,359.0,367.0,13114913.35226266,4868741328.944696
2024-10-24 09:00:00,367.0,371.0,357.0,368.0,9919952.63139435,3611469620.5093913
2024-10-25 09:00:00,368.0,370.0,337.0,345.0,13197269.38851393,4708604952.177824
2024-10-26 09:00:00,345.0,349.0,337.0,348.0,8452577.73518752,2899728244.3185897
2024-10-27 09:00:00,347.0,354.0,345.0,351.0,4371833.30020147,1530471289.7668846
2024-10-28 09:00:00,351.0,356.0,340.0,352.0,8745207.61344775,3032285257.811791
2024-10-29 09:00:00,352.0,364.0,351.0,362.0,11550932.80512653,4124533612.5345645
2024-10-30 09:00:00,362.0,363.0,349.0,357.0,9250679.81640169,3294375994.9498906
2024-10-31 09:00:00,357.0,358.0,337.0,340.0,10604374.16726476,3669391158.17391
2024-11-01 09:00:00,340.0,348.0,330.0,341.0,9854522.96817869,3331544511.071377
2024-11-02 09:00:00,342.0,346.0,334.0,336.0,4515710.45863286,1536669405.1912653
2024-11-03 09:00:00,337.0,338.0,313.0,325.0,12484715.93229076,4053005120.036854
2024-11-04 09:00:00,324.0,329.0,312.0,317.0,7392165.77314441,2371491182.0327787
2024-11-05 09:00:00,317.0,334.0,315.0,329.0,6193965.45653541,2014935560.0410085
2024-11-06 09:00:00,329.0,353.0,328.0,353.0,19813563.11087354,6818429539.142101
2024-11-07 09:00:00,353.0,362.0,348.0,355.0,15854365.54019091,5617304880.832322
2024-11-08 09:00:00,354.0,370.0,348.0,370.0,18453818.19136019,6619169866.021255
2024-11-09 09:00:00,370.0,383.0,360.0,381.0,21882123.04503463,8031428667.715845
2024-11-10 09:00:00,382.0,413.0,376.0,402.0,52199549.51745942,20706525155.45754
2024-11-11 09:00:00,401.0,431.0,394.0,427.0,62064847.84520304,25540169308.20193
2024-11-12 09:00:00,429.0,459.0,401.0,430.0,101235982.74492168,43687330268.863884
2024-11-13 09:00:00,430.0,441.0,392.0,403.0,55803919.12764774,22864730884.96312
2024-11-14 09:00:00,402.0,415.0,382.0,388.0,41610023.11432228,16586489553.870874
2024-11-15 09:00:00,388.0,410.0,379.0,410.0,27998727.15509907,11040251931.7766
2024-11-16 09:00:00,410.0,564.0,407.0,555.0,239889153.3768908,117845283876.43428
2024-11-17 09:00:00,555.0,559.0,481.0,493.0,118955086.75693364,60682965491.80979
2024-11-18 09:00:00,492.0,520.0,484.0,505.0,69039259.5227698,34608050368.90195
2024-11-19 09:00:00,505.0,509.0,477.0,491.0,39017166.0596486,19119349116.787025
2024-11-20 09:00:00,491.0,492.0,460.0,472.0,38983413.21401848,18469201265.413918
2024-11-21 09:00:00,470.0,494.0,458.0,486.0,40578185.43085034,19450436597.437393
2024-11-22 09:00:00,486.0,524.0,456.0,523.0,63989297.42071557,31502644403.261795
2024-11-23 09:00:00,523.0,636.0,511.0,611.0,155502064.1096667,88282717615.95515
2024-11-24 09:00:00,611.0,1130.0,599.0,1075.0,2394771819.1582565,2041604077771.018
2024-11-25 09:00:00,1074.0,1199.0,944.0,975.0,1674404072.186547,1787606628476.5493
2024-11-26 09:00:00,974.0,991.0,815.0,858.0,452442660.48590624,406001061594.8261
2024-11-27 09:00:00,857.0,904.0,802.0,867.0,290354430.2669709,247613712548.19598
2024-11-28 09:00:00,868.0,869.0,815.0,859.0,116494673.66146232,97500267340.29424
2024-11-29 09:00:00,859.0,964.0,848.0,907.0,431515844.57695556,393402076189.10834
2024-11-30 09:00:00,906.0,996.0,882.0,927.0,234911198.95815286,219114573492.33698
2024-12-01 09:00:00,928.0,952.0,890.0,928.0,166408282.08193803,153032022284.8489
2024-12-02 09:00:00,928.0,1020.0,841.0,991.0,236716888.57469946,215867591395.30838
2024-12-03 09:00:00,992.0,1249.0,589.0,1078.0,1133038371.9355419,1231332479992.977
2024-12-04 09:00:00,1077.0,1496.0,1053.0,1318.0,1124578339.9169433,1463573675258.6348
2024-12-05 09:00:00,1317.0,1369.0,1191.0,1267.0,475569779.45182836,611602482757.1193
2024-12-06 09:00:00,1268.0,1395.0,1205.0,1283.0,276908923.30437803,356527732062.3946
2024-12-07 09:00:00,1283.0,1303.0,1226.0,1288.0,103532184.95619017,130821154531.2427
2024-12-08 09:00:00,1288.0,1322.0,1251.0,1281.0,118707832.82558833,152503104673.09982
2024-12-09 09:00:00,1280.0,1282.0,940.0,1053.0,262977641.48347014,295356328966.2644
2024-12-10 09:00:00,1053.0,1091.0,911.0,1003.0,240724195.7688149,243662417257.28925
2024-12-11 09:00:00,1004.0,1160.0,941.0,1124.0,171077087.41584715,177876123600.73938
2024-12-12 09:00:00,1121.0,1183.0,1088.0,1106.0,137852040.25730026,155590926270.97876
2024-12-13 09:00:00,1107.0,1135.0,1068.0,1121.0,77761851.8751701,85816146630.25058
2024-12-14 09:00:00,1121.0,1123.0,1031.0,1053.0,67831274.94541274,73233899464.04852
2024-12-15 09:00:00,1053.0,1100.0,1015.0,1077.0,74157457.21128196,78419800839.9999
2024-12-16 09:00:00,1076.0,1100.0,1017.0,1037.0,76809844.02514818,80900158897.88306
2024-12-17 09:00:00,1037.0,1048.0,982.0,997.0,81379944.73314223,82643516615.35416
2024-12-18 09:00:00,996.0,1010.0,890.0,898.0,95122325.80624668,91585268416.92618
2024-12-19 09:00:00,899.0,938.0,811.0,828.0,113197840.49136758,100041227664.91342
2024-12-20 09:00:00,828.0,965.0,720.0,927.0,199207732.4648016,164118896579.14578
2024-12-21 09:00:00,929.0,994.0,840.0,862.0,187841682.99929777,170969218137.93646
2024-12-22 09:00:00,862.0,896.0,829.0,857.0,101555651.44558804,87456254071.56891
2024-12-23 09:00:00,857.0,916.0,824.0,897.0,83305533.08915909,72138916627.37317
2024-12-24 09:00:00,897.0,970.0,864.0,955.0,104023566.77103776,95910287515.94504
2024-12-25 09:00:00,955.0,985.0,886.0,895.0,125228085.83154637,116494756753.40941
2024-12-26 09:00:00,894.0,915.0,827.0,837.0,73495386.25146654,63462454876.75747
2024-12-27 09:00:00,837.0,872.0,820.0,830.0,56694930.18020069,47850032222.81221
2024-12-28 09:00:00,830.0,873.0,821.0,866.0,43472086.46263803,36437018140.90599
2024-12-29 09:00:00,866.0,870.0,809.0,818.0,34099269.546474,28780648702.07633
2024-12-30 09:00:00,818.0,845.0,781.0,811.0,46397329.78421849,37670771929.26867
2024-12-31 09:00:00,811.0,854.0,778.0,813.0,44422641.45954437,36115449237.039566
2025-01-01 09:00:00,814.0,860.0,797.0,859.0,35832425.02519407,29721990111.555317
2025-01-02 09:00:00,859.0,888.0,850.0,871.0,37097832.26079733,32295845883.99034
2025-01-03 09:00:00,871.0,975.0,852.0,957.0,145787253.06082603,136311361012.82684
2025-01-04 09:00:00,957.0,1007.0,936.0,961.0,148036396.45234996,143624203194.41043
2025-01-05 09:00:00,960.0,964.0,925.0,942.0,50570773.10726495,47664719743.02919
2025-01-06 09:00:00,942.0,1083.0,937.0,1027.0,302800451.00561106,306955269673.827
2025-01-07 09:00:00,1026.0,1034.0,922.0,923.0,151528868.04700044,148849915960.41577
2025-01-08 09:00:00,924.0,950.0,846.0,884.0,125554092.3523844,113143388195.04349
2025-01-09 09:00:00,884.0,917.0,862.0,877.0,104107353.52282338,92285554672.16394
2025-01-10 09:00:00,877.0,905.0,860.0,898.0,71050148.54066533,62625507802.70991
2025-01-11 09:00:00,898.0,934.0,873.0,905.0,41434537.29047662,37003502990.855644
2025-01-12 09:00:00,904.0,911.0,867.0,876.0,31298468.02782577,27900342682.280502
2025-01-13 09:00:00,878.0,894.0,790.0,833.0,66994865.11108212,55509348270.598335
2025-01-14 09:00:00,832.0,860.0,826.0,853.0,29547247.05620854,24919174993.699463
2025-01-15 09:00:00,854.0,913.0,823.0,909.0,59435738.52310022,51655966458.390175
2025-01-16 09:00:00,909.0,931.0,883.0,903.0,52557999.94365697,47609387519.13566
2025-01-17 09:00:00,904.0,1009.0,904.0,979.0,153416817.03031147,149522828476.58844
2025-01-18 09:00:00,977.0,1018.0,911.0,933.0,92120020.83174518,88191081386.04141
2025-01-19 09:00:00,933.0,978.0,836.0,850.0,121871430.48846553,111059689455.82574
2025-01-20 09:00:00,850.0,920.0,818.0,851.0,87361763.77863355,76055179861.38155
2025-01-21 09:00:00,851.0,879.0,820.0,865.0,38473136.75406253,32607238463.542583
2025-01-22 09:00:00,864.0,870.0,834.0,839.0,19370394.92492865,16451775552.59886
2025-01-23 09:00:00,837.0,848.0,813.0,830.0,26728303.06288388,22102939112.287247
2025-01-24 09:00:00,830.0,863.0,808.0,830.0,26177867.53675827,21901647892.6084
2025-01-25 09:00:00,830.0,847.0,819.0,833.0,12060428.21070485,10046988222.208384
2025-01-26 09:00:00,834.0,849.0,813.0,813.0,16005921.3297151,13332193284.022179
2025-01-27 09:00:00,816.0,817.0,752.0,793.0,46567445.01465076,36463951060.056656
2025-01-28 09:00:00,792.0,806.0,750.0,757.0,20705778.61898433,16244957396.908537
2025-01-29 09:00:00,756.0,808.0,751.0,786.0,21329987.26628507,16740266661.936928
2025-01-30 09:00:00,786.0,827.0,779.0,804.0,20071485.92366935,16178402040.396154
2025-01-31 09:00:00,804.0,834.0,789.0,805.0,25915268.78786085,20952938805.90846
2025-02-01 09:00:00,806.0,813.0,753.0,762.0,21538523.01995726,16935436353.052452
2025-02-02 09:00:00,761.0,770.0,624.0,648.0,58689170.51839259,41012218074.153755
2025-02-03 09:00:00,648.0,689.0,515.0,676.0,101735376.0403439,61297933423.21932
2025-02-04 09:00:00,675.0,687.0,603.0,632.0,41162592.54909681,26163514932.15761
2025-02-05 09:00:00,631.0,648.0,604.0,609.0,22438240.07506099,14093490315.657324
2025-02-06 09:00:00,608.0,622.0,573.0,580.0,22405634.64301819,13409925902.16467
2025-02-07 09:00:00,580.0,618.0,558.0,575.0,30204745.361456,17758519598.00987
2025-02-08 09:00:00,576.0,602.0,566.0,598.0,12150271.54290935,7025218658.158333
2025-02-09 09:00:00,598.0,613.0,556.0,577.0,18548455.68921053,10920142602.011564
2025-02-10 09:00:00,577.0,605.0,553.0,599.0,24365733.50867193,14223050720.178198
2025-02-11 09:00:00,600.0,628.0,586.0,595.0,21317146.53361825,12953834383.153551
2025-02-12 09:00:00,595.0,620.0,566.0,611.0,29952607.29469977,17575936681.164944
2025-02-13 09:00:00,612.0,615.0,585.0,594.0,16576755.43615115,9900724691.625
2025-02-14 09:00:00,596.0,623.0,592.0,611.0,19535570.65470424,11855715749.6049
2025-02-15 09:00:00,611.0,622.0,595.0,599.0,11546081.15532964,7023203848.16068
2025-02-16 09:00:00,599.0,607.0,587.0,592.0,14728262.03046435,8765762837.02851
2025-02-17 09:00:00,593.0,618.0,580.0,592.0,23181463.21201405,13829007755.014952
2025-02-18 09:00:00,592.0,596.0,527.0,541.0,30854449.69885837,17155215572.789337
2025-02-19 09:00:00,542.0,551.0,527.0,544.0,17283653.90504394,9321082380.793072
2025-02-20 09:00:00,544.0,559.0,539.0,555.0,15829243.00385853,8692109195.964327
2025-02-21 09:00:00,554.0,577.0,512.0,519.0,33176750.63292297,18113632140.217274
2025-02-22 09:00:00,519.0,533.0,516.0,525.0,17347132.87568582,9096498300.505001
2025-02-23 09:00:00,524.0,530.0,508.0,517.0,15053016.53235093,7801382667.338989
2025-02-24 09:00:00,517.0,520.0,434.0,442.0,42572165.56615968,20280871298.40491
2025-02-25 09:00:00,442.0,456.0,403.0,448.0,56231825.09855998,24161408587.37597
2025-02-26 09:00:00,449.0,458.0,432.0,451.0,24956742.98854759,11146291243.891096
2025-02-27 09:00:00,451.0,480.0,443.0,460.0,25250616.84905005,11688416158.699038
2025-02-28 09:00:00,460.0,478.0,427.0,470.0,30607153.92288676,13640047248.959763
2025-03-01 09:00:00,470.0,481.0,455.0,474.0,17881169.24662524,8390295881.7457
2025-03-02 09:00:00,474.0,552.0,465.0,547.0,42586492.97927493,21587422992.81296
2025-03-03 09:00:00,548.0,556.0,446.0,453.0,45739299.47575955,23081830581.066284
2025-03-04 09:00:00,454.0,466.0,420.0,451.0,35930710.34512207,15833575808.196377
2025-03-05 09:00:00,452.0,472.0,445.0,465.0,15660920.8281309,7178434594.685734
2025-03-06 09:00:00,466.0,485.0,458.0,458.0,18114408.52331706,8531071126.22705
2025-03-07 09:00:00,458.0,476.0,438.0,457.0,17188258.93399984,7887495472.992435
2025-03-08 09:00:00,457.0,464.0,444.0,446.0,8490402.10767801,3840520280.4945865
2025-03-09 09:00:00,448.0,451.0,398.0,405.0,19353181.85244912,8135091872.766026
2025-03-10 09:00:00,405.0,430.0,383.0,388.0,24049719.55914606,9823458909.439978
2025-03-11 09:00:00,388.0,421.0,363.0,412.0,25138075.49335758,9918815941.427782
2025-03-12 09:00:00,411.0,434.0,400.0,415.0,21060418.09657201,8718353288.979336
2025-03-13 09:00:00,415.0,419.0,394.0,407.0,16033362.11483485,6503883703.121373
2025-03-14 09:00:00,407.0,425.0,406.0,419.0,9224878.51663056,3823259696.5078173
2025-03-15 09:00:00,418.0,426.0,413.0,422.0,9659919.60299037,4039303104.0357513
2025-03-16 09:00:00,423.0,428.0,397.0,401.0,14955630.37015528,6165757120.694257
2025-03-17 09:00:00,401.0,427.0,401.0,422.0,14309970.38745921,5962560324.1044445
2025-03-18 09:00:00,422.0,425.0,403.0,422.0,10847137.92758519,4462996914.4219885
2025-03-19 09:00:00,422.0,441.0,417.0,438.0,19909353.33234231,8537496651.894802
2025-03-20 09:00:00,438.0,439.0,419.0,424.0,12864595.60189219,5500217484.525128
2025-03-21 09:00:00,424.0,430.0,412.0,415.0,11531520.5550353,4839359421.710737
2025-03-22 09:00:00,416.0,425.0,414.0,417.0,7868406.98099157,3292024989.021916
2025-03-23 09:00:00,417.0,425.0,413.0,422.0,8448235.07522765,3544103874.4294205
2025-03-24 09:00:00,422.0,450.0,416.0,443.0,18202224.12995884,7959569025.315487
2025-03-25 09:00:00,443.0,455.0,437.0,451.0,11433271.21970706,5095686514.205034
2025-03-26 09:00:00,452.0,469.0,450.0,457.0,17817702.71740232,8188411532.396458
2025-03-27 09:00:00,458.0,470.0,447.0,459.0,10392669.0164347,4768073619.510735
2025-03-28 09:00:00,459.0,461.0,414.0,419.0,21926876.73246092,9423668438.376106
2025-03-29 09:00:00,419.0,420.0,394.0,403.0,13106645.08967004,5327646752.814126
2025-03-30 09:00:00,402.0,415.0,398.0,404.0,7215409.78319339,2932201513.664137
2025-03-31 09:00:00,404.0,411.0,392.0,404.0,10574159.71370189,4238419382.1992445
2025-04-01 09:00:00,404.0,420.0,401.0,410.0,9797409.9035316,4016640857.61746
2025-04-02 09:00:00,409.0,419.0,375.0,382.0,19662172.29080401,7798625568.110033
2025-04-03 09:00:00,382.0,395.0,371.0,388.0,14170780.76506464,5443050608.978605
2025-04-04 09:00:00,388.0,394.0,378.0,388.0,10493340.12063367,4056309490.77244
2025-04-05 09:00:00,388.0,392.0,383.0,388.0,4876946.50784653,1890494929.291053
2025-04-06 09:00:00,388.0,389.0,340.0,349.0,16456007.03551481,5944276901.70807
2025-04-07 09:00:00,349.0,374.0,320.0,358.0,28479306.74916237,9811919863.113586
2025-04-08 09:00:00,358.0,369.0,344.0,347.0,11465851.50418679,4102575838.637126
2025-04-09 09:00:00,347.0,387.0,336.0,379.0,22382155.10657783,8150618660.492421
2025-04-10 09:00:00,381.0,383.0,367.0,382.0,14007261.55962111,5273589991.55264
2025-04-11 09:00:00,382.0,386.0,376.0,381.0,13195019.81608723,5034328626.444846
2025-04-12 09:00:00,381.0,395.0,376.0,393.0,13896342.21378291,5357688379.750063
2025-04-13 09:00:00,394.0,397.0,369.0,374.0,14495571.37622595,5539468164.925124
2025-04-14 09:00:00,374.0,403.0,373.0,375.0,44098729.84894038,17071589843.938082
2025-04-15 09:00:00,375.0,378.0,357.0,359.0,20509709.72699647,7592798781.880273
2025-04-16 09:00:00,359.0,365.0,351.0,356.0,17677398.54939535,6341276280.840088
2025-04-17 09:00:00,355.0,364.0,350.0,359.0,10813571.6327821,3864472006.7859087
2025-04-18 09:00:00,359.0,382.0,355.0,376.0,20254631.08540859,7557445840.740126
2025-04-19 09:00:00,377.0,391.0,375.0,386.0,16901171.5292139,6497192939.150431
2025-04-20 09:00:00,387.0,395.0,377.0,390.0,13321465.52743971,5136250182.733417
2025-04-21 09:00:00,390.0,418.0,387.0,392.0,44948895.9278425,18119566097.788074
2025-04-22 09:00:00,392.0,424.0,383.0,422.0,29064408.62583023,11635714388.424524
2025-04-23 09:00:00,422.0,436.0,415.0,426.0,25183031.18434178,10705306947.687134
2025-04-24 09:00:00,426.0,438.0,402.0,435.0,22942684.09773763,9625601446.87297
2025-04-25 09:00:00,435.0,449.0,426.0,442.0,22384852.10736391,9849472853.630117
2025-04-26 09:00:00,442.0,461.0,436.0,450.0,19299383.92746644,8646931711.790392
2025-04-27 09:00:00,449.0,454.0,423.0,425.0,16908504.80589854,7376199399.909357
2025-04-28 09:00:00,425.0,441.0,414.0,432.0,15872880.72106048,6812041966.5747795
2025-04-29 09:00:00,432.0,440.0,415.0,421.0,13503829.41211153,5825779940.082069
2025-04-30 09:00:00,421.0,431.0,408.0,425.0,15731632.09515238,6629281272.2708435
2025-05-01 09:00:00,426.0,440.0,422.0,435.0,13107229.06304409,5687930891.635869
2025-05-02 09:00:00,435.0,447.0,425.0,431.0,16391121.77204752,7150826820.485659
2025-05-03 09:00:00,431.0,432.0,401.0,406.0,12082654.13825728,5014206104.335313
2025-05-04 09:00:00,407.0,409.0,394.0,397.0,12857494.47369755,5151613434.098488
2025-05-05 09:00:00,397.0,400.0,384.0,393.0,10686976.19457172,4192898503.243149
2025-05-06 09:00:00,393.0,395.0,370.0,384.0,15368886.46047591,5865711285.612141
2025-05-07 09:00:00,384.0,393.0,379.0,390.0,11602184.5880296,4485504617.021613
2025-05-08 09:00:00,390.0,450.0,388.0,441.0,24327418.57481852,10212082355.768393
2025-05-09 09:00:00,441.0,470.0,440.0,467.0,32195112.59626281,14664528889.947563
2025-05-10 09:00:00,467.0,513.0,462.0,508.0,35579992.49307747,17141053603.686218
2025-05-11 09:00:00,508.0,517.0,482.0,502.0,30005782.12245937,14947176346.781418
2025-05-12 09:00:00,500.0,525.0,480.0,507.0,39706433.51428473,20145443863.040867
2025-05-13 09:00:00,506.0,514.0,475.0,510.0,31728419.20411583,15637077101.026995
2025-05-14 09:00:00,510.0,547.0,492.0,497.0,77942654.47467281,40722101178.82697
2025-05-15 09:00:00,498.0,502.0,445.0,452.0,36812179.10681972,17291053244.251385
2025-05-16 09:00:00,453.0,466.0,445.0,448.0,17035760.94133298,7793337155.44989
2025-05-17 09:00:00,449.0,451.0,423.0,429.0,19408876.09523026,8455801887.429518
2025-05-18 09:00:00,429.0,458.0,424.0,454.0,19285931.23034131,8515012693.381519
2025-05-19 09:00:00,454.0,457.0,423.0,438.0,16812376.44299323,7315741158.903205
2025-05-20 09:00:00,439.0,447.0,426.0,443.0,14313307.99834218,6251858869.643544
2025-05-21 09:00:00,443.0,452.0,427.0,443.0,17276051.2514467,7588809837.25823
2025-05-22 09:00:00,443.0,470.0,442.0,468.0,20155930.28534832,9250470100.466377
2025-05-23 09:00:00,467.0,481.0,428.0,432.0,32953048.65530856,14986939846.031382
2025-05-24 09:00:00,432.0,437.0,425.0,427.0,15687906.90564733,6765991831.36511
2025-05-25 09:00:00,427.0,432.0,413.0,432.0,13621663.88428991,5745141299.617605
2025-05-26 09:00:00,432.0,439.0,421.0,424.0,10312930.97229664,4432295628.734425
2025-05-27 09:00:00,423.0,439.0,414.0,430.0,10932187.97978386,4675674411.453108
2025-05-28 09:00:00,430.0,435.0,415.0,427.0,12189165.74789184,5171388529.143442
2025-05-29 09:00:00,428.0,438.0,409.0,411.0,18777343.84428835,7961313744.373615
2025-05-30 09:00:00,411.0,413.0,380.0,383.0,22955417.70578816,9075958170.693369
2025-05-31 09:00:00,382.0,390.0,369.0,384.0,12675221.58111168,4805612095.728181
2025-06-01 09:00:00,383.0,391.0,377.0,388.0,7198136.69646296,2758756217.2277327
2025-06-02 09:00:00,388.0,397.0,375.0,394.0,8767067.18667742,3363074216.408182
2025-06-03 09:00:00,394.0,402.0,391.0,394.0,7387960.19068574,2936418846.1651087
2025-06-04 09:00:00,394.0,399.0,378.0,380.0,7361109.60257421,2856927466.8555403
2025-06-05 09:00:00,380.0,387.0,352.0,359.0,16285437.06252635,6026324375.429884
2025-06-06 09:00:00,358.0,381.0,356.0,375.0,10274960.4742561,3806301539.761432
2025-06-07 09:00:00,375.0,389.0,373.0,385.0,7206295.3956938,2759592772.4875894
2025-06-08 09:00:00,385.0,389.0,377.0,384.0,6187125.35317885,2370067275.7212834
2025-06-09 09:00:00,383.0,400.0,375.0,399.0,9644442.6292266,3717561597.505822
2025-06-10 09:00:00,399.0,415.0,395.0,412.0,16788751.24642298,6796300888.482499
2025-06-11 09:00:00,412.0,418.0,396.0,400.0,12616996.13265292,5149776652.183229
2025-06-12 09:00:00,399.0,399.0,375.0,376.0,17286976.4039992,6666953643.189942
2025-06-13 09:00:00,377.0,377.0,353.0,372.0,21590559.77001582,7803525462.233274
2025-06-14 09:00:00,371.0,372.0,361.0,370.0,5166538.74854785,1898937884.854478
2025-06-15 09:00:00,369.0,372.0,357.0,364.0,7557775.2258378,2758898051.8013353
2025-06-16 09:00:00,364.0,382.0,360.0,365.0,10086682.03458903,3750063917.1750526
2025-06-17 09:00:00,365.0,373.0,351.0,358.0,9186687.20545777,3309470803.3484015
2025-06-18 09:00:00,359.0,362.0,346.0,356.0,12740580.87608116,4511297073.415981
2025-06-19 09:00:00,355.0,359.0,346.0,350.0,7900305.17537236,2777886227.782581
2025-06-20 09:00:00,351.0,359.0,337.0,345.0,12785081.18722216,4463667840.637007
2025-06-21 09:00:00,345.0,351.0,326.0,332.0,12415714.46175498,4177920845.8874054
2025-06-22 09:00:00,332.0,338.0,306.0,324.0,24123903.80300935,7761598169.153935
2025-06-23 09:00:00,325.0,357.0,323.0,355.0,15960865.39484915,5368599200.261817
2025-06-24 09:00:00,355.0,360.0,348.0,352.0,17223526.54786477,6076272323.833269
2025-06-25 09:00:00,352.0,353.0,337.0,338.0,13244360.09676366,4586900398.162223
2025-06-26 09:00:00,338.0,346.0,327.0,327.0,11758844.01548145,3936205689.243838
2025-06-27 09:00:00,327.0,334.0,323.0,327.0,10509949.72218454,3440855746.965865
2025-06-28 09:00:00,327.0,338.0,326.0,332.0,7994796.10984237,2630391187.458727
2025-06-29 09:00:00,332.0,341.0,324.0,339.0,14168003.83844372,4699586694.986911
2025-06-30 09:00:00,338.0,346.0,324.0,328.0,15310524.31244771,5071581060.664209
2025-07-01 09:00:00,328.0,329.0,316.0,319.0,13092259.90799315,4204130802.113161
2025-07-02 09:00:00,318.0,351.0,314.0,339.0,23575428.62832573,7867491348.147825
2025-07-03 09:00:00,339.0,353.0,339.0,346.0,13090763.48449594,4529936804.555097
2025-07-04 09:00:00,346.0,349.0,328.0,330.0,13353034.31443016,4479228185.966541
2025-07-05 09:00:00,330.0,335.0,325.0,331.0,7828212.71844877,2582556419.586275
2025-07-06 09:00:00,331.0,340.0,328.0,335.0,6533589.03274008,2172707275.6427026
2025-07-07 09:00:00,335.0,339.0,329.0,334.0,7446166.51145474,2486939417.731509
2025-07-08 09:00:00,333.0,341.0,329.0,340.0,7821075.24855456,2614743710.516561
2025-07-09 09:00:00,339.0,373.0,337.0,364.0,64809284.61648625,23108404671.60326
2025-07-10 09:00:00,364.0,390.0,359.0,388.0,33340148.22295225,12348788537.872993
2025-07-11 09:00:00,387.0,405.0,377.0,385.0,36191647.16191468,14250156718.370749
2025-07-12 09:00:00,386.0,397.0,377.0,391.0,26389679.68171787,10245483093.47802
2025-07-13 09:00:00,391.0,465.0,387.0,424.0,76490446.93761924,32747368492.992805
2025-07-14 09:00:00,424.0,460.0,414.0,421.0,54035199.85279631,23464422073.339523
2025-07-15 09:00:00,423.0,434.0,402.0,431.0,35941282.45915253,14904348285.111242
2025-07-16 09:00:00,433.0,441.0,424.0,429.0,25186538.4101135,10855874310.218967
2025-07-17 09:00:00,429.0,446.0,422.0,441.0,37999827.85099853,16481827514.321182
2025-07-18 09:00:00,441.0,476.0,434.0,442.0,54463152.06446439,24847863781.29583
2025-07-19 09:00:00,442.0,452.0,428.0,450.0,27364983.01526577,12066421232.726748
2025-07-20 09:00:00,451.0,487.0,446.0,469.0,31055277.28974117,14424866112.548714
2025-07-21 09:00:00,469.0,484.0,460.0,471.0,35263201.25759493,16665821548.062042
2025-07-22 09:00:00,471.0,475.0,444.0,461.0,39380824.08488189,17973469876.021076
2025-07-23 09:00:00,462.0,465.0,403.0,414.0,46990596.86264739,20441251051.7732
2025-07-24 09:00:00,415.0,423.0,387.0,406.0,39675950.60061112,16134046523.127039
2025-07-25 09:00:00,406.0,416.0,395.0,415.0,18500775.43240077,7508438000.875754
2025-07-26 09:00:00,415.0,428.0,412.0,423.0,14840067.99679835,6222570925.753517
2025-07-27 09:00:00,423.0,437.0,421.0,436.0,16436066.09724607,7081733380.942419
2025-07-28 09:00:00,436.0,439.0,408.0,411.0,21777893.84162467,9295720172.285074
2025-07-29 09:00:00,411.0,422.0,401.0,411.0,14749494.39128018,6055241066.075818
2025-07-30 09:00:00,410.0,411.0,382.0,398.0,19630210.55027496,7799969832.37693
2025-07-31 09:00:00,399.0,407.0,383.0,384.0,13625032.3796187,5405849655.612478
2025-08-01 09:00:00,384.0,385.0,360.0,369.0,27852228.91340115,10413227024.128244
2025-08-02 09:00:00,369.0,374.0,357.0,360.0,11644871.36690038,4252774831.2853994
2025-08-03 09:00:00,360.0,373.0,355.0,373.0,8580422.81151479,3146472667.022688
2025-08-04 09:00:00,373.0,387.0,369.0,385.0,11908177.71745149,4482979835.90419
2025-08-05 09:00:00,385.0,388.0,364.0,370.0,12766557.85952557,4800628006.292837
2025-08-06 09:00:00,370.0,378.0,361.0,374.0,10193951.21730099,3754778898.1331077
2025-08-07 09:00:00,376.0,394.0,374.0,394.0,12682007.90341794,4867481317.7823515
2025-08-08 09:00:00,394.0,403.0,388.0,400.0,16229938.70394028,6412914902.567943
2025-08-09 09:00:00,400.0,417.0,400.0,412.0,15412899.71083982,6315423399.280234
2025-08-10 09:00:00,413.0,418.0,395.0,407.0,18417106.27312986,7471464847.967809
2025-08-11 09:00:00,407.0,416.0,387.0,391.0,19641380.76268293,7873074622.951064
2025-08-12 09:00:00,391.0,415.0,383.0,411.0,18252292.74956004,7269350881.181562
2025-08-13 09:00:00,412.0,428.0,410.0,426.0,22796609.59125834,9537169791.21825
2025-08-14 09:00:00,426.0,432.0,389.0,397.0,33733505.21754631,13840306066.143387
2025-08-15 09:00:00,398.0,404.0,383.0,398.0,15943314.63345343,6314693454.549063
2025-08-16 09:00:00,398.0,423.0,396.0,413.0,19243521.31846249,7864055340.498886
2025-08-17 09:00:00,413.0,425.0,409.0,413.0,13094066.13267966,5431723629.926117
2025-08-18 09:00:00,413.0,414.0,392.0,397.0,18791989.07451598,7515075576.793058
2025-08-19 09:00:00,398.0,401.0,378.0,380.0,17692583.88444345,6883942057.988781
2025-08-20 09:00:00,380.0,397.0,379.0,395.0,13561995.32370757,5257846155.46049
2025-08-21 09:00:00,395.0,400.0,385.0,388.0,9986420.6536771,3912870938.295284
2025-08-22 09:00:00,388.0,425.0,376.0,420.0,29864072.73242375,12021275084.547104
2025-08-23 09:00:00,420.0,423.0,406.0,417.0,13422607.54102479,5558111740.936877
2025-08-24 09:00:00,417.0,424.0,402.0,409.0,15680012.41026952,6453781478.826876
2025-08-25 09:00:00,409.0,414.0,380.0,384.0,25187586.34739787,10017333016.247183
2025-08-26 09:00:00,384.0,397.0,382.0,395.0,13073012.07816315,5085873812.9588995
2025-08-27 09:00:00,395.0,400.0,389.0,391.0,12778597.23707263,5037718654.452111
2025-08-28 09:00:00,392.0,399.0,388.0,397.0,21024529.12411024,8268739011.235438
2025-08-29 09:00:00,398.0,398.0,379.0,385.0,24210977.29371117,9373520620.660435
2025-08-30 09:00:00,385.0,387.0,376.0,381.0,12566167.15285746,4786531675.820896
2025-08-31 09:00:00,381.0,411.0,380.0,386.0,59129924.7177606,23243384639.687084
2025-09-01 09:00:00,387.0,391.0,368.0,374.0,29475258.27215052,11186844770.631466
2025-09-02 09:00:00,375.0,387.0,372.0,385.0,13650529.66736134,5190191910.205174
2025-09-03 09:00:00,386.0,393.0,382.0,391.0,10025574.33523882,3887256991.12067
2025-09-04 09:00:00,390.0,393.0,379.0,381.0,9101667.029081,3500255146.989928
2025-09-05 09:00:00,381.0,407.0,380.0,399.0,26080220.48911419,10314389716.130836
2025-09-06 09:00:00,400.0,402.0,391.0,395.0,9726608.11769916,3853449079.0759754
2025-09-07 09:00:00,395.0,405.0,393.0,401.0,13326256.92132052,5344017104.25479
2025-09-08 09:00:00,402.0,416.0,400.0,413.0,14891602.42026025,6093175418.035
2025-09-09 09:00:00,414.0,423.0,405.0,409.0,15240613.2387674,6298930116.680925
2025-09-10 09:00:00,409.0,420.0,407.0,417.0,10097860.88794442,4180852355.027518
2025-09-11 09:00:00,418.0,424.0,411.0,422.0,11944502.40278987,4997716237.09253
2025-09-12 09:00:00,422.0,439.0,414.0,435.0,15259302.98085469,6485488353.388345
2025-09-13 09:00:00,436.0,463.0,433.0,455.0,34165090.68410566,15270066525.285873
2025-09-14 09:00:00,455.0,456.0,423.0,430.0,26783251.94297867,11724356743.893541
2025-09-15 09:00:00,431.0,438.0,405.0,412.0,22075404.99656416,9285821940.673973
2025-09-16 09:00:00,412.0,422.0,406.0,418.0,11006041.65586985,4563329838.349006
2025-09-17 09:00:00,419.0,434.0,412.0,430.0,12775861.24016277,5376715206.241526
2025-09-18 09:00:00,430.0,439.0,426.0,435.0,12627103.27918512,5460712490.866462
2025-09-19 09:00:00,435.0,443.0,416.0,419.0,15479182.21855151,6661151319.687292
2025-09-20 09:00:00,419.0,426.0,415.0,420.0,7657048.66534123,3214830039.3385706
2025-09-21 09:00:00,421.0,423.0,410.0,410.0,9856270.43833053,4099099642.9663687
2025-09-22 09:00:00,411.0,412.0,380.0,388.0,41283187.25189314,16045468079.417717
2025-09-23 09:00:00,389.0,395.0,380.0,387.0,16259242.68464929,6318536927.265189
2025-09-24 09:00:00,388.0,394.0,382.0,388.0,10337664.86685483,4021595162.5477066
2025-09-25 09:00:00,389.0,390.0,372.0,375.0,20120135.02587987,7651714575.754906
2025-09-26 09:00:00,375.0,384.0,372.0,383.0,13166829.6984405,4977014553.431359
2025-09-27 09:00:00,383.0,384.0,376.0,378.0,4168505.25728781,1582457559.5946681
2025-09-28 09:00:00,378.0,388.0,371.0,387.0,7383640.41862842,2788605487.8307233
2025-09-29 09:00:00,387.0,388.0,375.0,381.0,10782782.08471058,4118805186.6219096
2025-09-30 09:00:00,382.0,382.0,371.0,378.0,10484931.88592641,3937408031.6379104
2025-10-01 09:00:00,378.0,396.0,375.0,396.0,16087379.33621401,6226903078.750031
2025-10-02 09:00:00,396.0,408.0,394.0,408.0,16711538.47277983,6711664486.3012295
2025-10-03 09:00:00,408.0,413.0,399.0,408.0,20206159.67485294,8186775801.29983
2025-10-04 09:00:00,408.0,410.0,394.0,398.0,11575314.26354117,4645392053.583948
2025-10-05 09:00:00,399.0,412.0,394.0,396.0,15163007.36025216,6098301911.517935
2025-10-06 09:00:00,397.0,410.0,394.0,407.0,10906782.57073017,4393866018.289891
2025-10-07 09:00:00,407.0,409.0,387.0,389.0,17769583.85402502,7077571712.406245
2025-10-08 09:00:00,389.0,399.0,384.0,393.0,12637256.16544532,4927510505.733235
2025-10-09 09:00:00,393.0,394.0,380.0,387.0,13906545.35299027,5349124037.80844
2025-10-10 09:00:00,387.0,396.0,279.0,301.0,67349195.54807799,22504775530.727062
2025-10-11 09:00:00,303.0,319.0,285.0,300.0,48605622.23566481,14652207742.766125
2025-10-12 09:00:00,300.0,335.0,293.0,330.0,21809468.54939664,6839881036.518403
2025-10-13 09:00:00,330.0,352.0,327.0,348.0,24625653.81828886,8299549441.919433
2025-10-14 09:00:00,348.0,349.0,320.0,341.0,22155159.24282307,7372039605.056637
2025-10-15 09:00:00,341.0,345.0,325.0,328.0,13931947.59543749,4679086821.342189
2025-10-16 09:00:00,329.0,336.0,305.0,317.0,20704531.22081202,6681434762.53785
2025-10-17 09:00:00,317.0,320.0,293.0,309.0,26457182.44083827,8065826076.177468
2025-10-18 09:00:00,309.0,315.0,307.0,311.0,8250426.69817989,2564623451.2485356
2025-10-19 09:00:00,311.0,324.0,304.0,316.0,12835248.6542459,4023806102.8089957
2025-10-20 09:00:00,317.0,327.0,311.0,321.0,14572848.847692,4677172097.70196
2025-10-21 09:00:00,321.0,336.0,310.0,313.0,20522800.18339147,6561468989.778342
2025-10-22 09:00:00,312.0,324.0,302.0,310.0,15991249.23301608,4957269272.900627
2025-10-23 09:00:00,310.0,318.0,308.0,312.0,12622320.59505768,3940226369.500551
2025-10-24 09:00:00,311.0,325.0,311.0,321.0,14549103.79542714,4614344974.696658
2025-10-25 09:00:00,321.0,321.0,315.0,318.0,6914724.97642827,2197387496.911452
2025-10-26 09:00:00,318.0,328.0,313.0,324.0,14503067.91551446,4659110934.044852
2025-10-27 09:00:00,324.0,330.0,316.0,317.0,15791503.70243972,5090228601.629359
2025-10-28 09:00:00,317.0,322.0,308.0,313.0,13363814.47947867,4231141103.1629086
2025-10-29 09:00:00,314.0,327.0,310.0,316.0,14066681.67245325,4459351617.494241
2025-10-30 09:00:00,315.0,319.0,289.0,299.0,29449022.59381799,8941904293.82815
2025-10-31 09:00:00,299.0,306.0,297.0,303.0,11772656.87245626,3540118179.6992946
2025-11-01 09:00:00,303.0,312.0,300.0,310.0,10820837.31264987,3322464592.1488543
2025-11-02 09:00:00,311.0,312.0,300.0,309.0,7405042.22809604,2273464345.696392
2025-11-03 09:00:00,309.0,309.0,265.0,271.0,32508035.09880879,9237617508.222298
2025-11-04 09:00:00,272.0,278.0,242.0,262.0,37325246.76291208,9800872647.88574
2025-11-05 09:00:00,262.0,276.0,245.0,275.0,22563155.73299387,5930273313.767361
2025-11-06 09:00:00,275.0,275.0,262.0,270.0,13496919.75304692,3636848116.578843
2025-11-07 09:00:00,270.0,318.0,267.0,309.0,31009531.77102208,9051834787.245413
2025-11-08 09:00:00,309.0,316.0,295.0,306.0,19130337.79794366,5812174955.593485
2025-11-09 09:00:00,306.0,313.0,294.0,306.0,12849768.36669418,3883199574.7110615
2025-11-10 09:00:00,306.0,316.0,300.0,312.0,17880054.2557375,5505708008.117409
2025-11-11 09:00:00,312.0,317.0,294.0,296.0,22120234.1158085,6738866479.321565
2025-11-12 09:00:00,296.0,310.0,289.0,295.0,19282936.43791578,5797353198.692493
2025-11-13 09:00:00,295.0,303.0,276.0,285.0,21280512.18943177,6188625780.716372
2025-11-14 09:00:00,284.0,287.0,270.0,273.0,18933450.20519942,5285406492.979717
2025-11-15 09:00:00,274.0,283.0,273.0,276.0,7430740.40012152,2065504656.7865472
2025-11-16 09:00:00,277.0,279.0,260.0,269.0,13417375.96820765,3604921584.581414
2025-11-17 09:00:00,268.0,275.0,255.0,259.0,16862718.23793226,4473561381.787444
2025-11-18 09:00:00,258.0,269.0,252.0,263.0,16894424.88572665,4380219103.500694
2025-11-19 09:00:00,264.0,265.0,249.0,260.0,15426801.73106707,3966843363.01348
2025-11-20 09:00:00,261.0,269.0,243.0,247.0,28681647.16109761,7290471604.880987
2025-11-21 09:00:00,247.0,251.0,222.0,229.0,49270720.48720198,11491763038.717726
2025-11-22 09:00:00,229.0,231.0,220.0,228.0,18266223.48493532,4106387179.0612755
2025-11-23 09:00:00,228.0,235.0,226.0,231.0,16600004.66109665,3842335704.670029
2025-11-24 09:00:00,231.0,242.0,226.0,240.0,17716753.07087388,4127898067.8987412
2025-11-25 09:00:00,240.0,241.0,231.0,239.0,13680547.98034556,3232637395.5418262
2025-11-26 09:00:00,238.0,243.0,231.0,241.0,12747897.25965665,3010216600.3415217
2025-11-27 09:00:00,241.0,246.0,238.0,243.0,10362990.13481255,2500929023.038712
2025-11-28 09:00:00,243.0,246.0,238.0,240.0,12458318.24079978,3011574393.7576265
2025-11-29 09:00:00,241.0,242.0,237.0,238.0,4846883.42846468,1163403331.64523
2025-11-30 09:00:00,238.0,239.0,232.0,233.0,7315550.69452078,1727778815.4821558
2025-12-01 09:00:00,232.0,234.0,207.0,213.0,22932091.60340147,4943475940.842885
2025-12-02 09:00:00,212.0,229.0,208.0,225.0,13650527.18783573,2978309860.5899434
2025-12-03 09:00:00,225.0,233.0,222.0,231.0,11674917.64047956,2646052543.4266624
2025-12-04 09:00:00,231.0,232.0,219.0,222.0,8185722.06089849,1856441131.0096476
2025-12-05 09:00:00,222.0,224.0,206.0,211.0,13131977.81585791,2823902267.1946597
2025-12-06 09:00:00,211.0,219.0,210.0,215.0,5921386.84150573,1260051852.0651438
2025-12-07 09:00:00,214.0,216.0,204.0,209.0,11438027.54948954,2403992809.92683
2025-12-08 09:00:00,209.0,215.0,207.0,209.0,8933850.50797342,1885712293.2781103
2025-12-09 09:00:00,209.0,221.0,207.0,217.0,10781147.07942448,2295061134.126372
2025-12-10 09:00:00,217.0,224.0,210.0,214.0,10320436.66790503,2223214433.3044133
2025-12-11 09:00:00,214.0,215.0,200.0,205.0,19016661.40630378,3893927926.2245603
2025-12-12 09:00:00,204.0,206.0,192.0,196.0,17613019.37511111,3511905916.768577
2025-12-13 09:00:00,196.0,201.0,195.0,198.0,7525395.49491703,1488703465.8734412
2025-12-14 09:00:00,198.0,199.0,185.0,187.0,15388366.25902532,2948377590.6766505
2025-12-15 09:00:00,187.0,194.0,174.0,179.0,25665196.00247012,4707298971.393141
2025-12-16 09:00:00,179.0,183.0,173.0,180.0,13522189.64141353,2402396501.27461
2025-12-17 09:00:00,180.0,185.0,170.0,172.0,16907452.40328091,2998202260.8124695
2025-12-18 09:00:00,172.0,178.0,163.0,166.0,17085809.79281333,2900078105.14715
2025-12-19 09:00:00,166.0,179.0,163.0,179.0,12093218.34877277,2077214972.398955
2025-12-20 09:00:00,178.0,184.0,177.0,180.0,6803612.80765832,1219093333.6712284
2025-12-21 09:00:00,181.0,181.0,171.0,174.0,9337451.02617845,1644256900.5951178
2025-12-22 09:00:00,175.0,178.0,170.0,173.0,10982367.64010391,1912026401.7394266
2025-12-23 09:00:00,173.0,174.0,164.0,167.0,12956240.55064417,2180307975.8277493
2025-12-24 09:00:00,167.0,169.0,162.0,168.0,11727146.48286182,1931979985.7802248
2025-12-25 09:00:00,168.0,170.0,162.0,163.0,11895563.55942112,1980898502.0126762
2025-12-26 09:00:00,163.0,168.0,161.0,165.0,10740947.44008015,1766406805.1264782
2025-12-27 09:00:00,165.0,170.0,161.0,170.0,9836715.66232305,1617795642.8937953
2025-12-28 09:00:00,170.0,172.0,167.0,169.0,10371644.20222583,1761348540.4778628
2025-12-29 09:00:00,168.0,173.0,165.0,166.0,13340037.08760326,2266658091.5014305
2025-12-30 09:00:00,167.0,168.0,163.0,165.0,10423406.14420918,1723884481.5789087
2025-12-31 09:00:00,165.0,166.0,158.0,159.0,12518240.72802853,2037761707.8465657
2026-01-01 09:00:00,160.0,171.0,158.0,169.0,15395712.08440298,2500497251.8269405
2026-01-02 09:00:00,170.0,175.0,167.0,174.0,19256138.24165296,3285307113.5928745
2026-01-03 09:00:00,174.0,177.0,169.0,173.0,16632637.06677544,2864646341.701979
2026-01-04 09:00:00,173.0,181.0,172.0,178.0,23592733.90307731,4156195182.887645
2026-01-05 09:00:00,178.0,185.0,172.0,183.0,34837474.19301547,6203999253.275837
2026-01-06 09:00:00,183.0,190.0,177.0,185.0,30376411.7476855,5573140386.930735
2026-01-07 09:00:00,184.0,185.0,174.0,176.0,22108490.60195078,3967799699.7084846
2026-01-08 09:00:00,176.0,180.0,168.0,173.0,23909356.40798181,4157927785.217985
2026-01-09 09:00:00,172.0,179.0,170.0,175.0,16902081.04080134,2938713978.4967985
2026-01-10 09:00:00,175.0,180.0,173.0,177.0,14328420.31662945,2534087077.906403
2026-01-11 09:00:00,176.0,178.0,170.0,172.0,13686547.69581908,2395711668.532178
2026-01-12 09:00:00,172.0,176.0,165.0,168.0,23656436.72003829,4029608252.4965267
2026-01-13 09:00:00,167.0,186.0,167.0,183.0,43173299.10809457,7659658489.110783
2026-01-14 09:00:00,184.0,193.0,183.0,188.0,58632942.28204514,11001763154.955736
2026-01-15 09:00:00,188.0,188.0,174.0,177.0,31312375.50944323,5646086539.566612
2026-01-16 09:00:00,176.0,185.0,174.0,184.0,25091472.47595367,4497660968.569139
2026-01-17 09:00:00,184.0,237.0,183.0,222.0,454704858.02859825,96598779682.2981
2026-01-18 09:00:00,222.0,245.0,210.0,212.0,376488052.49021554,86340170237.2591
2026-01-19 09:00:00,211.0,212.0,195.0,201.0,92636000.8052302,18870345443.536438
2026-01-20 09:00:00,202.0,229.0,198.0,206.0,284234382.22745675,60721840091.620926
2026-01-21 09:00:00,205.0,226.0,202.0,215.0,175884676.15921542,37861891485.96254
2026-01-22 09:00:00,214.0,257.0,213.0,244.0,435459599.693414,105284912736.41595
2026-01-23 09:00:00,245.0,263.0,231.0,235.0,278323475.58897513,68138537984.37076
2026-01-24 09:00:00,234.0,236.0,217.0,220.0,88071334.4180653,19848874254.095127
2026-01-25 09:00:00,220.0,220.0,190.0,193.0,83117655.08659638,17169929449.898895
2026-01-26 09:00:00,193.0,202.0,187.0,195.0,97842547.48526952,19147266347.24833
2026-01-27 09:00:00,195.0,202.0,182.0,188.0,59891010.19065955,11483020119.871014
2026-01-28 09:00:00,187.0,189.0,177.0,178.0,34937544.68138739,6341301813.73549
2026-01-29 09:00:00,179.0,179.0,164.0,168.0,41408565.59618308,7119367296.355002
2026-01-30 09:00:00,168.0,173.0,162.0,170.0,34140563.61781659,5696442155.065337
2026-01-31 09:00:00,170.0,171.0,141.0,153.0,43090501.26340007,6737020888.800093
2026-02-01 09:00:00,153.0,155.0,143.0,147.0,31356387.6086003,4699249853.862602
2026-02-02 09:00:00,147.0,154.0,143.0,152.0,28053198.8106799,4154732499.8775744
2026-02-03 09:00:00,152.0,153.0,140.0,146.0,23226768.62182536,3430939117.2989726
2026-02-04 09:00:00,146.0,149.0,141.0,143.0,20586937.25087239,2986854019.1299925
2026-02-05 09:00:00,143.0,145.0,114.0,116.0,83846588.65208499,10727258235.233139
2026-02-06 09:00:00,116.0,133.0,104.0,127.0,66895946.1979966,8030831740.542941
2026-02-07 09:00:00,128.0,141.0,124.0,132.0,97003981.46866436,12845306176.134653
2026-02-08 09:00:00,131.0,132.0,126.0,128.0,31252739.64359502,4044573363.5782332
2026-02-09 09:00:00,128.0,133.0,123.0,129.0,46379950.69473862,5924115735.124947
2026-02-10 09:00:00,130.0,131.0,125.0,125.0,21630526.72664007,2760644035.9976687
2026-02-11 09:00:00,126.0,127.0,119.0,122.0,40885239.95600974,4993214864.6974945
2026-02-12 09:00:00,122.0,127.0,119.0,123.0,22590239.14923792,2785338019.3065195
2026-02-13 09:00:00,123.0,132.0,120.0,130.0,20467295.45119878,2566477498.0367293
2026-02-14 09:00:00,130.0,137.0,129.0,136.0,26832282.56471202,3549654683.5685062
2026-02-15 09:00:00,136.0,138.0,127.0,131.0,30577148.1337956,4061405742.0716934
2026-02-16 09:00:00,131.0,132.0,127.0,131.0,15164580.12390977,1957389810.0252206
2026-02-17 09:00:00,131.0,131.0,125.0,128.0,11283191.73728137,1439609954.5969791
2026-02-18 09:00:00,127.0,131.0,124.0,125.0,13658856.94146505,1741000746.7318707
2026-02-19 09:00:00,124.0,125.0,117.0,122.0,20191861.82985151,2443077041.9174204
2026-02-20 09:00:00,122.0,126.0,119.0,125.0,17268353.61299704,2123747099.7375422
2026-02-21 09:00:00,125.0,128.0,124.0,124.0,11416602.67163943,1434071968.1686673
2026-02-22 09:00:00,124.0,125.0,118.0,120.0,9710276.05008539,1175720817.6087852
2026-02-23 09:00:00,120.0,121.0,113.0,116.0,18187219.157568,2112652905.329159
2026-02-24 09:00:00,116.0,118.0,113.0,114.0,14771858.19364199,1705187223.245672
2026-02-25 09:00:00,114.0,134.0,114.0,127.0,31274662.36835703,3836789777.9745317
2026-02-26 09:00:00,127.0,128.0,119.0,123.0,16393170.10930454,2029981204.4461143
2026-02-27 09:00:00,123.0,128.0,120.0,123.0,12142804.72108991,1505592503.3706737
2026-02-28 09:00:00,123.0,125.0,114.0,123.0,26746825.28144629,3142853732.56042
2026-03-01 09:00:00,123.0,127.0,117.0,121.0,16770969.90587178,2055494670.3205135
2026-03-02 09:00:00,121.0,130.0,119.0,124.0,17065589.09849171,2120419859.6291997
2026-03-03 09:00:00,124.0,127.0,120.0,124.0,13709195.18186767,1683360957.8028822
2026-03-04 09:00:00,124.0,130.0,121.0,125.0,18291032.78596595,2287804885.8440156
2026-03-05 09:00:00,125.0,128.0,121.0,124.0,15097785.13025585,1890094824.1810815
2026-03-06 09:00:00,124.0,125.0,118.0,120.0,12268545.6831257,1489610694.1306589
2026-03-07 09:00:00,120.0,121.0,116.0,117.0,7446972.75183546,881262288.2586209
2026-03-08 09:00:00,117.0,119.0,114.0,116.0,7179389.99011896,831411183.4909662
2026-03-09 09:00:00,116.0,121.0,115.0,118.0,9871819.65059225,1165197278.1306608
2026-03-10 09:00:00,118.0,123.0,118.0,119.0,9907653.41169773,1190391186.213092
2026-03-11 09:00:00,119.0,124.0,117.0,121.0,9858569.23604213,1182714739.1614883
2026-03-12 09:00:00,121.0,122.0,118.0,121.0,7048516.21777694,845336719.9376422
2026-03-13 09:00:00,121.0,128.0,120.0,124.0,14273790.67780484,1772294929.3566866
2026-03-14 09:00:00,124.0,126.0,121.0,122.0,14773775.87939393,1809267194.3926532
2026-03-15 09:00:00,122.0,126.0,121.0,125.0,13794225.9762927,1695919767.4646084
2026-03-16 09:00:00,125.0,133.0,124.0,133.0,20542668.75229728,2636262207.4515224
2026-03-17 09:00:00,133.0,134.0,129.0,130.0,12348974.12814902,1619231434.8229842
2026-03-18 09:00:00,131.0,135.0,123.0,125.0,23011520.15943987,2984088379.1973267
2026-03-19 09:00:00,125.0,127.0,120.0,121.0,13616324.11295508,1672775453.0962694
2026-03-20 09:00:00,121.0,125.0,121.0,122.0,10634369.05612901,1306085402.5031111
2026-03-21 09:00:00,122.0,123.0,118.0,119.0,8734638.34745962,1057061638.1635268
2026-03-22 09:00:00,119.0,120.0,115.0,116.0,14826195.97018803,1737801440.70226
2026-03-23 09:00:00,116.0,123.0,115.0,120.0,16069787.33813732,1904444834.790136
2026-03-24 09:00:00,121.0,123.0,118.0,122.0,14047288.31790172,1689118014.2391639
2026-03-25 09:00:00,121.0,124.0,121.0,122.0,10632792.3943616,1301230854.9884062
2026-03-26 09:00:00,122.0,123.0,116.0,117.0,16548547.95741754,1956015598.858325
2026-03-27 09:00:00,116.0,118.0,110.0,113.0,27160489.95314539,3083693761.331803
2026-03-28 09:00:00,112.0,115.0,109.0,112.0,13728831.08685236,1536127403.0493848
2026-03-29 09:00:00,112.0,113.0,107.0,110.0,13148826.33335045,1458113280.6749358
2026-03-30 09:00:00,110.0,115.0,109.0,112.0,13435028.5931264,1513671429.4797492
2026-03-31 09:00:00,113.0,115.0,111.0,115.0,10180588.28595918,1148861274.2178533
2026-04-01 09:00:00,115.0,119.0,114.0,117.0,13853111.47082933,1619851144.6963446
2026-04-02 09:00:00,117.0,118.0,111.0,112.0,17275439.57930767,1953978621.4471667
2026-04-03 09:00:00,112.0,118.0,111.0,117.0,13244831.31174934,1532670650.4305048
2026-04-04 09:00:00,117.0,118.0,115.0,117.0,9094014.26637167,1064837999.9017686
2026-04-05 09:00:00,117.0,118.0,113.0,116.0,7019374.25296565,804063270.4641052
2026-04-06 09:00:00,116.0,120.0,114.0,115.0,12947559.93737043,1518032356.377624
2026-04-07 09:00:00,115.0,122.0,113.0,121.0,14524585.12165065,1689021012.6423771
2026-04-08 09:00:00,120.0,122.0,115.0,116.0,13286336.94010036,1570477160.1214085
2026-04-09 09:00:00,115.0,119.0,113.0,116.0,16033321.34840949,1846654050.7378943
2026-04-10 09:00:00,117.0,117.0,112.0,116.0,14666670.35840761,1681533132.530518
2026-04-11 09:00:00,116.0,118.0,113.0,116.0,14290343.56916003,1641403440.3558905
2026-04-12 09:00:00,115.0,116.0,111.0,111.0,12459791.17189965,1408307014.8795607
2026-04-13 09:00:00,111.0,118.0,111.0,117.0,17257487.25707478,1965335706.3146946
2026-04-14 09:00:00,117.0,119.0,112.0,113.0,18001325.93820964,2071692322.6175501
2026-04-15 09:00:00,114.0,118.0,113.0,117.0,20925342.03239601,2409880215.110551
2026-04-16 09:00:00,117.0,125.0,115.0,124.0,24534413.45905308,2924744856.620458
2026-04-17 09:00:00,123.0,127.0,120.0,124.0,19047696.9918544,2341700955.3738375
2026-04-18 09:00:00,123.0,127.0,118.0,119.0,17361269.80131924,2126847818.456649
2026-04-19 09:00:00,120.0,122.0,115.0,116.0,15952410.26297751,1882475862.1322882
2026-04-20 09:00:00,116.0,121.0,115.0,119.0,12024954.79555482,1415755336.274734
2026-04-21 09:00:00,119.0,120.0,113.0,116.0,21365627.26277199,2483123483.394792
2026-04-22 09:00:00,116.0,118.0,114.0,115.0,24513668.88903808,2846347657.82353
2026-04-23 09:00:00,114.0,115.0,112.0,114.0,23335445.10316273,2646211822.642444
2026-04-24 09:00:00,114.0,119.0,113.0,118.0,22104798.43122686,2565562938.614549
2026-04-25 09:00:00,117.0,129.0,116.0,123.0,160142451.2087485,19727750276.769363
2026-04-26 09:00:00,122.0,123.0,118.0,121.0,37098698.0014005,4447827499.8489685
2026-04-27 09:00:00,120.0,122.0,114.0,116.0,39816245.7047801,4661272424.092288
2026-04-28 09:00:00,116.0,117.0,113.0,114.0,19366744.95077852,2217449645.515755
2026-04-29 09:00:00,113.0,116.0,106.0,108.0,48191263.44266558,5343451978.327524
2026-04-30 09:00:00,109.0,110.0,107.0,107.0,32104134.27588135,3490490651.2121983
2026-05-01 09:00:00,108.0,109.0,106.0,106.0,17710170.2368432,1908976153.5093875
2026-05-02 09:00:00,107.0,108.0,105.0,108.0,17179592.40704337,1831274332.1680808
2026-05-03 09:00:00,107.0,108.0,106.0,106.0,13614219.96224797,1458012581.936599
2026-05-04 09:00:00,107.0,111.0,106.0,109.0,30508709.52403875,3308126510.8715224
2026-05-05 09:00:00,109.0,113.0,108.0,111.0,24298767.31726296,2680843540.826358
2026-05-06 09:00:00,111.0,115.0,110.0,115.0,26743989.89115124,3009873481.2873244
2026-05-07 09:00:00,114.0,116.0,111.0,114.0,26376432.6944621,3000762481.251321
2026-05-08 09:00:00,115.0,122.0,113.0,121.0,31105340.44835591,3644832727.23358
2026-05-09 09:00:00,120.0,124.0,117.0,118.0,24851059.69748982,2998008051.451087
2026-05-10 09:00:00,118.0,125.0,116.0,122.0,30192209.79776006,3638221635.557186
2026-05-11 09:00:00,123.0,123.0,119.0,121.0,26078816.66196726,3142637562.895984
2026-05-12 09:00:00,120.0,121.0,116.0,117.0,23374785.38746239,2772931575.0084066
2026-05-13 09:00:00,117.0,122.0,113.0,115.0,35068581.26309975,4114948733.104332
2026-05-14 09:00:00,115.0,119.0,113.0,117.0,18787336.30703987,2170925969.510856
2026-05-15 09:00:00,117.0,118.0,110.0,112.0,30783463.63541133,3479497635.4008393
2026-05-16 09:00:00,112.0,112.0,107.0,109.0,22143063.88297781,2413643025.238556
2026-05-17 09:00:00,109.0,110.0,103.0,106.0,21193675.19714478,2276183857.3490725
2026-05-18 09:00:00,106.0,108.0,104.0,107.0,25757914.69339782,2719196778.099396
2026-05-19 09:00:00,108.0,109.0,104.0,105.0,15015834.43537587,1590958191.7158113
2026-05-20 09:00:00,104.0,108.0,104.0,107.0,10319892.78860796,1096383245.7377758
2026-05-21 09:00:00,107.0,110.0,106.0,109.0,12936163.11164357,1392414365.4926898
2026-05-22 09:00:00,109.0,111.0,104.0,105.0,24075005.76289435,2605350357.493969
2026-05-23 09:00:00,106.0,109.0,102.0,107.0,29002399.37988401,3046019424.4116287
2026-05-24 09:00:00,107.0,108.0,103.0,105.0,12336931.58641698,1304865245.12952
2026-05-25 09:00:00,106.0,108.0,105.0,107.0,8557176.36468449,912336558.9418713
2026-05-26 09:00:00,106.0,109.0,104.0,104.0,18188108.35834831,1924552263.1618574
2026-05-27 09:00:00,105.0,106.0,101.0,102.0,23238717.07541754,2402324932.8613095
2026-05-28 09:00:00,103.0,103.0,97.0,101.0,37128657.95432101,3678776435.19828
2026-05-29 09:00:00,101.0,103.0,98.4,101.0,19421709.50392017,1950930326.789826
2026-05-30 09:00:00,102.0,106.0,101.0,102.0,17043365.50481222,1773520841.6549134
2026-05-31 09:00:00,103.0,105.0,101.0,103.0,14980507.45924867,1542680593.0863829
2026-06-01 09:00:00,103.0,105.0,98.6,101.0,27725061.61222452,2802317077.045944
2026-06-02 09:00:00,101.0,101.0,89.8,91.4,82645212.45257153,7816452941.212077
2026-06-03 09:00:00,91.4,94.2,89.0,91.1,45650271.65268575,4201596890.5202575
2026-06-04 09:00:00,91.1,92.0,83.0,86.2,62780420.00124794,5446014315.989067
2026-06-05 09:00:00,86.0,86.0,77.1,79.6,64925254.44648846,5256864558.73241
2026-06-06 09:00:00,79.6,80.9,74.1,78.1,41186575.69942321,3187690589.403816
2026-06-07 09:00:00,78.0,81.8,77.2,80.1,19038386.59795706,1517972427.949137
2026-06-08 09:00:00,80.2,81.1,77.0,78.3,25122491.64455549,1972695929.317633
2026-06-09 09:00:00,78.3,78.3,74.1,76.0,32720628.93766688,2482907994.391439
2026-06-10 09:00:00,76.1,77.2,73.7,75.0,29238216.81924479,2197037787.9274673
2026-06-11 09:00:00,75.0,79.9,74.9,77.8,22353717.69918045,1733387191.534005
2026-06-12 09:00:00,78.0,80.2,77.5,78.0,15341998.25329318,1208163708.9185688
2026-06-13 09:00:00,78.1,79.4,77.6,79.0,11841070.02083941,928569963.6804394
2026-06-14 09:00:00,79.1,80.7,76.4,80.7,15096668.45940453,1189219137.6729338
2026-06-15 09:00:00,80.8,84.1,79.5,81.0,20729445.84288803,1690185982.914847
2026-06-16 09:00:00,81.0,82.3,78.0,80.2,15634849.66504741,1257000839.1618345
2026-06-17 09:00:00,80.2,81.8,78.0,79.4,16532184.74760029,1322353129.4080334
2026-06-18 09:00:00,79.3,79.9,75.7,77.9,14582277.93331483,1139967392.3166
2026-06-19 09:00:00,77.9,78.5,75.7,77.3,11981520.52695757,917413010.6840814
2026-06-20 09:00:00,77.4,96.2,77.1,90.9,547028931.9918331,47485144688.663925
2026-06-21 09:00:00,90.9,97.4,83.4,83.7,221898015.47467127,20148793475.904133
2026-06-22 09:00:00,83.7,86.3,82.7,83.4,46715636.73916928,3942187580.731158
2026-06-23 09:00:00,83.3,83.8,77.5,79.1,42715095.48789749,3429510285.0676255
2026-06-24 09:00:00,79.0,79.6,74.0,76.0,30368816.14908225,2342113361.2397423
2026-06-25 09:00:00,76.0,76.4,70.3,71.5,43631339.38528247,3198362286.358784
2026-06-26 09:00:00,71.6,72.2,68.5,72.1,40337389.13564623,2837857241.0566797
2026-06-27 09:00:00,72.1,73.0,71.0,71.4,18467150.26193597,1330365959.019479
2026-06-28 09:00:00,71.3,71.9,70.0,70.7,12039744.28586847,856246610.5450215
2026-06-29 09:00:00,70.7,72.8,69.6,71.3,17880253.67577301,1266867154.6571453
2026-06-30 09:00:00,71.2,72.9,70.3,71.0,24597941.22367006,1759999305.5167756
2026-07-01 09:00:00,71.0,73.6,69.8,72.2,23758178.34211029,1690066375.9263396
2026-07-02 09:00:00,72.2,74.2,70.9,73.0,36248195.1688902,2627788829.6827965
2026-07-03 09:00:00,73.0,81.9,72.5,77.3,128171107.2743552,9902645897.294046
2026-07-04 09:00:00,77.1,77.4,75.3,76.3,31243155.64303789,2379102184.961033
2026-07-05 09:00:00,76.1,78.5,74.9,76.7,29177962.40669692,2236796970.2804036
2026-07-06 09:00:00,76.6,77.1,72.8,75.4,22119428.19439857,1658956012.623506
2026-07-07 09:00:00,75.4,75.8,72.7,72.8,13227420.45856383,981097134.6382049
2026-07-08 09:00:00,72.8,73.1,70.0,72.2,17773680.57314783,1268061175.2652543
2026-07-09 09:00:00,72.2,74.8,71.7,72.4,16007057.85018828,1171416070.3357031
2026-07-10 09:00:00,72.4,73.9,71.9,73.5,13729801.59278538,1004998544.8608263
2026-07-11 09:00:00,73.7,75.0,72.5,72.8,16161618.15730417,1198185295.6614738
2026-07-12 09:00:00,72.5,73.7,71.3,71.5,12918478.72389135,936229158.7346689
2026-07-13 09:00:00,71.4,72.5,69.1,70.2,16357695.69248102,1154032726.6982162
2026-07-14 09:00:00,70.2,73.0,69.0,72.1,17458181.28339309,1226878505.5515172
2026-07-15 09:00:00,72.2,73.0,71.0,71.0,12020902.29505685,864017986.6413338
2026-07-16 09:00:00,71.0,71.7,70.1,70.3,15797709.34174556,1118911191.3905342
2026-07-17 09:00:00,70.4,71.7,69.1,70.7,10916846.24593098,766327148.7561265
2026-07-18 09:00:00,70.6,70.7,69.6,70.1,5219075.49373132,365756593.21034396
2026-07-19 09:00:00,70.1,70.3,68.1,68.7,12503663.62879549,863324174.0980904
2026-07-20 09:00:00,68.7,70.4,67.8,69.2,20307099.91649295,1406753942.2828882
2026-07-21 09:00:00,69.1,70.7,68.9,70.5,7908934.88948276,553816487.2229217
2026-07-22 09:00:00,70.4,70.6,69.5,69.9,8742893.51470523,611822678.7591136
2026-07-23 09:00:00,70.0,70.5,66.7,67.4,17296966.31545691,1180336945.6115484
2026-07-24 09:00:00,67.4,67.4,64.6,65.8,26975690.3056278,1779031764.6097665
2026-07-25 09:00:00,65.8,66.4,64.9,66.2,10644628.03071165,698156302.1378268
2026-07-26 09:00:00,66.2,67.3,65.3,67.1,11862606.36066774,784266450.1947658
2026-07-27 09:00:00,67.1,67.1,63.0,63.4,22244320.96903426,1443757200.3146787
2026-07-28 09:00:00,63.5,63.6,60.9,61.8,28684009.68720512,1777033240.6744177
2026-07-29 09:00:00,61.8,62.1,57.8,58.8,30372713.53837972,1803360794.2225587
2026-07-30 09:00:00,58.8,59.7,57.9,58.1,16759503.72909474,982724488.7452618
2026-07-31 09:00:00,58.1,63.6,58.1,61.4,93864303.6212031,5736459436.062614
2026-08-01 09:00:00,61.5,63.0,58.9,59.3,27672725.6963455,1687755633.183551
2026-08-02 09:00:00,59.3,62.9,59.3,61.5,24799886.30124117,1516846145.2925646
2026-08-03 09:00:00,61.5,61.5,58.4,61.1,24309416.54782475,1455546166.2470694
2026-08-04 09:00:00,61.1,61.4,59.1,59.4,12458073.88939926,745935557.971251
2026-08-05 09:00:00,59.3,60.3,58.4,59.0,13627186.88262062,807622698.8320894
2026-08-06 09:00:00,59.0,60.1,58.0,58.3,16565785.86927951,974819816.0153612
2026-08-07 09:00:00,58.3,59.3,57.7,58.1,14575951.27527302,851724328.9214357
2026-08-08 09:00:00,57.9,59.1,57.7,58.8,4668595.31686263,271731896.18868524
2026-08-09 09:00:00,58.7,59.3,57.7,57.9,5663139.77898439,331578001.60224813
2026-08-10 09:00:00,57.8,59.4,57.7,58.2,9693367.88575212,567464505.8169342
2026-08-11 09:00:00,58.2,58.2,55.7,56.7,20355598.63287533,1156992714.1077158
2026-08-12 09:00:00,56.7,56.9,53.7,54.0,21029258.55148496,1164639470.0924594
2026-08-13 09:00:00,54.0,55.7,53.9,54.6,13431934.7391105,734615239.7448493
2026-08-14 09:00:00,54.6,58.4,54.1,56.6,24202339.7589513,1352678971.953337
2026-08-15 09:00:00,56.7,57.0,55.7,56.1,8617065.74289995,484224971.16754836
2026-08-16 09:00:00,56.0,56.9,54.5,55.5,10399323.40224488,580019461.3792905
2026-08-17 09:00:00,55.5,57.7,55.1,55.3,25239744.17320924,1424162747.741569
2026-08-18 09:00:00,55.4,55.7,53.1,54.1,19543816.25117603,1059680682.7582551
2026-08-19 09:00:00,54.1,57.0,53.5,56.7,26970615.57326804,1498937142.930836
2026-08-20 09:00:00,56.8,60.4,56.0,60.1,28412633.95554514,1653224507.5867443
2026-08-21 09:00:00,60.2,67.6,60.2,67.2,69859290.72085369,4468478064.168724
2026-08-22 09:00:00,67.3,70.2,59.8,61.7,362111212.5409829,23334973980.4189
2026-08-23 09:00:00,61.7,63.0,58.3,61.5,60539493.5669534,3687306970.386279
2026-08-24 09:00:00,61.5,61.6,46.6,48.0,304423545.2544893,15170000804.998058
2026-08-25 09:00:00,47.9,51.1,45.6,48.3,196365244.163504,9472564425.799767
2026-08-26 09:00:00,48.3,51.6,46.6,48.3,110036414.7472483,5355598924.053641
2026-08-27 09:00:00,48.3,52.2,47.2,50.0,70240379.29004861,3448357250.7590947
2026-08-28 09:00:00,50.0,52.8,48.8,49.9,106983160.99858326,5422371769.173166
2026-08-29 09:00:00,49.9,50.4,48.6,49.4,22851182.02032787,1127884952.4249358
2026-08-30 09:00:00,49.4,49.5,47.6,48.2,21228980.80556599,1038188736.8768051
2026-08-31 09:00:00,48.2,52.0,47.9,49.9,308258069.6676859,15346588145.764318
2026-09-01 09:00:00,49.9,50.9,49.0,50.7,51778898.44978176,2596209686.6779037
