,open,high,low,close,volume,value
2021-12-15 09:00:00,49810.0,65000.0,10350.0,12410.0,32488905.8447417,466530899671.6359
2021-12-16 09:00:00,12420.0,13340.0,11510.0,11590.0,10266687.35997296,127249489615.81068
2021-12-17 09:00:00,11590.0,11730.0,10450.0,10610.0,5232049.38186345,58010338203.62962
2021-12-18 09:00:00,10610.0,10650.0,10160.0,10520.0,2229216.58489855,23165359732.94762
2021-12-19 09:00:00,10520.0,12060.0,10390.0,11240.0,7394495.4715254,84017864966.031
2021-12-20 09:00:00,11250.0,11300.0,10340.0,10500.0,2183190.52861765,23549015795.561176
2021-12-21 09:00:00,10500.0,11500.0,10490.0,11340.0,2963896.06361972,32222566527.380863
2021-12-22 09:00:00,11350.0,14480.0,11130.0,13330.0,18721431.42195714,249970109468.69467
2021-12-23 09:00:00,13320.0,17580.0,13170.0,16640.0,50242950.8576954,811132909508.005
2021-12-24 09:00:00,16650.0,19400.0,16440.0,18380.0,56525031.45578378,1018842775183.3903
2021-12-25 09:00:00,18390.0,19200.0,17330.0,18450.0,29225930.24004027,532722406936.29034
2021-12-26 09:00:00,18440.0,19690.0,17680.0,19600.0,18240469.87318975,337811009899.46466
2021-12-27 09:00:00,19590.0,19890.0,17700.0,17950.0,14965014.47072118,279346051280.2162
2021-12-28 09:00:00,17960.0,18060.0,15880.0,16350.0,17224505.58233183,295940760067.1404
2021-12-29 09:00:00,16340.0,18500.0,15910.0,18330.0,20004120.87292107,343642297687.5605
2021-12-30 09:00:00,18340.0,19000.0,17250.0,18780.0,20099592.29057213,366947381520.2275
2021-12-31 09:00:00,18790.0,19120.0,17500.0,17990.0,10501009.55872183,195535835576.53348
2022-01-01 09:00:00,17990.0,18590.0,17690.0,18440.0,4972891.61090159,89700679162.64946
2022-01-02 09:00:00,18440.0,18600.0,17410.0,17520.0,7174323.73081368,128254217935.18542
2022-01-03 09:00:00,17520.0,20260.0,16960.0,20220.0,11419306.12333607,210302175201.46912
2022-01-04 09:00:00,20230.0,21570.0,19420.0,19580.0,22005856.97181968,453773695698.82336
2022-01-05 09:00:00,19570.0,21190.0,17370.0,18970.0,14518531.0527339,286583105147.17365
2022-01-06 09:00:00,18970.0,20030.0,18100.0,19690.0,15275925.65202038,292967329422.1861
2022-01-07 09:00:00,19690.0,19830.0,17810.0,18650.0,12045269.14662398,227093930430.33783
2022-01-08 09:00:00,18640.0,19170.0,16800.0,17370.0,8117889.02419422,146031605593.20938
2022-01-09 09:00:00,17330.0,17590.0,16310.0,16710.0,8321745.0310467,140559018229.08084
2022-01-10 09:00:00,16710.0,19030.0,16350.0,18960.0,22184299.85892419,392965284208.2535
2022-01-11 09:00:00,18950.0,22650.0,18660.0,22100.0,20711495.03549649,419268420212.6873
2022-01-12 09:00:00,22100.0,23000.0,21230.0,21370.0,13171515.08699334,290974679021.8529
2022-01-13 09:00:00,21370.0,24720.0,20880.0,24140.0,17842088.75870848,412425283910.7387
2022-01-14 09:00:00,24120.0,25380.0,22640.0,24490.0,15496017.71595278,370177291801.5948
2022-01-15 09:00:00,24490.0,24660.0,23210.0,23410.0,5643080.05666802,133948407474.65462
2022-01-16 09:00:00,23420.0,24800.0,22850.0,24370.0,9742195.68146458,232441033373.43808
2022-01-17 09:00:00,24360.0,24450.0,21820.0,22600.0,6741400.72558293,156257609631.72803
2022-01-18 09:00:00,22600.0,22700.0,21150.0,21820.0,5552517.14489881,121481768622.64107
2022-01-19 09:00:00,21820.0,22200.0,19830.0,20050.0,6459156.36134974,134556654645.94855
2022-01-20 09:00:00,20020.0,21450.0,18900.0,19130.0,7149876.56508394,145391949961.2789
2022-01-21 09:00:00,19120.0,19800.0,16860.0,17540.0,9137767.99852982,169580867485.767
2022-01-22 09:00:00,17540.0,17660.0,14200.0,14900.0,10918561.74898745,169165233585.16263
2022-01-23 09:00:00,14900.0,16420.0,14420.0,15400.0,9640974.60790163,149089164485.2194
2022-01-24 09:00:00,15400.0,15400.0,12840.0,14280.0,8818827.9721041,121031623586.45258
2022-01-25 09:00:00,14290.0,15250.0,12850.0,14940.0,8417318.22554605,117356159998.35252
2022-01-26 09:00:00,14930.0,15850.0,13700.0,14710.0,9500810.62091534,143079220882.72827
2022-01-27 09:00:00,14710.0,15030.0,13710.0,14360.0,4202842.59945656,60360730624.83594
2022-01-28 09:00:00,14330.0,14580.0,13870.0,14460.0,2570216.58687724,36320625995.52142
2022-01-29 09:00:00,14470.0,15030.0,14230.0,14740.0,3570098.26764466,52211943126.264305
2022-01-30 09:00:00,14750.0,14920.0,14030.0,14360.0,2134088.03493294,31059254519.26783
2022-01-31 09:00:00,14350.0,14420.0,13310.0,14210.0,1856227.57834883,25686036123.378082
2022-02-01 09:00:00,14210.0,15030.0,14000.0,14680.0,3902234.85461134,57142171354.76635
2022-02-02 09:00:00,14700.0,14900.0,13800.0,13800.0,3491138.65995403,50395651700.00198
2022-02-03 09:00:00,13810.0,13910.0,13000.0,13470.0,3582455.18883081,47722565082.540405
2022-02-04 09:00:00,13460.0,16050.0,13300.0,15850.0,8124016.33688951,118910004446.50224
2022-02-05 09:00:00,15840.0,16580.0,15430.0,15760.0,9866294.3264033,158130504693.621
2022-02-06 09:00:00,15740.0,17180.0,15630.0,16470.0,11301228.52626169,185564142525.54092
2022-02-07 09:00:00,16470.0,17180.0,16010.0,16520.0,8048006.63429464,133167390890.52267
2022-02-08 09:00:00,16520.0,16840.0,14960.0,15580.0,7279219.30176288,115306089230.4518
2022-02-09 09:00:00,15580.0,15850.0,14770.0,15700.0,3874570.61092972,59521681589.38342
2022-02-10 09:00:00,15700.0,15710.0,14360.0,14450.0,5401840.40861518,80871176392.09737
2022-02-11 09:00:00,14450.0,15050.0,12960.0,13310.0,5999869.02865297,85167053331.0468
2022-02-12 09:00:00,13310.0,13690.0,12610.0,13190.0,3814325.61283687,50245958079.67133
2022-02-13 09:00:00,13190.0,13340.0,12650.0,12770.0,2526860.36268859,32956020037.71537
2022-02-14 09:00:00,12750.0,12970.0,12280.0,12820.0,2911381.70135975,36682551076.89319
2022-02-15 09:00:00,12820.0,13980.0,12730.0,13910.0,3161042.50468865,42314687327.17427
2022-02-16 09:00:00,13910.0,13920.0,13160.0,13640.0,2379966.43618634,32328830920.19062
2022-02-17 09:00:00,13640.0,14200.0,12690.0,12750.0,5384782.20767531,72967245163.4675
2022-02-18 09:00:00,12750.0,13370.0,12420.0,12590.0,2936966.79057606,37844466654.5429
2022-02-19 09:00:00,12620.0,12760.0,12010.0,12280.0,1660595.1927798,20554830628.377262
2022-02-20 09:00:00,12310.0,12370.0,11150.0,11420.0,2667888.46252095,31155488223.25532
2022-02-21 09:00:00,11420.0,11920.0,10380.0,10460.0,3610744.01885503,40656584767.52898
2022-02-22 09:00:00,10470.0,10960.0,10100.0,10910.0,2349899.14275436,24682944191.73025
2022-02-23 09:00:00,10910.0,11460.0,10450.0,10470.0,2716866.20083845,29903936123.839645
2022-02-24 09:00:00,10470.0,10690.0,9230.0,10410.0,5806512.98889263,56944806071.306335
2022-02-25 09:00:00,10410.0,11030.0,10070.0,10900.0,2855520.25370178,30083016368.347836
2022-02-26 09:00:00,10900.0,11460.0,10830.0,11150.0,2187653.08992454,24485116060.261497
2022-02-27 09:00:00,11160.0,11210.0,10270.0,10470.0,2421622.00191323,26084508388.097458
2022-02-28 09:00:00,10470.0,11820.0,10240.0,11780.0,2768483.45437757,30089757819.295692
2022-03-01 09:00:00,11780.0,14490.0,11510.0,14340.0,20564636.48346485,271779682979.5803
2022-03-02 09:00:00,14340.0,14490.0,13240.0,13500.0,12548202.04343868,173137551080.5007
2022-03-03 09:00:00,13490.0,14220.0,13070.0,13440.0,8691174.95414097,119005685910.35165
2022-03-04 09:00:00,13460.0,14500.0,12800.0,12900.0,12905532.95355188,177090497808.83713
2022-03-05 09:00:00,12900.0,13300.0,12470.0,12970.0,4740004.10538306,61267770687.51444
2022-03-06 09:00:00,12970.0,13410.0,12560.0,12580.0,6617961.05961678,85906331980.58414
2022-03-07 09:00:00,12570.0,12780.0,11670.0,12060.0,5773446.74514721,71142314046.87273
2022-03-08 09:00:00,12060.0,12370.0,11900.0,12130.0,2869628.98066189,34934189786.71136
2022-03-09 09:00:00,12130.0,14410.0,12080.0,14280.0,13406725.45431274,182875130756.31888
2022-03-10 09:00:00,14290.0,14850.0,13100.0,13680.0,12597637.46453336,174328103704.94418
2022-03-11 09:00:00,13680.0,14120.0,12780.0,12790.0,6038392.09472851,80733667053.81636
2022-03-12 09:00:00,12800.0,13230.0,12760.0,12890.0,3055274.89971524,39730593415.74541
2022-03-13 09:00:00,12890.0,13040.0,12230.0,12350.0,3430853.62121975,43615703481.87019
2022-03-14 09:00:00,12370.0,12650.0,12100.0,12560.0,2713337.5412458,33548659882.81897
2022-03-15 09:00:00,12550.0,12920.0,12310.0,12530.0,2839840.9091369,35767901338.052376
2022-03-16 09:00:00,12530.0,13280.0,12340.0,13240.0,4205452.15122264,53546045369.173615
2022-03-17 09:00:00,13230.0,13680.0,13070.0,13260.0,3839771.9087231,51211987610.69478
2022-03-18 09:00:00,13250.0,13980.0,12960.0,13800.0,3668042.3275218,48863241622.762566
2022-03-19 09:00:00,13800.0,14030.0,13440.0,13730.0,3263662.52983886,44844445168.48883
2022-03-20 09:00:00,13730.0,13760.0,13080.0,13130.0,2372555.52527456,31662872103.842102
2022-03-21 09:00:00,13140.0,13760.0,12950.0,13270.0,3741107.93282848,50032658404.92786
2022-03-22 09:00:00,13270.0,13900.0,13200.0,13480.0,3115250.43039269,42506811018.827225
2022-03-23 09:00:00,13510.0,15440.0,13330.0,15180.0,6208295.5582847,90194450312.21408
2022-03-24 09:00:00,15180.0,15780.0,14440.0,15430.0,4494752.16710028,67180556711.11556
2022-03-25 09:00:00,15430.0,15430.0,14570.0,14870.0,2818884.16109241,42412336862.07467
2022-03-26 09:00:00,14870.0,16500.0,14720.0,15360.0,9837524.2948775,156133733423.5094
2022-03-27 09:00:00,15340.0,16010.0,14860.0,15680.0,4850045.56558224,75436217605.79657
2022-03-28 09:00:00,15680.0,16080.0,15290.0,15390.0,2818383.45343963,44366929333.64338
2022-03-29 09:00:00,15380.0,17670.0,15350.0,16790.0,8194921.00582409,135033565163.61052
2022-03-30 09:00:00,16820.0,17670.0,16220.0,16840.0,4520820.58250296,76930574011.44955
2022-03-31 09:00:00,16840.0,17270.0,15880.0,16200.0,2727697.69313293,45372513830.9252
2022-04-01 09:00:00,16190.0,17990.0,15340.0,17910.0,3037305.6211351,50300002825.93365
2022-04-02 09:00:00,17940.0,19800.0,17470.0,18150.0,5139102.58209361,96853535122.8836
2022-04-03 09:00:00,18150.0,21610.0,17870.0,20540.0,13292475.64482042,269378931253.25684
2022-04-04 09:00:00,20540.0,23250.0,18750.0,20920.0,16217415.83366278,337027330301.7228
2022-04-05 09:00:00,20920.0,21620.0,19690.0,19950.0,5385219.47480845,112327017637.15387
2022-04-06 09:00:00,19950.0,21210.0,18770.0,18940.0,15255160.49020348,304066205203.1179
2022-04-07 09:00:00,18940.0,21720.0,18190.0,21630.0,8901405.03708536,172808775754.59344
2022-04-08 09:00:00,21680.0,24790.0,21210.0,22100.0,26481610.27780516,613653425317.8351
2022-04-09 09:00:00,22100.0,23180.0,20260.0,22040.0,9991233.8362445,214663897562.82385
2022-04-10 09:00:00,22030.0,22170.0,19820.0,19980.0,8158682.47175643,170293992501.38596
2022-04-11 09:00:00,19980.0,20790.0,18950.0,20300.0,14798611.44544932,292572853144.72876
2022-04-12 09:00:00,20300.0,21580.0,19710.0,20810.0,11036115.69307233,227250169595.11066
2022-04-13 09:00:00,20820.0,21350.0,19710.0,21150.0,5909212.34272631,121444220069.09924
2022-04-14 09:00:00,21130.0,22420.0,20120.0,20600.0,8570666.41762045,184094547294.71844
2022-04-15 09:00:00,20600.0,20870.0,19750.0,20150.0,3841989.2763438,77535632685.02837
2022-04-16 09:00:00,20150.0,20420.0,19500.0,19960.0,1956280.41825524,39087841290.39378
2022-04-17 09:00:00,19960.0,20980.0,19560.0,19750.0,3195776.58979174,64335084923.20025
2022-04-18 09:00:00,19750.0,20400.0,18480.0,20160.0,6676582.1910905,129551489644.03569
2022-04-19 09:00:00,20160.0,21890.0,20150.0,21590.0,7999498.29848643,169405048090.40573
2022-04-20 09:00:00,21590.0,22220.0,20430.0,20720.0,6540173.72755912,139365052222.4598
2022-04-21 09:00:00,20730.0,21240.0,19200.0,19670.0,6220330.04006397,126354737507.56157
2022-04-22 09:00:00,19670.0,19800.0,19000.0,19540.0,3359204.36536004,65140429900.121056
2022-04-23 09:00:00,19520.0,20050.0,19040.0,19360.0,2347756.2155453,45915860290.22644
2022-04-24 09:00:00,19360.0,19610.0,18640.0,18870.0,2062746.62276599,39416269337.32288
2022-04-25 09:00:00,18880.0,18950.0,17240.0,17920.0,6715381.11473684,119655288453.91106
2022-04-26 09:00:00,17920.0,19060.0,16100.0,16300.0,9065057.94298187,161220516491.4654
2022-04-27 09:00:00,16290.0,16850.0,15900.0,16420.0,6210667.51640592,101954693595.7001
2022-04-28 09:00:00,16410.0,16710.0,15650.0,15850.0,5583750.24302034,90261589390.2502
2022-04-29 09:00:00,15850.0,15970.0,14430.0,14580.0,4656395.02009439,70780978680.7747
2022-04-30 09:00:00,14570.0,15170.0,13480.0,13580.0,6715345.0534683,97698735180.96237
2022-05-01 09:00:00,13590.0,15780.0,13070.0,15230.0,9796759.53871799,141234835647.67487
2022-05-02 09:00:00,15230.0,15650.0,14240.0,15250.0,7728359.35213571,115843826219.78319
2022-05-03 09:00:00,15250.0,15610.0,14650.0,15480.0,3657539.10224229,55603279211.194244
2022-05-04 09:00:00,15480.0,16620.0,15240.0,16560.0,5992109.95393274,95033043397.81679
2022-05-05 09:00:00,16560.0,16830.0,14120.0,14580.0,7178182.68420674,110276717207.83276
2022-05-06 09:00:00,14600.0,14800.0,13530.0,14100.0,4961115.10209191,69691536416.70755
2022-05-07 09:00:00,14110.0,14170.0,13340.0,13670.0,2298407.27894342,31696566348.016872
2022-05-08 09:00:00,13670.0,14730.0,12960.0,14600.0,5715521.54557613,79123213379.76251
2022-05-09 09:00:00,14600.0,15350.0,12990.0,13050.0,10741961.11290833,154814004011.46738
2022-05-10 09:00:00,13050.0,14390.0,11900.0,12690.0,13512904.77885563,178090076375.46133
2022-05-11 09:00:00,12690.0,13090.0,8505.0,9055.0,31537695.35518209,326645512248.38086
2022-05-12 09:00:00,9055.0,9785.0,7375.0,8700.0,36667247.09882407,312594861204.5543
2022-05-13 09:00:00,8700.0,10100.0,8085.0,8790.0,30152335.17320581,278120018862.38464
2022-05-14 09:00:00,8790.0,9270.0,8000.0,8895.0,18194099.51764659,157836025555.3166
2022-05-15 09:00:00,8895.0,9780.0,8710.0,9600.0,13272663.35795316,120075213483.03299
2022-05-16 09:00:00,9600.0,9605.0,8540.0,8630.0,9026199.38001328,80814103400.10873
2022-05-17 09:00:00,8630.0,8985.0,8180.0,8640.0,9935894.02594894,85799665044.86958
2022-05-18 09:00:00,8645.0,8725.0,7585.0,7660.0,10414830.74987917,84694629166.67764
2022-05-19 09:00:00,7655.0,8000.0,7185.0,7820.0,8705871.55383196,66116251524.891846
2022-05-20 09:00:00,7820.0,8010.0,7305.0,7465.0,5341652.75138295,40874267198.03736
2022-05-21 09:00:00,7465.0,7980.0,7295.0,7915.0,2958640.31447594,22425491788.607212
2022-05-22 09:00:00,7925.0,8210.0,7760.0,8030.0,3508928.94127716,27997772012.02471
2022-05-23 09:00:00,8030.0,8370.0,7360.0,7515.0,5089210.15323148,40806730240.53795
2022-05-24 09:00:00,7515.0,7690.0,7055.0,7620.0,2820721.30163799,20869446981.275177
2022-05-25 09:00:00,7620.0,7735.0,7280.0,7400.0,2220750.36664255,16560133659.785418
2022-05-26 09:00:00,7405.0,7445.0,6555.0,6765.0,3974407.31388873,27589546367.47175
2022-05-27 09:00:00,6760.0,6835.0,6050.0,6185.0,4422451.51669734,28071621830.56752
2022-05-28 09:00:00,6190.0,6425.0,6075.0,6380.0,2010603.26561091,12574966462.3747
2022-05-29 09:00:00,6380.0,6645.0,6120.0,6580.0,1889713.41183536,12097219614.230284
2022-05-30 09:00:00,6590.0,7260.0,6480.0,7180.0,5877196.43869829,41039721360.06835
2022-05-31 09:00:00,7180.0,8315.0,7130.0,7475.0,18550269.23904567,144427524032.84778
2022-06-01 09:00:00,7480.0,7520.0,6685.0,6810.0,5727942.66369827,41365299936.69564
2022-06-02 09:00:00,6815.0,7130.0,6565.0,7070.0,2394363.11660146,16252849009.31215
2022-06-03 09:00:00,7070.0,7100.0,6535.0,6710.0,2011618.21850426,13623503964.754818
2022-06-04 09:00:00,6705.0,6905.0,6555.0,6775.0,1397974.37694089,9416944282.282423
2022-06-05 09:00:00,6785.0,6975.0,6600.0,6775.0,1059277.36510005,7142797918.916421
2022-06-06 09:00:00,6780.0,7260.0,6740.0,6925.0,2970316.29702578,20830593674.652416
2022-06-07 09:00:00,6935.0,6935.0,6465.0,6600.0,2074395.06144559,13737999943.542156
2022-06-08 09:00:00,6595.0,6790.0,6460.0,6470.0,1627104.36649645,10772838276.096832
2022-06-09 09:00:00,6470.0,6610.0,6370.0,6465.0,1372984.18961492,8904129925.972603
2022-06-10 09:00:00,6465.0,6500.0,5790.0,5845.0,2946757.24997056,18067419462.411106
2022-06-11 09:00:00,5845.0,6055.0,5210.0,5360.0,4904363.69899143,27939258989.808487
2022-06-12 09:00:00,5360.0,5410.0,4815.0,4825.0,3856633.86948012,19405191692.752148
2022-06-13 09:00:00,4825.0,4885.0,4075.0,4575.0,6078919.51728081,26732429933.79112
2022-06-14 09:00:00,4570.0,4780.0,4140.0,4415.0,4603345.68400122,20595984029.245216
2022-06-15 09:00:00,4415.0,5000.0,4025.0,4925.0,4089506.94983176,17793329635.791195
2022-06-16 09:00:00,4935.0,4955.0,4135.0,4255.0,4798124.66218435,21549853598.624203
2022-06-17 09:00:00,4255.0,4600.0,4150.0,4450.0,3135867.8240474,13780921096.909544
2022-06-18 09:00:00,4450.0,4490.0,3915.0,4100.0,2210731.28124375,9260413425.491339
2022-06-19 09:00:00,4100.0,4315.0,3935.0,4260.0,2320863.94875307,9576953118.990143
2022-06-20 09:00:00,4265.0,4620.0,4060.0,4410.0,3122795.75772229,13587644982.570593
2022-06-21 09:00:00,4420.0,4810.0,4390.0,4590.0,5983782.65422472,27558945785.853935
2022-06-22 09:00:00,4600.0,4615.0,4285.0,4310.0,3016268.55634857,13345924884.612804
2022-06-23 09:00:00,4310.0,4645.0,4310.0,4615.0,2494909.56432172,11200344869.682526
2022-06-24 09:00:00,4615.0,5330.0,4615.0,5190.0,6500537.26891235,31983502819.741875
2022-06-25 09:00:00,5200.0,5850.0,5100.0,5405.0,14695524.78242523,80556463761.06764
2022-06-26 09:00:00,5405.0,5685.0,4935.0,4965.0,8629876.8019463,46743194485.64065
2022-06-27 09:00:00,4955.0,5180.0,4750.0,4885.0,5198400.50362535,26008410832.70312
2022-06-28 09:00:00,4885.0,4930.0,4450.0,4490.0,5315286.67243965,24907172935.35208
2022-06-29 09:00:00,4490.0,4675.0,4350.0,4520.0,3728606.02819295,16892604773.464455
2022-06-30 09:00:00,4525.0,4535.0,4155.0,4350.0,2568032.18216448,11006106146.548271
2022-07-01 09:00:00,4350.0,4540.0,4245.0,4445.0,2127550.40505274,9337565113.873714
2022-07-02 09:00:00,4445.0,4540.0,4275.0,4380.0,971072.85699817,4266110122.888296
2022-07-03 09:00:00,4375.0,4405.0,4260.0,4375.0,760216.70295325,3294783794.5242696
2022-07-04 09:00:00,4375.0,4640.0,4235.0,4595.0,1446565.68123062,6410401974.023176
2022-07-05 09:00:00,4595.0,4715.0,4315.0,4475.0,1970306.8482222,8942188984.668955
2022-07-06 09:00:00,4475.0,4650.0,4375.0,4595.0,1295868.65892345,5864454923.738404
2022-07-07 09:00:00,4595.0,4910.0,4515.0,4820.0,1928503.37772804,9059435005.750328
2022-07-08 09:00:00,4815.0,4980.0,4575.0,4695.0,3135165.92445363,14907351577.223595
2022-07-09 09:00:00,4690.0,5045.0,4690.0,4960.0,7009393.93295228,34293227438.273346
2022-07-10 09:00:00,4955.0,5000.0,4610.0,4625.0,2605114.01038635,12441882567.446205
2022-07-11 09:00:00,4625.0,4645.0,4275.0,4285.0,1900318.81587975,8508660832.054056
2022-07-12 09:00:00,4290.0,4410.0,4225.0,4240.0,1407596.01798545,6082480404.298864
2022-07-13 09:00:00,4240.0,4395.0,4040.0,4390.0,1666699.19819792,7055123144.9982
2022-07-14 09:00:00,4390.0,4655.0,4275.0,4590.0,2208275.43519561,9808101967.97654
2022-07-15 09:00:00,4585.0,4790.0,4520.0,4620.0,1668218.42579226,7745109767.141861
2022-07-16 09:00:00,4620.0,4830.0,4470.0,4780.0,1635179.37569138,7580128632.328013
2022-07-17 09:00:00,4785.0,4940.0,4640.0,4655.0,2090168.30775275,10018381810.176971
2022-07-18 09:00:00,4655.0,5360.0,4645.0,5300.0,9876498.99800554,50485674372.901306
2022-07-19 09:00:00,5310.0,6170.0,5240.0,5945.0,22301982.76609217,128458860059.53667
2022-07-20 09:00:00,5945.0,6065.0,5440.0,5500.0,5962952.17130948,34865069440.817474
2022-07-21 09:00:00,5500.0,5900.0,5330.0,5750.0,3842893.93216994,21463845902.82794
2022-07-22 09:00:00,5740.0,6265.0,5680.0,5730.0,8937030.53318819,53686678082.31351
2022-07-23 09:00:00,5735.0,5895.0,5515.0,5710.0,3376286.36966133,19356589226.30413
2022-07-24 09:00:00,5710.0,5900.0,5630.0,5745.0,3061128.34721844,17671135553.65532
2022-07-25 09:00:00,5745.0,5790.0,5085.0,5085.0,2942609.69790215,15879912431.599283
2022-07-26 09:00:00,5080.0,5120.0,4790.0,5015.0,2765047.04142554,13660614897.552778
2022-07-27 09:00:00,5015.0,5470.0,4875.0,5465.0,3199467.7066946,16415788081.351658
2022-07-28 09:00:00,5465.0,5820.0,5320.0,5715.0,4780070.83675173,26363385043.526752
2022-07-29 09:00:00,5715.0,6025.0,5530.0,5765.0,4347536.34420493,25229452292.77726
2022-07-30 09:00:00,5780.0,6145.0,5705.0,5765.0,4913598.37393561,29028382770.084866
2022-07-31 09:00:00,5765.0,6025.0,5580.0,5595.0,4643684.79995078,27105700043.93555
2022-08-01 09:00:00,5590.0,5780.0,5500.0,5670.0,3595434.71182482,20305427799.781242
2022-08-02 09:00:00,5670.0,5975.0,5385.0,5780.0,6565889.25563457,37551329340.25912
2022-08-03 09:00:00,5780.0,6205.0,5585.0,6065.0,6557859.18629427,38653475168.294266
2022-08-04 09:00:00,6065.0,6365.0,5795.0,5930.0,8333536.30320656,50621160864.882065
2022-08-05 09:00:00,5925.0,6970.0,5880.0,6865.0,30686429.44549608,204560819860.37592
2022-08-06 09:00:00,6860.0,6880.0,6485.0,6520.0,7092828.3829096,47447074792.29723
2022-08-07 09:00:00,6520.0,6920.0,6400.0,6610.0,10498015.54162403,70633018090.78374
2022-08-08 09:00:00,6605.0,7580.0,6585.0,7255.0,24551930.64102993,176869554257.25903
2022-08-09 09:00:00,7255.0,7485.0,6930.0,7180.0,8566822.86568102,61606856280.06534
2022-08-10 09:00:00,7185.0,8300.0,6940.0,7785.0,20126075.49693095,154953404365.02094
2022-08-11 09:00:00,7785.0,7920.0,7570.0,7650.0,9532638.3239127,73869326985.07584
2022-08-12 09:00:00,7650.0,8100.0,7500.0,7920.0,6527587.6570976,51175583372.01221
2022-08-13 09:00:00,7920.0,8100.0,7780.0,7850.0,3874319.19098671,30613825117.6876
2022-08-14 09:00:00,7860.0,7875.0,7410.0,7540.0,3272451.08638325,25169055711.772503
2022-08-15 09:00:00,7545.0,7720.0,7195.0,7295.0,3134122.91533891,23336888657.213936
2022-08-16 09:00:00,7290.0,7400.0,7050.0,7080.0,2649494.68211917,19145774869.468773
2022-08-17 09:00:00,7080.0,7345.0,6685.0,6755.0,3812162.41918902,26713816917.47713
2022-08-18 09:00:00,6755.0,7045.0,6620.0,6650.0,3996151.96823354,27485438816.348038
2022-08-19 09:00:00,6650.0,6795.0,5775.0,5835.0,5673622.06521124,35347244683.31719
2022-08-20 09:00:00,5835.0,6120.0,5560.0,5780.0,3141013.24002052,18486760575.69943
2022-08-21 09:00:00,5780.0,5880.0,5630.0,5795.0,2441108.42730393,14089128846.315943
2022-08-22 09:00:00,5795.0,5805.0,5425.0,5635.0,3270991.37580929,18283518027.76695
2022-08-23 09:00:00,5635.0,6020.0,5490.0,5850.0,8173568.76794104,47226339048.62555
2022-08-24 09:00:00,5850.0,5970.0,5660.0,5800.0,3417059.73779769,19859293709.151237
2022-08-25 09:00:00,5795.0,6005.0,5730.0,5860.0,2601625.1062923,15261049019.144512
2022-08-26 09:00:00,5855.0,6020.0,5355.0,5430.0,5000542.64571926,28739733400.598064
2022-08-27 09:00:00,5430.0,5500.0,5300.0,5425.0,1628645.93268489,8815663994.116867
2022-08-28 09:00:00,5425.0,5460.0,5180.0,5205.0,1583398.69232998,8466343247.970957
2022-08-29 09:00:00,5220.0,5545.0,5080.0,5510.0,1964446.47813601,10464738621.080853
2022-08-30 09:00:00,5510.0,5895.0,5470.0,5785.0,4262999.87138934,24237180141.064266
2022-08-31 09:00:00,5780.0,6270.0,5765.0,6000.0,5543498.660771,33227427266.990326
2022-09-01 09:00:00,6010.0,6080.0,5770.0,5965.0,2880357.17293201,17043307254.451742
2022-09-02 09:00:00,5965.0,6035.0,5710.0,5775.0,3043303.85359606,17861423783.818367
2022-09-03 09:00:00,5780.0,5825.0,5715.0,5765.0,974590.90035238,5621258600.56761
2022-09-04 09:00:00,5765.0,5845.0,5680.0,5835.0,1025807.49305221,5925661029.182101
2022-09-05 09:00:00,5835.0,5890.0,5705.0,5830.0,1298431.63736879,7528097779.225896
2022-09-06 09:00:00,5830.0,6270.0,5555.0,5695.0,6646610.91522453,39923418980.38201
2022-09-07 09:00:00,5705.0,6140.0,5675.0,6085.0,3873459.83875478,22668234800.054115
2022-09-08 09:00:00,6085.0,6555.0,6085.0,6520.0,6484635.63287486,40726176739.25694
2022-09-09 09:00:00,6515.0,6720.0,6415.0,6620.0,3301733.38683027,21641017963.149475
2022-09-10 09:00:00,6620.0,6785.0,6385.0,6610.0,3226736.04052202,21315486928.46486
2022-09-11 09:00:00,6610.0,6910.0,6415.0,6725.0,2704204.60692623,17967268607.141445
2022-09-12 09:00:00,6735.0,7250.0,6505.0,6985.0,7226661.62338396,50477463204.92633
2022-09-13 09:00:00,6985.0,6995.0,6260.0,6285.0,5579519.45206383,36689113295.856
2022-09-14 09:00:00,6285.0,6385.0,6120.0,6345.0,2638263.66403656,16562506711.615591
2022-09-15 09:00:00,6345.0,6375.0,5980.0,6000.0,2652103.24842979,16288222294.451384
2022-09-16 09:00:00,6000.0,6060.0,5845.0,5940.0,1853240.31123087,11005081469.645094
2022-09-17 09:00:00,5940.0,6155.0,5930.0,6140.0,1585160.08815749,9602668915.933697
2022-09-18 09:00:00,6135.0,6180.0,5405.0,5540.0,2379915.11281768,13959118673.01359
2022-09-19 09:00:00,5540.0,5765.0,5390.0,5720.0,2511467.07352504,14031857862.644144
2022-09-20 09:00:00,5720.0,5775.0,5390.0,5415.0,1640719.51793397,9135345320.83062
2022-09-21 09:00:00,5415.0,5690.0,5095.0,5235.0,2877273.16440763,15444880848.034636
2022-09-22 09:00:00,5230.0,5545.0,5215.0,5500.0,1833546.17352924,9928836450.519424
2022-09-23 09:00:00,5505.0,5635.0,5215.0,5490.0,2518522.57926573,13702351727.019821
2022-09-24 09:00:00,5495.0,5555.0,5330.0,5385.0,1271202.61556143,6936141793.857109
2022-09-25 09:00:00,5385.0,5420.0,5235.0,5275.0,830785.29967644,4440605035.720692
2022-09-26 09:00:00,5275.0,5360.0,5165.0,5305.0,1257545.59178695,6613037724.664111
2022-09-27 09:00:00,5310.0,5465.0,5200.0,5270.0,2069633.64472581,11106224412.47776
2022-09-28 09:00:00,5265.0,5300.0,5060.0,5185.0,1687298.91540916,8682016456.071743
2022-09-29 09:00:00,5185.0,5220.0,5080.0,5145.0,1150303.70270017,5918079666.705306
2022-09-30 09:00:00,5155.0,5215.0,5075.0,5115.0,1091158.72241061,5612017982.168702
2022-10-01 09:00:00,5115.0,5170.0,5100.0,5130.0,522540.45520234,2682501789.2873564
2022-10-02 09:00:00,5135.0,5245.0,5050.0,5065.0,1287290.02335188,6634536979.344067
2022-10-03 09:00:00,5060.0,5135.0,4975.0,5110.0,1357832.47151576,6858414645.888459
2022-10-04 09:00:00,5100.0,5215.0,5095.0,5160.0,1265893.20642997,6527515772.12399
2022-10-05 09:00:00,5170.0,5345.0,5070.0,5260.0,6286863.07593497,32763732798.553
2022-10-06 09:00:00,5260.0,5335.0,5110.0,5150.0,2684777.26376528,14026695535.236168
2022-10-07 09:00:00,5150.0,5165.0,5015.0,5055.0,1957497.69901507,9948907854.5776
2022-10-08 09:00:00,5060.0,5095.0,4965.0,5000.0,1420203.94177193,7162810580.117648
2022-10-09 09:00:00,4995.0,5035.0,4980.0,5005.0,780545.56799774,3906211828.755437
2022-10-10 09:00:00,5005.0,5045.0,4630.0,4630.0,2059755.50524319,10030228611.625963
2022-10-11 09:00:00,4635.0,4665.0,4435.0,4550.0,2179543.37382241,9957946762.363594
2022-10-12 09:00:00,4560.0,4620.0,4495.0,4525.0,1118483.42983102,5098944096.25813
2022-10-13 09:00:00,4525.0,4530.0,3985.0,4365.0,4739695.27043283,20111997634.61657
2022-10-14 09:00:00,4365.0,4565.0,4260.0,4335.0,2308147.34362443,10253238112.071863
2022-10-15 09:00:00,4335.0,4350.0,4215.0,4230.0,915629.74859467,3934573892.2171965
2022-10-16 09:00:00,4230.0,4370.0,4220.0,4315.0,1332610.91876021,5743028733.913086
2022-10-17 09:00:00,4315.0,4405.0,4250.0,4385.0,1291272.8953677,5591931805.664091
2022-10-18 09:00:00,4385.0,4420.0,4180.0,4270.0,1852356.43362201,7980234291.638533
2022-10-19 09:00:00,4270.0,4275.0,4045.0,4085.0,1527975.13897433,6360542324.915054
2022-10-20 09:00:00,4085.0,4235.0,4030.0,4140.0,1514995.36120977,6269130977.385682
2022-10-21 09:00:00,4145.0,4195.0,3960.0,4160.0,1632851.18779652,6638262699.20224
2022-10-22 09:00:00,4160.0,4235.0,4075.0,4200.0,790593.20796756,3284909856.616306
2022-10-23 09:00:00,4210.0,4290.0,4105.0,4265.0,1606914.00542957,6762462289.500613
2022-10-24 09:00:00,4270.0,4320.0,4150.0,4190.0,1459935.56009551,6171157041.489824
2022-10-25 09:00:00,4190.0,4375.0,4150.0,4260.0,2815180.1204257,11989896396.144108
2022-10-26 09:00:00,4265.0,4390.0,4240.0,4285.0,2543264.73722254,10961144077.17155
2022-10-27 09:00:00,4285.0,4430.0,4160.0,4175.0,2889347.79869465,12436287998.98986
2022-10-28 09:00:00,4175.0,4325.0,4090.0,4255.0,1986425.32947528,8301373898.303598
2022-10-29 09:00:00,4250.0,4420.0,4245.0,4320.0,4386671.80552848,18993107833.23791
2022-10-30 09:00:00,4320.0,4525.0,4295.0,4355.0,4973885.96385534,21880610834.29512
2022-10-31 09:00:00,4355.0,4505.0,4275.0,4360.0,3784314.11958611,16544222177.62807
2022-11-01 09:00:00,4360.0,4430.0,4220.0,4235.0,2851350.5365728,12372487437.967396
2022-11-02 09:00:00,4235.0,4260.0,4020.0,4125.0,3171712.59349457,13215471891.857601
2022-11-03 09:00:00,4125.0,4415.0,4105.0,4310.0,4368592.77067241,18788267959.637096
2022-11-04 09:00:00,4300.0,4620.0,4285.0,4600.0,6023704.35519499,27057154278.052475
2022-11-05 09:00:00,4600.0,4790.0,4550.0,4660.0,4298838.41524355,20040751834.122902
2022-11-06 09:00:00,4660.0,4700.0,4360.0,4370.0,2351682.23030977,10675531612.612783
2022-11-07 09:00:00,4370.0,4425.0,4195.0,4295.0,2379496.68972158,10298017058.325325
2022-11-08 09:00:00,4290.0,4310.0,3600.0,3785.0,6712857.06105885,26709441495.01194
2022-11-09 09:00:00,3785.0,3835.0,2815.0,2920.0,9137367.51058666,29880871733.615047
2022-11-10 09:00:00,2915.0,3305.0,2880.0,3265.0,7507616.82127491,23515980866.841724
2022-11-11 09:00:00,3270.0,3295.0,2845.0,2960.0,7039529.69186533,21384017294.29663
2022-11-12 09:00:00,2965.0,2975.0,2705.0,2785.0,4176714.66952585,11750112112.407413
2022-11-13 09:00:00,2780.0,2910.0,2595.0,2675.0,4658092.89785424,12792228139.206224
2022-11-14 09:00:00,2680.0,2765.0,2435.0,2685.0,4551040.32146384,11863139336.139715
2022-11-15 09:00:00,2685.0,2775.0,2635.0,2700.0,2676150.43304492,7269534840.140773
2022-11-16 09:00:00,2700.0,2755.0,2610.0,2655.0,2937347.40141712,7896766903.277516
2022-11-17 09:00:00,2655.0,2665.0,2505.0,2525.0,2880038.44511581,7369844815.758846
2022-11-18 09:00:00,2525.0,2565.0,2430.0,2475.0,4186365.1017527,10470518683.007818
2022-11-19 09:00:00,2475.0,2475.0,2365.0,2420.0,6199127.97608741,14954239274.784603
2022-11-20 09:00:00,2425.0,2445.0,2175.0,2205.0,9823419.17513743,22858610001.964577
2022-11-21 09:00:00,2200.0,2220.0,2040.0,2195.0,9267516.43839123,19790462358.21134
2022-11-22 09:00:00,2200.0,2290.0,2095.0,2265.0,6401530.99438231,14075401158.18232
2022-11-23 09:00:00,2265.0,2350.0,2215.0,2340.0,7082760.92925653,16078127700.365883
2022-11-24 09:00:00,2340.0,2390.0,2225.0,2250.0,6422942.71996965,14803172412.838978
2022-11-25 09:00:00,2250.0,2270.0,2180.0,2260.0,2460411.3791517,5463580160.229688
2022-11-26 09:00:00,2255.0,2330.0,2195.0,2225.0,3076955.76544501,6976914380.762662
2022-11-27 09:00:00,2220.0,2300.0,2205.0,2225.0,3239188.95946676,7260568587.166276
2022-11-28 09:00:00,2220.0,2240.0,2075.0,2195.0,4641201.40475179,9905143564.850988
2022-11-29 09:00:00,2190.0,2230.0,2150.0,2195.0,1858652.73918874,4076893375.857336
2022-11-30 09:00:00,2195.0,2360.0,2190.0,2335.0,9193701.37501233,21198516774.332962
2022-12-01 09:00:00,2335.0,2390.0,2285.0,2360.0,5236934.98948092,12232666640.03237
2022-12-02 09:00:00,2360.0,2430.0,2295.0,2355.0,6484620.380459,15346185806.862333
2022-12-03 09:00:00,2345.0,2350.0,2255.0,2260.0,2399727.36240054,5512680885.644276
2022-12-04 09:00:00,2260.0,2335.0,2255.0,2305.0,2187932.50754965,4985921561.306967
2022-12-05 09:00:00,2305.0,2375.0,2260.0,2300.0,3596669.70498811,8387077087.523258
2022-12-06 09:00:00,2300.0,2395.0,2295.0,2395.0,3027996.11499636,7089803069.562474
2022-12-07 09:00:00,2390.0,2450.0,2235.0,2260.0,4138083.06503967,9697945962.637188
2022-12-08 09:00:00,2265.0,2310.0,2195.0,2275.0,3316185.22688794,7462497689.98852
2022-12-09 09:00:00,2275.0,2310.0,2230.0,2260.0,1360030.93103403,3086960979.088064
2022-12-10 09:00:00,2260.0,2300.0,2250.0,2270.0,1240111.10623222,2818236137.7471275
2022-12-11 09:00:00,2270.0,2285.0,2150.0,2180.0,1416820.09302011,3155068247.120761
2022-12-12 09:00:00,2180.0,2185.0,2100.0,2165.0,1491455.42817629,3198530576.5515804
2022-12-13 09:00:00,2165.0,2365.0,2055.0,2225.0,6900053.21116151,15489045065.460846
2022-12-14 09:00:00,2225.0,2275.0,2160.0,2175.0,2806715.29971041,6263802097.4245405
2022-12-15 09:00:00,2160.0,2185.0,2100.0,2105.0,1249780.14985349,2673359596.7754145
2022-12-16 09:00:00,2105.0,2120.0,1805.0,1840.0,3028906.99130789,5944993238.5932045
2022-12-17 09:00:00,1840.0,1860.0,1775.0,1855.0,1868413.0660832,3414300858.2727146
2022-12-18 09:00:00,1855.0,1855.0,1785.0,1815.0,1012588.13337534,1837830565.0132265
2022-12-19 09:00:00,1815.0,1830.0,1625.0,1665.0,2091225.44626785,3627239017.2569766
2022-12-20 09:00:00,1660.0,1760.0,1650.0,1745.0,1403672.95543106,2419397182.048076
2022-12-21 09:00:00,1745.0,1765.0,1670.0,1710.0,1369373.11594994,2341538094.6597037
2022-12-22 09:00:00,1710.0,1725.0,1660.0,1720.0,1036220.68224109,1760361386.5896792
2022-12-23 09:00:00,1720.0,1775.0,1705.0,1745.0,1785395.22628364,3124841822.96145
2022-12-24 09:00:00,1755.0,1765.0,1730.0,1745.0,441232.52124122,769906232.8758167
2022-12-25 09:00:00,1745.0,1745.0,1685.0,1725.0,748735.50295905,1284728512.5621998
2022-12-26 09:00:00,1725.0,1755.0,1725.0,1750.0,962469.92586965,1672673915.211596
2022-12-27 09:00:00,1750.0,1765.0,1695.0,1735.0,840096.86001765,1452451147.608423
2022-12-28 09:00:00,1735.0,1740.0,1645.0,1670.0,1044141.64308251,1764111395.7012377
2022-12-29 09:00:00,1675.0,1700.0,1610.0,1650.0,1097123.79673645,1827646765.926679
2022-12-30 09:00:00,1650.0,1660.0,1570.0,1620.0,870001.34341738,1400657350.6240647
2022-12-31 09:00:00,1620.0,1635.0,1590.0,1605.0,687540.28451208,1107563203.6656158
2023-01-01 09:00:00,1605.0,1635.0,1575.0,1625.0,971151.76279784,1551981469.461415
2023-01-02 09:00:00,1620.0,1685.0,1600.0,1665.0,1224219.4286,2024720101.379278
2023-01-03 09:00:00,1670.0,1745.0,1665.0,1705.0,1941452.71459429,3309309553.536119
2023-01-04 09:00:00,1705.0,2080.0,1705.0,1985.0,25777924.27491652,50163994892.12281
2023-01-05 09:00:00,1985.0,2130.0,1930.0,1950.0,9782636.07900932,19684695392.92198
2023-01-06 09:00:00,1950.0,2050.0,1880.0,2020.0,4173684.05039309,8185473275.49293
2023-01-07 09:00:00,2025.0,2030.0,1970.0,1985.0,2105461.74856616,4199527324.1908116
2023-01-08 09:00:00,1985.0,2105.0,1925.0,2085.0,2808825.19025167,5650682060.660922
2023-01-09 09:00:00,2085.0,2170.0,2055.0,2075.0,7294577.94352876,15439048318.061722
2023-01-10 09:00:00,2075.0,2105.0,2000.0,2075.0,4531550.81162412,9318872264.81062
2023-01-11 09:00:00,2075.0,2300.0,1965.0,2275.0,11496647.15530436,24689664627.13086
2023-01-12 09:00:00,2280.0,2365.0,2155.0,2295.0,11157446.99668459,25362608031.292145
2023-01-13 09:00:00,2290.0,2495.0,2235.0,2435.0,7212162.21593889,16851661217.283869
2023-01-14 09:00:00,2435.0,2975.0,2420.0,2780.0,42284960.67142756,115042317155.52339
2023-01-15 09:00:00,2780.0,2815.0,2605.0,2770.0,9999618.10858506,26904676199.28453
2023-01-16 09:00:00,2775.0,3030.0,2575.0,2730.0,13702125.4702742,38459881144.20415
2023-01-17 09:00:00,2735.0,2825.0,2665.0,2675.0,7918961.58777456,21780236266.972454
2023-01-18 09:00:00,2680.0,2765.0,2440.0,2460.0,7449820.0765564,19473104972.19278
2023-01-19 09:00:00,2450.0,2690.0,2450.0,2605.0,4977683.55602921,12748624097.553066
2023-01-20 09:00:00,2610.0,2975.0,2560.0,2950.0,7349557.71295993,20167987382.80376
2023-01-21 09:00:00,2955.0,3075.0,2850.0,2890.0,9214000.93019868,27202061279.84567
2023-01-22 09:00:00,2895.0,3345.0,2890.0,3005.0,29803068.94850281,93297237480.48097
2023-01-23 09:00:00,3005.0,3430.0,2995.0,3175.0,45841570.94955185,149166388693.3836
2023-01-24 09:00:00,3175.0,3330.0,2895.0,2950.0,12963515.52202626,40967582194.49302
2023-01-25 09:00:00,2950.0,3270.0,2850.0,3170.0,10512220.04859309,31883440156.71153
2023-01-26 09:00:00,3170.0,3410.0,3115.0,3180.0,18691448.09217772,61183867126.18388
2023-01-27 09:00:00,3180.0,3240.0,2995.0,3210.0,10682231.29258182,33043751035.92142
2023-01-28 09:00:00,3210.0,3380.0,3080.0,3120.0,10019303.77536443,32341168506.45834
2023-01-29 09:00:00,3120.0,3265.0,3070.0,3210.0,11330743.34397359,36167115892.42603
2023-01-30 09:00:00,3215.0,3235.0,2820.0,2905.0,8048506.8049277,24310746104.930943
2023-01-31 09:00:00,2905.0,2990.0,2845.0,2925.0,4405818.36663559,12798043203.214767
2023-02-01 09:00:00,2925.0,3035.0,2725.0,3030.0,7243031.46683042,20809739580.26473
2023-02-02 09:00:00,3030.0,3215.0,3015.0,3080.0,9210088.0861671,28628652479.99324
2023-02-03 09:00:00,3080.0,3160.0,3010.0,3150.0,7384103.89709668,22771431855.991257
2023-02-04 09:00:00,3145.0,3240.0,3075.0,3155.0,5933413.90568981,18648337830.748707
2023-02-05 09:00:00,3155.0,3245.0,2930.0,3015.0,11793067.30076752,36732703934.101074
2023-02-06 09:00:00,3015.0,3070.0,2935.0,2960.0,6322438.25730787,19005985493.88628
2023-02-07 09:00:00,2970.0,3165.0,2940.0,3155.0,6202753.07267222,18722616813.655018
2023-02-08 09:00:00,3155.0,3620.0,3120.0,3360.0,33050684.1021765,112587595717.43411
2023-02-09 09:00:00,3360.0,3370.0,2905.0,2935.0,12526564.1972861,39636504036.176895
2023-02-10 09:00:00,2940.0,2990.0,2840.0,2925.0,6314076.42838345,18367929526.845562
2023-02-11 09:00:00,2925.0,2970.0,2875.0,2965.0,2615656.59229251,7629215325.066782
2023-02-12 09:00:00,2965.0,3070.0,2860.0,2900.0,7054963.16740358,21168753332.176464
2023-02-13 09:00:00,2895.0,2925.0,2725.0,2845.0,4972382.91230871,13970367183.24376
2023-02-14 09:00:00,2840.0,2920.0,2735.0,2915.0,5373915.02234852,15217736592.676023
2023-02-15 09:00:00,2915.0,3240.0,2860.0,3220.0,6121144.93948855,18395736831.461998
2023-02-16 09:00:00,3225.0,3285.0,2980.0,2995.0,7214775.28786834,22857430207.887157
2023-02-17 09:00:00,2990.0,3195.0,2980.0,3170.0,5302511.58497975,16494211200.074682
2023-02-18 09:00:00,3170.0,3480.0,3165.0,3330.0,13671019.19543279,45508970785.16616
2023-02-19 09:00:00,3330.0,3470.0,3265.0,3335.0,7332138.92798987,24591869795.818523
2023-02-20 09:00:00,3335.0,3550.0,3230.0,3470.0,7676519.0315208,26399796835.96828
2023-02-21 09:00:00,3470.0,3510.0,3250.0,3340.0,7154442.20962824,24150647062.72102
2023-02-22 09:00:00,3340.0,3345.0,3145.0,3285.0,4586011.15733827,14789248355.843662
2023-02-23 09:00:00,3290.0,3330.0,3165.0,3240.0,3769710.8822991,12304985375.161915
2023-02-24 09:00:00,3245.0,3255.0,3015.0,3085.0,5100913.56977041,16038892343.919098
2023-02-25 09:00:00,3090.0,3110.0,2940.0,3060.0,3654458.28630859,11141740726.509344
2023-02-26 09:00:00,3060.0,3165.0,3025.0,3155.0,2144340.92864178,6627899339.082895
2023-02-27 09:00:00,3155.0,3210.0,3055.0,3120.0,2799449.71466711,8738530521.751274
2023-02-28 09:00:00,3120.0,3140.0,2970.0,2985.0,2629542.6477575,7987306084.423728
2023-03-01 09:00:00,2990.0,3135.0,2940.0,3055.0,4003957.47762887,12236299999.951572
2023-03-02 09:00:00,3055.0,3070.0,2935.0,3000.0,2215455.42888247,6609089912.991086
2023-03-03 09:00:00,3005.0,3005.0,2740.0,2795.0,4123034.21771272,11587165120.596584
2023-03-04 09:00:00,2795.0,2830.0,2670.0,2740.0,1859289.22301583,5153291504.841727
2023-03-05 09:00:00,2740.0,2815.0,2700.0,2720.0,1632545.55278181,4512134925.541501
2023-03-06 09:00:00,2715.0,2765.0,2640.0,2730.0,1825445.93347156,4922184894.858656
2023-03-07 09:00:00,2725.0,2785.0,2595.0,2670.0,2470301.04765103,6599094973.4155
2023-03-08 09:00:00,2670.0,2680.0,2440.0,2465.0,2218213.78171062,5651964643.901647
2023-03-09 09:00:00,2465.0,2560.0,2350.0,2425.0,3220493.96322733,7938694291.751068
2023-03-10 09:00:00,2420.0,2455.0,2280.0,2440.0,2782147.53764602,6646398768.481502
2023-03-11 09:00:00,2440.0,2520.0,2310.0,2435.0,2751344.38965979,6653787035.787646
2023-03-12 09:00:00,2435.0,2620.0,2375.0,2575.0,2304420.36464811,5705585129.506708
2023-03-13 09:00:00,2585.0,2695.0,2500.0,2680.0,4377262.04396208,11448508296.912075
2023-03-14 09:00:00,2680.0,2885.0,2580.0,2785.0,5625392.15639851,15363291785.076036
2023-03-15 09:00:00,2780.0,2840.0,2520.0,2580.0,5248207.03956187,14106790301.498705
2023-03-16 09:00:00,2580.0,2645.0,2535.0,2620.0,2757542.47233075,7139244782.996587
2023-03-17 09:00:00,2620.0,2855.0,2595.0,2855.0,3413650.45251498,9307839475.88968
2023-03-18 09:00:00,2855.0,2930.0,2750.0,2765.0,3406623.83473387,9756772561.826828
2023-03-19 09:00:00,2765.0,3015.0,2760.0,2840.0,12900274.99511818,37078847117.00605
2023-03-20 09:00:00,2840.0,2910.0,2660.0,2680.0,7673834.9792385,21368962570.428967
2023-03-21 09:00:00,2680.0,2760.0,2560.0,2740.0,5410195.35376571,14479757706.789286
2023-03-22 09:00:00,2740.0,2760.0,2520.0,2605.0,3492441.8685698,9260654785.608095
2023-03-23 09:00:00,2605.0,2705.0,2545.0,2700.0,2311537.46008165,6058590616.501698
2023-03-24 09:00:00,2695.0,2710.0,2590.0,2630.0,2281953.70718009,6065429246.41558
2023-03-25 09:00:00,2625.0,2665.0,2545.0,2575.0,1142505.76247041,2973356044.6803164
2023-03-26 09:00:00,2575.0,2635.0,2555.0,2600.0,969120.02519076,2511994643.452475
2023-03-27 09:00:00,2600.0,2615.0,2420.0,2465.0,1863439.89681173,4679896271.634469
2023-03-28 09:00:00,2465.0,2505.0,2400.0,2490.0,1477847.93820559,3614847021.870709
2023-03-29 09:00:00,2495.0,2645.0,2485.0,2640.0,2476839.57519647,6372480633.005276
2023-03-30 09:00:00,2635.0,2685.0,2530.0,2555.0,2176212.331678,5638842269.685979
2023-03-31 09:00:00,2550.0,2650.0,2495.0,2625.0,2040363.26413731,5246492148.601495
2023-04-01 09:00:00,2630.0,2650.0,2585.0,2625.0,1561809.7567262,4094498424.9151835
2023-04-02 09:00:00,2625.0,2660.0,2510.0,2545.0,2214998.3230958,5755578247.296201
2023-04-03 09:00:00,2545.0,2650.0,2480.0,2575.0,2456087.72269357,6266233924.3477545
2023-04-04 09:00:00,2580.0,2650.0,2540.0,2640.0,1612066.89098286,4186802098.185952
2023-04-05 09:00:00,2640.0,2735.0,2610.0,2680.0,2534631.24074944,6795431012.700561
2023-04-06 09:00:00,2680.0,2680.0,2580.0,2635.0,2189217.02216202,5756599646.978603
2023-04-07 09:00:00,2630.0,2700.0,2585.0,2680.0,3177913.51680868,8410786489.821022
2023-04-08 09:00:00,2680.0,2680.0,2595.0,2615.0,1398029.60884496,3688665055.973047
2023-04-09 09:00:00,2610.0,2685.0,2565.0,2645.0,1585031.4420031,4150724009.8311486
2023-04-10 09:00:00,2650.0,2720.0,2595.0,2720.0,1571880.67755526,4178920296.7449903
2023-04-11 09:00:00,2720.0,2785.0,2685.0,2715.0,2614084.8507805,7150525548.426481
2023-04-12 09:00:00,2720.0,2980.0,2605.0,2950.0,14042495.73536414,39935917132.32122
2023-04-13 09:00:00,2950.0,2960.0,2850.0,2900.0,5590372.00721895,16210831726.229753
2023-04-14 09:00:00,2895.0,2980.0,2830.0,2905.0,4959529.08402314,14447863955.7115
2023-04-15 09:00:00,2900.0,3200.0,2850.0,3045.0,21081345.15661744,65003275698.5846
2023-04-16 09:00:00,3040.0,3075.0,2970.0,3035.0,5660888.64225807,17084509941.929426
2023-04-17 09:00:00,3035.0,3070.0,2940.0,3010.0,4575973.02286926,13694601411.100431
2023-04-18 09:00:00,3010.0,3145.0,2935.0,3055.0,4682144.35100607,14367257775.804398
2023-04-19 09:00:00,3055.0,3150.0,2795.0,2855.0,6346786.28060453,18928632994.987667
2023-04-20 09:00:00,2860.0,2910.0,2695.0,2735.0,4105449.34448617,11548358244.340654
2023-04-21 09:00:00,2730.0,2750.0,2520.0,2570.0,4054597.86056361,10745250393.896183
2023-04-22 09:00:00,2565.0,2615.0,2520.0,2605.0,2021998.52189105,5189263183.257531
2023-04-23 09:00:00,2605.0,2605.0,2505.0,2550.0,1469074.31454856,3770122180.193833
2023-04-24 09:00:00,2550.0,2590.0,2475.0,2520.0,2155248.0751494,5465339667.849012
2023-04-25 09:00:00,2515.0,2655.0,2465.0,2620.0,2017494.26084526,5135864141.66265
2023-04-26 09:00:00,2620.0,2690.0,2405.0,2530.0,2888047.86788239,7451303831.837398
2023-04-27 09:00:00,2530.0,2600.0,2515.0,2565.0,1451440.67138128,3711019713.937613
2023-04-28 09:00:00,2565.0,2590.0,2510.0,2555.0,1021727.59245517,2607987429.65009
2023-04-29 09:00:00,2560.0,2610.0,2550.0,2580.0,1092855.38845886,2821665793.62205
2023-04-30 09:00:00,2585.0,2645.0,2525.0,2585.0,1927041.40066797,5001077979.77636
2023-05-01 09:00:00,2585.0,2615.0,2435.0,2475.0,1898868.34638773,4777125994.210114
2023-05-02 09:00:00,2475.0,2490.0,2435.0,2460.0,1008270.86161576,2480155948.674582
2023-05-03 09:00:00,2460.0,2570.0,2390.0,2530.0,1956236.16857448,4802723301.432607
2023-05-04 09:00:00,2535.0,2535.0,2450.0,2460.0,1077388.30551439,2680302560.4976573
2023-05-05 09:00:00,2460.0,2510.0,2425.0,2470.0,1037266.80530234,2560368414.7517414
2023-05-06 09:00:00,2470.0,2495.0,2345.0,2365.0,2141682.48027161,5147303892.148531
2023-05-07 09:00:00,2370.0,2385.0,2320.0,2330.0,1030430.41375293,2429066194.323562
2023-05-08 09:00:00,2330.0,2345.0,2130.0,2220.0,2418601.91925334,5421492086.980812
2023-05-09 09:00:00,2210.0,2220.0,2165.0,2185.0,1683643.89087317,3694399098.43299
2023-05-10 09:00:00,2185.0,2260.0,2115.0,2225.0,2101245.70266148,4614447349.934466
2023-05-11 09:00:00,2230.0,2230.0,2120.0,2160.0,1776605.75377872,3843519134.1515226
2023-05-12 09:00:00,2150.0,2250.0,2075.0,2230.0,2243845.91719138,4833553902.266183
2023-05-13 09:00:00,2235.0,2270.0,2195.0,2255.0,632877.76618392,1410830263.5878446
2023-05-14 09:00:00,2255.0,2275.0,2225.0,2245.0,626366.73613131,1408559991.2847545
2023-05-15 09:00:00,2240.0,2295.0,2210.0,2235.0,1150006.31711884,2598895658.704471
2023-05-16 09:00:00,2230.0,2255.0,2200.0,2235.0,708173.47163902,1576875569.5950382
2023-05-17 09:00:00,2235.0,2305.0,2215.0,2275.0,1185795.71947568,2671906546.1691875
2023-05-18 09:00:00,2285.0,2285.0,2205.0,2245.0,818752.97472913,1845141591.0588117
2023-05-19 09:00:00,2240.0,2275.0,2225.0,2240.0,586242.36339756,1316384776.051753
2023-05-20 09:00:00,2240.0,2245.0,2220.0,2230.0,292133.83759998,651364446.1334434
2023-05-21 09:00:00,2235.0,2240.0,2170.0,2170.0,454285.91415767,999939245.1349213
2023-05-22 09:00:00,2175.0,2180.0,2120.0,2155.0,597996.6623466,1286639727.1269875
2023-05-23 09:00:00,2160.0,2235.0,2140.0,2195.0,635648.79423231,1395988951.158926
2023-05-24 09:00:00,2200.0,2205.0,2090.0,2115.0,716885.7590561,1532468372.2877722
2023-05-25 09:00:00,2115.0,2125.0,2065.0,2100.0,709249.66504202,1490152112.5156686
2023-05-26 09:00:00,2105.0,2145.0,2050.0,2115.0,566134.75030376,1185039002.9478774
2023-05-27 09:00:00,2110.0,2210.0,2110.0,2175.0,453580.07182638,975160820.4152963
2023-05-28 09:00:00,2175.0,2245.0,2170.0,2225.0,745170.1960899,1640477192.5352876
2023-05-29 09:00:00,2225.0,2235.0,2165.0,2170.0,815437.1986277,1790284951.7357554
2023-05-30 09:00:00,2170.0,2200.0,2140.0,2140.0,805806.6920263,1745697051.0002408
2023-05-31 09:00:00,2140.0,2155.0,2075.0,2095.0,875031.54228849,1841261039.5200374
2023-06-01 09:00:00,2090.0,2110.0,2055.0,2070.0,610768.09332669,1273054157.4431157
2023-06-02 09:00:00,2070.0,2160.0,2055.0,2130.0,1036863.06488747,2189468464.5152726
2023-06-03 09:00:00,2140.0,2170.0,2120.0,2140.0,397815.00703453,851888310.0395175
2023-06-04 09:00:00,2140.0,2175.0,2130.0,2140.0,428990.82995545,926180920.7846522
2023-06-05 09:00:00,2140.0,2195.0,1940.0,2000.0,2572875.92361919,5313700631.212662
2023-06-06 09:00:00,2000.0,2035.0,1915.0,2015.0,1413906.54377666,2798342383.824122
2023-06-07 09:00:00,2015.0,2015.0,1860.0,1880.0,1577884.3495311,3042621538.738587
2023-06-08 09:00:00,1875.0,1885.0,1835.0,1870.0,988378.88170219,1839401803.12198
2023-06-09 09:00:00,1870.0,1890.0,1810.0,1825.0,807789.22162946,1497546217.523047
2023-06-10 09:00:00,1825.0,1825.0,1500.0,1600.0,2727472.66252533,4509815497.191827
2023-06-11 09:00:00,1600.0,1635.0,1580.0,1600.0,822519.33792712,1312462654.0013907
2023-06-12 09:00:00,1600.0,1600.0,1550.0,1580.0,795868.51683416,1256078479.5074131
2023-06-13 09:00:00,1575.0,1625.0,1555.0,1570.0,1022431.62971509,1621983574.4399865
2023-06-14 09:00:00,1570.0,1625.0,1515.0,1540.0,1202265.26947315,1877668253.7613773
2023-06-15 09:00:00,1540.0,1595.0,1515.0,1565.0,796457.57270659,1232464167.7919683
2023-06-16 09:00:00,1560.0,1625.0,1545.0,1590.0,718510.19237525,1130783664.4445126
2023-06-17 09:00:00,1590.0,1675.0,1580.0,1650.0,785432.70727571,1289658315.2726233
2023-06-18 09:00:00,1655.0,1670.0,1605.0,1620.0,658288.82800334,1078674940.0828257
2023-06-19 09:00:00,1620.0,1630.0,1570.0,1620.0,819097.16874815,1314616532.3854814
2023-06-20 09:00:00,1625.0,1710.0,1605.0,1690.0,994938.73676238,1639632852.92864
2023-06-21 09:00:00,1690.0,1770.0,1685.0,1755.0,1699724.9138224,2937698216.3260016
2023-06-22 09:00:00,1755.0,1805.0,1725.0,1730.0,1795372.6644201,3178963226.258185
2023-06-23 09:00:00,1730.0,1860.0,1730.0,1840.0,1880858.66660993,3379630524.5728106
2023-06-24 09:00:00,1835.0,1965.0,1825.0,1880.0,7365416.83397756,13995532720.956268
2023-06-25 09:00:00,1885.0,2000.0,1845.0,1855.0,4188863.83708185,8005714691.66545
2023-06-26 09:00:00,1855.0,2170.0,1775.0,1965.0,53896679.62563692,111149476194.34904
2023-06-27 09:00:00,1965.0,2005.0,1915.0,1955.0,11250623.26187367,22127517828.45473
2023-06-28 09:00:00,1950.0,1960.0,1770.0,1810.0,2717161.86081606,5067416472.848725
2023-06-29 09:00:00,1810.0,1865.0,1785.0,1805.0,2160054.55020833,3925618934.6968956
2023-06-30 09:00:00,1800.0,1920.0,1700.0,1840.0,6085705.2505544,11115832337.580484
2023-07-01 09:00:00,1850.0,1985.0,1805.0,1975.0,4668249.70402239,8854150673.103605
2023-07-02 09:00:00,1980.0,1980.0,1895.0,1950.0,2299205.78702671,4453344715.169773
2023-07-03 09:00:00,1950.0,1970.0,1890.0,1930.0,2120015.96625393,4095610700.4653363
2023-07-04 09:00:00,1925.0,1925.0,1830.0,1850.0,2682854.93513182,5040908684.72898
2023-07-05 09:00:00,1850.0,1870.0,1765.0,1800.0,2712672.89792734,4925204916.666934
2023-07-06 09:00:00,1795.0,1835.0,1715.0,1745.0,3000217.15435129,5329113582.034342
2023-07-07 09:00:00,1750.0,1825.0,1735.0,1765.0,4451234.7758811,7950175902.558175
2023-07-08 09:00:00,1760.0,1860.0,1755.0,1835.0,3760495.9233767,6844110995.434656
2023-07-09 09:00:00,1835.0,1840.0,1745.0,1750.0,3382024.07997917,6037691634.282682
2023-07-10 09:00:00,1755.0,1790.0,1705.0,1750.0,2570821.58773267,4453810733.074281
2023-07-11 09:00:00,1750.0,1805.0,1720.0,1745.0,3592626.37928223,6315923747.717457
2023-07-12 09:00:00,1750.0,1790.0,1715.0,1740.0,2524679.94585751,4435930195.157454
2023-07-13 09:00:00,1740.0,1870.0,1705.0,1865.0,5032271.20592264,9063089766.514711
2023-07-14 09:00:00,1865.0,2045.0,1855.0,1935.0,14719633.86990512,28731716751.43097
2023-07-15 09:00:00,1935.0,1955.0,1865.0,1915.0,3227213.84179737,6168583404.170577
2023-07-16 09:00:00,1915.0,1940.0,1855.0,1865.0,2196227.51729933,4176790730.19213
2023-07-17 09:00:00,1860.0,1940.0,1835.0,1930.0,4030119.50276327,7627923596.282929
2023-07-18 09:00:00,1930.0,1950.0,1850.0,1885.0,2821530.59904552,5321648312.193934
2023-07-19 09:00:00,1885.0,1960.0,1870.0,1875.0,3202094.26323716,6135014081.950336
2023-07-20 09:00:00,1880.0,2070.0,1870.0,1985.0,18564706.94736974,37193179600.19884
2023-07-21 09:00:00,1985.0,1985.0,1915.0,1920.0,4077011.17656034,7942194160.09078
2023-07-22 09:00:00,1920.0,1935.0,1865.0,1885.0,2153803.35297828,4095227050.083805
2023-07-23 09:00:00,1880.0,1910.0,1860.0,1885.0,1955626.03756137,3680648819.739417
2023-07-24 09:00:00,1885.0,1890.0,1760.0,1790.0,2810758.38955334,5129602662.4652405
2023-07-25 09:00:00,1790.0,1795.0,1730.0,1750.0,1972471.45919456,3468229068.5066714
2023-07-26 09:00:00,1755.0,1780.0,1715.0,1765.0,2142914.9420172,3725563659.766361
2023-07-27 09:00:00,1760.0,1805.0,1745.0,1785.0,1071164.35120896,1902975255.615839
2023-07-28 09:00:00,1785.0,1815.0,1775.0,1800.0,1324578.23329395,2375586902.5741124
2023-07-29 09:00:00,1805.0,1830.0,1795.0,1820.0,1292674.28671795,2343923837.830684
2023-07-30 09:00:00,1820.0,1840.0,1770.0,1805.0,1867747.84872811,3388181561.430905
2023-07-31 09:00:00,1805.0,1830.0,1755.0,1780.0,975521.26425905,1756502286.1219096
2023-08-01 09:00:00,1780.0,1845.0,1735.0,1840.0,2151905.98388314,3870705323.423443
2023-08-02 09:00:00,1840.0,1860.0,1810.0,1835.0,1497198.40711391,2745976781.7359033
2023-08-03 09:00:00,1835.0,1870.0,1785.0,1790.0,1403539.94286336,2575877400.2160687
2023-08-04 09:00:00,1790.0,1805.0,1765.0,1770.0,971209.61795502,1734881356.7055604
2023-08-05 09:00:00,1770.0,1805.0,1755.0,1785.0,868604.06030883,1543967417.8453722
2023-08-06 09:00:00,1785.0,1815.0,1775.0,1775.0,800146.64994136,1434897366.4192338
2023-08-07 09:00:00,1775.0,1805.0,1735.0,1770.0,1006304.99861745,1786627224.9842765
2023-08-08 09:00:00,1770.0,1815.0,1765.0,1800.0,667653.26369421,1196059943.267268
2023-08-09 09:00:00,1805.0,1820.0,1775.0,1795.0,805612.95913313,1448332096.5529332
2023-08-10 09:00:00,1795.0,1795.0,1765.0,1780.0,793422.13000685,1409908862.3256354
2023-08-11 09:00:00,1780.0,1785.0,1765.0,1775.0,722958.42062811,1281770903.6995556
2023-08-12 09:00:00,1775.0,1810.0,1770.0,1795.0,1059030.37241307,1898228251.0571184
2023-08-13 09:00:00,1795.0,1810.0,1780.0,1785.0,554236.53668207,993557062.3800634
2023-08-14 09:00:00,1790.0,1810.0,1775.0,1785.0,640596.12229965,1149163593.255043
2023-08-15 09:00:00,1785.0,1795.0,1720.0,1735.0,1009310.76055853,1772290540.4387755
2023-08-16 09:00:00,1730.0,1740.0,1600.0,1640.0,2141611.88505797,3605239520.029268
2023-08-17 09:00:00,1640.0,1665.0,1500.0,1535.0,1987763.24871345,3143055912.352831
2023-08-18 09:00:00,1545.0,1585.0,1515.0,1570.0,1183342.7514733,1835920049.9119074
2023-08-19 09:00:00,1575.0,1640.0,1555.0,1605.0,550562.22662652,875844283.9060925
2023-08-20 09:00:00,1610.0,1620.0,1580.0,1605.0,278279.42045737,445401910.8065753
2023-08-21 09:00:00,1605.0,1615.0,1525.0,1555.0,549776.59688591,864017060.1314826
2023-08-22 09:00:00,1555.0,1610.0,1510.0,1600.0,1236558.30515635,1930352362.4299366
2023-08-23 09:00:00,1605.0,1670.0,1565.0,1645.0,1699029.04885711,2755426349.2412515
2023-08-24 09:00:00,1645.0,1650.0,1590.0,1620.0,583059.01922722,942863177.7221322
2023-08-25 09:00:00,1620.0,1665.0,1575.0,1620.0,1592938.88113794,2586932310.3676906
2023-08-26 09:00:00,1620.0,1640.0,1615.0,1620.0,483013.17726354,786260158.8218778
2023-08-27 09:00:00,1620.0,1675.0,1590.0,1600.0,924847.05556146,1509208601.434019
2023-08-28 09:00:00,1595.0,1625.0,1555.0,1610.0,782407.31705721,1243049936.5240557
2023-08-29 09:00:00,1615.0,1700.0,1570.0,1660.0,1304548.7250018,2153025360.3637943
2023-08-30 09:00:00,1660.0,1665.0,1615.0,1635.0,560281.97291834,918218188.6236893
2023-08-31 09:00:00,1640.0,1640.0,1555.0,1575.0,789804.06780839,1268441614.21104
2023-09-01 09:00:00,1575.0,1590.0,1540.0,1550.0,591951.67192307,926839216.8689693
2023-09-02 09:00:00,1550.0,1555.0,1510.0,1530.0,462715.94694133,710712355.1775012
2023-09-03 09:00:00,1525.0,1545.0,1515.0,1535.0,297894.44201608,455704456.1694619
2023-09-04 09:00:00,1535.0,1560.0,1510.0,1525.0,583784.66894097,895862473.5283172
2023-09-05 09:00:00,1530.0,1570.0,1510.0,1530.0,572589.54724182,877527193.0729057
2023-09-06 09:00:00,1530.0,1555.0,1515.0,1540.0,634677.76293389,973434004.925366
2023-09-07 09:00:00,1540.0,1565.0,1530.0,1565.0,597630.42039828,925586274.2586433
2023-09-08 09:00:00,1565.0,1580.0,1540.0,1565.0,709546.19976078,1107005343.0647209
2023-09-09 09:00:00,1565.0,1615.0,1560.0,1590.0,663661.00543641,1050979810.7211251
2023-09-10 09:00:00,1590.0,1595.0,1520.0,1565.0,946549.44469586,1477314082.3292966
2023-09-11 09:00:00,1565.0,1575.0,1480.0,1500.0,1198438.65405963,1822785139.8360837
2023-09-12 09:00:00,1505.0,1540.0,1450.0,1460.0,2316260.29431322,3444646599.6029887
2023-09-13 09:00:00,1460.0,1500.0,1450.0,1475.0,1098940.68752332,1614599748.0289376
2023-09-14 09:00:00,1475.0,1520.0,1470.0,1500.0,1584508.68458633,2363302595.0913963
2023-09-15 09:00:00,1500.0,1525.0,1480.0,1520.0,1300248.79289076,1954585027.3181913
2023-09-16 09:00:00,1525.0,1540.0,1515.0,1530.0,1237048.5147373,1888789476.3187842
2023-09-17 09:00:00,1530.0,1530.0,1460.0,1475.0,1104717.18297058,1650544151.7913873
2023-09-18 09:00:00,1475.0,1515.0,1460.0,1475.0,1406114.36834009,2094763684.078525
2023-09-19 09:00:00,1480.0,1515.0,1465.0,1500.0,892870.27438685,1333137004.4709687
2023-09-20 09:00:00,1500.0,1515.0,1480.0,1510.0,1048158.96990324,1571231722.5582879
2023-09-21 09:00:00,1515.0,1660.0,1485.0,1530.0,6456081.41566653,10004423462.11432
2023-09-22 09:00:00,1530.0,1535.0,1495.0,1525.0,1788879.01157223,2705547753.807746
2023-09-23 09:00:00,1525.0,1525.0,1500.0,1515.0,1056381.18513416,1595227653.2587628
2023-09-24 09:00:00,1515.0,1515.0,1480.0,1485.0,1505977.2489468,2257141668.330813
2023-09-25 09:00:00,1485.0,1505.0,1470.0,1485.0,898457.58096724,1339206933.0571065
2023-09-26 09:00:00,1485.0,1500.0,1460.0,1470.0,1030740.98971531,1526192741.4946976
2023-09-27 09:00:00,1470.0,1495.0,1455.0,1470.0,1626217.00679535,2390883187.4104366
2023-09-28 09:00:00,1470.0,1505.0,1465.0,1505.0,1008071.97678046,1493810896.2032819
2023-09-29 09:00:00,1505.0,1530.0,1490.0,1520.0,1066404.99729902,1605106392.5156872
2023-09-30 09:00:00,1520.0,1560.0,1515.0,1540.0,1058062.25638437,1624151089.6241972
2023-10-01 09:00:00,1540.0,1575.0,1525.0,1570.0,1019751.97664009,1586538887.1244957
2023-10-02 09:00:00,1570.0,1585.0,1510.0,1510.0,1720938.9806138,2678917264.0966063
2023-10-03 09:00:00,1510.0,1540.0,1485.0,1490.0,2243466.00118377,3403908495.0926194
2023-10-04 09:00:00,1495.0,1500.0,1445.0,1485.0,1681107.22352421,2476844892.4411454
2023-10-05 09:00:00,1485.0,1505.0,1455.0,1460.0,1175682.20531589,1738536323.9063864
2023-10-06 09:00:00,1460.0,1495.0,1460.0,1480.0,1222779.11853741,1808165946.7487144
2023-10-07 09:00:00,1485.0,1510.0,1470.0,1480.0,1351829.4294533,2011011677.459104
2023-10-08 09:00:00,1485.0,1495.0,1465.0,1485.0,928696.95736546,1373302112.5558574
2023-10-09 09:00:00,1485.0,1490.0,1400.0,1415.0,2504695.17410094,3594717110.539743
2023-10-10 09:00:00,1415.0,1450.0,1405.0,1420.0,952951.8110451,1356050387.3048046
2023-10-11 09:00:00,1420.0,1425.0,1375.0,1400.0,1403139.40433892,1958594152.1558695
2023-10-12 09:00:00,1400.0,1405.0,1370.0,1395.0,1136933.17763931,1570387105.7011626
2023-10-13 09:00:00,1395.0,1400.0,1375.0,1390.0,2850645.42734305,3949442417.862526
2023-10-14 09:00:00,1390.0,1400.0,1380.0,1390.0,2158652.43099603,2998149943.3696327
2023-10-15 09:00:00,1390.0,1415.0,1375.0,1400.0,2239919.59332595,3116876608.175308
2023-10-16 09:00:00,1405.0,1445.0,1390.0,1405.0,2656646.61768607,3753517127.5078125
2023-10-17 09:00:00,1410.0,1415.0,1365.0,1375.0,2381805.27557505,3320027446.4027815
2023-10-18 09:00:00,1375.0,1385.0,1350.0,1365.0,1966178.74680149,2690073773.0159564
2023-10-19 09:00:00,1370.0,1375.0,1320.0,1340.0,2026543.26699071,2720017162.860509
2023-10-20 09:00:00,1345.0,1380.0,1330.0,1365.0,2161371.00545979,2937840409.5249314
2023-10-21 09:00:00,1365.0,1415.0,1350.0,1410.0,2143515.93577247,2973758910.4943275
2023-10-22 09:00:00,1405.0,1425.0,1375.0,1415.0,2249667.24325824,3146647319.8310614
2023-10-23 09:00:00,1420.0,1475.0,1410.0,1470.0,4374899.65567172,6292373768.550041
2023-10-24 09:00:00,1470.0,1555.0,1445.0,1530.0,6044573.06307299,9081258653.113983
2023-10-25 09:00:00,1530.0,1565.0,1495.0,1540.0,2266828.65962542,3476936588.3885155
2023-10-26 09:00:00,1540.0,1640.0,1515.0,1610.0,5407148.61191544,8589864884.298435
2023-10-27 09:00:00,1610.0,1700.0,1555.0,1655.0,2607960.24458401,4260162756.16236
2023-10-28 09:00:00,1660.0,1720.0,1645.0,1660.0,1756610.3491581,2935207447.0103455
2023-10-29 09:00:00,1660.0,1730.0,1630.0,1730.0,2052770.13402621,3432913109.619897
2023-10-30 09:00:00,1730.0,1795.0,1695.0,1790.0,2032941.37929969,3525072601.171214
2023-10-31 09:00:00,1790.0,1815.0,1690.0,1815.0,2198098.58508401,3884383010.0461116
2023-11-01 09:00:00,1815.0,2155.0,1795.0,2070.0,23395340.06449552,46760246839.474434
2023-11-02 09:00:00,2075.0,2130.0,1960.0,2070.0,7884008.43754537,15949804989.98719
2023-11-03 09:00:00,2075.0,2125.0,1960.0,1980.0,4916503.89251616,9998649039.715212
2023-11-04 09:00:00,1985.0,2055.0,1970.0,2030.0,2684916.0089885,5391249331.3006735
2023-11-05 09:00:00,2035.0,2295.0,2005.0,2200.0,11919545.98419181,25947282840.075214
2023-11-06 09:00:00,2200.0,2360.0,2080.0,2120.0,7378452.84978578,16092394267.656466
2023-11-07 09:00:00,2120.0,2120.0,1905.0,1935.0,6417329.29414447,12810105368.129292
2023-11-08 09:00:00,1940.0,1985.0,1885.0,1960.0,5124520.10822435,9905164822.377747
2023-11-09 09:00:00,1960.0,2075.0,1810.0,1940.0,8564056.55369735,16817816340.259655
2023-11-10 09:00:00,1945.0,2120.0,1885.0,2080.0,8984240.73075814,17772386643.873512
2023-11-11 09:00:00,2090.0,2185.0,1975.0,2135.0,6055636.26048465,12566501538.717846
2023-11-12 09:00:00,2135.0,2420.0,2035.0,2270.0,12260966.16750304,27844585022.154156
2023-11-13 09:00:00,2265.0,2350.0,2135.0,2140.0,4737242.82613232,10681768330.138834
2023-11-14 09:00:00,2145.0,2185.0,2000.0,2070.0,4368970.46082958,9220501882.840702
2023-11-15 09:00:00,2075.0,2325.0,2065.0,2270.0,10710467.47300721,23432407395.49045
2023-11-16 09:00:00,2270.0,2490.0,2245.0,2330.0,12556087.20941783,29811067290.29787
2023-11-17 09:00:00,2325.0,2760.0,2315.0,2525.0,24407423.02885314,61887602311.10726
2023-11-18 09:00:00,2525.0,2570.0,2265.0,2385.0,7068447.77512806,16889096317.015526
2023-11-19 09:00:00,2380.0,2735.0,2300.0,2645.0,8150314.95194334,20486843924.562782
2023-11-20 09:00:00,2645.0,2950.0,2630.0,2675.0,22211343.46816745,61980518261.56441
2023-11-21 09:00:00,2680.0,2765.0,2345.0,2370.0,11266110.4314381,29018697814.196167
2023-11-22 09:00:00,2370.0,2505.0,2365.0,2445.0,6590991.05677793,16142272115.447216
2023-11-23 09:00:00,2445.0,2480.0,2365.0,2420.0,4789387.60619027,11603678698.659876
2023-11-24 09:00:00,2415.0,2560.0,2375.0,2455.0,4311816.12756832,10543630622.680023
2023-11-25 09:00:00,2455.0,2565.0,2430.0,2525.0,2866392.17753297,7144549205.004694
2023-11-26 09:00:00,2525.0,2565.0,2415.0,2455.0,2688085.94949147,6708863602.150989
2023-11-27 09:00:00,2450.0,2460.0,2330.0,2405.0,2610560.13604967,6228159654.343152
2023-11-28 09:00:00,2405.0,2435.0,2330.0,2435.0,1630863.09610965,3895413971.5343046
2023-11-29 09:00:00,2430.0,2530.0,2400.0,2410.0,2743041.02968247,6762728236.448757
2023-11-30 09:00:00,2415.0,2560.0,2390.0,2525.0,5980541.8113798,14856808971.956066
2023-12-01 09:00:00,2525.0,2550.0,2475.0,2530.0,1925132.52095489,4827739005.102389
2023-12-02 09:00:00,2530.0,2700.0,2525.0,2680.0,3806935.4696895,10016893785.216377
2023-12-03 09:00:00,2680.0,2705.0,2615.0,2650.0,1765161.556576,4681548763.632044
2023-12-04 09:00:00,2650.0,3005.0,2650.0,2910.0,17674310.05718686,51025106271.06115
2023-12-05 09:00:00,2910.0,3150.0,2875.0,3080.0,11398716.34969271,34664223025.56355
2023-12-06 09:00:00,3080.0,3290.0,3055.0,3155.0,7438103.22098884,23651461782.493996
2023-12-07 09:00:00,3155.0,3270.0,3035.0,3105.0,3769528.3714632,11814629158.719263
2023-12-08 09:00:00,3110.0,3260.0,2975.0,3235.0,3834364.13327027,11847864130.233315
2023-12-09 09:00:00,3245.0,3580.0,3235.0,3325.0,8499185.84972888,29068178705.867805
2023-12-10 09:00:00,3325.0,3560.0,3260.0,3435.0,6587390.29276091,22463960053.740124
2023-12-11 09:00:00,3445.0,3490.0,3015.0,3100.0,6946983.75653364,22477335017.775448
2023-12-12 09:00:00,3095.0,3420.0,3085.0,3195.0,8182338.99499532,26359434485.785812
2023-12-13 09:00:00,3195.0,3235.0,2945.0,3210.0,4827987.5375492,14809693016.212656
2023-12-14 09:00:00,3215.0,3255.0,3040.0,3175.0,3356723.92750958,10535491230.841919
2023-12-15 09:00:00,3175.0,3205.0,3030.0,3035.0,3075614.86962213,9512558175.80704
2023-12-16 09:00:00,3040.0,3350.0,2985.0,3275.0,4598383.17427742,14685151364.205307
2023-12-17 09:00:00,3275.0,3405.0,3105.0,3110.0,4822892.73748938,15749887179.450983
2023-12-18 09:00:00,3110.0,3155.0,2810.0,3125.0,4419842.27179125,13177593933.47056
2023-12-19 09:00:00,3125.0,3400.0,3075.0,3325.0,4338615.6881236,14108129254.923271
2023-12-20 09:00:00,3325.0,4130.0,3315.0,3875.0,23359000.1983992,88415166483.08144
2023-12-21 09:00:00,3865.0,4920.0,3780.0,4800.0,36449089.35765789,164597013506.19202
2023-12-22 09:00:00,4805.0,5180.0,4430.0,4550.0,23941704.24766214,114819674228.1049
2023-12-23 09:00:00,4550.0,5380.0,4355.0,5290.0,16891338.64778181,80734781631.66913
2023-12-24 09:00:00,5280.0,5560.0,4895.0,5115.0,15400735.1515321,80768149399.41203
2023-12-25 09:00:00,5115.0,5810.0,5010.0,5655.0,15494378.29219534,82931650272.46414
2023-12-26 09:00:00,5655.0,6215.0,5310.0,5775.0,23201853.93794754,136405879720.0596
2023-12-27 09:00:00,5765.0,5925.0,5330.0,5445.0,8015908.73657369,44901934992.885796
2023-12-28 09:00:00,5445.0,5770.0,5000.0,5035.0,8011078.86376851,43075441968.45163
2023-12-29 09:00:00,5035.0,5310.0,4760.0,4865.0,7169904.17234482,36074895602.45469
2023-12-30 09:00:00,4865.0,5080.0,4770.0,4935.0,4805172.86045402,23646134773.753334
2023-12-31 09:00:00,4935.0,5160.0,4810.0,4925.0,4089503.39004559,20356739864.541767
2024-01-01 09:00:00,4935.0,5115.0,4810.0,5055.0,3453789.11154791,17115813566.196053
2024-01-02 09:00:00,5055.0,5790.0,4990.0,5260.0,17330586.82928149,94645358171.64743
2024-01-03 09:00:00,5260.0,5460.0,3860.0,5155.0,14512307.95976261,72378112077.61322
2024-01-04 09:00:00,5165.0,5420.0,4780.0,5265.0,6884067.41631896,34956384210.76287
2024-01-05 09:00:00,5265.0,5335.0,4695.0,4790.0,4738871.03174253,23423659473.07891
2024-01-06 09:00:00,4790.0,5005.0,4280.0,4690.0,7331036.59132102,33856155156.371387
2024-01-07 09:00:00,4695.0,4785.0,4230.0,4325.0,4005092.44211197,18211657857.2399
2024-01-08 09:00:00,4325.0,4660.0,3910.0,4590.0,7740195.58130296,33289176409.076218
2024-01-09 09:00:00,4590.0,4800.0,4075.0,4335.0,9777426.95102823,43983035771.496574
2024-01-10 09:00:00,4335.0,5025.0,4150.0,4900.0,5665552.32829218,25463621651.418655
2024-01-11 09:00:00,4900.0,5225.0,4775.0,4945.0,5283152.62308326,26363713969.99563
2024-01-12 09:00:00,4950.0,5035.0,4610.0,4795.0,4212694.63516544,20527044309.719975
2024-01-13 09:00:00,4795.0,4855.0,4500.0,4695.0,2151184.37892587,10092101949.885555
2024-01-14 09:00:00,4695.0,4840.0,4525.0,4545.0,2527190.045701,11869090051.26133
2024-01-15 09:00:00,4545.0,4695.0,4455.0,4550.0,2048171.39070619,9387899210.825857
2024-01-16 09:00:00,4550.0,4605.0,4375.0,4445.0,2654284.45374069,11923896607.72871
2024-01-17 09:00:00,4455.0,4625.0,4340.0,4560.0,3124623.31684484,14060701007.20241
2024-01-18 09:00:00,4555.0,4630.0,4180.0,4270.0,2420895.24423404,10692540161.62839
2024-01-19 09:00:00,4270.0,4295.0,3885.0,4165.0,2442588.44126801,9991990301.095762
2024-01-20 09:00:00,4165.0,4165.0,3975.0,4090.0,915596.93606235,3717319807.1446614
2024-01-21 09:00:00,4090.0,4200.0,4030.0,4035.0,1169561.46803075,4824117149.157931
2024-01-22 09:00:00,4035.0,4075.0,3610.0,3670.0,3044318.90433787,11613444365.985289
2024-01-23 09:00:00,3665.0,3770.0,3395.0,3685.0,3004047.56004535,10755549313.324766
2024-01-24 09:00:00,3690.0,3715.0,3510.0,3690.0,3171237.20391873,11373873462.781736
2024-01-25 09:00:00,3695.0,3790.0,3605.0,3715.0,2799182.98896731,10350564686.113506
2024-01-26 09:00:00,3715.0,4165.0,3645.0,4020.0,8183091.90526954,32744503122.932705
2024-01-27 09:00:00,4025.0,4105.0,3900.0,4020.0,2772761.9613464,11095896802.87093
2024-01-28 09:00:00,4015.0,4240.0,3925.0,3965.0,5311090.79156002,21786030414.055035
2024-01-29 09:00:00,3963.0,4172.0,3925.0,4108.0,2270430.47040337,9148740935.312584
2024-01-30 09:00:00,4110.0,4415.0,4040.0,4136.0,5539085.35630023,23362331327.624043
2024-01-31 09:00:00,4138.0,4165.0,3850.0,3903.0,4106537.61726352,16376888856.130371
2024-02-01 09:00:00,3903.0,3946.0,3770.0,3923.0,1906328.83105577,7348969858.827498
2024-02-02 09:00:00,3922.0,4041.0,3890.0,3981.0,2098003.90917656,8308999495.923906
2024-02-03 09:00:00,3982.0,4055.0,3860.0,3879.0,1582546.50920487,6255579846.751745
2024-02-04 09:00:00,3879.0,3883.0,3800.0,3803.0,908580.4327385,3489397818.630494
2024-02-05 09:00:00,3805.0,3865.0,3726.0,3792.0,1418321.30067094,5396943737.988845
2024-02-06 09:00:00,3798.0,3816.0,3694.0,3750.0,1099306.72273486,4128813536.437465
2024-02-07 09:00:00,3749.0,3934.0,3686.0,3901.0,1370934.62311968,5225930437.722484
2024-02-08 09:00:00,3906.0,4085.0,3906.0,4003.0,3824853.05975652,15339920703.661903
2024-02-09 09:00:00,4004.0,4150.0,3994.0,4044.0,2607914.0713015,10581776523.103912
2024-02-10 09:00:00,4044.0,4278.0,3995.0,4115.0,3747434.07943676,15514251833.023315
2024-02-11 09:00:00,4115.0,4344.0,4103.0,4230.0,3712475.29186528,15719757835.030624
2024-02-12 09:00:00,4232.0,4560.0,4165.0,4539.0,6891011.10823005,30062028499.72923
2024-02-13 09:00:00,4539.0,4623.0,4305.0,4360.0,4567136.14489274,20340314302.99385
2024-02-14 09:00:00,4360.0,4652.0,4291.0,4524.0,4478712.74577238,20198345154.51688
2024-02-15 09:00:00,4524.0,4670.0,4466.0,4670.0,5777961.76178824,26403800024.52709
2024-02-16 09:00:00,4667.0,4756.0,4409.0,4542.0,5027647.59255596,23060621125.567764
2024-02-17 09:00:00,4543.0,4635.0,4333.0,4613.0,3099125.00476909,13922494793.83234
2024-02-18 09:00:00,4613.0,4927.0,4510.0,4852.0,5257984.72194327,24828350843.574753
2024-02-19 09:00:00,4858.0,4994.0,4792.0,4890.0,4829463.46783665,23681652226.87427
2024-02-20 09:00:00,4898.0,4927.0,4540.0,4695.0,5017329.40773406,23744042144.954136
2024-02-21 09:00:00,4694.0,4694.0,4351.0,4525.0,3535423.29827287,15948796664.276648
2024-02-22 09:00:00,4524.0,4660.0,4361.0,4541.0,3036588.22570654,13707846736.67517
2024-02-23 09:00:00,4533.0,4778.0,4425.0,4695.0,3998823.31827243,18338138986.75072
2024-02-24 09:00:00,4694.0,5410.0,4592.0,5332.0,8861217.62369248,44331216118.24919
2024-02-25 09:00:00,5332.0,5350.0,5035.0,5110.0,4220651.62065042,21813665614.896034
2024-02-26 09:00:00,5106.0,5765.0,5036.0,5617.0,13835126.38022751,75011977616.38458
2024-02-27 09:00:00,5617.0,5698.0,5351.0,5437.0,6043275.25307667,33369104434.127094
2024-02-28 09:00:00,5444.0,5649.0,5107.0,5478.0,9621543.69101244,52397229088.29456
2024-02-29 09:00:00,5469.0,5698.0,5321.0,5450.0,8632069.15269535,47723696990.8878
2024-03-01 09:00:00,5460.0,5837.0,5449.0,5563.0,6636411.11717335,37280139782.345215
2024-03-02 09:00:00,5563.0,6450.0,5475.0,6287.0,11200083.57103056,65248942683.58551
2024-03-03 09:00:00,6287.0,6300.0,5415.0,6190.0,10969069.74803309,65159140449.67068
2024-03-04 09:00:00,6190.0,7081.0,5930.0,6089.0,18304227.31205948,117055376837.04816
2024-03-05 09:00:00,6089.0,6370.0,5432.0,6089.0,14019919.0140357,84430118657.61438
2024-03-06 09:00:00,6086.0,8673.0,5630.0,8329.0,41736460.15494328,304689520980.7743
2024-03-07 09:00:00,8340.0,9800.0,7672.0,7763.0,48035657.40805954,395432688286.8652
2024-03-08 09:00:00,7768.0,8174.0,7390.0,8108.0,19667648.89535184,151888902846.5059
2024-03-09 09:00:00,8109.0,9167.0,7888.0,8708.0,24137940.14027211,207942425596.22775
2024-03-10 09:00:00,8714.0,8900.0,8181.0,8429.0,9100028.33702208,77204187509.27318
2024-03-11 09:00:00,8431.0,10390.0,7880.0,9280.0,44272973.6748556,423483888512.33984
2024-03-12 09:00:00,9280.0,11270.0,9210.0,11260.0,28544831.86479865,288459034926.83624
2024-03-13 09:00:00,11270.0,12040.0,10750.0,11070.0,15802238.35427864,180347619770.56848
2024-03-14 09:00:00,11070.0,12810.0,10560.0,12730.0,18351552.52759772,211286243525.52286
2024-03-15 09:00:00,12730.0,13050.0,10310.0,10920.0,35414324.45272606,398262926730.89545
2024-03-16 09:00:00,10920.0,11540.0,9543.0,9958.0,26038150.87152007,278879949773.50476
2024-03-17 09:00:00,9958.0,12300.0,9535.0,12070.0,34501149.2426295,379476474544.72943
2024-03-18 09:00:00,12070.0,12620.0,10160.0,10320.0,37161732.54580198,423294604554.96545
2024-03-19 09:00:00,10310.0,10440.0,9269.0,9492.0,35910276.41254989,355608602638.2387
2024-03-20 09:00:00,9494.0,10300.0,8891.0,10200.0,23409815.93683829,223725828610.12384
2024-03-21 09:00:00,10200.0,10200.0,9400.0,9410.0,9838626.33443644,95919195722.85168
2024-03-22 09:00:00,9410.0,9945.0,9020.0,9554.0,11633914.17426835,110647776013.35591
2024-03-23 09:00:00,9553.0,9870.0,9308.0,9645.0,5855501.19904961,56577186981.9116
2024-03-24 09:00:00,9645.0,10090.0,9365.0,10070.0,5198786.64223406,50232454237.61708
2024-03-25 09:00:00,10070.0,10950.0,10010.0,10580.0,12007203.33745151,126119756521.49593
2024-03-26 09:00:00,10580.0,11480.0,10510.0,10950.0,11434844.97296078,126704688228.10672
2024-03-27 09:00:00,10950.0,11200.0,10260.0,10450.0,8780568.83650814,94635632706.05736
2024-03-28 09:00:00,10450.0,10620.0,10210.0,10260.0,5274029.49500466,54926946983.47246
2024-03-29 09:00:00,10270.0,10300.0,9838.0,9963.0,4051031.28176651,40660071401.49592
2024-03-30 09:00:00,9963.0,10460.0,9883.0,9975.0,3509382.46913319,35725737345.049545
2024-03-31 09:00:00,9975.0,10490.0,9907.0,10330.0,3091610.33246581,31640515230.85836
2024-04-01 09:00:00,10330.0,10450.0,9513.0,9710.0,5905799.9956901,58133913416.05164
2024-04-02 09:00:00,9700.0,9709.0,8981.0,9128.0,5183268.49190337,47873576153.9003
2024-04-03 09:00:00,9128.0,10030.0,8790.0,9644.0,11336488.8907823,109778184321.89511
2024-04-04 09:00:00,9644.0,10200.0,9306.0,9795.0,8189034.13758643,80411543868.15785
2024-04-05 09:00:00,9792.0,10850.0,9471.0,10480.0,11209598.4720924,113731517906.00256
2024-04-06 09:00:00,10470.0,10600.0,9981.0,10110.0,3708871.59879716,37874387442.11493
2024-04-07 09:00:00,10110.0,10230.0,9817.0,9916.0,3102772.65346355,31099651108.473583
2024-04-08 09:00:00,9916.0,10760.0,9798.0,10490.0,7623560.31100332,79184685029.26924
2024-04-09 09:00:00,10490.0,10960.0,10230.0,10400.0,8417970.30735617,89214682796.36792
2024-04-10 09:00:00,10400.0,10560.0,9653.0,9975.0,5928031.89186089,59194764846.7373
2024-04-11 09:00:00,9975.0,10430.0,9710.0,9768.0,5067481.21307279,50860753944.03084
2024-04-12 09:00:00,9768.0,9864.0,8210.0,8638.0,7031502.94816287,64119242000.86813
2024-04-13 09:00:00,8637.0,8685.0,6617.0,7910.0,10903110.95525291,86070808618.5124
2024-04-14 09:00:00,7910.0,8655.0,7520.0,8615.0,8500324.98854762,68828185933.8166
2024-04-15 09:00:00,8622.0,8760.0,7638.0,7966.0,10077660.09220431,83180025228.31891
2024-04-16 09:00:00,7966.0,8319.0,7417.0,8227.0,8897106.16722383,69546463390.5196
2024-04-17 09:00:00,8228.0,8439.0,7812.0,8072.0,6892110.12526972,55700188577.25956
2024-04-18 09:00:00,8072.0,8660.0,7770.0,8396.0,8065680.11718707,66772225905.45952
2024-04-19 09:00:00,8396.0,8551.0,7750.0,8179.0,6970149.18125665,57063792809.889824
2024-04-20 09:00:00,8179.0,9132.0,8100.0,9070.0,5389173.48366445,45963548903.54412
2024-04-21 09:00:00,9070.0,9483.0,8876.0,9423.0,4690206.0956411,43073889680.5225
2024-04-22 09:00:00,9423.0,10500.0,9280.0,10200.0,8482615.48986833,84458516079.27159
2024-04-23 09:00:00,10220.0,10540.0,9889.0,9977.0,5905238.50278626,60399981818.417984
2024-04-24 09:00:00,9977.0,10600.0,9760.0,9971.0,7160721.60047344,72229521874.67729
2024-04-25 09:00:00,9971.0,10430.0,9535.0,10260.0,8722252.24915549,86818990775.03271
2024-04-26 09:00:00,10260.0,10800.0,9947.0,9980.0,8585163.02807447,89298981020.19832
2024-04-27 09:00:00,9980.0,10970.0,9741.0,10300.0,9700510.76339962,99462347159.6696
2024-04-28 09:00:00,10300.0,10710.0,10070.0,10110.0,5924666.06075937,61788650068.29401
2024-04-29 09:00:00,10110.0,10190.0,9559.0,9843.0,5578795.35406291,54860983614.6553
2024-04-30 09:00:00,9843.0,9898.0,8470.0,8893.0,8744582.71993049,80285939662.45811
2024-05-01 09:00:00,8896.0,9180.0,8098.0,8784.0,9857678.81574853,84835376402.06453
2024-05-02 09:00:00,8784.0,8854.0,8300.0,8548.0,5225150.36183485,44704438549.88513
2024-05-03 09:00:00,8557.0,9815.0,8493.0,9746.0,9698165.37818376,89180977326.7637
2024-05-04 09:00:00,9749.0,9882.0,9536.0,9710.0,5259097.69061594,51104452286.216415
2024-05-05 09:00:00,9710.0,10590.0,9395.0,10530.0,6916123.15848298,69600088923.33965
2024-05-06 09:00:00,10530.0,10620.0,10040.0,10260.0,8286584.47105604,85985710912.51956
2024-05-07 09:00:00,10260.0,11080.0,10000.0,10020.0,13337531.01887871,140395528305.997
2024-05-08 09:00:00,10010.0,10270.0,9518.0,9567.0,8292283.288432,82504673908.26149
2024-05-09 09:00:00,9564.0,10450.0,9550.0,10440.0,8971784.41095059,90134188435.49951
2024-05-10 09:00:00,10440.0,10680.0,10080.0,10240.0,6893430.05546849,71659453472.5686
2024-05-11 09:00:00,10240.0,10330.0,9873.0,9902.0,4199067.00002059,42206068568.62246
2024-05-12 09:00:00,9902.0,9969.0,9670.0,9709.0,2825467.4269575,27793512400.938354
2024-05-13 09:00:00,9709.0,10300.0,9200.0,10190.0,7379572.31901486,72471394166.79997
2024-05-14 09:00:00,10200.0,10340.0,9734.0,9879.0,7673334.98514372,76978084519.26408
2024-05-15 09:00:00,9879.0,11240.0,9650.0,11200.0,12573956.60702045,131334604821.77525
2024-05-16 09:00:00,11200.0,11540.0,10890.0,11160.0,8769107.43159982,98573557531.52997
2024-05-17 09:00:00,11170.0,11780.0,11020.0,11130.0,8960548.52079778,101428913400.07707
2024-05-18 09:00:00,11140.0,11250.0,10900.0,11030.0,4240320.25037888,46965683214.56176
2024-05-19 09:00:00,11020.0,11090.0,10600.0,10820.0,3809910.53419692,41430720452.94585
2024-05-20 09:00:00,10830.0,11390.0,10680.0,11280.0,7729191.13301154,85611112784.35144
2024-05-21 09:00:00,11280.0,11360.0,10730.0,10830.0,7072207.29750861,78187388392.73639
2024-05-22 09:00:00,10830.0,11390.0,10530.0,11020.0,8364101.78359901,91368808479.7619
2024-05-23 09:00:00,11000.0,11270.0,10370.0,10760.0,8756076.51724047,94905377194.48473
2024-05-24 09:00:00,10750.0,11200.0,10620.0,10980.0,5301818.34916936,57691736472.6703
2024-05-25 09:00:00,10990.0,11470.0,10920.0,11430.0,4118168.63014784,46065257385.051674
2024-05-26 09:00:00,11420.0,11630.0,10890.0,10910.0,4131054.71765588,46440807313.622
2024-05-27 09:00:00,10910.0,11080.0,10710.0,10840.0,3685081.16835315,40073269431.58848
2024-05-28 09:00:00,10850.0,11070.0,10470.0,10650.0,5745811.44245031,61840084955.422806
2024-05-29 09:00:00,10660.0,10810.0,10500.0,10540.0,3105498.82657615,33123512478.079346
2024-05-30 09:00:00,10540.0,10620.0,10080.0,10180.0,3249669.89753379,33522097532.928455
2024-05-31 09:00:00,10170.0,10380.0,9952.0,10150.0,2948357.74069319,29847789825.32375
2024-06-01 09:00:00,10140.0,10430.0,10030.0,10320.0,1308173.50459149,13312508640.466108
2024-06-02 09:00:00,10300.0,10500.0,10010.0,10070.0,1827392.14136316,18784439037.578762
2024-06-03 09:00:00,10080.0,10260.0,9902.0,9934.0,2687746.36741206,27078397281.49566
2024-06-04 09:00:00,9933.0,10310.0,9751.0,10250.0,3038061.00718726,30331781980.328793
2024-06-05 09:00:00,10270.0,10630.0,10250.0,10600.0,2168229.66675067,22659271716.003284
2024-06-06 09:00:00,10600.0,10630.0,10080.0,10180.0,1709192.70200261,17733957094.168236
2024-06-07 09:00:00,10180.0,10340.0,9035.0,9723.0,3884481.14195642,38151935447.533
2024-06-08 09:00:00,9723.0,9761.0,9185.0,9319.0,2773357.72020257,26330384277.676865
2024-06-09 09:00:00,9318.0,9488.0,9206.0,9271.0,1837368.37471943,17121818285.602184
2024-06-10 09:00:00,9271.0,9281.0,8889.0,8955.0,3354894.31100765,30392932329.855293
2024-06-11 09:00:00,8961.0,8976.0,8533.0,8604.0,3563048.60790176,31037100033.345825
2024-06-12 09:00:00,8605.0,9434.0,8300.0,9003.0,5361191.26317859,48018879056.59691
2024-06-13 09:00:00,9012.0,9012.0,8312.0,8392.0,3724397.05691749,32289953764.686543
2024-06-14 09:00:00,8402.0,8505.0,7791.0,7954.0,4847202.56820808,39417683709.21516
2024-06-15 09:00:00,7957.0,8064.0,7828.0,7954.0,1495202.77692553,11898576826.01487
2024-06-16 09:00:00,7953.0,8104.0,7794.0,7971.0,1740457.1619314,13821500037.022457
2024-06-17 09:00:00,7975.0,8085.0,7048.0,7277.0,5920244.95591359,44529366767.34774
2024-06-18 09:00:00,7280.0,7311.0,6290.0,6651.0,7100046.44050666,47386031255.07335
2024-06-19 09:00:00,6652.0,7195.0,6553.0,7005.0,4904578.67653659,34258292222.840607
2024-06-20 09:00:00,7000.0,7744.0,6951.0,7312.0,8034873.51740771,59698111124.066765
2024-06-21 09:00:00,7312.0,7666.0,7205.0,7617.0,6294490.62205225,46881789623.19616
2024-06-22 09:00:00,7618.0,7649.0,7250.0,7336.0,2597923.46034825,19328721998.616592
2024-06-23 09:00:00,7336.0,7683.0,7225.0,7317.0,3988804.21191438,29866474593.094105
2024-06-24 09:00:00,7315.0,7919.0,7081.0,7606.0,13426787.1961245,100528085837.26187
2024-06-25 09:00:00,7606.0,7965.0,7506.0,7679.0,6125885.78812514,47708191273.57442
2024-06-26 09:00:00,7680.0,7790.0,7300.0,7327.0,3985245.26181878,29839842220.03616
2024-06-27 09:00:00,7326.0,7557.0,7151.0,7350.0,3766647.20428557,27635293743.860645
2024-06-28 09:00:00,7350.0,7387.0,6862.0,7003.0,3551548.7842977,25414221328.75663
2024-06-29 09:00:00,7002.0,7092.0,6935.0,6979.0,1681743.89950935,11795754635.352007
2024-06-30 09:00:00,6979.0,7520.0,6857.0,7433.0,2799672.75871861,20015009483.70458
2024-07-01 09:00:00,7424.0,7563.0,7309.0,7398.0,2255469.92473975,16814391033.725649
2024-07-02 09:00:00,7396.0,7867.0,7351.0,7756.0,3513288.08909464,26806639506.162918
2024-07-03 09:00:00,7756.0,7847.0,7090.0,7135.0,4369346.58376829,32419941540.642426
2024-07-04 09:00:00,7135.0,7218.0,6603.0,6619.0,5868874.21864571,40556848279.52823
2024-07-05 09:00:00,6619.0,6637.0,5769.0,6336.0,11882955.28672461,73226865948.89977
2024-07-06 09:00:00,6343.0,6892.0,6223.0,6834.0,3773672.76757344,24547793065.297062
2024-07-07 09:00:00,6834.0,6848.0,6218.0,6251.0,3326999.20409457,22007898294.685852
2024-07-08 09:00:00,6252.0,6744.0,5963.0,6343.0,5967848.30627692,38016529873.40372
2024-07-09 09:00:00,6342.0,6549.0,6197.0,6405.0,3994942.80289564,25489128847.7141
2024-07-10 09:00:00,6405.0,6714.0,6325.0,6560.0,3603639.15848695,23550541384.282303
2024-07-11 09:00:00,6566.0,7134.0,6452.0,6972.0,5508185.47112345,37641539243.16707
2024-07-12 09:00:00,6972.0,7300.0,6717.0,7300.0,3913568.34871196,27318582046.838856
2024-07-13 09:00:00,7300.0,7460.0,7166.0,7282.0,2112272.17019567,15387734997.481468
2024-07-14 09:00:00,7286.0,7700.0,7281.0,7577.0,3490367.44712472,26294368974.717255
2024-07-15 09:00:00,7577.0,8412.0,7533.0,8312.0,4577711.17118891,36301139998.536865
2024-07-16 09:00:00,8312.0,8750.0,8211.0,8723.0,8216942.49653138,69713395656.08392
2024-07-17 09:00:00,8724.0,9067.0,8417.0,8470.0,5905285.61293509,51497970676.88368
2024-07-18 09:00:00,8471.0,8717.0,8262.0,8486.0,2896017.55069059,24711030170.75277
2024-07-19 09:00:00,8487.0,8999.0,8195.0,8980.0,3458513.77013856,29925390851.16677
2024-07-20 09:00:00,8980.0,8999.0,8756.0,8824.0,2306280.42257179,20466142884.35964
2024-07-21 09:00:00,8823.0,8914.0,8335.0,8832.0,3150275.77024852,27433587252.24071
2024-07-22 09:00:00,8841.0,8998.0,8399.0,8426.0,3179741.1694947,27644003930.536053
2024-07-23 09:00:00,8428.0,8517.0,8007.0,8074.0,2762838.46400252,22803476616.690323
2024-07-24 09:00:00,8070.0,8379.0,7757.0,7875.0,2718678.89046119,21910348020.05302
2024-07-25 09:00:00,7875.0,8054.0,7236.0,7619.0,5411393.1108968,41635941776.69543
2024-07-26 09:00:00,7619.0,8141.0,7586.0,7983.0,3203755.6693945,25239479486.759342
2024-07-27 09:00:00,7988.0,8282.0,7733.0,7900.0,3300741.78382416,26485575546.05233
2024-07-28 09:00:00,7900.0,7934.0,7555.0,7605.0,2559769.17906665,19782116268.615345
2024-07-29 09:00:00,7605.0,7912.0,7381.0,7392.0,4095152.58858237,31354699828.674694
2024-07-30 09:00:00,7392.0,7531.0,7121.0,7226.0,2593548.16391387,19084916359.7533
2024-07-31 09:00:00,7231.0,7388.0,6975.0,6985.0,2710976.22599375,19498345355.35962
2024-08-01 09:00:00,6985.0,7208.0,6568.0,7010.0,4433945.28777152,30819271530.917164
2024-08-02 09:00:00,7010.0,7099.0,6461.0,6490.0,4372931.74633635,29484670156.251945
2024-08-03 09:00:00,6491.0,6666.0,6010.0,6181.0,3941499.6643922,25001227785.44134
2024-08-04 09:00:00,6182.0,6294.0,5683.0,5822.0,4933542.63377857,29489234959.269444
2024-08-05 09:00:00,5822.0,5896.0,4466.0,5078.0,27643826.55734912,139114758231.2141
2024-08-06 09:00:00,5075.0,5508.0,4991.0,5263.0,10721896.37409272,56482256917.12718
2024-08-07 09:00:00,5263.0,5499.0,5002.0,5075.0,6864684.86932211,36162138303.20572
2024-08-08 09:00:00,5075.0,5731.0,4927.0,5696.0,5764138.55508159,30896503959.20612
2024-08-09 09:00:00,5689.0,5852.0,5516.0,5707.0,4214839.54165241,23968391978.87128
2024-08-10 09:00:00,5712.0,5980.0,5576.0,5849.0,2356759.22313903,13505077662.216208
2024-08-11 09:00:00,5851.0,5913.0,5407.0,5447.0,3345228.3655211,18960019090.95135
2024-08-12 09:00:00,5454.0,5785.0,5366.0,5760.0,3553280.12222892,19919504075.93338
2024-08-13 09:00:00,5760.0,6147.0,5521.0,6008.0,3026891.13634189,17534051026.64696
2024-08-14 09:00:00,6008.0,6026.0,5765.0,5852.0,2728770.14734218,16104747043.231562
2024-08-15 09:00:00,5850.0,5955.0,5545.0,5663.0,2703100.59275716,15543671971.873312
2024-08-16 09:00:00,5671.0,5690.0,5375.0,5545.0,2043345.15689099,11332992641.245117
2024-08-17 09:00:00,5544.0,5596.0,5480.0,5564.0,865970.02869045,4799633069.165271
2024-08-18 09:00:00,5556.0,5658.0,5432.0,5435.0,1196713.71721078,6663158915.418387
2024-08-19 09:00:00,5435.0,5498.0,5300.0,5490.0,1421040.46209006,7650453140.676966
2024-08-20 09:00:00,5491.0,5648.0,5404.0,5467.0,1673804.10300825,9293515708.942568
2024-08-21 09:00:00,5472.0,5815.0,5417.0,5761.0,1882694.68574465,10565011120.894423
2024-08-22 09:00:00,5753.0,5966.0,5664.0,5835.0,1627154.38319507,9409918754.431078
2024-08-23 09:00:00,5837.0,6536.0,5837.0,6463.0,6935550.88292575,43423619792.69402
2024-08-24 09:00:00,6463.0,7000.0,6345.0,6733.0,3737287.02218734,24639911771.953213
2024-08-25 09:00:00,6739.0,6795.0,6412.0,6606.0,2692274.12392777,17765536721.570698
2024-08-26 09:00:00,6606.0,6711.0,6339.0,6421.0,2450430.18858469,15988867448.504358
2024-08-27 09:00:00,6421.0,6708.0,6048.0,6166.0,3875828.06016399,24781271030.817528
2024-08-28 09:00:00,6165.0,6284.0,5796.0,5944.0,3639156.83114912,22042760803.25474
2024-08-29 09:00:00,5945.0,6147.0,5617.0,5733.0,2672157.67955074,15770816084.633785
2024-08-30 09:00:00,5725.0,5853.0,5400.0,5597.0,3372235.97230293,19017602141.97068
2024-08-31 09:00:00,5592.0,5656.0,5416.0,5495.0,1613844.78864737,8975884673.711107
2024-09-01 09:00:00,5495.0,5549.0,5231.0,5263.0,2184215.39739846,11778634000.65915
2024-09-02 09:00:00,5260.0,5473.0,5237.0,5412.0,2895600.61426908,15511119030.535671
2024-09-03 09:00:00,5412.0,5534.0,5065.0,5072.0,4115511.88740873,21798645151.476624
2024-09-04 09:00:00,5072.0,5337.0,4876.0,5273.0,3440787.12273038,17525539744.250473
2024-09-05 09:00:00,5278.0,5323.0,5029.0,5038.0,1874505.93354787,9700370835.053808
2024-09-06 09:00:00,5050.0,5148.0,4701.0,4848.0,3924439.28849607,19410085420.210217
2024-09-07 09:00:00,4848.0,5104.0,4825.0,4980.0,1750672.78057938,8666275010.212082
2024-09-08 09:00:00,4981.0,5169.0,4953.0,5103.0,1433662.46249344,7256128509.912501
2024-09-09 09:00:00,5103.0,5545.0,5089.0,5425.0,2220262.08226977,11743824211.351597
2024-09-10 09:00:00,5434.0,5523.0,5337.0,5461.0,1508713.42452499,8196621877.504871
2024-09-11 09:00:00,5477.0,5501.0,5179.0,5356.0,2196730.90170566,11726491887.390116
2024-09-12 09:00:00,5356.0,5788.0,5356.0,5719.0,3878629.31488187,21798218318.95846
2024-09-13 09:00:00,5719.0,5845.0,5547.0,5743.0,2326288.30771915,13206967697.91735
2024-09-14 09:00:00,5743.0,5770.0,5585.0,5622.0,1290879.62491528,7297034502.892215
2024-09-15 09:00:00,5623.0,5720.0,5391.0,5417.0,1732392.11013468,9687385158.190626
2024-09-16 09:00:00,5417.0,5423.0,5204.0,5238.0,1766586.10855793,9388815228.526236
2024-09-17 09:00:00,5240.0,5758.0,5160.0,5542.0,3282690.44815657,18076514771.105858
2024-09-18 09:00:00,5542.0,5694.0,5318.0,5684.0,2886093.39558926,15758493413.088451
2024-09-19 09:00:00,5692.0,6109.0,5692.0,5826.0,4500330.86086282,26798330910.59908
2024-09-20 09:00:00,5834.0,6015.0,5681.0,5860.0,3625680.48126776,21284127709.476177
2024-09-21 09:00:00,5861.0,6254.0,5744.0,6226.0,2801735.11249823,16698895409.467817
2024-09-22 09:00:00,6225.0,6242.0,5850.0,6050.0,2543900.03355392,15349616641.651524
2024-09-23 09:00:00,6050.0,6995.0,5890.0,6850.0,9798127.42538089,64882136884.31518
2024-09-24 09:00:00,6849.0,7130.0,6713.0,7055.0,5548922.46051414,38529039858.28604
2024-09-25 09:00:00,7062.0,7199.0,6831.0,6871.0,2892724.19604045,20284450263.712902
2024-09-26 09:00:00,6875.0,7745.0,6827.0,7328.0,6428585.09970046,47206193348.208885
2024-09-27 09:00:00,7328.0,7593.0,7104.0,7211.0,3727581.97710113,27241503285.39147
2024-09-28 09:00:00,7211.0,7328.0,7051.0,7315.0,2498137.2692551,17975583981.200333
2024-09-29 09:00:00,7317.0,7362.0,7061.0,7210.0,2177329.99461115,15657261931.986645
2024-09-30 09:00:00,7210.0,7216.0,6842.0,6998.0,2893711.93383829,20286663889.737003
2024-10-01 09:00:00,6997.0,7355.0,6185.0,6497.0,6251002.50289106,42442311594.27108
2024-10-02 09:00:00,6497.0,6662.0,6096.0,6238.0,3862700.18074335,24835896242.173
2024-10-03 09:00:00,6238.0,6427.0,6000.0,6301.0,3866585.19288351,24023877867.210186
2024-10-04 09:00:00,6300.0,6565.0,6223.0,6525.0,3827540.72271903,24468651589.591564
2024-10-05 09:00:00,6525.0,6580.0,6284.0,6464.0,2207488.65270558,14224416881.507532
2024-10-06 09:00:00,6465.0,6678.0,6370.0,6655.0,1873905.78987872,12200931172.831717
2024-10-07 09:00:00,6655.0,7142.0,6616.0,6805.0,5713307.87568243,39647007286.49861
2024-10-08 09:00:00,6805.0,6959.0,6579.0,6628.0,2759451.64408939,18660936098.51318
2024-10-09 09:00:00,6628.0,6739.0,6200.0,6264.0,2591840.12495242,16808526613.02302
2024-10-10 09:00:00,6259.0,6347.0,6052.0,6261.0,2340653.90029343,14536328779.068161
2024-10-11 09:00:00,6260.0,6502.0,6182.0,6400.0,1939643.25411195,12373025168.380835
2024-10-12 09:00:00,6400.0,6620.0,6320.0,6515.0,1998638.71998169,12940552750.406279
2024-10-13 09:00:00,6529.0,6570.0,6211.0,6346.0,1813014.42247284,11555698258.298187
2024-10-14 09:00:00,6347.0,6790.0,6259.0,6743.0,4002378.65535095,26195027902.58055
2024-10-15 09:00:00,6743.0,7103.0,6567.0,6845.0,5897607.92970136,40109600711.684456
2024-10-16 09:00:00,6845.0,6875.0,6636.0,6709.0,3184518.23306659,21481324500.355846
2024-10-17 09:00:00,6711.0,6817.0,6370.0,6500.0,2789927.77776331,18312323485.580513
2024-10-18 09:00:00,6498.0,6715.0,6438.0,6670.0,2125971.17812531,13959401981.914663
2024-10-19 09:00:00,6670.0,6726.0,6500.0,6581.0,1898609.68461961,12590016576.76625
2024-10-20 09:00:00,6584.0,6815.0,6443.0,6774.0,2239498.92333005,14794057925.269451
2024-10-21 09:00:00,6774.0,6885.0,6499.0,6548.0,3034212.09317955,20389267599.479595
2024-10-22 09:00:00,6551.0,6633.0,6377.0,6455.0,2347421.54859513,15223269704.71661
2024-10-23 09:00:00,6455.0,6466.0,6200.0,6451.0,1864560.27535408,11858107004.633303
2024-10-24 09:00:00,6451.0,6574.0,6288.0,6514.0,1782100.76758163,11475307465.5322
2024-10-25 09:00:00,6514.0,6533.0,5691.0,5895.0,3449246.15925115,21259521494.646618
2024-10-26 09:00:00,5895.0,5990.0,5785.0,5935.0,1835552.99350099,10821129023.774015
2024-10-27 09:00:00,5934.0,6105.0,5862.0,6003.0,1123375.76234241,6689960324.801889
2024-10-28 09:00:00,6003.0,6060.0,5695.0,5994.0,2294612.06510055,13505668768.190554
2024-10-29 09:00:00,5988.0,6279.0,5970.0,6185.0,3008175.7625823,18558088352.64696
2024-10-30 09:00:00,6187.0,6187.0,5938.0,6001.0,2329877.00572531,14090811185.361156
2024-10-31 09:00:00,6000.0,6026.0,5623.0,5664.0,2568912.83711821,14934426040.814419
2024-11-01 09:00:00,5664.0,5799.0,5423.0,5501.0,2557476.1621414,14284558477.931232
2024-11-02 09:00:00,5501.0,5585.0,5294.0,5340.0,1440192.74985429,7838712124.725565
2024-11-03 09:00:00,5340.0,5388.0,4967.0,5151.0,2907558.57949845,14947759381.005274
2024-11-04 09:00:00,5151.0,5232.0,4894.0,5035.0,1843397.07706074,9348429559.39388
2024-11-05 09:00:00,5035.0,5472.0,5019.0,5281.0,2532260.6392405,13305765208.799648
2024-11-06 09:00:00,5280.0,5894.0,5280.0,5835.0,5661318.29110493,32129523304.22203
2024-11-07 09:00:00,5835.0,5998.0,5647.0,5820.0,3198161.10163902,18582399106.59523
2024-11-08 09:00:00,5820.0,6099.0,5732.0,6037.0,4237211.37784721,25031733336.01365
2024-11-09 09:00:00,6047.0,6498.0,5914.0,6424.0,3857084.66889749,23702216810.580814
2024-11-10 09:00:00,6424.0,6845.0,6164.0,6538.0,8345078.53997851,54827574314.617195
2024-11-11 09:00:00,6548.0,7811.0,6512.0,7805.0,24196624.84836161,176988588790.55515
2024-11-12 09:00:00,7805.0,8311.0,6986.0,7600.0,18439904.5576641,141796637901.27017
2024-11-13 09:00:00,7600.0,7950.0,7091.0,7327.0,10926638.57180727,81910578180.2571
2024-11-14 09:00:00,7329.0,8000.0,7148.0,7657.0,9307520.98955163,70241772959.89267
2024-11-15 09:00:00,7672.0,8038.0,7367.0,7823.0,9533322.10509567,73800013213.83649
2024-11-16 09:00:00,7830.0,8950.0,7693.0,8359.0,14790554.25532536,125149982799.21948
2024-11-17 09:00:00,8352.0,8700.0,7901.0,8025.0,8083810.94856992,67416194442.82785
2024-11-18 09:00:00,8028.0,8783.0,7960.0,8457.0,7205127.61584666,59880307559.15425
2024-11-19 09:00:00,8457.0,8573.0,7932.0,8130.0,4736729.12562786,38962120491.61249
2024-11-20 09:00:00,8130.0,8190.0,7567.0,7737.0,5938390.96067726,46975264344.660934
2024-11-21 09:00:00,7737.0,8177.0,7532.0,8081.0,6679898.5662948,52488988515.78476
2024-11-22 09:00:00,8082.0,8562.0,7401.0,8480.0,9658889.14085334,77303524664.19496
2024-11-23 09:00:00,8485.0,9038.0,8248.0,8630.0,12969249.82276416,111843124522.7289
2024-11-24 09:00:00,8630.0,9717.0,8199.0,9548.0,21406458.49826202,192527446388.15564
2024-11-25 09:00:00,9546.0,10100.0,8883.0,9004.0,13788306.56017343,131268902161.25781
2024-11-26 09:00:00,9013.0,9297.0,8355.0,9130.0,8883758.08842225,78108031245.20909
2024-11-27 09:00:00,9130.0,9549.0,8901.0,9463.0,6768937.2453945,62815673844.590126
2024-11-28 09:00:00,9453.0,9975.0,9083.0,9763.0,5539685.35000209,52372369082.50266
2024-11-29 09:00:00,9757.0,9799.0,9426.0,9618.0,4913443.55036681,47102868925.00976
2024-11-30 09:00:00,9618.0,10030.0,9440.0,9714.0,5651774.03238922,54717775054.12392
2024-12-01 09:00:00,9720.0,9970.0,9385.0,9523.0,5198918.0072782,50061111223.15599
2024-12-02 09:00:00,9539.0,10430.0,8971.0,10420.0,10358466.09197643,99105886926.37535
2024-12-03 09:00:00,10420.0,10650.0,6500.0,10380.0,16030905.65694011,157414845101.47833
2024-12-04 09:00:00,10390.0,10800.0,10100.0,10520.0,8272681.52626151,86648327813.3898
2024-12-05 09:00:00,10510.0,11270.0,9829.0,10760.0,10099030.05415425,107756575066.79819
2024-12-06 09:00:00,10780.0,11650.0,10500.0,11200.0,10296016.78641049,113902800843.6682
2024-12-07 09:00:00,11200.0,11250.0,10650.0,10780.0,3502214.71668912,38177671812.72584
2024-12-08 09:00:00,10780.0,10970.0,10460.0,10920.0,2917264.67531403,31230962585.91158
2024-12-09 09:00:00,10910.0,10950.0,8476.0,9290.0,8362432.97438602,82505014683.34348
2024-12-10 09:00:00,9290.0,9757.0,8551.0,9196.0,8359894.67129661,76395902182.73889
2024-12-11 09:00:00,9199.0,9817.0,8734.0,9708.0,4569666.35796786,42718553403.47892
2024-12-12 09:00:00,9708.0,10390.0,9601.0,9885.0,4983976.14325972,49878775094.738335
2024-12-13 09:00:00,9887.0,10120.0,9656.0,9884.0,4299349.85467113,42348795153.337875
2024-12-14 09:00:00,9870.0,10010.0,9274.0,9608.0,3126562.78655471,30228333526.576958
2024-12-15 09:00:00,9608.0,9859.0,9320.0,9783.0,2124634.95004201,20427841155.91702
2024-12-16 09:00:00,9783.0,10080.0,9442.0,9572.0,3350838.9892839,32619058199.29135
2024-12-17 09:00:00,9561.0,10160.0,9250.0,9334.0,5895459.84030948,57407654226.69074
2024-12-18 09:00:00,9334.0,9448.0,8380.0,8400.0,5664133.92494065,50850966084.68659
2024-12-19 09:00:00,8400.0,8760.0,7600.0,7870.0,7654500.1002334,63051023460.87447
2024-12-20 09:00:00,7861.0,8215.0,6952.0,8111.0,10118557.66616416,76176178996.77843
2024-12-21 09:00:00,8111.0,8495.0,7504.0,7648.0,4687974.41827163,37458299241.331665
2024-12-22 09:00:00,7650.0,7762.0,7360.0,7674.0,3179371.90359845,24201261654.78909
2024-12-23 09:00:00,7660.0,8576.0,7463.0,8189.0,4356939.24764517,34494114984.92705
2024-12-24 09:00:00,8189.0,8486.0,7968.0,8260.0,3539133.55325979,29163911728.432922
2024-12-25 09:00:00,8260.0,8440.0,8011.0,8122.0,2512204.32561564,20703288035.28587
2024-12-26 09:00:00,8121.0,8185.0,7542.0,7654.0,2837663.8954013,22089388293.62576
2024-12-27 09:00:00,7644.0,7957.0,7575.0,7699.0,2107308.93812136,16329334663.490177
2024-12-28 09:00:00,7709.0,8021.0,7622.0,7978.0,1337980.3588313,10433580211.396338
2024-12-29 09:00:00,7987.0,8190.0,7582.0,7646.0,2129118.19368941,16844969186.878752
2024-12-30 09:00:00,7646.0,7833.0,7350.0,7508.0,3010621.61372647,22907851220.35546
2024-12-31 09:00:00,7508.0,7710.0,7284.0,7325.0,2328992.32232768,17387400170.705574
2025-01-01 09:00:00,7327.0,7947.0,7300.0,7885.0,2179258.49498358,16535830224.792511
2025-01-02 09:00:00,7885.0,8260.0,7882.0,8095.0,2401966.22432741,19361393908.84082
2025-01-03 09:00:00,8081.0,8597.0,7964.0,8569.0,2880604.1175236,24006052231.088215
2025-01-04 09:00:00,8569.0,8744.0,8431.0,8527.0,2008588.35511422,17229868066.723343
2025-01-05 09:00:00,8526.0,8815.0,8304.0,8700.0,2240326.63817924,19064809358.371563
2025-01-06 09:00:00,8689.0,9107.0,8526.0,8845.0,2435689.74312544,21339747695.42698
2025-01-07 09:00:00,8843.0,8858.0,8001.0,8020.0,2803671.72051578,23585191197.294334
2025-01-08 09:00:00,8020.0,8133.0,7427.0,7724.0,3409169.04088369,26412107846.451595
2025-01-09 09:00:00,7725.0,7809.0,7350.0,7522.0,3096920.5439105,23350491221.95037
2025-01-10 09:00:00,7522.0,7757.0,7400.0,7653.0,2575065.05698725,19616722423.0248
2025-01-11 09:00:00,7648.0,7727.0,7510.0,7610.0,1161380.43403462,8827544878.793898
2025-01-12 09:00:00,7610.0,7686.0,7405.0,7476.0,1139274.0398786,8619291080.511784
2025-01-13 09:00:00,7484.0,7613.0,6775.0,7148.0,4518236.62592597,31870270898.894905
2025-01-14 09:00:00,7148.0,7512.0,7060.0,7508.0,1933393.29097686,14080400189.326021
2025-01-15 09:00:00,7508.0,7833.0,7215.0,7798.0,3012485.37667701,22764160593.08909
2025-01-16 09:00:00,7798.0,7872.0,7511.0,7580.0,2861299.01788151,22007525016.39129
2025-01-17 09:00:00,7580.0,8495.0,7580.0,8429.0,3678093.65077899,29731349918.783333
2025-01-18 09:00:00,8429.0,8668.0,7951.0,8107.0,3600170.88610099,29681092941.2837
2025-01-19 09:00:00,8108.0,8409.0,7450.0,7594.0,4926195.90751117,38997492413.875786
2025-01-20 09:00:00,7589.0,8364.0,7301.0,7644.0,5974901.96594967,46778157255.40847
2025-01-21 09:00:00,7644.0,7936.0,7377.0,7806.0,3061778.76242141,23373459744.16354
2025-01-22 09:00:00,7805.0,7873.0,7579.0,7613.0,2013717.73494029,15508413769.938826
2025-01-23 09:00:00,7612.0,7635.0,7298.0,7440.0,2682834.51618756,20002680585.78356
2025-01-24 09:00:00,7439.0,7706.0,7269.0,7506.0,2536486.92629474,19000370803.70854
2025-01-25 09:00:00,7506.0,7546.0,7337.0,7397.0,1403698.35676028,10410154095.493622
2025-01-26 09:00:00,7400.0,7700.0,7246.0,7252.0,1798664.94676038,13475528057.332878
2025-01-27 09:00:00,7261.0,7302.0,6784.0,7043.0,3631658.91144556,25406235980.77129
2025-01-28 09:00:00,7043.0,7107.0,6565.0,6602.0,2487972.88073145,17020578911.532873
2025-01-29 09:00:00,6601.0,6970.0,6561.0,6786.0,1732088.8161715,11746302935.30284
2025-01-30 09:00:00,6784.0,7075.0,6722.0,6943.0,1732078.76280944,12011028528.954365
2025-01-31 09:00:00,6943.0,7320.0,6883.0,7059.0,2093051.08106754,14860915652.929718
2025-02-01 09:00:00,7051.0,7155.0,6600.0,6669.0,1757178.52347049,12084480603.70828
2025-02-02 09:00:00,6669.0,6767.0,5690.0,5924.0,4692208.52601837,29085400225.675247
2025-02-03 09:00:00,5925.0,5982.0,4837.0,5906.0,10184845.66906827,54775792799.449394
2025-02-04 09:00:00,5902.0,5948.0,5152.0,5346.0,6424644.22457839,35009191031.892685
2025-02-05 09:00:00,5346.0,5430.0,5100.0,5141.0,2840017.23747518,15022476266.378305
2025-02-06 09:00:00,5138.0,5248.0,4893.0,4936.0,2561005.73786182,13010678428.997131
2025-02-07 09:00:00,4934.0,5227.0,4835.0,4974.0,2836291.53765936,14224675490.52507
2025-02-08 09:00:00,4974.0,5107.0,4884.0,5066.0,1408259.76581638,6984149106.031553
2025-02-09 09:00:00,5066.0,5322.0,4700.0,4865.0,3012303.79278425,15176513620.749432
2025-02-10 09:00:00,4865.0,5007.0,4700.0,4869.0,2609709.94608407,12650310775.628479
2025-02-11 09:00:00,4869.0,5117.0,4788.0,4877.0,3192250.65579602,15891620481.309116
2025-02-12 09:00:00,4877.0,5235.0,4728.0,5182.0,3579298.10284507,17613678306.599594
2025-02-13 09:00:00,5183.0,5204.0,4928.0,5089.0,2118140.58557255,10693658108.322113
2025-02-14 09:00:00,5096.0,5435.0,5028.0,5337.0,2310982.50796009,12114374997.678467
2025-02-15 09:00:00,5337.0,5430.0,5110.0,5152.0,1216567.26464878,6413318279.656318
2025-02-16 09:00:00,5152.0,5345.0,5070.0,5167.0,1302346.83378389,6763260884.820403
2025-02-17 09:00:00,5173.0,5280.0,4874.0,4920.0,2411884.28530179,12243241647.95971
2025-02-18 09:00:00,4917.0,4989.0,4578.0,4719.0,2617163.30734357,12478317088.505455
2025-02-19 09:00:00,4719.0,4768.0,4578.0,4719.0,1656613.42044277,7765880073.485877
2025-02-20 09:00:00,4718.0,5200.0,4685.0,5138.0,3117192.86140122,15249665646.434513
2025-02-21 09:00:00,5133.0,5341.0,4801.0,4918.0,3306881.48751739,16859982496.840578
2025-02-22 09:00:00,4920.0,5400.0,4890.0,5105.0,3826459.52401024,19892180743.327225
2025-02-23 09:00:00,5106.0,5154.0,4927.0,5035.0,1786286.35535679,9028541044.633183
2025-02-24 09:00:00,5035.0,5077.0,4390.0,4425.0,3432237.63001404,16293153820.744768
2025-02-25 09:00:00,4426.0,4499.0,4000.0,4397.0,6417246.90225599,27268455325.09095
2025-02-26 09:00:00,4398.0,4502.0,4223.0,4411.0,3602518.1938616,15802311996.236172
2025-02-27 09:00:00,4411.0,4643.0,4353.0,4489.0,3513291.84751528,15800259143.944324
2025-02-28 09:00:00,4491.0,4581.0,4124.0,4525.0,4888194.18512955,21115886255.452396
2025-03-01 09:00:00,4525.0,4937.0,4493.0,4876.0,3404611.85678962,15962909274.13109
2025-03-02 09:00:00,4876.0,5379.0,4741.0,5369.0,5235113.59232449,26410701061.81966
2025-03-03 09:00:00,5370.0,5389.0,4416.0,4478.0,4894132.52555215,23928843069.49182
2025-03-04 09:00:00,4478.0,4513.0,3897.0,4207.0,6446574.52755412,27163498561.14335
2025-03-05 09:00:00,4211.0,4548.0,4142.0,4451.0,4520518.16876304,19550117848.836987
2025-03-06 09:00:00,4451.0,4820.0,4406.0,4546.0,5192659.13222512,23976619602.02446
2025-03-07 09:00:00,4548.0,4616.0,4323.0,4380.0,3654299.42695103,16295834750.325182
2025-03-08 09:00:00,4390.0,4440.0,4220.0,4306.0,1470896.24202152,6352532329.505839
2025-03-09 09:00:00,4309.0,4324.0,3724.0,3825.0,3085726.18733396,12276933568.692135
2025-03-10 09:00:00,3829.0,3980.0,3367.0,3419.0,5178969.25807847,19148645690.21265
2025-03-11 09:00:00,3422.0,3795.0,3212.0,3631.0,4800006.55022532,17144665573.672014
2025-03-12 09:00:00,3640.0,3819.0,3485.0,3787.0,3633385.13272203,13326747411.431429
2025-03-13 09:00:00,3787.0,3926.0,3687.0,3805.0,3265636.70878203,12436500177.002552
2025-03-14 09:00:00,3815.0,4008.0,3779.0,3845.0,3695319.23451706,14448875364.010895
2025-03-15 09:00:00,3845.0,3963.0,3838.0,3887.0,1408131.05582426,5479333705.654586
2025-03-16 09:00:00,3892.0,3920.0,3666.0,3712.0,1684950.88400992,6420257553.347587
2025-03-17 09:00:00,3713.0,3918.0,3680.0,3858.0,1565830.38280839,5913043875.88552
2025-03-18 09:00:00,3858.0,3880.0,3686.0,3792.0,2285177.95431248,8585038581.223965
2025-03-19 09:00:00,3790.0,4137.0,3747.0,4093.0,5454459.9766855,21708118560.15194
2025-03-20 09:00:00,4093.0,4125.0,3952.0,4040.0,1901097.81358899,7641623971.941493
2025-03-21 09:00:00,4045.0,4111.0,3976.0,4022.0,1177172.62567716,4745981031.356834
2025-03-22 09:00:00,4021.0,4125.0,4015.0,4051.0,1032346.79038374,4198178077.3308563
2025-03-23 09:00:00,4049.0,4139.0,4019.0,4095.0,932706.71130239,3810877071.7203317
2025-03-24 09:00:00,4095.0,4476.0,4075.0,4306.0,2595083.90478642,11146728958.820486
2025-03-25 09:00:00,4302.0,4518.0,4275.0,4457.0,1616429.38113889,7084269917.822748
2025-03-26 09:00:00,4461.0,4526.0,4346.0,4417.0,1565727.65274205,6988421214.698364
2025-03-27 09:00:00,4412.0,4566.0,4343.0,4449.0,1507929.69830183,6695644076.728421
2025-03-28 09:00:00,4448.0,4486.0,3986.0,4079.0,1870273.07726418,7856920705.40792
2025-03-29 09:00:00,4075.0,4116.0,3768.0,3833.0,1423815.7643436,5588403217.161834
2025-03-30 09:00:00,3836.0,4158.0,3804.0,3873.0,2398100.72666433,9561999844.579504
2025-03-31 09:00:00,3879.0,3916.0,3682.0,3748.0,1862300.6319527,7067603370.4163885
2025-04-01 09:00:00,3755.0,4006.0,3695.0,3934.0,1681384.8986708,6523595645.011439
2025-04-02 09:00:00,3936.0,4044.0,3577.0,3651.0,2977043.89514815,11381863719.136486
2025-04-03 09:00:00,3643.0,3790.0,3514.0,3713.0,2096074.03763513,7622015958.935917
2025-04-04 09:00:00,3719.0,3785.0,3560.0,3685.0,2440452.75709844,8950320073.428679
2025-04-05 09:00:00,3686.0,3729.0,3560.0,3609.0,809326.30750579,2942132021.5658174
2025-04-06 09:00:00,3607.0,3618.0,3163.0,3243.0,2938373.74789928,9845506126.113472
2025-04-07 09:00:00,3243.0,3361.0,2979.0,3159.0,6991644.18371605,21993000672.957535
2025-04-08 09:00:00,3159.0,3231.0,2820.0,2858.0,7082133.50190275,21451334946.445724
2025-04-09 09:00:00,2859.0,3156.0,2746.0,3088.0,9369394.30565475,27323044013.395153
2025-04-10 09:00:00,3088.0,3095.0,2875.0,2970.0,4095767.92820609,12333405127.036741
2025-04-11 09:00:00,2970.0,3078.0,2962.0,3044.0,2802228.36453791,8459702481.536401
2025-04-12 09:00:00,3043.0,3232.0,3002.0,3204.0,2403201.65187437,7466415962.001214
2025-04-13 09:00:00,3204.0,3250.0,3021.0,3040.0,2132229.12268493,6693728363.056526
2025-04-14 09:00:00,3041.0,3196.0,3017.0,3068.0,2239267.6377174,6949274232.448019
2025-04-15 09:00:00,3071.0,3108.0,2946.0,2978.0,2434896.55623093,7382635675.203769
2025-04-16 09:00:00,2975.0,2999.0,2786.0,2859.0,2847434.27922486,8281160944.531596
2025-04-17 09:00:00,2856.0,3026.0,2839.0,2959.0,2187363.32751943,6401371413.150138
2025-04-18 09:00:00,2961.0,3028.0,2929.0,2975.0,1347501.29014477,4012135941.2550435
2025-04-19 09:00:00,2978.0,3170.0,2963.0,3147.0,1178814.04586068,3613400500.9530826
2025-04-20 09:00:00,3146.0,3280.0,3097.0,3237.0,1327162.10472177,4199055320.740109
2025-04-21 09:00:00,3237.0,3338.0,3173.0,3195.0,1773255.35686073,5803722794.940844
2025-04-22 09:00:00,3196.0,3474.0,3100.0,3445.0,2960734.94312305,9610211288.112457
2025-04-23 09:00:00,3445.0,3648.0,3422.0,3545.0,2527642.1740378,8933098245.476364
2025-04-24 09:00:00,3545.0,3723.0,3392.0,3645.0,2061371.40666494,7299772073.7106495
2025-04-25 09:00:00,3645.0,3827.0,3581.0,3783.0,2381215.98020378,8894125010.79294
2025-04-26 09:00:00,3785.0,3942.0,3687.0,3789.0,2130159.52651227,8143159845.713716
2025-04-27 09:00:00,3789.0,3839.0,3583.0,3586.0,1519365.28436166,5616201946.789902
2025-04-28 09:00:00,3586.0,3811.0,3489.0,3727.0,2548107.82718808,9347684249.047781
2025-04-29 09:00:00,3727.0,3776.0,3599.0,3660.0,2176916.14429733,8061481856.424863
2025-04-30 09:00:00,3658.0,3685.0,3431.0,3561.0,1773099.97286092,6311373166.867538
2025-05-01 09:00:00,3561.0,3749.0,3556.0,3660.0,1677734.66638781,6154408059.721918
2025-05-02 09:00:00,3660.0,3806.0,3555.0,3595.0,2026298.83452702,7450464083.493523
2025-05-03 09:00:00,3592.0,3599.0,3442.0,3478.0,919709.23565012,3243427872.3066688
2025-05-04 09:00:00,3478.0,3522.0,3312.0,3343.0,1183369.39557764,4044947733.872427
2025-05-05 09:00:00,3338.0,3408.0,3263.0,3300.0,1215102.206235,4050326424.1226773
2025-05-06 09:00:00,3301.0,3353.0,3169.0,3310.0,1494594.0074791,4890384706.850557
2025-05-07 09:00:00,3310.0,3384.0,3160.0,3247.0,1873131.16947525,6110492507.417009
2025-05-08 09:00:00,3247.0,3845.0,3223.0,3833.0,2799505.43930846,9956537663.863632
2025-05-09 09:00:00,3839.0,4173.0,3816.0,4052.0,4442219.87503445,17836581964.00622
2025-05-10 09:00:00,4052.0,4678.0,4013.0,4627.0,3908495.86168266,16693554270.999857
2025-05-11 09:00:00,4633.0,4684.0,4297.0,4392.0,2862375.54559654,12875857076.979458
2025-05-12 09:00:00,4392.0,4644.0,4264.0,4498.0,3562477.54197258,15983659196.686163
2025-05-13 09:00:00,4498.0,4600.0,4248.0,4499.0,2467740.31680435,10872275287.693874
2025-05-14 09:00:00,4499.0,4626.0,4269.0,4301.0,2630220.47846187,11730601770.43483
2025-05-15 09:00:00,4301.0,4360.0,3980.0,4056.0,2647475.10408585,10925771565.811993
2025-05-16 09:00:00,4056.0,4208.0,3929.0,3964.0,1462597.47374618,5951834924.491723
2025-05-17 09:00:00,3962.0,3974.0,3792.0,3827.0,1259159.79460778,4882505599.014785
2025-05-18 09:00:00,3825.0,4159.0,3771.0,4052.0,1909660.18232946,7535684585.858421
2025-05-19 09:00:00,4052.0,4063.0,3764.0,3905.0,1858021.65270341,7183258521.020471
2025-05-20 09:00:00,3901.0,4060.0,3792.0,3959.0,1986603.74366959,7794667794.225185
2025-05-21 09:00:00,3965.0,4107.0,3866.0,3982.0,2202587.9385991,8722211735.158281
2025-05-22 09:00:00,3985.0,4308.0,3985.0,4268.0,2104865.47879052,8746642789.222382
2025-05-23 09:00:00,4268.0,4360.0,3896.0,3910.0,3186769.6235438,13214516450.179417
2025-05-24 09:00:00,3913.0,3987.0,3863.0,3881.0,1079411.13707171,4241676127.7721124
2025-05-25 09:00:00,3883.0,3936.0,3702.0,3910.0,1317101.28072456,5023100691.070973
2025-05-26 09:00:00,3908.0,3976.0,3813.0,3850.0,1116242.7174006,4353277548.132173
2025-05-27 09:00:00,3855.0,4050.0,3756.0,3913.0,1667478.4151243,6567967417.294066
2025-05-28 09:00:00,3913.0,4027.0,3833.0,4000.0,1923172.0896162,7575359271.117066
2025-05-29 09:00:00,4001.0,4161.0,3836.0,3849.0,3357168.49705981,13517197873.306475
2025-05-30 09:00:00,3846.0,3863.0,3416.0,3463.0,3754032.84543117,13661679849.9595
2025-05-31 09:00:00,3465.0,3499.0,3313.0,3420.0,2322503.32307723,7891405711.313794
2025-06-01 09:00:00,3426.0,3497.0,3334.0,3470.0,1087417.50610793,3709864540.6191683
2025-06-02 09:00:00,3476.0,3520.0,3340.0,3505.0,1423354.73421678,4853060836.617497
2025-06-03 09:00:00,3503.0,3615.0,3467.0,3504.0,1087464.02172468,3842673033.9825845
2025-06-04 09:00:00,3504.0,3586.0,3371.0,3378.0,1029466.43868128,3589042435.526956
2025-06-05 09:00:00,3373.0,3487.0,3114.0,3139.0,2215184.27741718,7321515859.619089
2025-06-06 09:00:00,3139.0,3282.0,3128.0,3224.0,1353417.38863863,4334566603.440943
2025-06-07 09:00:00,3224.0,3417.0,3204.0,3361.0,859119.66567179,2871803358.810747
2025-06-08 09:00:00,3361.0,3392.0,3281.0,3340.0,840171.95790006,2803157546.9721937
2025-06-09 09:00:00,3340.0,3482.0,3267.0,3471.0,988318.84946388,3327012476.9302993
2025-06-10 09:00:00,3468.0,3647.0,3432.0,3641.0,1478180.77317091,5237979371.012205
2025-06-11 09:00:00,3639.0,3746.0,3527.0,3545.0,1499697.00638298,5436763245.534323
2025-06-12 09:00:00,3548.0,3554.0,3267.0,3267.0,1826271.25964822,6216776257.799809
2025-06-13 09:00:00,3267.0,3268.0,3006.0,3115.0,3262913.45072798,10109849227.925491
2025-06-14 09:00:00,3116.0,3121.0,3005.0,3102.0,1309269.69986034,4036058678.378373
2025-06-15 09:00:00,3102.0,3150.0,3016.0,3084.0,1352785.34075029,4174987261.838588
2025-06-16 09:00:00,3082.0,3270.0,3046.0,3120.0,1502024.13143772,4764098590.982544
2025-06-17 09:00:00,3124.0,3160.0,2919.0,2981.0,2383737.39615644,7225021358.903906
2025-06-18 09:00:00,2983.0,3050.0,2884.0,3030.0,1978760.14849705,5860201154.437913
2025-06-19 09:00:00,3030.0,3067.0,2978.0,3024.0,1097345.86476463,3318045372.958598
2025-06-20 09:00:00,3024.0,3040.0,2828.0,2896.0,2010263.04050298,5902660020.605901
2025-06-21 09:00:00,2896.0,2930.0,2676.0,2762.0,2004127.71933526,5640233631.511774
2025-06-22 09:00:00,2761.0,2814.0,2510.0,2646.0,3543467.71631682,9369013698.785896
2025-06-23 09:00:00,2648.0,2974.0,2614.0,2945.0,2218290.84432848,6121933917.981197
2025-06-24 09:00:00,2945.0,3065.0,2924.0,3010.0,1737894.25557728,5206859499.386345
2025-06-25 09:00:00,3010.0,3100.0,2913.0,2941.0,1271202.57123843,3785860712.794401
2025-06-26 09:00:00,2941.0,3000.0,2781.0,2817.0,1466580.89183939,4218551946.5225253
2025-06-27 09:00:00,2817.0,2920.0,2775.0,2900.0,989733.85752857,2822195156.1662226
2025-06-28 09:00:00,2900.0,2995.0,2866.0,2972.0,583440.98980932,1701940202.069204
2025-06-29 09:00:00,2972.0,3135.0,2895.0,3086.0,1500627.80303235,4483008454.684431
2025-06-30 09:00:00,3083.0,3110.0,2915.0,2921.0,1298236.94721952,3872122303.568035
2025-07-01 09:00:00,2921.0,2940.0,2780.0,2799.0,1117365.53946348,3191688517.800813
2025-07-02 09:00:00,2799.0,3067.0,2777.0,3010.0,2274035.48309626,6687372349.736263
2025-07-03 09:00:00,3010.0,3202.0,3001.0,3091.0,2259298.06455833,7049618749.66433
2025-07-04 09:00:00,3090.0,3130.0,2879.0,2919.0,1901553.99091043,5667324981.291707
2025-07-05 09:00:00,2925.0,2956.0,2876.0,2939.0,828042.22756422,2413957826.7211285
2025-07-06 09:00:00,2940.0,3022.0,2889.0,2969.0,827284.50108177,2435259102.0376897
2025-07-07 09:00:00,2971.0,3008.0,2918.0,2953.0,944172.02900413,2793629995.915514
2025-07-08 09:00:00,2953.0,3071.0,2900.0,3056.0,819810.48472519,2439321251.5145307
2025-07-09 09:00:00,3055.0,3194.0,3007.0,3169.0,957976.43047092,2971142715.2117205
2025-07-10 09:00:00,3174.0,3420.0,3142.0,3391.0,1705610.03593044,5564246175.576941
2025-07-11 09:00:00,3391.0,3563.0,3269.0,3371.0,2723472.04055937,9418743075.42993
2025-07-12 09:00:00,3371.0,3454.0,3282.0,3377.0,2041075.83776036,6881644578.243485
2025-07-13 09:00:00,3376.0,3500.0,3358.0,3440.0,1825231.24363973,6257279289.732273
2025-07-14 09:00:00,3440.0,3662.0,3427.0,3529.0,3266175.2141495,11670630857.296793
2025-07-15 09:00:00,3530.0,3647.0,3394.0,3647.0,2815075.58290613,9838675425.05511
2025-07-16 09:00:00,3646.0,3821.0,3585.0,3715.0,2660324.00057849,9800373098.957092
2025-07-17 09:00:00,3715.0,3894.0,3642.0,3833.0,4357368.17172421,16522468377.831276
2025-07-18 09:00:00,3840.0,4140.0,3717.0,3839.0,5422271.4458522,21530536341.992245
2025-07-19 09:00:00,3834.0,4038.0,3749.0,3999.0,3058377.18601871,11967607500.490564
2025-07-20 09:00:00,4000.0,4176.0,3944.0,4061.0,3000378.80123746,12160929453.171991
2025-07-21 09:00:00,4066.0,4198.0,3988.0,4125.0,3518148.99630256,14446627001.075869
2025-07-22 09:00:00,4125.0,4168.0,3898.0,4107.0,4252972.2127581,17101142545.853716
2025-07-23 09:00:00,4108.0,4134.0,3626.0,3756.0,3803396.70872674,14822897313.16645
2025-07-24 09:00:00,3756.0,3844.0,3502.0,3700.0,3400704.3507241,12528479302.743378
2025-07-25 09:00:00,3695.0,3910.0,3570.0,3890.0,2438451.23994352,9081797425.232708
2025-07-26 09:00:00,3890.0,3998.0,3871.0,3936.0,1531933.05070191,6010081043.52685
2025-07-27 09:00:00,3936.0,4045.0,3932.0,4032.0,1328757.22698468,5285303718.474909
2025-07-28 09:00:00,4034.0,4112.0,3759.0,3790.0,2384426.81665978,9479327111.1009
2025-07-29 09:00:00,3790.0,3894.0,3681.0,3768.0,1750258.49677816,6610207549.180117
2025-07-30 09:00:00,3768.0,3774.0,3517.0,3678.0,1418472.77913452,5200031567.468557
2025-07-31 09:00:00,3678.0,3769.0,3530.0,3538.0,1437855.17201103,5275473120.471483
2025-08-01 09:00:00,3532.0,3566.0,3290.0,3366.0,2534441.65879393,8702769465.551615
2025-08-02 09:00:00,3364.0,3420.0,3251.0,3281.0,1167723.34190206,3896054495.09254
2025-08-03 09:00:00,3281.0,3442.0,3238.0,3432.0,880792.42907089,2966499986.343218
2025-08-04 09:00:00,3429.0,3577.0,3423.0,3556.0,1000932.88069438,3491394842.660283
2025-08-05 09:00:00,3555.0,3567.0,3362.0,3465.0,1401715.66003731,4874844248.609043
2025-08-06 09:00:00,3459.0,3519.0,3340.0,3462.0,876481.60420545,3004583475.515516
2025-08-07 09:00:00,3462.0,3657.0,3445.0,3645.0,1279109.56777657,4550526688.301381
2025-08-08 09:00:00,3650.0,3746.0,3595.0,3724.0,1545727.73899386,5677182604.247243
2025-08-09 09:00:00,3725.0,3919.0,3719.0,3895.0,1786209.18436899,6849207475.600792
2025-08-10 09:00:00,3895.0,3953.0,3693.0,3784.0,2021850.66645892,7679027184.620067
2025-08-11 09:00:00,3784.0,3862.0,3566.0,3603.0,2179594.01066703,8112183224.564729
2025-08-12 09:00:00,3603.0,3856.0,3543.0,3815.0,2150187.48216398,7925822460.882255
2025-08-13 09:00:00,3815.0,4145.0,3776.0,4084.0,3968290.95436334,15740959629.455214
2025-08-14 09:00:00,4085.0,4177.0,3755.0,3844.0,6021477.60139476,24013778062.23208
2025-08-15 09:00:00,3844.0,3947.0,3671.0,3783.0,2781388.47030586,10640811487.938772
2025-08-16 09:00:00,3790.0,3866.0,3718.0,3805.0,1708923.357734,6496675901.633366
2025-08-17 09:00:00,3812.0,3925.0,3749.0,3753.0,2443175.91947773,9336113718.69838
2025-08-18 09:00:00,3753.0,3760.0,3560.0,3603.0,2769201.34530145,10045265917.471638
2025-08-19 09:00:00,3602.0,3636.0,3388.0,3389.0,2164652.3562067,7585325051.976174
2025-08-20 09:00:00,3389.0,3562.0,3388.0,3548.0,1286352.11281908,4455852032.295016
2025-08-21 09:00:00,3543.0,3577.0,3418.0,3434.0,1136214.53456259,3970229914.372599
2025-08-22 09:00:00,3432.0,3750.0,3325.0,3706.0,3360213.82151185,11923471836.692204
2025-08-23 09:00:00,3706.0,3757.0,3597.0,3733.0,1751647.62757009,6466231501.745217
2025-08-24 09:00:00,3738.0,3839.0,3580.0,3685.0,1728361.26543422,6373346310.008272
2025-08-25 09:00:00,3689.0,3729.0,3342.0,3396.0,2890785.56461531,10145306160.649862
2025-08-26 09:00:00,3392.0,3561.0,3364.0,3542.0,1399190.06143005,4833802042.381089
2025-08-27 09:00:00,3542.0,3596.0,3493.0,3517.0,1272450.4498094,4501389709.971141
2025-08-28 09:00:00,3525.0,3574.0,3464.0,3543.0,1810189.88755344,6373409496.506024
2025-08-29 09:00:00,3543.0,3558.0,3346.0,3415.0,1897116.40600476,6517705791.281472
2025-08-30 09:00:00,3415.0,3434.0,3339.0,3399.0,805615.7601583,2733818399.599376
2025-08-31 09:00:00,3400.0,3463.0,3296.0,3302.0,954602.3395426,3229403536.7577257
2025-09-01 09:00:00,3299.0,3407.0,3194.0,3261.0,2040620.11400726,6706843504.136432
2025-09-02 09:00:00,3263.0,3400.0,3235.0,3395.0,1041113.19383047,3441854813.1751313
2025-09-03 09:00:00,3398.0,3454.0,3373.0,3424.0,837152.4957015,2856225988.4150743
2025-09-04 09:00:00,3424.0,3434.0,3313.0,3337.0,643914.9039557,2168621662.8822093
2025-09-05 09:00:00,3337.0,3448.0,3320.0,3360.0,1034916.94912883,3497635116.5728517
2025-09-06 09:00:00,3357.0,3378.0,3327.0,3363.0,371038.91416194,1243642577.710967
2025-09-07 09:00:00,3366.0,3474.0,3363.0,3436.0,827068.12306412,2829290987.569957
2025-09-08 09:00:00,3439.0,3610.0,3424.0,3592.0,1333926.17987835,4701289637.050175
2025-09-09 09:00:00,3590.0,3879.0,3590.0,3669.0,5474509.68856818,20398614070.98292
2025-09-10 09:00:00,3672.0,3804.0,3653.0,3794.0,2675857.00295792,9976001167.051645
2025-09-11 09:00:00,3798.0,3870.0,3732.0,3809.0,2619074.04879439,9957123765.367298
2025-09-12 09:00:00,3813.0,3897.0,3745.0,3873.0,1616058.38875591,6177929113.401553
2025-09-13 09:00:00,3873.0,3997.0,3834.0,3892.0,2188768.03003753,8576546062.260326
2025-09-14 09:00:00,3892.0,3909.0,3711.0,3760.0,1374306.81923417,5221902316.0264435
2025-09-15 09:00:00,3765.0,3847.0,3596.0,3664.0,1577336.17931976,5843064020.290859
2025-09-16 09:00:00,3664.0,3803.0,3593.0,3766.0,1322164.08538627,4916712057.346214
2025-09-17 09:00:00,3766.0,3933.0,3695.0,3916.0,2593117.20696966,9888797723.242985
2025-09-18 09:00:00,3917.0,4528.0,3887.0,4408.0,6739642.33954186,28485374169.153168
2025-09-19 09:00:00,4408.0,4656.0,4333.0,4381.0,10538553.70900179,47272307325.81042
2025-09-20 09:00:00,4373.0,4600.0,4275.0,4424.0,4581462.89635755,20184619675.850773
2025-09-21 09:00:00,4424.0,4433.0,4307.0,4382.0,1933372.21050007,8446450622.719303
2025-09-22 09:00:00,4382.0,4425.0,3960.0,4226.0,5060363.95275258,20908691177.809364
2025-09-23 09:00:00,4226.0,4459.0,4050.0,4161.0,5518921.47332926,23634491035.629475
2025-09-24 09:00:00,4162.0,4420.0,4096.0,4308.0,3554704.43835522,15204553683.263346
2025-09-25 09:00:00,4311.0,4360.0,3947.0,3971.0,3864872.15432144,15986343597.47919
2025-09-26 09:00:00,3971.0,4018.0,3815.0,4005.0,3175241.33200135,12487797506.562662
2025-09-27 09:00:00,4007.0,4007.0,3872.0,3926.0,1068693.14997673,4192811417.8290625
2025-09-28 09:00:00,3926.0,4025.0,3822.0,4010.0,1141538.79895907,4454836523.922224
2025-09-29 09:00:00,4008.0,4053.0,3860.0,3959.0,2483179.01723463,9864514244.414856
2025-09-30 09:00:00,3960.0,3979.0,3718.0,3756.0,2729891.8695215,10397164149.266548
2025-10-01 09:00:00,3753.0,4082.0,3737.0,4025.0,3083883.06085224,12090799674.297873
2025-10-02 09:00:00,4026.0,4229.0,4020.0,4208.0,2893111.16673447,11900068824.889402
2025-10-03 09:00:00,4210.0,4353.0,4099.0,4303.0,2388562.27457643,10062552427.144249
2025-10-04 09:00:00,4303.0,4319.0,4123.0,4232.0,1294884.79653958,5469135234.522896
2025-10-05 09:00:00,4230.0,4515.0,4187.0,4241.0,2993312.48157837,13051611703.690672
2025-10-06 09:00:00,4246.0,4375.0,4208.0,4341.0,2021738.20087713,8663467356.051779
2025-10-07 09:00:00,4344.0,4385.0,4182.0,4267.0,2431428.88501662,10419967600.499475
2025-10-08 09:00:00,4267.0,4369.0,4219.0,4280.0,1941694.67503708,8317436221.772868
2025-10-09 09:00:00,4274.0,4282.0,4133.0,4209.0,1725688.73120796,7245466903.226869
2025-10-10 09:00:00,4204.0,4720.0,3590.0,3750.0,21844240.98866592,95000388295.5306
2025-10-11 09:00:00,3750.0,3925.0,3400.0,3543.0,8631228.08023064,31767619893.431995
2025-10-12 09:00:00,3542.0,3790.0,3405.0,3713.0,6489646.7745847,23283396813.03265
2025-10-13 09:00:00,3712.0,3985.0,3638.0,3899.0,4957312.95413506,18735665751.423237
2025-10-14 09:00:00,3901.0,3929.0,3585.0,3701.0,4193749.67008809,15594536317.012348
2025-10-15 09:00:00,3705.0,3775.0,3514.0,3540.0,2862921.13607927,10407665111.84681
2025-10-16 09:00:00,3540.0,3600.0,3349.0,3358.0,3286999.14108776,11468620947.340744
2025-10-17 09:00:00,3359.0,3411.0,3150.0,3300.0,3874964.67926902,12748455187.570587
2025-10-18 09:00:00,3303.0,3357.0,3233.0,3304.0,1524464.67843343,5019872287.626287
2025-10-19 09:00:00,3307.0,3489.0,3244.0,3425.0,1802373.86281713,6061800537.670117
2025-10-20 09:00:00,3425.0,3511.0,3366.0,3389.0,2017587.7758381,6945124017.518115
2025-10-21 09:00:00,3389.0,3523.0,3266.0,3338.0,2336393.41163492,7868313050.381445
2025-10-22 09:00:00,3342.0,3383.0,3202.0,3280.0,1881334.16278298,6227188685.928498
2025-10-23 09:00:00,3280.0,3352.0,3241.0,3309.0,1791150.77457293,5882764569.042637
2025-10-24 09:00:00,3311.0,3439.0,3295.0,3391.0,1809149.73366485,6081173705.298976
2025-10-25 09:00:00,3387.0,3400.0,3322.0,3392.0,919691.79254842,3092211570.305864
2025-10-26 09:00:00,3395.0,3539.0,3362.0,3506.0,1657684.71458485,5728360193.34349
2025-10-27 09:00:00,3506.0,3568.0,3417.0,3450.0,1957839.32779151,6855750284.233124
2025-10-28 09:00:00,3449.0,3521.0,3289.0,3337.0,2226471.45718471,7621788663.537375
2025-10-29 09:00:00,3333.0,3492.0,3322.0,3398.0,1948605.32412571,6607790670.0318575
2025-10-30 09:00:00,3398.0,3442.0,3091.0,3187.0,3588872.68152457,11708542038.653671
2025-10-31 09:00:00,3184.0,3228.0,3110.0,3148.0,1499541.4899827,4753232637.846021
2025-11-01 09:00:00,3150.0,3250.0,3131.0,3241.0,1274173.5071578,4075697198.0908365
2025-11-02 09:00:00,3240.0,3260.0,3138.0,3250.0,1125284.48131825,3609331448.7035065
2025-11-03 09:00:00,3249.0,3265.0,2794.0,2850.0,4776386.97971239,14155504194.390991
2025-11-04 09:00:00,2846.0,2916.0,2581.0,2758.0,5026829.64721527,13904658763.250237
2025-11-05 09:00:00,2759.0,2950.0,2579.0,2923.0,2928732.78996251,8064237809.563476
2025-11-06 09:00:00,2922.0,3142.0,2824.0,3133.0,3816329.81264602,11450364448.583015
2025-11-07 09:00:00,3132.0,4415.0,3113.0,4121.0,26052258.25270938,101040370185.22615
2025-11-08 09:00:00,4123.0,4747.0,3879.0,4379.0,20068923.10804911,86884832069.06387
2025-11-09 09:00:00,4379.0,4604.0,3971.0,4563.0,16236097.51277183,70194310221.50194
2025-11-10 09:00:00,4563.0,4665.0,4078.0,4120.0,11107120.34147142,48572461870.592
2025-11-11 09:00:00,4125.0,4214.0,3788.0,3811.0,4425017.86194878,17798113750.946945
2025-11-12 09:00:00,3817.0,3984.0,3721.0,3822.0,2774002.49909664,10719148310.737995
2025-11-13 09:00:00,3822.0,3900.0,3622.0,3716.0,2769209.64853747,10436116940.276188
2025-11-14 09:00:00,3716.0,3730.0,3520.0,3578.0,3385446.73481169,12271869365.922031
2025-11-15 09:00:00,3575.0,3968.0,3574.0,3632.0,6774510.02731119,25807323987.087025
2025-11-16 09:00:00,3636.0,3848.0,3345.0,3413.0,6660613.01369845,24204409170.508682
2025-11-17 09:00:00,3413.0,3506.0,3278.0,3396.0,3923937.77865755,13377936872.077927
2025-11-18 09:00:00,3393.0,3484.0,3260.0,3373.0,3297990.39864372,11122927679.171736
2025-11-19 09:00:00,3371.0,3582.0,3214.0,3541.0,3650259.56084531,12378905546.995749
2025-11-20 09:00:00,3541.0,3598.0,3097.0,3108.0,4971558.59736739,16712796717.899042
2025-11-21 09:00:00,3109.0,3135.0,2753.0,2803.0,6933670.88416966,20251587233.96214
2025-11-22 09:00:00,2803.0,2865.0,2705.0,2766.0,2848432.79591773,7918059865.812737
2025-11-23 09:00:00,2767.0,2893.0,2750.0,2773.0,3385051.95554522,9528340358.089056
2025-11-24 09:00:00,2767.0,2982.0,2719.0,2861.0,6254815.66108605,17916364469.232487
2025-11-25 09:00:00,2861.0,2933.0,2738.0,2858.0,4663861.27627132,13198327562.305126
2025-11-26 09:00:00,2859.0,2917.0,2761.0,2897.0,2291970.01624853,6499969175.474031
2025-11-27 09:00:00,2896.0,2923.0,2853.0,2868.0,2510705.95210664,7236502544.393391
2025-11-28 09:00:00,2866.0,2927.0,2791.0,2826.0,2525159.94312441,7199004370.249491
2025-11-29 09:00:00,2826.0,2852.0,2750.0,2789.0,1271128.61542079,3568535504.3839645
2025-11-30 09:00:00,2789.0,2826.0,2730.0,2738.0,1645897.72429511,4585868401.3169775
2025-12-01 09:00:00,2738.0,2745.0,2430.0,2515.0,4468653.65812065,11453013345.690796
2025-12-02 09:00:00,2511.0,2751.0,2506.0,2709.0,2645423.4920442,6971440153.922474
2025-12-03 09:00:00,2703.0,2825.0,2625.0,2747.0,2750978.63205296,7480659146.006167
2025-12-04 09:00:00,2748.0,2829.0,2609.0,2683.0,2879327.64567453,7922736263.620005
2025-12-05 09:00:00,2682.0,2712.0,2486.0,2522.0,2503331.62359615,6477211662.223356
2025-12-06 09:00:00,2522.0,2614.0,2502.0,2559.0,1442168.26886602,3672408429.296178
2025-12-07 09:00:00,2560.0,2640.0,2459.0,2548.0,1834978.99381163,4660412874.626021
2025-12-08 09:00:00,2549.0,2680.0,2526.0,2599.0,1473148.66741339,3866139792.449441
2025-12-09 09:00:00,2599.0,2784.0,2530.0,2678.0,1898334.7466298,5033904787.074842
2025-12-10 09:00:00,2674.0,2757.0,2579.0,2615.0,2256224.50645876,5966854204.201802
2025-12-11 09:00:00,2615.0,2621.0,2436.0,2488.0,2742919.86317458,6848839743.260658
2025-12-12 09:00:00,2488.0,2552.0,2373.0,2445.0,2334050.71025459,5761712518.220016
2025-12-13 09:00:00,2445.0,2509.0,2438.0,2485.0,993518.65081096,2453691697.80262
2025-12-14 09:00:00,2485.0,2494.0,2352.0,2379.0,1635499.42828624,3948604343.758921
2025-12-15 09:00:00,2378.0,2453.0,2230.0,2309.0,2694802.18884712,6293083014.575106
2025-12-16 09:00:00,2310.0,2409.0,2245.0,2335.0,1817712.07092585,4175259195.918234
2025-12-17 09:00:00,2334.0,2392.0,2196.0,2213.0,1804255.02823868,4114471193.16541
2025-12-18 09:00:00,2213.0,2378.0,2113.0,2127.0,3033154.58039074,6715972092.531193
2025-12-19 09:00:00,2125.0,2320.0,2089.0,2291.0,2394293.92414358,5291844409.200599
2025-12-20 09:00:00,2291.0,2305.0,2239.0,2268.0,965644.55719009,2188564349.6398187
2025-12-21 09:00:00,2269.0,2285.0,2166.0,2244.0,1408416.58158451,3139192261.165437
2025-12-22 09:00:00,2244.0,2362.0,2223.0,2245.0,1852134.92559399,4249081654.5640993
2025-12-23 09:00:00,2246.0,2282.0,2183.0,2219.0,1238138.89716218,2757656394.03401
2025-12-24 09:00:00,2219.0,2220.0,2124.0,2146.0,1641799.36873978,3540657258.9176717
2025-12-25 09:00:00,2149.0,2232.0,2111.0,2117.0,1749738.64914704,3818892267.184216
2025-12-26 09:00:00,2117.0,2291.0,2112.0,2224.0,4335703.23067833,9696891530.714636
2025-12-27 09:00:00,2226.0,2340.0,2200.0,2326.0,1183475.22760707,2662577948.956341
2025-12-28 09:00:00,2327.0,2356.0,2266.0,2304.0,1212310.0423038,2807155912.89901
2025-12-29 09:00:00,2304.0,2336.0,2202.0,2223.0,2199334.92306413,4979468195.67899
2025-12-30 09:00:00,2223.0,2272.0,2198.0,2201.0,1359349.19709429,3029296852.4986343
2025-12-31 09:00:00,2200.0,2233.0,2141.0,2212.0,1409649.78606253,3099068755.3770127
2026-01-01 09:00:00,2213.0,2372.0,2188.0,2360.0,1476877.91777871,3354584485.5126963
2026-01-02 09:00:00,2360.0,2450.0,2347.0,2446.0,2362320.55021624,5648359625.446761
2026-01-03 09:00:00,2445.0,2487.0,2396.0,2475.0,1967543.24226892,4812088586.321208
2026-01-04 09:00:00,2478.0,2522.0,2452.0,2501.0,2411082.94705664,5990975886.385152
2026-01-05 09:00:00,2497.0,2616.0,2488.0,2570.0,4574780.57910293,11639381109.97849
2026-01-06 09:00:00,2570.0,2665.0,2520.0,2630.0,3920041.54817247,10163398147.96768
2026-01-07 09:00:00,2629.0,2630.0,2486.0,2508.0,2232757.36449378,5701912891.421604
2026-01-08 09:00:00,2508.0,2523.0,2425.0,2465.0,2130749.30985635,5268313749.268571
2026-01-09 09:00:00,2464.0,2573.0,2440.0,2507.0,1565969.42119461,3903381222.439388
2026-01-10 09:00:00,2507.0,2556.0,2468.0,2489.0,676436.74206088,1698181150.4836588
2026-01-11 09:00:00,2489.0,2556.0,2466.0,2505.0,764365.85593473,1911666901.9467223
2026-01-12 09:00:00,2500.0,2600.0,2429.0,2468.0,2290764.60947248,5757123623.081127
2026-01-13 09:00:00,2468.0,2770.0,2468.0,2725.0,4918394.24372137,12914485214.125751
2026-01-14 09:00:00,2725.0,2757.0,2622.0,2637.0,2639438.06652126,7128442128.658338
2026-01-15 09:00:00,2637.0,2662.0,2507.0,2540.0,2343875.46140054,6068575120.449359
2026-01-16 09:00:00,2536.0,2589.0,2478.0,2555.0,1885305.02706053,4776831498.002535
2026-01-17 09:00:00,2555.0,2669.0,2545.0,2584.0,2107433.65529936,5514691423.265513
2026-01-18 09:00:00,2584.0,2611.0,2411.0,2417.0,2311715.48249609,5839029556.20023
2026-01-19 09:00:00,2412.0,2414.0,2160.0,2365.0,3180248.36635282,7362990303.682851
2026-01-20 09:00:00,2361.0,2374.0,2221.0,2247.0,2478245.40507446,5684414636.335629
2026-01-21 09:00:00,2247.0,2333.0,2206.0,2266.0,2955326.02719888,6715861068.7620945
2026-01-22 09:00:00,2266.0,2315.0,2228.0,2245.0,1607981.51699871,3664325169.8252773
2026-01-23 09:00:00,2246.0,2291.0,2201.0,2221.0,1802458.62425783,4054626843.885156
2026-01-24 09:00:00,2229.0,2244.0,2203.0,2224.0,993846.76075015,2207899793.197838
2026-01-25 09:00:00,2224.0,2238.0,2100.0,2129.0,2867223.30916135,6234688335.534914
2026-01-26 09:00:00,2130.0,2178.0,2116.0,2144.0,1840582.92394163,3939194770.861921
2026-01-27 09:00:00,2144.0,2194.0,2115.0,2167.0,1467558.47150162,3154696307.1476083
2026-01-28 09:00:00,2167.0,2176.0,2118.0,2152.0,1539835.04187761,3306311307.2723117
2026-01-29 09:00:00,2154.0,2165.0,1976.0,2019.0,3933988.5713553,8083284973.549039
2026-01-30 09:00:00,2018.0,2025.0,1900.0,1962.0,5445234.9328774,10642753133.431522
2026-01-31 09:00:00,1965.0,1968.0,1650.0,1802.0,5516455.63347626,10067088238.747318
2026-02-01 09:00:00,1802.0,1817.0,1690.0,1730.0,3287034.79485958,5807343361.550188
2026-02-02 09:00:00,1732.0,1834.0,1685.0,1782.0,2555878.53456658,4474982064.621345
2026-02-03 09:00:00,1780.0,1821.0,1673.0,1738.0,2323950.12861896,4068261014.214778
2026-02-04 09:00:00,1737.0,1778.0,1673.0,1709.0,1641066.82244013,2829368979.6230726
2026-02-05 09:00:00,1709.0,1723.0,1424.0,1442.0,5566154.81476204,8738597184.422775
2026-02-06 09:00:00,1446.0,1648.0,1250.0,1616.0,6556218.89791396,9434674805.484959
2026-02-07 09:00:00,1616.0,1639.0,1537.0,1588.0,2035798.93630264,3237489327.224999
2026-02-08 09:00:00,1588.0,1600.0,1530.0,1544.0,1057253.57811448,1661308994.3707583
2026-02-09 09:00:00,1544.0,1558.0,1462.0,1520.0,1525124.48274136,2302031223.9837885
2026-02-10 09:00:00,1520.0,1531.0,1459.0,1472.0,1498716.31156059,2219889529.5514126
2026-02-11 09:00:00,1471.0,1485.0,1395.0,1423.0,2226003.50015326,3184607868.5841107
2026-02-12 09:00:00,1424.0,1482.0,1376.0,1414.0,2938835.39537073,4167486168.677272
2026-02-13 09:00:00,1414.0,1507.0,1403.0,1500.0,2777313.24940518,4024603641.589984
2026-02-14 09:00:00,1500.0,1618.0,1490.0,1598.0,2015113.21385574,3107332385.5991716
2026-02-15 09:00:00,1598.0,1613.0,1529.0,1565.0,2138562.58688689,3374353206.827257
2026-02-16 09:00:00,1565.0,1591.0,1524.0,1567.0,1148862.34210882,1788547374.2894554
2026-02-17 09:00:00,1567.0,1583.0,1525.0,1545.0,1239956.75997699,1930460500.5026774
2026-02-18 09:00:00,1544.0,1575.0,1492.0,1510.0,1020312.16660269,1566601044.8576274
2026-02-19 09:00:00,1510.0,1510.0,1450.0,1487.0,1228828.73423321,1825402863.2780027
2026-02-20 09:00:00,1484.0,1555.0,1476.0,1551.0,1540080.63020173,2324815221.1885386
2026-02-21 09:00:00,1552.0,1631.0,1534.0,1556.0,2067034.5265406,3259721909.474892
2026-02-22 09:00:00,1556.0,1556.0,1479.0,1505.0,1167395.61923409,1762084452.585412
2026-02-23 09:00:00,1504.0,1512.0,1424.0,1444.0,1766027.1763063,2578766518.1084213
2026-02-24 09:00:00,1448.0,1461.0,1402.0,1417.0,1853959.34597964,2650912637.1458464
2026-02-25 09:00:00,1417.0,1810.0,1414.0,1687.0,6130897.30409287,9902646945.51948
2026-02-26 09:00:00,1689.0,1706.0,1572.0,1627.0,3612213.04426449,5955239575.610076
2026-02-27 09:00:00,1630.0,1660.0,1568.0,1599.0,2386662.88374107,3878256904.9044657
2026-02-28 09:00:00,1599.0,1711.0,1509.0,1710.0,4304884.61728158,6912267019.067879
2026-03-01 09:00:00,1709.0,1758.0,1624.0,1678.0,4964488.77194025,8387565101.451604
2026-03-02 09:00:00,1678.0,2065.0,1666.0,1989.0,28918661.07105101,53647644343.00085
2026-03-03 09:00:00,1987.0,2130.0,1945.0,1993.0,23592807.04147881,47551389854.86265
2026-03-04 09:00:00,1994.0,2078.0,1887.0,1904.0,13455773.33620109,26797304559.255215
2026-03-05 09:00:00,1905.0,1942.0,1813.0,1864.0,7121182.10820072,13348786941.324833
2026-03-06 09:00:00,1864.0,1906.0,1800.0,1816.0,3393268.91165386,6276240877.807692
2026-03-07 09:00:00,1816.0,1847.0,1782.0,1793.0,1923622.36891126,3477910632.1142435
2026-03-08 09:00:00,1795.0,1859.0,1765.0,1796.0,2980245.84926154,5383978181.749027
2026-03-09 09:00:00,1796.0,1879.0,1783.0,1809.0,3202640.80102729,5864511192.275326
2026-03-10 09:00:00,1813.0,1942.0,1797.0,1880.0,4887207.95152985,9202129138.50639
2026-03-11 09:00:00,1877.0,1934.0,1855.0,1899.0,3156888.81413485,5966690099.366056
2026-03-12 09:00:00,1902.0,2006.0,1878.0,2003.0,3739767.22445774,7248421999.570667
2026-03-13 09:00:00,2002.0,2078.0,1939.0,1965.0,6531754.7148593,13002310695.040854
2026-03-14 09:00:00,1966.0,1977.0,1925.0,1956.0,1826511.69207412,3555646596.2415495
2026-03-15 09:00:00,1957.0,2029.0,1944.0,1982.0,3209824.96707852,6370696091.104336
2026-03-16 09:00:00,1985.0,2218.0,1967.0,2191.0,6265208.53309943,13040426393.302431
2026-03-17 09:00:00,2191.0,2226.0,2100.0,2143.0,3367236.80852969,7254586579.3570175
2026-03-18 09:00:00,2142.0,2167.0,2041.0,2058.0,2743719.34986976,5775903180.2098255
2026-03-19 09:00:00,2062.0,2076.0,1967.0,1987.0,2585387.05231393,5195455605.030392
2026-03-20 09:00:00,1986.0,2035.0,1961.0,1967.0,1692521.71932045,3385280754.090533
2026-03-21 09:00:00,1967.0,1996.0,1917.0,1929.0,946064.74889779,1856107161.3639917
2026-03-22 09:00:00,1931.0,1962.0,1902.0,1914.0,1877209.38089662,3626975947.178125
2026-03-23 09:00:00,1914.0,1990.0,1882.0,1948.0,2727135.4292568,5285325055.775885
2026-03-24 09:00:00,1946.0,1983.0,1908.0,1926.0,2502086.994592,4866232409.164642
2026-03-25 09:00:00,1926.0,1956.0,1892.0,1913.0,2565648.8189859,4937988257.986849
2026-03-26 09:00:00,1913.0,1913.0,1821.0,1846.0,1756358.68241637,3261530294.74609
2026-03-27 09:00:00,1846.0,1870.0,1776.0,1795.0,1565859.37995018,2854741982.942751
2026-03-28 09:00:00,1797.0,1803.0,1763.0,1780.0,1235548.61631723,2203157103.5472174
2026-03-29 09:00:00,1784.0,1787.0,1725.0,1768.0,1021572.72553381,1799366490.639414
2026-03-30 09:00:00,1772.0,1851.0,1746.0,1766.0,2002345.92959298,3610203427.826666
2026-03-31 09:00:00,1767.0,1826.0,1763.0,1799.0,2276696.72723897,4099501344.449236
2026-04-01 09:00:00,1799.0,1854.0,1783.0,1803.0,1867574.00540604,3397269837.636326
2026-04-02 09:00:00,1806.0,1825.0,1739.0,1768.0,1474989.3216624,2604350527.1641197
2026-04-03 09:00:00,1768.0,1862.0,1758.0,1834.0,1610750.58838252,2942817038.408806
2026-04-04 09:00:00,1837.0,1951.0,1830.0,1900.0,2147156.76054336,4055910172.465528
2026-04-05 09:00:00,1900.0,1929.0,1859.0,1886.0,1828617.28539254,3461920313.57206
2026-04-06 09:00:00,1886.0,1956.0,1868.0,1883.0,1596493.67566064,3062583772.1860423
2026-04-07 09:00:00,1886.0,1999.0,1846.0,1953.0,1647739.65714931,3142020795.820336
2026-04-08 09:00:00,1952.0,2065.0,1910.0,1978.0,2997119.02943561,6000419684.967248
2026-04-09 09:00:00,1978.0,2064.0,1969.0,2028.0,1380148.04698346,2766795591.032517
2026-04-10 09:00:00,2031.0,2068.0,2000.0,2020.0,1342140.00767089,2726897455.0278587
2026-04-11 09:00:00,2020.0,2112.0,1981.0,2081.0,1575047.31304579,3224729123.9868083
2026-04-12 09:00:00,2084.0,2089.0,1974.0,2014.0,1360991.82182683,2729866590.907964
2026-04-13 09:00:00,2013.0,2098.0,2010.0,2092.0,2083948.50210824,4292948597.068434
2026-04-14 09:00:00,2091.0,2125.0,2001.0,2014.0,1921903.76918713,3970563968.5299644
2026-04-15 09:00:00,2014.0,2092.0,1989.0,2081.0,1452794.0886488,2957024223.9228954
2026-04-16 09:00:00,2082.0,2126.0,2026.0,2112.0,2071288.8627183,4319898768.680186
2026-04-17 09:00:00,2115.0,2118.0,2031.0,2078.0,2309456.83662334,4816249098.067594
2026-04-18 09:00:00,2075.0,2100.0,1992.0,1997.0,1550127.20440806,3181514073.9650445
2026-04-19 09:00:00,1996.0,2061.0,1966.0,1976.0,1365049.27341953,2730267775.361765
2026-04-20 09:00:00,1978.0,2029.0,1978.0,2017.0,909072.68959319,1823405992.5528607
2026-04-21 09:00:00,2017.0,2065.0,1998.0,2054.0,903303.58447106,1837391509.1368158
2026-04-22 09:00:00,2052.0,2115.0,2042.0,2076.0,1170419.54461839,2440469977.816655
2026-04-23 09:00:00,2077.0,2099.0,2038.0,2092.0,787849.59687366,1625729905.448274
2026-04-24 09:00:00,2090.0,2128.0,2082.0,2096.0,827751.14355982,1738926274.2297475
2026-04-25 09:00:00,2096.0,2115.0,2071.0,2090.0,639236.67572666,1339730471.6953855
2026-04-26 09:00:00,2087.0,2102.0,2053.0,2072.0,874628.51105338,1815174625.144911
2026-04-27 09:00:00,2072.0,2092.0,1999.0,2032.0,1056869.0387893,2160634894.363671
2026-04-28 09:00:00,2032.0,2032.0,1978.0,2001.0,744198.93030734,1493771868.5415354
2026-04-29 09:00:00,2000.0,2040.0,1935.0,1988.0,730614.41836931,1459469236.9317212
2026-04-30 09:00:00,1988.0,2002.0,1924.0,1932.0,884085.48244981,1736356109.8750098
2026-05-01 09:00:00,1932.0,1962.0,1900.0,1913.0,974824.9377529,1879477158.823547
2026-05-02 09:00:00,1913.0,1930.0,1895.0,1924.0,666558.53708105,1276741030.430458
2026-05-03 09:00:00,1927.0,1934.0,1881.0,1891.0,821987.45679007,1560629258.1115596
2026-05-04 09:00:00,1891.0,1935.0,1848.0,1875.0,2239723.87167339,4216772953.724695
2026-05-05 09:00:00,1875.0,1945.0,1869.0,1917.0,1523813.35143783,2892792141.819254
2026-05-06 09:00:00,1917.0,2271.0,1900.0,2183.0,13606598.94028446,29107747092.13986
2026-05-07 09:00:00,2183.0,2245.0,2143.0,2163.0,4565036.02092841,9978102811.155495
2026-05-08 09:00:00,2165.0,2361.0,2150.0,2351.0,4985752.52512773,11367284917.034922
2026-05-09 09:00:00,2351.0,2385.0,2286.0,2309.0,2498898.52392716,5830396866.797697
2026-05-10 09:00:00,2309.0,2385.0,2258.0,2291.0,1368884.07376432,3157786758.237416
2026-05-11 09:00:00,2293.0,2318.0,2226.0,2277.0,1411992.74685694,3206858124.191343
2026-05-12 09:00:00,2274.0,2444.0,2226.0,2386.0,4143239.50631048,9654425453.849546
2026-05-13 09:00:00,2386.0,2507.0,2307.0,2338.0,4538037.42434553,10931753763.929136
2026-05-14 09:00:00,2340.0,2417.0,2286.0,2326.0,2373286.36642514,5563917247.17114
2026-05-15 09:00:00,2325.0,2359.0,2247.0,2302.0,2351316.73297951,5410132081.3839655
2026-05-16 09:00:00,2298.0,2314.0,2205.0,2237.0,1707555.03332144,3845330664.023823
2026-05-17 09:00:00,2236.0,2325.0,2195.0,2251.0,1397837.47190848,3158430872.0618305
2026-05-18 09:00:00,2249.0,2418.0,2197.0,2415.0,2436239.59327647,5554701038.501774
2026-05-19 09:00:00,2415.0,2516.0,2358.0,2390.0,2833331.56630161,6850441606.399652
2026-05-20 09:00:00,2390.0,2565.0,2353.0,2527.0,2786325.4316195,6880898386.378942
2026-05-21 09:00:00,2525.0,2910.0,2517.0,2862.0,6063935.63103081,16395866480.627176
2026-05-22 09:00:00,2858.0,3479.0,2835.0,3156.0,27551277.8831468,89678565022.3767
2026-05-23 09:00:00,3156.0,3695.0,3020.0,3670.0,18354291.6771759,61759516511.03383
2026-05-24 09:00:00,3666.0,3750.0,3480.0,3584.0,13336553.37571611,48060756265.30621
2026-05-25 09:00:00,3584.0,4190.0,3491.0,4120.0,18638496.66240316,72054788274.92358
2026-05-26 09:00:00,4121.0,4402.0,3745.0,3780.0,18895593.35728446,77734453501.98787
2026-05-27 09:00:00,3780.0,4030.0,3626.0,3664.0,12879417.10866189,48369661640.87993
2026-05-28 09:00:00,3662.0,3700.0,3351.0,3570.0,9299405.43808448,32786619447.08065
2026-05-29 09:00:00,3568.0,3888.0,3500.0,3528.0,14392438.30040515,53139266434.664635
2026-05-30 09:00:00,3528.0,3620.0,3301.0,3334.0,8150571.62257899,28425497095.74147
2026-05-31 09:00:00,3338.0,3475.0,3272.0,3420.0,6338670.46622501,21474992658.637714
2026-06-01 09:00:00,3420.0,3967.0,3330.0,3851.0,12210621.54086042,43952969670.829025
2026-06-02 09:00:00,3851.0,4097.0,3621.0,3880.0,16225546.42991949,62558189663.78094
2026-06-03 09:00:00,3884.0,4562.0,3884.0,4176.0,25170308.33551106,107227294742.9466
2026-06-04 09:00:00,4173.0,4231.0,3255.0,3292.0,27636822.88926861,101333931995.2969
2026-06-05 09:00:00,3292.0,3442.0,2806.0,3002.0,24989450.79791575,78200936191.95522
2026-06-06 09:00:00,3001.0,3054.0,2775.0,2824.0,8060722.45777114,23469573380.420177
2026-06-07 09:00:00,2826.0,3180.0,2758.0,3102.0,13373777.41212521,39703823549.24639
2026-06-08 09:00:00,3102.0,3383.0,3041.0,3195.0,13581123.25015476,43574782418.89128
2026-06-09 09:00:00,3200.0,3383.0,3062.0,3227.0,9210833.83263467,29509822114.364883
2026-06-10 09:00:00,3227.0,3300.0,2916.0,2965.0,7696718.47380871,24071324966.082283
2026-06-11 09:00:00,2965.0,3177.0,2936.0,3104.0,6242486.77716831,19065455304.50139
2026-06-12 09:00:00,3104.0,3235.0,2983.0,3033.0,6521671.16922696,20382796923.988636
2026-06-13 09:00:00,3033.0,3295.0,3004.0,3218.0,5266320.74291608,16501495600.108538
2026-06-14 09:00:00,3215.0,3369.0,3109.0,3342.0,4464995.60532808,14386015935.40923
2026-06-15 09:00:00,3345.0,3818.0,3324.0,3590.0,10453383.12155222,37675843145.55835
2026-06-16 09:00:00,3590.0,3845.0,3440.0,3472.0,7981128.67862782,28875839304.745773
2026-06-17 09:00:00,3471.0,3581.0,3277.0,3292.0,5460124.29401218,18856468330.413754
2026-06-18 09:00:00,3290.0,3474.0,3226.0,3376.0,5656180.01652701,18901175940.937336
2026-06-19 09:00:00,3381.0,3402.0,3150.0,3310.0,4089359.40976526,13263577327.145168
2026-06-20 09:00:00,3306.0,3330.0,3175.0,3320.0,2300129.66658676,7510037402.035298
2026-06-21 09:00:00,3319.0,3437.0,3151.0,3168.0,3694541.93330353,12223287845.10963
2026-06-22 09:00:00,3173.0,3315.0,3107.0,3126.0,3999563.06563939,12910330958.841875
2026-06-23 09:00:00,3126.0,3129.0,2963.0,2988.0,2763986.1390715,8396079353.186526
2026-06-24 09:00:00,2990.0,3020.0,2843.0,2981.0,2285133.63761077,6733846884.949852
2026-06-25 09:00:00,2981.0,2994.0,2704.0,2786.0,3164467.87506302,9038423193.868193
2026-06-26 09:00:00,2792.0,2820.0,2661.0,2731.0,3257454.57599953,8919073632.535757
2026-06-27 09:00:00,2734.0,2921.0,2714.0,2836.0,2633114.9088941,7416104723.167515
2026-06-28 09:00:00,2837.0,2963.0,2736.0,2776.0,2667278.00224418,7581317809.9328575
2026-06-29 09:00:00,2776.0,2897.0,2741.0,2822.0,2289028.64133379,6421013387.108353
2026-06-30 09:00:00,2819.0,2846.0,2684.0,2711.0,1565798.93254387,4331955328.675083
2026-07-01 09:00:00,2715.0,2847.0,2638.0,2746.0,2463135.83288567,6798517802.545741
2026-07-02 09:00:00,2750.0,2955.0,2742.0,2935.0,3154055.94602423,9127117311.887478
2026-07-03 09:00:00,2935.0,3184.0,2901.0,3080.0,3671949.27602829,11138765127.981165
2026-07-04 09:00:00,3080.0,3102.0,2957.0,3017.0,2459311.22225096,7432323760.688991
2026-07-05 09:00:00,3018.0,3094.0,2903.0,3034.0,1378707.79852445,4124872954.265824
2026-07-06 09:00:00,3033.0,3168.0,2948.0,3084.0,3096987.66469441,9425607039.072468
2026-07-07 09:00:00,3084.0,3122.0,2953.0,2960.0,2975272.68329427,9048466860.675009
2026-07-08 09:00:00,2969.0,2988.0,2757.0,2824.0,2554081.56540248,7254767695.718162
2026-07-09 09:00:00,2829.0,2950.0,2797.0,2868.0,1445104.06327045,4135344579.3544507
2026-07-10 09:00:00,2868.0,2936.0,2770.0,2825.0,1659376.66004022,4751695547.655855
2026-07-11 09:00:00,2825.0,2865.0,2783.0,2789.0,1275445.05627119,3608195442.83205
2026-07-12 09:00:00,2788.0,2885.0,2773.0,2816.0,1307301.19827942,3684869496.6167893
2026-07-13 09:00:00,2816.0,2930.0,2765.0,2851.0,2265430.46786307,6433661935.298734
2026-07-14 09:00:00,2851.0,3036.0,2838.0,2959.0,2910542.22770462,8575020376.279324
2026-07-15 09:00:00,2953.0,3100.0,2941.0,3035.0,2448901.49872335,7387466687.824683
2026-07-16 09:00:00,3039.0,3061.0,2886.0,2894.0,1757453.87108336,5270785895.18338
2026-07-17 09:00:00,2895.0,2954.0,2779.0,2846.0,1674965.59053367,4794420759.673588
2026-07-18 09:00:00,2846.0,2873.0,2800.0,2848.0,899544.49138819,2550033822.3556986
2026-07-19 09:00:00,2850.0,2860.0,2793.0,2818.0,817061.87118963,2312383166.8035774
2026-07-20 09:00:00,2818.0,2914.0,2782.0,2893.0,1564992.13676093,4458790223.010039
2026-07-21 09:00:00,2887.0,3003.0,2804.0,2829.0,2927624.29035721,8466904306.302645
2026-07-22 09:00:00,2829.0,2857.0,2704.0,2733.0,2502083.06367356,6927032365.809768
2026-07-23 09:00:00,2729.0,2776.0,2702.0,2760.0,1931613.54652507,5302108310.132011
2026-07-24 09:00:00,2757.0,2795.0,2622.0,2645.0,2167580.38724743,5887140870.334216
2026-07-25 09:00:00,2646.0,2655.0,2600.0,2628.0,1227492.07332244,3225739018.5286975
2026-07-26 09:00:00,2625.0,2678.0,2608.0,2672.0,991061.17004869,2607340499.427176
2026-07-27 09:00:00,2673.0,2703.0,2456.0,2468.0,2218899.7809719,5774271423.602798
2026-07-28 09:00:00,2468.0,2478.0,2363.0,2399.0,1705630.67466847,4127588708.0402174
2026-07-29 09:00:00,2400.0,2416.0,2255.0,2320.0,2673078.46767414,6164832016.033776
2026-07-30 09:00:00,2320.0,2401.0,2293.0,2371.0,1340261.96005234,3127592516.370548
2026-07-31 09:00:00,2375.0,2449.0,2326.0,2386.0,1134662.18472406,2699322475.962909
2026-08-01 09:00:00,2390.0,2423.0,2364.0,2415.0,572170.51436293,1370401669.7224665
2026-08-02 09:00:00,2415.0,2490.0,2411.0,2455.0,771964.54553526,1892989853.6535287
2026-08-03 09:00:00,2459.0,2495.0,2418.0,2467.0,989425.82534899,2427314382.739416
2026-08-04 09:00:00,2467.0,2517.0,2445.0,2461.0,656326.57880994,1629701510.9246402
2026-08-05 09:00:00,2461.0,2461.0,2394.0,2410.0,682593.91698178,1654812679.3250012
2026-08-06 09:00:00,2408.0,2448.0,2345.0,2351.0,771243.49590346,1847566620.8652678
2026-08-07 09:00:00,2352.0,2364.0,2223.0,2238.0,1247985.85167905,2871033474.578793
2026-08-08 09:00:00,2238.0,2298.0,2226.0,2267.0,627832.11829845,1417816663.0772457
2026-08-09 09:00:00,2268.0,2309.0,2240.0,2246.0,572410.89444392,1303728726.012261
2026-08-10 09:00:00,2244.0,2344.0,2243.0,2259.0,994644.43749459,2288173142.467737
2026-08-11 09:00:00,2258.0,2283.0,2166.0,2283.0,1335951.90327156,2977404734.0618496
2026-08-12 09:00:00,2284.0,2370.0,2273.0,2327.0,1706526.38516549,3964263837.5492764
2026-08-13 09:00:00,2323.0,2373.0,2293.0,2317.0,778355.80443728,1814196050.1410806
2026-08-14 09:00:00,2317.0,2321.0,2233.0,2321.0,946491.8527459,2148842018.1060133
2026-08-15 09:00:00,2322.0,2360.0,2288.0,2289.0,627652.65601142,1457296540.92489
2026-08-16 09:00:00,2288.0,2305.0,2245.0,2273.0,285620.4234124,650592422.3781203
2026-08-17 09:00:00,2273.0,2335.0,2265.0,2307.0,390619.63931301,899759959.1954545
2026-08-18 09:00:00,2307.0,2341.0,2231.0,2234.0,1220641.54980369,2786219964.766297
2026-08-19 09:00:00,2234.0,2421.0,2198.0,2377.0,1548385.69356174,3552934818.5340343
2026-08-20 09:00:00,2381.0,2455.0,2348.0,2434.0,2498876.40137348,6005595921.400338
2026-08-21 09:00:00,2436.0,2719.0,2422.0,2698.0,4852295.49796602,12547128645.851116
2026-08-22 09:00:00,2698.0,2950.0,2291.0,2573.0,7909833.73721263,21130535570.918446
2026-08-23 09:00:00,2571.0,2793.0,2485.0,2769.0,3349560.16820003,8875549896.466198
2026-08-24 09:00:00,2767.0,2844.0,2652.0,2688.0,4862086.52955601,13331488130.631699
2026-08-25 09:00:00,2688.0,2763.0,2556.0,2590.0,3246463.31219438,8684752577.167175
2026-08-26 09:00:00,2590.0,2654.0,2519.0,2641.0,1946513.88070831,5030502171.432152
2026-08-27 09:00:00,2640.0,2707.0,2556.0,2663.0,1888350.67032266,4994039091.589938
2026-08-28 09:00:00,2667.0,2720.0,2496.0,2527.0,2442035.35777294,6307804238.570344
2026-08-29 09:00:00,2528.0,2620.0,2471.0,2600.0,1162223.25022605,2941341655.8573995
2026-08-30 09:00:00,2598.0,2671.0,2496.0,2534.0,1705022.77083496,4436570429.068026
2026-08-31 09:00:00,2530.0,2662.0,2508.0,2644.0,2125592.72321015,5468615844.367615
2026-09-01 09:00:00,2644.0,2744.0,2640.0,2709.0,737074.59025015,1980616143.8796887
