,open,high,low,close,volume,value
2021-09-28 09:00:00,1265.0,1295.0,1195.0,1205.0,2041067.15511628,2538271355.9364367
2021-09-29 09:00:00,1200.0,1280.0,1180.0,1240.0,1280915.34607672,1583986195.9127686
2021-09-30 09:00:00,1235.0,1380.0,1225.0,1340.0,4491599.10494994,5873650910.502763
2021-10-01 09:00:00,1340.0,1475.0,1315.0,1460.0,4900202.7465757,6851703273.519347
2021-10-02 09:00:00,1460.0,1505.0,1435.0,1460.0,3731437.0397238,5489638518.398343
2021-10-03 09:00:00,1460.0,1500.0,1400.0,1475.0,3349055.79005159,4895451844.831328
2021-10-04 09:00:00,1475.0,1535.0,1415.0,1535.0,7483416.93352713,11064487340.401562
2021-10-05 09:00:00,1530.0,1635.0,1460.0,1610.0,7700567.31309634,11836169208.225363
2021-10-06 09:00:00,1610.0,1720.0,1530.0,1650.0,14427798.60683908,23518102855.85189
2021-10-07 09:00:00,1655.0,1900.0,1580.0,1625.0,15846294.25891835,26479120824.607136
2021-10-08 09:00:00,1630.0,1760.0,1590.0,1740.0,14088187.83612422,23621607611.90266
2021-10-09 09:00:00,1735.0,1810.0,1650.0,1705.0,12569346.20678696,21673044025.81749
2021-10-10 09:00:00,1700.0,1895.0,1665.0,1890.0,19391211.98725147,34383074711.53325
2021-10-11 09:00:00,1880.0,1890.0,1700.0,1770.0,12600898.35258345,22359895293.281784
2021-10-12 09:00:00,1770.0,1770.0,1525.0,1625.0,11120409.0847824,17967765370.25236
2021-10-13 09:00:00,1615.0,1655.0,1555.0,1645.0,6238458.28172423,9966182830.806267
2021-10-14 09:00:00,1645.0,1670.0,1610.0,1655.0,5023147.51611566,8194948225.166056
2021-10-15 09:00:00,1655.0,1655.0,1505.0,1605.0,6111817.21174192,9686475025.71385
2021-10-16 09:00:00,1605.0,1725.0,1580.0,1645.0,7162010.88025356,11925809853.084734
2021-10-17 09:00:00,1650.0,1655.0,1535.0,1590.0,2069040.34383566,3306492931.7610917
2021-10-18 09:00:00,1580.0,1645.0,1515.0,1580.0,5439464.7658476,8624335080.597828
2021-10-19 09:00:00,1580.0,1580.0,1510.0,1555.0,2433361.83981072,3753260373.823456
2021-10-20 09:00:00,1560.0,1705.0,1510.0,1570.0,7783504.32618443,12272565951.72045
2021-10-21 09:00:00,1570.0,1600.0,1510.0,1530.0,2807455.17111416,4388712898.060987
2021-10-22 09:00:00,1530.0,1565.0,1510.0,1555.0,3579574.88849091,5528667893.491854
2021-10-23 09:00:00,1560.0,1690.0,1520.0,1560.0,10471523.10152487,16601497937.218138
2021-10-24 09:00:00,1560.0,1580.0,1520.0,1570.0,2801028.6300905,4332813977.009624
2021-10-25 09:00:00,1570.0,1610.0,1535.0,1610.0,2247453.03471376,3532995876.876063
2021-10-26 09:00:00,1605.0,1640.0,1565.0,1585.0,2801698.1310612,4460222484.652259
2021-10-27 09:00:00,1585.0,1640.0,1350.0,1400.0,11011232.770735,16617777622.152699
2021-10-28 09:00:00,1400.0,1450.0,1345.0,1450.0,3265048.35588876,4605906308.69305
2021-10-29 09:00:00,1445.0,1500.0,1425.0,1500.0,4418883.14798536,6490559410.71383
2021-10-30 09:00:00,1500.0,1600.0,1445.0,1565.0,13517293.09639493,20607062360.05452
2021-10-31 09:00:00,1575.0,3470.0,1530.0,2405.0,726548746.9956243,1888671957178.5415
2021-11-01 09:00:00,2410.0,2605.0,1985.0,2210.0,187729623.00490347,417826567854.2777
2021-11-02 09:00:00,2210.0,2590.0,2140.0,2190.0,105653794.13514921,245642578599.01935
2021-11-03 09:00:00,2190.0,2195.0,1940.0,2030.0,20211532.08036429,41535306634.96041
2021-11-04 09:00:00,2025.0,2030.0,1905.0,1950.0,9860221.92376182,19361126635.68657
2021-11-05 09:00:00,1950.0,2095.0,1930.0,1970.0,19065199.333982,38330226538.61897
2021-11-06 09:00:00,1970.0,2050.0,1930.0,2025.0,8156538.26602433,16192514381.313116
2021-11-07 09:00:00,2025.0,2090.0,1990.0,2005.0,6596394.93162319,13386846927.900698
2021-11-08 09:00:00,2005.0,2015.0,1890.0,1950.0,7029173.77146781,13600317113.775688
2021-11-09 09:00:00,1960.0,1985.0,1895.0,1940.0,5723309.8220127,11155131769.75393
2021-11-10 09:00:00,1940.0,2045.0,1750.0,1835.0,8161343.91838796,15577872514.56892
2021-11-11 09:00:00,1835.0,1870.0,1795.0,1855.0,2859122.11602346,5262354599.902176
2021-11-12 09:00:00,1850.0,2165.0,1810.0,1975.0,42935636.6717327,86804694906.317
2021-11-13 09:00:00,1980.0,2300.0,1955.0,2000.0,63010968.54518167,135178825164.37376
2021-11-14 09:00:00,2000.0,2165.0,1990.0,2100.0,29387024.9936465,61303622141.45488
2021-11-15 09:00:00,2115.0,2260.0,2070.0,2160.0,25831448.63627686,55617062410.47753
2021-11-16 09:00:00,2165.0,2170.0,1895.0,1970.0,23513816.32914415,46796869868.13543
2021-11-17 09:00:00,1970.0,2345.0,1940.0,2095.0,45445791.33025217,95790947507.36523
2021-11-18 09:00:00,2100.0,3000.0,2030.0,2180.0,190729076.31258333,481218018044.7704
2021-11-19 09:00:00,2180.0,2790.0,2050.0,2570.0,185509377.80680838,464908968840.75134
2021-11-20 09:00:00,2570.0,2955.0,2500.0,2675.0,87167194.78984812,237809113726.18784
2021-11-21 09:00:00,2670.0,2680.0,2425.0,2440.0,23777925.43163249,60231293931.47904
2021-11-22 09:00:00,2445.0,2720.0,2270.0,2470.0,38574118.33713331,95747388130.85274
2021-11-23 09:00:00,2470.0,2570.0,2355.0,2530.0,18885308.77502053,45861450372.97939
2021-11-24 09:00:00,2530.0,2795.0,2515.0,2785.0,46378089.14529112,122374501032.69809
2021-11-25 09:00:00,2790.0,2955.0,2565.0,2740.0,41571500.0715014,112904733072.31563
2021-11-26 09:00:00,2740.0,4220.0,2680.0,3535.0,344781242.6998375,1269197424159.773
2021-11-27 09:00:00,3505.0,4445.0,3415.0,3650.0,153578095.60965663,601959101066.007
2021-11-28 09:00:00,3650.0,3925.0,3225.0,3520.0,56461055.43449943,197825503247.70294
2021-11-29 09:00:00,3510.0,3920.0,3420.0,3685.0,85298561.16577937,313098091837.5083
2021-11-30 09:00:00,3685.0,3790.0,3270.0,3285.0,32349296.53858593,112506226323.84251
2021-12-01 09:00:00,3275.0,3285.0,3120.0,3190.0,15976490.02483418,50954741549.761986
2021-12-02 09:00:00,3190.0,3190.0,2925.0,3030.0,14277687.42348115,43041470567.68657
2021-12-03 09:00:00,3030.0,3035.0,2670.0,2725.0,15956573.90181132,45343926213.71431
2021-12-04 09:00:00,2720.0,2800.0,1715.0,2325.0,53832873.2133936,121605604845.30643
2021-12-05 09:00:00,2325.0,2560.0,2090.0,2185.0,58429982.22068192,138626820166.34805
2021-12-06 09:00:00,2180.0,2310.0,1945.0,2270.0,24122514.25769289,50321186725.323944
2021-12-07 09:00:00,2265.0,2395.0,2210.0,2315.0,17058824.59713909,39194401161.16481
2021-12-08 09:00:00,2305.0,2525.0,2155.0,2355.0,24323137.68237161,56612243100.82549
2021-12-09 09:00:00,2355.0,2380.0,2090.0,2105.0,10206999.75142681,22811738810.684566
2021-12-10 09:00:00,2105.0,2160.0,1990.0,2015.0,7678299.19583975,15978739517.048115
2021-12-11 09:00:00,2015.0,2065.0,1965.0,2055.0,3353662.80379209,6755551136.973844
2021-12-12 09:00:00,2060.0,2140.0,2005.0,2095.0,4289240.77394109,8822585388.316523
2021-12-13 09:00:00,2095.0,2115.0,1805.0,1820.0,7503426.97241851,14549147873.549936
2021-12-14 09:00:00,1820.0,1870.0,1720.0,1815.0,7519630.70202478,13438341758.884546
2021-12-15 09:00:00,1815.0,1970.0,1680.0,1955.0,9448968.47148371,17229055213.52149
2021-12-16 09:00:00,1955.0,2195.0,1925.0,2015.0,19267761.00605333,40392195613.36798
2021-12-17 09:00:00,2015.0,2405.0,2000.0,2275.0,47460765.37592091,106420786942.7539
2021-12-18 09:00:00,2270.0,2295.0,2155.0,2225.0,13093414.46794823,29103341324.027695
2021-12-19 09:00:00,2225.0,2270.0,2090.0,2110.0,7994885.44915766,17594094500.121925
2021-12-20 09:00:00,2110.0,2120.0,1935.0,2005.0,5868680.01498314,11851560365.171131
2021-12-21 09:00:00,2010.0,2235.0,1965.0,2225.0,18559094.36182036,40078183466.36246
2021-12-22 09:00:00,2225.0,2435.0,2185.0,2425.0,24500947.91234325,57594338969.09317
2021-12-23 09:00:00,2425.0,2555.0,2370.0,2530.0,23926571.20846592,58685860304.09075
2021-12-24 09:00:00,2530.0,2565.0,2355.0,2390.0,13486518.15885799,33376740433.808453
2021-12-25 09:00:00,2390.0,2515.0,2365.0,2445.0,10057510.30261391,24543733811.39844
2021-12-26 09:00:00,2445.0,2530.0,2355.0,2505.0,15279090.48018794,37532623624.24671
2021-12-27 09:00:00,2510.0,2640.0,2480.0,2490.0,13800376.01587394,35347705206.93494
2021-12-28 09:00:00,2490.0,2495.0,2190.0,2220.0,14312103.481069,33483631099.533672
2021-12-29 09:00:00,2220.0,2255.0,2065.0,2105.0,8042632.34993669,17392785447.96801
2021-12-30 09:00:00,2105.0,2195.0,2030.0,2145.0,6154887.51268439,13014070101.33871
2021-12-31 09:00:00,2150.0,2230.0,2080.0,2130.0,4793956.51068169,10310684702.879133
2022-01-01 09:00:00,2140.0,2305.0,2140.0,2230.0,8892928.51165222,19799966240.47629
2022-01-02 09:00:00,2230.0,2505.0,2190.0,2345.0,15779413.87525736,36735977040.02468
2022-01-03 09:00:00,2345.0,2400.0,2205.0,2260.0,7976965.76327768,18401964451.03939
2022-01-04 09:00:00,2265.0,2280.0,2150.0,2190.0,6101643.91284164,13514852997.858162
2022-01-05 09:00:00,2185.0,2280.0,1890.0,2015.0,9982272.65624806,21298470398.5929
2022-01-06 09:00:00,2015.0,2075.0,1900.0,2040.0,10290761.32987462,20393098128.277367
2022-01-07 09:00:00,2050.0,2160.0,1865.0,1945.0,15432751.37175271,31075122257.578884
2022-01-08 09:00:00,1940.0,1990.0,1820.0,1895.0,4584595.56127731,8795515105.758373
2022-01-09 09:00:00,1900.0,2040.0,1880.0,1915.0,12064988.09784434,23519168763.436302
2022-01-10 09:00:00,1925.0,1980.0,1705.0,1865.0,11091251.63892307,20587393872.246353
2022-01-11 09:00:00,1860.0,1960.0,1775.0,1945.0,7299212.2920761,13514290933.462854
2022-01-12 09:00:00,1950.0,2045.0,1900.0,2035.0,6478322.44849593,12767376593.165596
2022-01-13 09:00:00,2030.0,2055.0,1915.0,1930.0,7785578.5231176,15554105890.82808
2022-01-14 09:00:00,1930.0,1965.0,1870.0,1960.0,5025726.95310107,9677911772.148325
2022-01-15 09:00:00,1960.0,2095.0,1925.0,2060.0,8353507.1200033,16910988695.67897
2022-01-16 09:00:00,2060.0,2090.0,1985.0,2010.0,3908365.69283287,7915289952.156105
2022-01-17 09:00:00,2010.0,2120.0,1910.0,1950.0,10531122.18751374,21271215006.519417
2022-01-18 09:00:00,1955.0,1970.0,1800.0,1875.0,5982219.84291747,11146187528.407276
2022-01-19 09:00:00,1875.0,1890.0,1745.0,1765.0,4270083.92435159,7708413592.737173
2022-01-20 09:00:00,1770.0,1835.0,1690.0,1710.0,5581242.26740326,9881977480.041384
2022-01-21 09:00:00,1705.0,1715.0,1430.0,1475.0,10802194.56244258,17116198527.616478
2022-01-22 09:00:00,1475.0,1490.0,1185.0,1290.0,10223485.51981576,13504712676.868847
2022-01-23 09:00:00,1290.0,1340.0,1260.0,1330.0,5480975.40848992,7153677708.761436
2022-01-24 09:00:00,1335.0,1350.0,1150.0,1250.0,7462993.55004022,9179006029.197649
2022-01-25 09:00:00,1250.0,1255.0,1185.0,1235.0,5507879.18305486,6705697740.241904
2022-01-26 09:00:00,1230.0,1390.0,1215.0,1315.0,13744188.19748879,17949068435.878334
2022-01-27 09:00:00,1315.0,1385.0,1235.0,1325.0,9582155.5638459,12544652484.949957
2022-01-28 09:00:00,1330.0,1405.0,1300.0,1400.0,6907977.44366863,9262880351.6988
2022-01-29 09:00:00,1395.0,1445.0,1380.0,1430.0,6357911.89018306,8960455353.015846
2022-01-30 09:00:00,1430.0,1465.0,1370.0,1450.0,5897461.52594625,8399912224.726168
2022-01-31 09:00:00,1450.0,1465.0,1355.0,1430.0,6881039.01404628,9597869801.79648
2022-02-01 09:00:00,1430.0,1440.0,1395.0,1425.0,5384292.97651097,7640328853.71081
2022-02-02 09:00:00,1425.0,1535.0,1365.0,1375.0,17183477.29813452,24986364688.67149
2022-02-03 09:00:00,1375.0,1445.0,1360.0,1420.0,8078090.34362198,11301247926.46395
2022-02-04 09:00:00,1420.0,1525.0,1410.0,1525.0,10696766.57802119,15678687395.371601
2022-02-05 09:00:00,1520.0,1675.0,1505.0,1620.0,16808935.09615444,27116761184.260544
2022-02-06 09:00:00,1620.0,1670.0,1550.0,1650.0,7426023.61932969,12006657762.903257
2022-02-07 09:00:00,1645.0,1715.0,1600.0,1715.0,8712061.94738125,14432681050.523918
2022-02-08 09:00:00,1715.0,1735.0,1550.0,1640.0,10799488.02993369,17678333673.15079
2022-02-09 09:00:00,1640.0,1705.0,1595.0,1640.0,8933634.98444164,14704605827.694447
2022-02-10 09:00:00,1640.0,1645.0,1525.0,1545.0,6748825.70656082,10731797233.295715
2022-02-11 09:00:00,1540.0,1565.0,1390.0,1425.0,6329652.1120959,9514028582.30026
2022-02-12 09:00:00,1425.0,1435.0,1355.0,1415.0,4023268.47321264,5640663652.006458
2022-02-13 09:00:00,1415.0,1430.0,1375.0,1400.0,2166956.99187973,3043444157.240778
2022-02-14 09:00:00,1395.0,1400.0,1325.0,1375.0,3068925.81346221,4170714492.94389
2022-02-15 09:00:00,1370.0,1485.0,1370.0,1480.0,3187473.33781552,4552102334.336966
2022-02-16 09:00:00,1480.0,1480.0,1410.0,1450.0,3840936.88386718,5559708132.477749
2022-02-17 09:00:00,1450.0,1470.0,1300.0,1305.0,4993953.35012558,6902991911.080039
2022-02-18 09:00:00,1310.0,1340.0,1255.0,1280.0,4181883.90986424,5443857760.400221
2022-02-19 09:00:00,1280.0,1290.0,1205.0,1255.0,2753364.77977902,3439263447.8669477
2022-02-20 09:00:00,1255.0,1265.0,1180.0,1200.0,4490802.56860691,5468812862.052423
2022-02-21 09:00:00,1200.0,1260.0,1080.0,1090.0,6150930.15343466,7234202688.636821
2022-02-22 09:00:00,1090.0,1135.0,1045.0,1130.0,3895541.36564437,4243251614.7470255
2022-02-23 09:00:00,1135.0,1180.0,1085.0,1100.0,3893390.96714907,4430684120.744854
2022-02-24 09:00:00,1105.0,1110.0,966.0,1095.0,7473743.84949815,7648347935.225526
2022-02-25 09:00:00,1095.0,1210.0,1080.0,1170.0,10768821.4810925,12281770540.749733
2022-02-26 09:00:00,1170.0,1250.0,1170.0,1215.0,6814167.68760561,8229673885.77195
2022-02-27 09:00:00,1215.0,1230.0,1135.0,1155.0,6238023.17588527,7397860721.84456
2022-02-28 09:00:00,1155.0,1270.0,1130.0,1260.0,6286573.20628249,7465214618.855335
2022-03-01 09:00:00,1265.0,1375.0,1250.0,1320.0,22041286.71158559,28975423917.43596
2022-03-02 09:00:00,1320.0,1325.0,1250.0,1315.0,6064033.30895911,7804176402.507027
2022-03-03 09:00:00,1305.0,1310.0,1235.0,1270.0,4209679.80956102,5356899369.438355
2022-03-04 09:00:00,1270.0,1325.0,1165.0,1175.0,6018478.77723282,7400843933.1323395
2022-03-05 09:00:00,1175.0,1200.0,1140.0,1185.0,2433468.8120469,2845909880.825775
2022-03-06 09:00:00,1185.0,1215.0,1135.0,1135.0,5900277.94974739,6969897801.5617485
2022-03-07 09:00:00,1140.0,1160.0,1080.0,1110.0,4740992.94848751,5292148535.041355
2022-03-08 09:00:00,1105.0,1170.0,1095.0,1165.0,3984222.71623305,4541279825.745441
2022-03-09 09:00:00,1165.0,1220.0,1155.0,1215.0,3674941.74181521,4373161622.331956
2022-03-10 09:00:00,1215.0,1500.0,1125.0,1280.0,35473002.35577695,47305467492.58389
2022-03-11 09:00:00,1280.0,1355.0,1200.0,1210.0,15106387.03458088,19094061069.897854
2022-03-12 09:00:00,1210.0,1315.0,1200.0,1285.0,9295422.35887801,11791801181.331833
2022-03-13 09:00:00,1280.0,1340.0,1235.0,1250.0,9232808.95791627,12000429334.005991
2022-03-14 09:00:00,1245.0,1250.0,1205.0,1235.0,5424421.26576153,6654492624.998725
2022-03-15 09:00:00,1235.0,1310.0,1190.0,1240.0,5883271.28753097,7226981309.28783
2022-03-16 09:00:00,1240.0,1295.0,1220.0,1290.0,5053408.08347848,6317735052.9394045
2022-03-17 09:00:00,1290.0,1315.0,1250.0,1290.0,3433447.40615658,4399189175.371848
2022-03-18 09:00:00,1295.0,1310.0,1245.0,1305.0,3474164.13585553,4429006733.096558
2022-03-19 09:00:00,1300.0,1340.0,1290.0,1330.0,3542273.19272449,4658968471.8668785
2022-03-20 09:00:00,1325.0,1390.0,1290.0,1315.0,6131201.79884527,8159738814.941204
2022-03-21 09:00:00,1315.0,1360.0,1280.0,1350.0,5013946.47745948,6619754025.295132
2022-03-22 09:00:00,1350.0,1405.0,1330.0,1375.0,3786042.16395495,5179653073.241117
2022-03-23 09:00:00,1380.0,1445.0,1345.0,1410.0,5132259.85697077,7112639000.05771
2022-03-24 09:00:00,1415.0,1445.0,1385.0,1435.0,6258457.52900586,8877752424.09619
2022-03-25 09:00:00,1435.0,1450.0,1405.0,1430.0,3795654.87206875,5401375197.799038
2022-03-26 09:00:00,1430.0,1570.0,1420.0,1520.0,17939055.78902697,26712248823.830097
2022-03-27 09:00:00,1520.0,1650.0,1500.0,1605.0,18250329.43480138,28814685604.67601
2022-03-28 09:00:00,1605.0,1655.0,1585.0,1605.0,13520979.56578355,21892524500.722454
2022-03-29 09:00:00,1605.0,1660.0,1550.0,1625.0,11067246.74419943,17843044312.148605
2022-03-30 09:00:00,1625.0,1860.0,1540.0,1700.0,48164342.44598168,83883302792.87863
2022-03-31 09:00:00,1700.0,1770.0,1595.0,1650.0,17622915.80076442,30015563347.22103
2022-04-01 09:00:00,1650.0,1710.0,1560.0,1705.0,8102980.75845085,13248156358.791142
2022-04-02 09:00:00,1710.0,1790.0,1675.0,1730.0,12794224.62453975,22085799905.98779
2022-04-03 09:00:00,1725.0,1855.0,1665.0,1785.0,18613342.93366994,32716478278.66344
2022-04-04 09:00:00,1785.0,2055.0,1565.0,1645.0,78364366.98976488,144493104867.46967
2022-04-05 09:00:00,1645.0,1675.0,1575.0,1585.0,12082387.06173801,19771506816.861225
2022-04-06 09:00:00,1580.0,1585.0,1365.0,1370.0,9591292.55461103,14016799084.213224
2022-04-07 09:00:00,1370.0,1440.0,1330.0,1430.0,6476103.87990865,9031318989.52285
2022-04-08 09:00:00,1430.0,1490.0,1395.0,1400.0,6870605.2515268,9949028574.2953
2022-04-09 09:00:00,1400.0,1445.0,1375.0,1430.0,2503488.58740363,3539998183.1642065
2022-04-10 09:00:00,1435.0,1440.0,1375.0,1375.0,2104853.17349721,2957113543.0987887
2022-04-11 09:00:00,1375.0,1380.0,1245.0,1255.0,4175376.82404254,5423929178.398566
2022-04-12 09:00:00,1255.0,1425.0,1225.0,1320.0,18873503.64878154,25297519233.844124
2022-04-13 09:00:00,1320.0,1435.0,1310.0,1410.0,16220861.30484606,22280706370.653225
2022-04-14 09:00:00,1415.0,1430.0,1330.0,1360.0,5737356.34634391,7978749522.423777
2022-04-15 09:00:00,1360.0,1400.0,1325.0,1355.0,4506279.71101492,6136966396.467059
2022-04-16 09:00:00,1355.0,1365.0,1315.0,1365.0,2492360.90308834,3359698202.006386
2022-04-17 09:00:00,1365.0,1380.0,1305.0,1315.0,2995046.41418434,4037854901.9558506
2022-04-18 09:00:00,1315.0,1330.0,1240.0,1325.0,4857350.35994038,6240021786.5409775
2022-04-19 09:00:00,1325.0,1570.0,1305.0,1565.0,17593353.49844585,25622645915.961224
2022-04-20 09:00:00,1565.0,1730.0,1455.0,1470.0,105210265.58681794,170561732926.78967
2022-04-21 09:00:00,1470.0,1495.0,1360.0,1385.0,15878270.67292884,23011058626.764606
2022-04-22 09:00:00,1385.0,1430.0,1355.0,1365.0,7649499.2808876,10689896899.341463
2022-04-23 09:00:00,1365.0,1375.0,1325.0,1345.0,2672134.75801935,3617625869.646183
2022-04-24 09:00:00,1350.0,1520.0,1325.0,1340.0,48364095.25708711,68755750663.89581
2022-04-25 09:00:00,1340.0,1350.0,1250.0,1320.0,8442627.89122912,10906998605.921772
2022-04-26 09:00:00,1325.0,1330.0,1210.0,1230.0,5966914.73123084,7588800330.384929
2022-04-27 09:00:00,1230.0,1265.0,1210.0,1265.0,3977584.20861435,4941152347.000504
2022-04-28 09:00:00,1265.0,1310.0,1245.0,1285.0,7074666.09003841,9052081867.240498
2022-04-29 09:00:00,1280.0,1295.0,1195.0,1215.0,4366723.94151108,5421700676.599178
2022-04-30 09:00:00,1210.0,1235.0,1095.0,1110.0,3957393.08698163,4644978960.159127
2022-05-01 09:00:00,1110.0,1175.0,1050.0,1160.0,4288459.42708101,4775030466.842291
2022-05-02 09:00:00,1160.0,1170.0,1090.0,1135.0,3585787.33819785,4056317066.4618397
2022-05-03 09:00:00,1135.0,1170.0,1095.0,1110.0,2784780.75443778,3147645082.6851044
2022-05-04 09:00:00,1110.0,1225.0,1110.0,1220.0,8526923.00072425,9832943507.110952
2022-05-05 09:00:00,1220.0,1230.0,1080.0,1115.0,5053437.9410823,5829978525.078581
2022-05-06 09:00:00,1115.0,1120.0,1050.0,1110.0,3382457.14504187,3675922439.8202796
2022-05-07 09:00:00,1110.0,1120.0,1045.0,1060.0,2234086.8568439,2431721139.5419283
2022-05-08 09:00:00,1060.0,1085.0,1020.0,1040.0,3436078.97120391,3604852036.6821933
2022-05-09 09:00:00,1040.0,1070.0,853.0,856.0,13971013.35737621,13208433878.56305
2022-05-10 09:00:00,856.0,939.0,809.0,867.0,11141242.38204384,9743006202.046726
2022-05-11 09:00:00,866.0,893.0,642.0,693.0,18993060.38651635,14534078935.616224
2022-05-12 09:00:00,693.0,729.0,503.0,600.0,18530558.87205196,10901944264.908714
2022-05-13 09:00:00,600.0,715.0,596.0,672.0,15395898.6910807,10412925975.648067
2022-05-14 09:00:00,674.0,745.0,629.0,721.0,11215740.85703072,7778371617.103364
2022-05-15 09:00:00,723.0,782.0,710.0,778.0,20793814.86970161,15392623216.727222
2022-05-16 09:00:00,778.0,779.0,695.0,707.0,8563698.3886643,6195761208.928665
2022-05-17 09:00:00,707.0,848.0,702.0,794.0,21492786.11463109,16672556813.438047
2022-05-18 09:00:00,797.0,810.0,683.0,691.0,22993786.7351919,17182883959.062786
2022-05-19 09:00:00,691.0,735.0,637.0,712.0,10533127.91646746,7219354195.71027
2022-05-20 09:00:00,713.0,744.0,672.0,698.0,9668207.27486028,6867074389.205212
2022-05-21 09:00:00,698.0,725.0,668.0,718.0,6112540.25021294,4247191754.774244
2022-05-22 09:00:00,718.0,849.0,708.0,762.0,37880587.86261903,29587645024.55113
2022-05-23 09:00:00,761.0,799.0,710.0,722.0,14577965.71386783,11206198756.28557
2022-05-24 09:00:00,723.0,748.0,673.0,739.0,8026830.80166898,5745912717.158749
2022-05-25 09:00:00,739.0,740.0,697.0,722.0,6239148.58900751,4463987503.864228
2022-05-26 09:00:00,723.0,744.0,650.0,680.0,10275580.08587034,7146780738.863263
2022-05-27 09:00:00,680.0,698.0,628.0,655.0,8159737.72951084,5375589227.490397
2022-05-28 09:00:00,656.0,678.0,644.0,670.0,4971540.675979,3304045401.447498
2022-05-29 09:00:00,668.0,709.0,652.0,701.0,4625996.36204457,3132867937.4793353
2022-05-30 09:00:00,701.0,746.0,682.0,744.0,6287349.08979748,4508210948.624615
2022-05-31 09:00:00,745.0,755.0,703.0,734.0,6195829.73711811,4545261482.746791
2022-06-01 09:00:00,734.0,788.0,706.0,723.0,15430688.23073964,11504164690.684622
2022-06-02 09:00:00,723.0,780.0,708.0,760.0,15746548.68184579,11705988582.081377
2022-06-03 09:00:00,756.0,759.0,708.0,730.0,5413616.40420199,3946207487.09736
2022-06-04 09:00:00,730.0,734.0,697.0,715.0,3445478.99648047,2442483566.0679398
2022-06-05 09:00:00,715.0,745.0,698.0,743.0,7549032.78822355,5462787256.040159
2022-06-06 09:00:00,744.0,820.0,735.0,768.0,20865763.11176996,16157528448.331064
2022-06-07 09:00:00,767.0,769.0,708.0,741.0,7550059.29198715,5513949462.086303
2022-06-08 09:00:00,741.0,771.0,721.0,729.0,5525466.52475823,4098707581.096507
2022-06-09 09:00:00,729.0,748.0,709.0,714.0,3303524.60542919,2377089331.2298517
2022-06-10 09:00:00,714.0,715.0,654.0,664.0,5151498.2954963,3502825312.2560863
2022-06-11 09:00:00,663.0,682.0,603.0,617.0,5201490.68274468,3343294873.2649665
2022-06-12 09:00:00,617.0,619.0,545.0,553.0,5773551.46229727,3289296064.1649213
2022-06-13 09:00:00,553.0,561.0,462.0,482.0,8792932.71608115,4375954891.097289
2022-06-14 09:00:00,482.0,489.0,435.0,483.0,7059933.15630035,3319492152.829118
2022-06-15 09:00:00,482.0,521.0,437.0,519.0,10438303.45624511,4937762052.337104
2022-06-16 09:00:00,519.0,667.0,492.0,565.0,111055860.45798501,66401097974.16522
2022-06-17 09:00:00,565.0,688.0,545.0,624.0,102702950.12150377,65974027188.36769
2022-06-18 09:00:00,624.0,630.0,543.0,573.0,18193692.03193697,10804090907.341263
2022-06-19 09:00:00,570.0,785.0,564.0,687.0,237038804.6931419,169044005617.591
2022-06-20 09:00:00,687.0,856.0,682.0,833.0,268962324.3499342,211661719231.20316
2022-06-21 09:00:00,832.0,1020.0,825.0,934.0,308674970.87528574,291507969442.31934
2022-06-22 09:00:00,934.0,964.0,805.0,809.0,55878316.97559244,49672197705.59372
2022-06-23 09:00:00,809.0,1275.0,804.0,1225.0,307484893.7202553,310265059042.3629
2022-06-24 09:00:00,1225.0,1305.0,1140.0,1270.0,156967950.5753888,189679592158.69543
2022-06-25 09:00:00,1270.0,1300.0,1140.0,1190.0,62768118.58535348,74847502681.26338
2022-06-26 09:00:00,1195.0,1200.0,1070.0,1100.0,39180524.80815231,43865368606.830414
2022-06-27 09:00:00,1100.0,1100.0,993.0,1030.0,44466712.66952582,45865140486.187065
2022-06-28 09:00:00,1035.0,1130.0,946.0,986.0,80161674.84923965,82270344148.97885
2022-06-29 09:00:00,985.0,1100.0,930.0,959.0,84085859.12654403,85051420182.47813
2022-06-30 09:00:00,960.0,960.0,842.0,914.0,35063737.99506563,31232210782.98199
2022-07-01 09:00:00,914.0,933.0,841.0,875.0,20589374.84636395,18026133918.86363
2022-07-02 09:00:00,873.0,951.0,849.0,894.0,61961655.45258576,55918686249.91861
2022-07-03 09:00:00,894.0,897.0,842.0,860.0,13420924.56624172,11625063364.230328
2022-07-04 09:00:00,860.0,885.0,813.0,872.0,12713167.84765883,10680491195.625698
2022-07-05 09:00:00,873.0,940.0,828.0,848.0,34128748.04975267,30284529023.065937
2022-07-06 09:00:00,846.0,928.0,827.0,928.0,47634946.8652322,42334678844.69389
2022-07-07 09:00:00,925.0,1055.0,923.0,1050.0,119558473.6890189,118296487653.45856
2022-07-08 09:00:00,1055.0,1055.0,963.0,987.0,46522314.1796707,46423584113.100105
2022-07-09 09:00:00,981.0,990.0,933.0,959.0,18737893.49855207,18002604123.375393
2022-07-10 09:00:00,959.0,960.0,886.0,894.0,14232936.3306747,13106582828.808884
2022-07-11 09:00:00,894.0,943.0,841.0,858.0,33854034.94034463,30310799382.733143
2022-07-12 09:00:00,857.0,873.0,808.0,813.0,12296359.35838963,10397068672.109838
2022-07-13 09:00:00,812.0,848.0,743.0,841.0,15029155.71448041,12178048221.126
2022-07-14 09:00:00,840.0,859.0,800.0,854.0,8428107.37590181,6997389648.837862
2022-07-15 09:00:00,853.0,939.0,850.0,905.0,60402842.55397541,54315251766.4532
2022-07-16 09:00:00,906.0,910.0,867.0,907.0,13563416.79759192,12046363404.673594
2022-07-17 09:00:00,907.0,939.0,873.0,878.0,20510699.96290778,18619660961.265064
2022-07-18 09:00:00,877.0,924.0,870.0,911.0,18011161.38318212,16249487878.549368
2022-07-19 09:00:00,911.0,946.0,878.0,937.0,22828958.48915332,20799390013.448345
2022-07-20 09:00:00,936.0,1005.0,867.0,878.0,55274823.55135184,52960035146.54466
2022-07-21 09:00:00,878.0,899.0,831.0,884.0,15830760.63895166,13695199980.751646
2022-07-22 09:00:00,884.0,897.0,850.0,859.0,11462847.0306058,10054436142.458645
2022-07-23 09:00:00,859.0,894.0,849.0,879.0,9879360.69165089,8610832566.867474
2022-07-24 09:00:00,879.0,885.0,861.0,868.0,5612427.82950712,4901632390.078626
2022-07-25 09:00:00,868.0,882.0,798.0,801.0,11471129.87707331,9610991449.470001
2022-07-26 09:00:00,802.0,814.0,775.0,809.0,9631544.93272597,7673628984.738689
2022-07-27 09:00:00,809.0,856.0,788.0,856.0,8736487.73455916,7126288479.075403
2022-07-28 09:00:00,856.0,900.0,824.0,884.0,11545475.13432165,9910136253.658224
2022-07-29 09:00:00,884.0,906.0,857.0,885.0,13319801.88954671,11809037871.179876
2022-07-30 09:00:00,885.0,968.0,880.0,897.0,35622072.50008552,33094587062.466454
2022-07-31 09:00:00,897.0,1020.0,879.0,907.0,45744671.83677828,43475811447.694214
2022-08-01 09:00:00,907.0,1040.0,901.0,946.0,78952838.60258898,76626528350.21709
2022-08-02 09:00:00,946.0,958.0,865.0,883.0,16190680.01315513,14510275013.177732
2022-08-03 09:00:00,883.0,904.0,857.0,880.0,8765549.28840593,7756030609.8946495
2022-08-04 09:00:00,881.0,900.0,870.0,889.0,10606351.89707418,9406831143.585337
2022-08-05 09:00:00,889.0,925.0,889.0,919.0,17873392.04770886,16233881686.856527
2022-08-06 09:00:00,919.0,933.0,911.0,920.0,8355474.52149692,7709419741.085813
2022-08-07 09:00:00,922.0,928.0,903.0,915.0,5067919.24295446,4641402505.260844
2022-08-08 09:00:00,914.0,942.0,908.0,927.0,10148113.71896451,9419777613.498356
2022-08-09 09:00:00,926.0,941.0,870.0,889.0,13657692.42491031,12409636708.80567
2022-08-10 09:00:00,889.0,1000.0,873.0,951.0,41231900.22733327,38795039522.82327
2022-08-11 09:00:00,953.0,1020.0,933.0,962.0,45332333.2156981,44043791681.17759
2022-08-12 09:00:00,962.0,968.0,935.0,966.0,13672807.68286207,13026809034.778742
2022-08-13 09:00:00,965.0,996.0,950.0,964.0,15096219.64910085,14667908348.719057
2022-08-14 09:00:00,964.0,1000.0,940.0,952.0,20142322.79402545,19569333943.89712
2022-08-15 09:00:00,952.0,1010.0,937.0,963.0,29576739.47707927,28679557450.284004
2022-08-16 09:00:00,963.0,970.0,929.0,936.0,10089116.40954384,9517491982.90471
2022-08-17 09:00:00,936.0,951.0,886.0,892.0,12936854.03997223,11833782190.415304
2022-08-18 09:00:00,892.0,906.0,874.0,876.0,9245798.8506132,8245211624.566649
2022-08-19 09:00:00,878.0,881.0,767.0,778.0,18513589.76809319,15010142497.833517
2022-08-20 09:00:00,779.0,806.0,762.0,790.0,7858986.94407134,6211830747.295867
2022-08-21 09:00:00,790.0,806.0,778.0,799.0,5647234.76840832,4478218483.549288
2022-08-22 09:00:00,801.0,824.0,756.0,780.0,12105495.44969417,9489836001.447977
2022-08-23 09:00:00,779.0,793.0,754.0,787.0,7426191.62411786,5781966059.47198
2022-08-24 09:00:00,786.0,839.0,767.0,802.0,22353420.55086041,18099104829.557014
2022-08-25 09:00:00,801.0,878.0,794.0,827.0,39189807.63337146,32976134212.390915
2022-08-26 09:00:00,828.0,867.0,765.0,769.0,33669915.62116336,27878125949.094437
2022-08-27 09:00:00,770.0,775.0,736.0,753.0,8174401.49539877,6166545154.1494665
2022-08-28 09:00:00,753.0,773.0,724.0,730.0,7028787.81932468,5284480949.476228
2022-08-29 09:00:00,730.0,758.0,714.0,755.0,5856480.40388492,4305393250.875988
2022-08-30 09:00:00,755.0,774.0,729.0,742.0,9403502.25923838,7118683993.285262
2022-08-31 09:00:00,741.0,779.0,741.0,759.0,16079752.2188751,12235646453.475376
2022-09-01 09:00:00,759.0,763.0,731.0,756.0,4905335.08025021,3667687402.8418655
2022-09-02 09:00:00,754.0,763.0,740.0,746.0,5056095.80684433,3802121792.5391564
2022-09-03 09:00:00,746.0,757.0,737.0,751.0,2735100.15141046,2042355003.490964
2022-09-04 09:00:00,751.0,782.0,746.0,761.0,3894684.21523959,2952387256.5931506
2022-09-05 09:00:00,761.0,769.0,744.0,763.0,4314187.99914921,3263565482.468279
2022-09-06 09:00:00,761.0,774.0,703.0,705.0,10708687.81183406,7928843061.826516
2022-09-07 09:00:00,704.0,725.0,683.0,715.0,6468312.76625714,4536738633.666202
2022-09-08 09:00:00,715.0,761.0,709.0,748.0,13964104.5750327,10240513349.421738
2022-09-09 09:00:00,748.0,780.0,738.0,777.0,8289493.49639251,6308368029.775051
2022-09-10 09:00:00,777.0,783.0,754.0,773.0,7125574.33750005,5491770784.976443
2022-09-11 09:00:00,772.0,803.0,757.0,775.0,10648226.19198673,8266409044.03793
2022-09-12 09:00:00,775.0,835.0,773.0,793.0,33861863.29613318,26949198538.358658
2022-09-13 09:00:00,793.0,795.0,721.0,725.0,13688337.73413774,10389829451.047075
2022-09-14 09:00:00,724.0,737.0,711.0,733.0,4907775.70021918,3570405593.7548566
2022-09-15 09:00:00,734.0,734.0,710.0,712.0,4653128.52866086,3347578964.212684
2022-09-16 09:00:00,711.0,718.0,690.0,705.0,8164987.47100034,5726717471.6748905
2022-09-17 09:00:00,703.0,715.0,700.0,711.0,3678612.58610554,2603073045.6380796
2022-09-18 09:00:00,712.0,720.0,651.0,663.0,8014535.43912167,5533491134.086867
2022-09-19 09:00:00,660.0,676.0,641.0,671.0,6633321.14093802,4353702022.045991
2022-09-20 09:00:00,671.0,675.0,643.0,647.0,4406716.19179851,2910677233.2855897
2022-09-21 09:00:00,647.0,685.0,626.0,636.0,10980601.39682152,7085565408.98909
2022-09-22 09:00:00,636.0,667.0,635.0,663.0,5872314.16954678,3832712464.2910666
2022-09-23 09:00:00,663.0,679.0,644.0,670.0,8193612.83941946,5429610761.874286
2022-09-24 09:00:00,669.0,696.0,662.0,677.0,6167626.91683543,4169822076.6748037
2022-09-25 09:00:00,677.0,686.0,651.0,653.0,5368207.99057964,3601684914.249413
2022-09-26 09:00:00,653.0,664.0,641.0,659.0,4847005.86756676,3169741520.484277
2022-09-27 09:00:00,660.0,707.0,657.0,665.0,30702534.48548339,21126562213.296284
2022-09-28 09:00:00,665.0,677.0,636.0,655.0,7740654.66336338,5035191786.73101
2022-09-29 09:00:00,654.0,662.0,642.0,650.0,4344834.03155103,2825112705.2704105
2022-09-30 09:00:00,650.0,655.0,643.0,648.0,3420237.75281041,2217536027.3614984
2022-10-01 09:00:00,647.0,651.0,646.0,649.0,2091775.43947075,1355362258.613407
2022-10-02 09:00:00,649.0,652.0,637.0,643.0,2654698.83736902,1712807388.1213295
2022-10-03 09:00:00,643.0,673.0,631.0,651.0,6224726.41850821,4078857105.7862678
2022-10-04 09:00:00,651.0,660.0,644.0,654.0,3357400.56591512,2189771790.192342
2022-10-05 09:00:00,655.0,658.0,635.0,646.0,3864781.80384685,2491789776.9525304
2022-10-06 09:00:00,646.0,651.0,635.0,637.0,3346115.82282872,2149295833.2252197
2022-10-07 09:00:00,637.0,677.0,625.0,647.0,12597970.3227368,8146341655.849941
2022-10-08 09:00:00,647.0,744.0,640.0,676.0,106879663.56467827,74419177280.83307
2022-10-09 09:00:00,676.0,679.0,651.0,658.0,10066470.65763635,6651173553.379066
2022-10-10 09:00:00,657.0,676.0,635.0,638.0,12786554.39152463,8437798112.702037
2022-10-11 09:00:00,636.0,636.0,606.0,612.0,9038223.58719153,5569872254.231282
2022-10-12 09:00:00,612.0,613.0,598.0,602.0,4540519.76256996,2749074862.0091734
2022-10-13 09:00:00,602.0,603.0,541.0,585.0,12983716.7243331,7411457363.596067
2022-10-14 09:00:00,585.0,612.0,577.0,588.0,12750321.81555986,7623673192.641841
2022-10-15 09:00:00,588.0,597.0,580.0,589.0,2853559.88650823,1679015760.2697008
2022-10-16 09:00:00,589.0,610.0,589.0,598.0,8150044.78320236,4893815016.426723
2022-10-17 09:00:00,598.0,610.0,590.0,605.0,5324652.47317591,3199927082.8909836
2022-10-18 09:00:00,606.0,678.0,605.0,627.0,88157319.32855256,56596028467.90428
2022-10-19 09:00:00,627.0,627.0,575.0,582.0,15223762.52857477,9164284683.820505
2022-10-20 09:00:00,582.0,602.0,570.0,576.0,9783208.19131146,5750879685.065154
2022-10-21 09:00:00,575.0,580.0,554.0,579.0,4967395.21733004,2825056125.041741
2022-10-22 09:00:00,579.0,587.0,571.0,584.0,2894807.98386513,1680756589.4166048
2022-10-23 09:00:00,585.0,596.0,574.0,593.0,3895218.66691819,2267881896.3580165
2022-10-24 09:00:00,592.0,596.0,580.0,590.0,5473902.35943495,3218556195.937995
2022-10-25 09:00:00,591.0,610.0,587.0,600.0,7396637.40423851,4423112491.186446
2022-10-26 09:00:00,601.0,608.0,595.0,604.0,5574551.20401156,3358382710.5955534
2022-10-27 09:00:00,604.0,630.0,594.0,597.0,26774252.58593226,16511351312.441751
2022-10-28 09:00:00,597.0,607.0,580.0,603.0,7373224.22550947,4366036311.604366
2022-10-29 09:00:00,602.0,630.0,601.0,618.0,18927615.16638504,11704920576.68552
2022-10-30 09:00:00,620.0,639.0,604.0,610.0,10140542.45646762,6286918279.656787
2022-10-31 09:00:00,610.0,623.0,601.0,617.0,7763452.99465503,4732899665.326418
2022-11-01 09:00:00,616.0,666.0,616.0,634.0,51945420.20274447,33375105499.082592
2022-11-02 09:00:00,634.0,682.0,610.0,630.0,49148368.56175301,31912998662.425278
2022-11-03 09:00:00,633.0,746.0,631.0,673.0,177072275.5870838,124093352201.04552
2022-11-04 09:00:00,674.0,728.0,660.0,690.0,76326406.09723777,52510047872.21451
2022-11-05 09:00:00,690.0,695.0,671.0,681.0,19098117.42936502,13053293238.379087
2022-11-06 09:00:00,681.0,681.0,643.0,646.0,12971917.61121813,8628641630.696087
2022-11-07 09:00:00,646.0,675.0,632.0,651.0,17735262.17343999,11616016912.509453
2022-11-08 09:00:00,651.0,667.0,492.0,536.0,34264015.43081688,20384709598.63982
2022-11-09 09:00:00,536.0,540.0,395.0,407.0,28433855.04110969,13374115519.425982
2022-11-10 09:00:00,408.0,473.0,398.0,471.0,21804618.51805201,9545207216.420328
2022-11-11 09:00:00,473.0,497.0,420.0,443.0,14630655.31603853,6674828607.779317
2022-11-12 09:00:00,443.0,463.0,418.0,424.0,13053146.77027439,5737678467.696185
2022-11-13 09:00:00,424.0,450.0,390.0,405.0,22889474.24223083,9673263902.562346
2022-11-14 09:00:00,405.0,411.0,371.0,406.0,17928513.1336678,7091743080.160547
2022-11-15 09:00:00,407.0,444.0,400.0,422.0,18839185.40087888,7984023715.942617
2022-11-16 09:00:00,421.0,442.0,413.0,425.0,14138383.698817,6024147433.714611
2022-11-17 09:00:00,426.0,438.0,406.0,416.0,9167150.74450289,3859978675.636741
2022-11-18 09:00:00,415.0,427.0,413.0,425.0,11226117.12398949,4721097582.918599
2022-11-19 09:00:00,425.0,462.0,422.0,443.0,39336031.57389931,17423501459.573563
2022-11-20 09:00:00,444.0,475.0,430.0,434.0,48497357.87616691,21986849898.639435
2022-11-21 09:00:00,435.0,522.0,420.0,480.0,136138448.6880647,64519516466.51988
2022-11-22 09:00:00,480.0,497.0,435.0,467.0,31833529.25040132,14661946041.002974
2022-11-23 09:00:00,467.0,490.0,458.0,487.0,14045538.75321293,6641982635.402098
2022-11-24 09:00:00,488.0,490.0,459.0,473.0,10816276.98134345,5153252632.702098
2022-11-25 09:00:00,473.0,482.0,448.0,460.0,8112081.71044299,3753068465.1745167
2022-11-26 09:00:00,460.0,472.0,454.0,460.0,8819756.35773278,4096013649.0271807
2022-11-27 09:00:00,459.0,484.0,458.0,461.0,18565517.25371929,8743823605.299715
2022-11-28 09:00:00,463.0,465.0,434.0,445.0,10356646.35357342,4590503624.989314
2022-11-29 09:00:00,445.0,452.0,437.0,445.0,5682411.13879682,2529691059.046905
2022-11-30 09:00:00,444.0,464.0,444.0,462.0,8745452.47647093,3971205800.721836
2022-12-01 09:00:00,461.0,462.0,448.0,455.0,6437675.72280673,2928940457.003977
2022-12-02 09:00:00,455.0,456.0,439.0,453.0,5521105.93279137,2471964558.9922533
2022-12-03 09:00:00,452.0,458.0,442.0,445.0,4071906.12100133,1830548128.7627766
2022-12-04 09:00:00,444.0,449.0,440.0,445.0,3061385.95901493,1360564982.155327
2022-12-05 09:00:00,444.0,453.0,435.0,439.0,8037038.09948568,3592080327.4291024
2022-12-06 09:00:00,439.0,442.0,434.0,440.0,3670302.37711359,1606064964.0588334
2022-12-07 09:00:00,440.0,442.0,413.0,420.0,5777229.64236373,2451700787.4535027
2022-12-08 09:00:00,420.0,430.0,415.0,428.0,4144466.75140574,1746475362.3587303
2022-12-09 09:00:00,428.0,432.0,424.0,429.0,3237034.79067759,1383688835.930729
2022-12-10 09:00:00,428.0,446.0,425.0,437.0,8111263.64790092,3520441660.2719445
2022-12-11 09:00:00,436.0,439.0,424.0,427.0,6524393.83230016,2823128035.2691326
2022-12-12 09:00:00,426.0,426.0,405.0,415.0,8169881.56514978,3364237305.892654
2022-12-13 09:00:00,415.0,456.0,394.0,422.0,49570437.95716196,21313474486.247536
2022-12-14 09:00:00,423.0,474.0,423.0,437.0,159800630.68325987,72204258651.53082
2022-12-15 09:00:00,437.0,440.0,419.0,420.0,17452579.32529499,7459635580.209354
2022-12-16 09:00:00,421.0,424.0,361.0,370.0,17526615.60145828,6946233708.25205
2022-12-17 09:00:00,371.0,373.0,348.0,365.0,9984655.30798476,3596514238.8972964
2022-12-18 09:00:00,365.0,367.0,356.0,362.0,5384138.30054211,1945292054.992563
2022-12-19 09:00:00,362.0,366.0,319.0,330.0,9058841.54463889,3122055085.8923388
2022-12-20 09:00:00,331.0,348.0,331.0,344.0,13845751.00382363,4711499940.865425
2022-12-21 09:00:00,345.0,363.0,342.0,350.0,30682347.66653822,10798686402.829659
2022-12-22 09:00:00,350.0,351.0,332.0,346.0,10758722.94920228,3686864681.1857452
2022-12-23 09:00:00,344.0,348.0,341.0,348.0,5476954.12543977,1884020202.7694225
2022-12-24 09:00:00,348.0,351.0,343.0,351.0,4070944.79564043,1413584366.3995326
2022-12-25 09:00:00,351.0,351.0,337.0,343.0,4822017.77100192,1656843493.3127258
2022-12-26 09:00:00,343.0,344.0,328.0,338.0,5238111.14515416,1757893910.1637888
2022-12-27 09:00:00,338.0,350.0,326.0,334.0,15812452.58490203,5344744402.327814
2022-12-28 09:00:00,334.0,334.0,313.0,320.0,7438057.03393829,2395341197.1664505
2022-12-29 09:00:00,320.0,322.0,308.0,318.0,9891371.7675392,3113391146.642036
2022-12-30 09:00:00,317.0,318.0,302.0,313.0,5356011.59448002,1650379681.315203
2022-12-31 09:00:00,314.0,318.0,310.0,313.0,4646513.73212756,1455098986.0653121
2023-01-01 09:00:00,314.0,318.0,309.0,317.0,4093165.44899502,1279434016.0212202
2023-01-02 09:00:00,316.0,325.0,309.0,322.0,5068100.31370378,1607926194.5783012
2023-01-03 09:00:00,323.0,324.0,318.0,323.0,4314643.86321354,1384598599.3282576
2023-01-04 09:00:00,323.0,334.0,321.0,331.0,7712050.6637374,2539305901.0463333
2023-01-05 09:00:00,332.0,336.0,323.0,329.0,7435588.64514359,2452260957.3763194
2023-01-06 09:00:00,329.0,332.0,316.0,328.0,7540408.440538,2434189713.4039207
2023-01-07 09:00:00,329.0,337.0,326.0,330.0,6142656.91813409,2031829419.2493598
2023-01-08 09:00:00,331.0,346.0,326.0,343.0,10756746.94829538,3604340406.2474666
2023-01-09 09:00:00,344.0,364.0,340.0,351.0,26339690.83801245,9288665918.89672
2023-01-10 09:00:00,351.0,358.0,341.0,357.0,14964349.17526198,5244785141.31848
2023-01-11 09:00:00,357.0,367.0,349.0,366.0,21112790.71985438,7532858928.970962
2023-01-12 09:00:00,366.0,375.0,344.0,374.0,26343716.81125542,9542380964.126518
2023-01-13 09:00:00,373.0,394.0,367.0,394.0,26616029.14514843,10081861013.311705
2023-01-14 09:00:00,394.0,429.0,373.0,421.0,60732263.07465124,24562810406.508465
2023-01-15 09:00:00,420.0,436.0,402.0,429.0,50796834.11286715,21098097569.695465
2023-01-16 09:00:00,429.0,441.0,405.0,425.0,36940017.79849119,15620376407.688639
2023-01-17 09:00:00,426.0,429.0,411.0,423.0,21452797.27265061,9023299352.843052
2023-01-18 09:00:00,424.0,458.0,386.0,397.0,92693242.05378667,39777430259.1964
2023-01-19 09:00:00,396.0,430.0,396.0,419.0,47378366.16025741,19649837552.024826
2023-01-20 09:00:00,418.0,445.0,411.0,441.0,22719829.71091556,9608071650.147861
2023-01-21 09:00:00,441.0,455.0,430.0,437.0,30664950.34732146,13608175495.113647
2023-01-22 09:00:00,436.0,472.0,433.0,455.0,29776742.15988931,13370483257.208998
2023-01-23 09:00:00,456.0,469.0,448.0,462.0,34116000.59967232,15706932549.149292
2023-01-24 09:00:00,462.0,511.0,425.0,435.0,91629235.88384181,43523360310.29913
2023-01-25 09:00:00,435.0,452.0,413.0,448.0,35875906.57020502,15533403119.792213
2023-01-26 09:00:00,448.0,465.0,444.0,462.0,30107468.45631756,13657984312.438782
2023-01-27 09:00:00,462.0,521.0,451.0,518.0,172354192.17203268,83672505822.1459
2023-01-28 09:00:00,520.0,528.0,484.0,495.0,41753603.92404319,20817221671.610302
2023-01-29 09:00:00,495.0,496.0,484.0,495.0,14625347.71952671,7146122146.131813
2023-01-30 09:00:00,495.0,495.0,436.0,448.0,31894752.08729591,14731691523.119083
2023-01-31 09:00:00,448.0,457.0,438.0,453.0,14697591.76439145,6563951310.684134
2023-02-01 09:00:00,453.0,491.0,438.0,486.0,43945598.92959146,20300874070.42683
2023-02-02 09:00:00,486.0,545.0,486.0,496.0,77566383.57739136,40159646919.171814
2023-02-03 09:00:00,496.0,509.0,487.0,507.0,26922447.56965494,13351870808.682125
2023-02-04 09:00:00,509.0,539.0,505.0,528.0,60749916.72530312,31716177242.260574
2023-02-05 09:00:00,528.0,564.0,486.0,557.0,87671662.282484,46540686290.567444
2023-02-06 09:00:00,561.0,563.0,523.0,549.0,44044772.80195505,23852215904.51814
2023-02-07 09:00:00,549.0,580.0,525.0,578.0,42888331.49111518,23586414136.53184
2023-02-08 09:00:00,578.0,667.0,545.0,562.0,203503458.46716794,125723795937.20839
2023-02-09 09:00:00,562.0,610.0,495.0,505.0,115416255.13039716,65274374481.11228
2023-02-10 09:00:00,504.0,509.0,486.0,504.0,24669258.04835857,12290315635.983397
2023-02-11 09:00:00,504.0,514.0,498.0,513.0,8517129.01716241,4287335164.5428486
2023-02-12 09:00:00,513.0,543.0,505.0,516.0,57772986.26939019,30401301028.50266
2023-02-13 09:00:00,516.0,517.0,473.0,496.0,22909084.40018117,11305472944.615782
2023-02-14 09:00:00,496.0,510.0,475.0,510.0,14235143.57917673,6979150048.751423
2023-02-15 09:00:00,510.0,543.0,500.0,541.0,20736723.33451783,10765069468.615332
2023-02-16 09:00:00,541.0,558.0,509.0,513.0,33277699.79771332,17993394074.919445
2023-02-17 09:00:00,513.0,609.0,511.0,579.0,152038436.20875692,86703372797.93706
2023-02-18 09:00:00,579.0,583.0,554.0,562.0,26361361.75222244,14999944225.058174
2023-02-19 09:00:00,562.0,600.0,554.0,573.0,49732006.85514803,28885424802.812767
2023-02-20 09:00:00,573.0,683.0,572.0,620.0,342252226.65556675,220315397756.39398
2023-02-21 09:00:00,620.0,642.0,584.0,604.0,63973710.32643368,38859156460.18366
2023-02-22 09:00:00,604.0,608.0,569.0,596.0,28287912.15556065,16601175662.322088
2023-02-23 09:00:00,598.0,636.0,595.0,621.0,70989410.0600062,43867911591.80102
2023-02-24 09:00:00,621.0,622.0,585.0,594.0,32141691.14500865,19398379006.059586
2023-02-25 09:00:00,594.0,596.0,566.0,587.0,17038350.22522866,9921813357.052141
2023-02-26 09:00:00,587.0,596.0,576.0,596.0,8702920.2019676,5091682271.989239
2023-02-27 09:00:00,596.0,597.0,572.0,587.0,13583395.23547508,7965868762.413219
2023-02-28 09:00:00,586.0,588.0,570.0,572.0,8583662.33047707,4968807981.004295
2023-03-01 09:00:00,571.0,586.0,564.0,583.0,11944458.58783124,6910021727.911581
2023-03-02 09:00:00,583.0,586.0,549.0,563.0,13086146.22664919,7353708491.755575
2023-03-03 09:00:00,562.0,563.0,507.0,519.0,16532471.01662352,8613194201.42709
2023-03-04 09:00:00,519.0,524.0,494.0,506.0,7945455.69946641,4086609130.4820485
2023-03-05 09:00:00,505.0,515.0,497.0,500.0,5153683.83630532,2606740289.036468
2023-03-06 09:00:00,500.0,509.0,485.0,502.0,9183663.42566695,4562832521.426213
2023-03-07 09:00:00,502.0,509.0,475.0,487.0,9385912.79383639,4622773411.521729
2023-03-08 09:00:00,487.0,488.0,448.0,451.0,14518865.28541866,6763667271.938345
2023-03-09 09:00:00,451.0,473.0,416.0,423.0,14620075.58310844,6531150727.733173
2023-03-10 09:00:00,423.0,426.0,390.0,416.0,18364926.66282767,7478025467.882649
2023-03-11 09:00:00,417.0,427.0,393.0,411.0,11276467.55442783,4611419376.52203
2023-03-12 09:00:00,411.0,443.0,396.0,440.0,11023188.15937369,4570634119.89347
2023-03-13 09:00:00,440.0,469.0,423.0,468.0,22242843.2739185,9876009674.954515
2023-03-14 09:00:00,469.0,498.0,454.0,486.0,31765903.07793169,15144139970.591537
2023-03-15 09:00:00,486.0,494.0,450.0,458.0,15555948.23947619,7391805809.4000225
2023-03-16 09:00:00,458.0,467.0,449.0,465.0,10121624.50940401,4646430979.472589
2023-03-17 09:00:00,465.0,499.0,459.0,498.0,15317017.70086408,7320599538.452479
2023-03-18 09:00:00,498.0,511.0,484.0,487.0,19877348.98476488,9918257351.057909
2023-03-19 09:00:00,486.0,537.0,486.0,524.0,85940626.83516987,44269781471.09617
2023-03-20 09:00:00,524.0,525.0,496.0,499.0,22663506.1481798,11574495237.586468
2023-03-21 09:00:00,498.0,502.0,470.0,496.0,17477260.69454393,8497996705.761853
2023-03-22 09:00:00,496.0,496.0,461.0,473.0,12239316.21731705,5892987364.117296
2023-03-23 09:00:00,473.0,488.0,464.0,485.0,8688569.16128529,4134088899.341288
2023-03-24 09:00:00,486.0,486.0,465.0,473.0,7096247.61226469,3383589706.948675
2023-03-25 09:00:00,473.0,477.0,461.0,469.0,5841514.10961962,2747089304.763078
2023-03-26 09:00:00,469.0,482.0,464.0,473.0,7046968.48920807,3348386963.5699105
2023-03-27 09:00:00,474.0,475.0,439.0,448.0,9926193.53212954,4524928853.64681
2023-03-28 09:00:00,448.0,458.0,438.0,456.0,7296743.94217334,3250274039.594826
2023-03-29 09:00:00,457.0,493.0,455.0,488.0,22486355.88522511,10747880415.103903
2023-03-30 09:00:00,488.0,529.0,473.0,498.0,66701326.78951136,33352328035.03489
2023-03-31 09:00:00,499.0,519.0,480.0,515.0,36367102.69383234,18225839024.12802
2023-04-01 09:00:00,515.0,563.0,508.0,522.0,92648067.52309762,49918238315.526115
2023-04-02 09:00:00,522.0,548.0,497.0,507.0,43994807.00866649,23075650603.005997
2023-04-03 09:00:00,507.0,509.0,484.0,494.0,17061625.34908585,8466823315.607965
2023-04-04 09:00:00,494.0,536.0,489.0,523.0,62002320.93983875,32058842955.287247
2023-04-05 09:00:00,523.0,567.0,514.0,538.0,73271682.73479635,39689253597.78427
2023-04-06 09:00:00,538.0,568.0,516.0,533.0,43624757.29135503,23413908060.397156
2023-04-07 09:00:00,533.0,583.0,532.0,571.0,142134085.29694214,79274765928.7482
2023-04-08 09:00:00,571.0,574.0,528.0,531.0,34904695.75746791,19119950144.01562
2023-04-09 09:00:00,531.0,542.0,509.0,526.0,19414764.01943181,10159867312.040651
2023-04-10 09:00:00,526.0,538.0,508.0,535.0,14837618.30966635,7738159438.360733
2023-04-11 09:00:00,536.0,537.0,525.0,535.0,12563243.89328953,6671557510.090298
2023-04-12 09:00:00,535.0,535.0,510.0,521.0,18226654.24614566,9449103742.304535
2023-04-13 09:00:00,522.0,531.0,515.0,530.0,13712115.21339207,7195007568.538925
2023-04-14 09:00:00,529.0,538.0,521.0,534.0,14832448.57263229,7873321469.36766
2023-04-15 09:00:00,535.0,537.0,525.0,532.0,7134463.83120152,3783655571.5769544
2023-04-16 09:00:00,533.0,540.0,523.0,534.0,7704533.26085565,4093660087.0969496
2023-04-17 09:00:00,535.0,537.0,516.0,524.0,10758866.76012776,5648895951.550415
2023-04-18 09:00:00,523.0,534.0,515.0,530.0,8544062.37070433,4495177848.390551
2023-04-19 09:00:00,530.0,530.0,484.0,490.0,18930692.59089598,9493811190.710186
2023-04-20 09:00:00,490.0,505.0,478.0,502.0,21623064.13145148,10632911096.896229
2023-04-21 09:00:00,503.0,507.0,474.0,482.0,18303764.32669628,9057433696.870165
2023-04-22 09:00:00,481.0,492.0,472.0,489.0,7719079.58229532,3714951398.2877493
2023-04-23 09:00:00,490.0,490.0,472.0,477.0,5316208.38371819,2558826590.1880403
2023-04-24 09:00:00,478.0,481.0,459.0,471.0,8089464.87286176,3800177699.88593
2023-04-25 09:00:00,472.0,485.0,456.0,484.0,9539146.9356939,4449887298.759817
2023-04-26 09:00:00,483.0,495.0,454.0,472.0,11072554.22071074,5297110785.130688
2023-04-27 09:00:00,471.0,483.0,461.0,480.0,6800077.61445804,3223363820.5564895
2023-04-28 09:00:00,479.0,482.0,468.0,476.0,4490571.25214918,2132666015.1191845
2023-04-29 09:00:00,475.0,482.0,473.0,482.0,3065736.95673067,1462167154.1067553
2023-04-30 09:00:00,483.0,483.0,466.0,471.0,3296915.06347526,1564646607.7036738
2023-05-01 09:00:00,470.0,472.0,450.0,458.0,6140560.99040452,2825431199.55333
2023-05-02 09:00:00,457.0,460.0,448.0,458.0,3933035.57550635,1784901697.2265089
2023-05-03 09:00:00,458.0,467.0,447.0,463.0,4977874.87643297,2262325903.169129
2023-05-04 09:00:00,463.0,466.0,455.0,458.0,3435477.99857076,1582267592.1076884
2023-05-05 09:00:00,457.0,464.0,451.0,460.0,2953252.92165468,1354201272.3840451
2023-05-06 09:00:00,460.0,463.0,447.0,451.0,4398619.29084876,1998174611.0019367
2023-05-07 09:00:00,450.0,455.0,442.0,446.0,3042014.24368802,1365549610.1502888
2023-05-08 09:00:00,446.0,447.0,405.0,413.0,13062635.5190974,5507892638.496775
2023-05-09 09:00:00,413.0,424.0,409.0,418.0,4732400.55618684,1966452682.7165692
2023-05-10 09:00:00,418.0,438.0,412.0,427.0,9464269.82344107,4025062040.971366
2023-05-11 09:00:00,427.0,433.0,406.0,414.0,8839888.12114215,3743331348.7348223
2023-05-12 09:00:00,412.0,418.0,397.0,417.0,6002757.42848861,2437778771.177974
2023-05-13 09:00:00,416.0,417.0,409.0,413.0,2210844.09593292,912897716.6480446
2023-05-14 09:00:00,412.0,416.0,406.0,413.0,1909850.13073442,785051655.1730037
2023-05-15 09:00:00,412.0,424.0,406.0,419.0,3949942.16025369,1650549449.7436364
2023-05-16 09:00:00,419.0,422.0,411.0,420.0,4157511.96510406,1728444133.2264287
2023-05-17 09:00:00,420.0,428.0,413.0,424.0,4961306.07854327,2082964448.4004421
2023-05-18 09:00:00,424.0,429.0,417.0,425.0,3504851.02229678,1484085675.6593978
2023-05-19 09:00:00,424.0,427.0,420.0,424.0,2500263.53030497,1059332870.2109278
2023-05-20 09:00:00,423.0,427.0,420.0,425.0,1321830.62329149,559545675.6264163
2023-05-21 09:00:00,424.0,427.0,408.0,409.0,3942764.17658682,1638818451.5797288
2023-05-22 09:00:00,409.0,413.0,399.0,410.0,4484224.93294903,1819060071.505885
2023-05-23 09:00:00,409.0,418.0,406.0,416.0,2475006.07509649,1022934686.8661687
2023-05-24 09:00:00,416.0,417.0,393.0,396.0,4709156.683043,1889704900.3391097
2023-05-25 09:00:00,396.0,397.0,385.0,394.0,3180180.27031849,1244916748.061377
2023-05-26 09:00:00,394.0,397.0,388.0,394.0,2506237.62757258,983145930.4720558
2023-05-27 09:00:00,393.0,398.0,391.0,396.0,1352125.53365302,533270166.1007716
2023-05-28 09:00:00,396.0,410.0,394.0,405.0,3577419.75418773,1432684269.1679566
2023-05-29 09:00:00,405.0,407.0,398.0,403.0,2270206.25920949,914541419.3664157
2023-05-30 09:00:00,402.0,414.0,400.0,405.0,2755829.17998744,1120884476.0224698
2023-05-31 09:00:00,404.0,409.0,389.0,392.0,5948078.02581539,2370906598.26948
2023-06-01 09:00:00,392.0,398.0,388.0,392.0,2154527.02992213,846294488.0873725
2023-06-02 09:00:00,392.0,401.0,387.0,399.0,3485288.71191925,1380045597.3879728
2023-06-03 09:00:00,398.0,405.0,395.0,398.0,2461721.70324187,982254102.1833895
2023-06-04 09:00:00,397.0,400.0,394.0,397.0,2252684.6569736,895273608.656195
2023-06-05 09:00:00,397.0,398.0,357.0,363.0,9628778.54289706,3602372068.714483
2023-06-06 09:00:00,362.0,372.0,347.0,368.0,7400731.97942105,2648587888.3656754
2023-06-07 09:00:00,368.0,423.0,356.0,398.0,49225641.73498791,19629987310.428787
2023-06-08 09:00:00,398.0,441.0,388.0,431.0,118449910.96311022,49879495192.39107
2023-06-09 09:00:00,430.0,438.0,372.0,373.0,52356137.03474757,21369908207.00317
2023-06-10 09:00:00,373.0,374.0,291.0,311.0,40023998.82477855,12883573272.830925
2023-06-11 09:00:00,311.0,320.0,304.0,309.0,12100782.6808137,3760077096.720607
2023-06-12 09:00:00,309.0,315.0,302.0,308.0,11481290.4182195,3530363168.3285627
2023-06-13 09:00:00,307.0,316.0,299.0,303.0,11016111.07723739,3386877653.5711946
2023-06-14 09:00:00,303.0,311.0,287.0,292.0,13871846.90520342,4151642699.3386703
2023-06-15 09:00:00,292.0,295.0,282.0,292.0,10200178.6999139,2946581334.6950264
2023-06-16 09:00:00,292.0,299.0,286.0,296.0,7718366.22538524,2245600226.9256344
2023-06-17 09:00:00,296.0,307.0,294.0,302.0,7431904.17664371,2239159690.66702
2023-06-18 09:00:00,302.0,305.0,296.0,298.0,4916149.44486444,1476845433.9162142
2023-06-19 09:00:00,297.0,305.0,295.0,304.0,6998058.33540819,2094221621.2703037
2023-06-20 09:00:00,304.0,322.0,302.0,316.0,47286627.68139756,14818891437.950262
2023-06-21 09:00:00,316.0,334.0,313.0,331.0,20022520.55813485,6457679137.308164
2023-06-22 09:00:00,331.0,342.0,325.0,331.0,20427723.3810467,6826671206.002246
2023-06-23 09:00:00,331.0,355.0,331.0,354.0,19452792.86479426,6652632565.316009
2023-06-24 09:00:00,353.0,379.0,350.0,371.0,33769002.31122727,12272034976.09534
2023-06-25 09:00:00,370.0,381.0,359.0,364.0,17133670.03838742,6358067204.902812
2023-06-26 09:00:00,363.0,365.0,345.0,354.0,16261581.9738259,5769922855.848576
2023-06-27 09:00:00,353.0,367.0,350.0,366.0,10390296.20145652,3706712998.5169296
2023-06-28 09:00:00,366.0,378.0,351.0,368.0,25000936.04887308,9126211970.308542
2023-06-29 09:00:00,368.0,424.0,364.0,370.0,148247486.6912604,58352428306.34043
2023-06-30 09:00:00,370.0,420.0,358.0,408.0,83482331.63061856,32704520813.445824
2023-07-01 09:00:00,408.0,449.0,391.0,423.0,53597045.24668092,22557894073.74918
2023-07-02 09:00:00,423.0,479.0,415.0,444.0,166303253.61349943,75516488269.63307
2023-07-03 09:00:00,444.0,477.0,438.0,467.0,42703029.73032324,19654115448.52659
2023-07-04 09:00:00,467.0,686.0,459.0,672.0,459700478.74926627,276360391348.45325
2023-07-05 09:00:00,672.0,736.0,523.0,534.0,921082642.5713942,573858487708.154
2023-07-06 09:00:00,533.0,540.0,486.0,491.0,299043588.0826236,152823464065.2476
2023-07-07 09:00:00,491.0,515.0,467.0,476.0,129925972.38128197,63393301739.63604
2023-07-08 09:00:00,476.0,485.0,446.0,457.0,70943099.90367197,33080844152.37491
2023-07-09 09:00:00,457.0,476.0,439.0,448.0,66724586.17180862,30423182384.012054
2023-07-10 09:00:00,448.0,465.0,431.0,453.0,103809107.52408163,46595341662.08198
2023-07-11 09:00:00,453.0,463.0,423.0,429.0,59365359.53291562,26382935757.794846
2023-07-12 09:00:00,429.0,430.0,406.0,415.0,27300472.34706975,11426353607.797747
2023-07-13 09:00:00,415.0,416.0,393.0,409.0,32835782.21018605,13288048939.732183
2023-07-14 09:00:00,409.0,417.0,383.0,396.0,25243586.17677996,10198539385.902014
2023-07-15 09:00:00,395.0,403.0,385.0,396.0,17556297.41567755,6919360791.500761
2023-07-16 09:00:00,397.0,420.0,396.0,398.0,58605153.04786266,23856503207.3141
2023-07-17 09:00:00,398.0,406.0,388.0,401.0,21596318.63358551,8580016575.365242
2023-07-18 09:00:00,402.0,406.0,385.0,390.0,11888481.82263454,4680064429.108553
2023-07-19 09:00:00,389.0,405.0,387.0,401.0,24450759.9095079,9746220442.960936
2023-07-20 09:00:00,400.0,409.0,396.0,404.0,16115045.19414318,6488133985.847016
2023-07-21 09:00:00,403.0,410.0,399.0,403.0,10348848.88704773,4176182740.243429
2023-07-22 09:00:00,403.0,408.0,399.0,402.0,11672739.3982177,4718190490.689906
2023-07-23 09:00:00,403.0,420.0,398.0,402.0,21547464.35162306,8801870894.71046
2023-07-24 09:00:00,402.0,403.0,368.0,374.0,22659266.12274136,8682819028.580767
2023-07-25 09:00:00,374.0,376.0,364.0,374.0,8989844.31587271,3320242929.652439
2023-07-26 09:00:00,373.0,380.0,368.0,375.0,9160345.7356756,3428695633.7206793
2023-07-27 09:00:00,374.0,380.0,371.0,378.0,5434369.9091217,2040988819.1650133
2023-07-28 09:00:00,379.0,388.0,375.0,387.0,6806993.57351905,2595476893.253352
2023-07-29 09:00:00,387.0,422.0,385.0,405.0,59672045.67032363,24064890128.893044
2023-07-30 09:00:00,404.0,417.0,380.0,390.0,43309162.30894918,17326675588.819756
2023-07-31 09:00:00,389.0,391.0,380.0,386.0,13843536.30150624,5338085963.134693
2023-08-01 09:00:00,385.0,393.0,375.0,393.0,9175331.09988766,3523855052.0933094
2023-08-02 09:00:00,393.0,394.0,382.0,390.0,7257176.14113009,2819127438.6653905
2023-08-03 09:00:00,389.0,392.0,382.0,386.0,4373141.95850704,1694060166.95654
2023-08-04 09:00:00,386.0,393.0,377.0,381.0,8181054.43040386,3145865018.1170974
2023-08-05 09:00:00,381.0,390.0,380.0,385.0,10897401.28592126,4183763259.000972
2023-08-06 09:00:00,384.0,390.0,382.0,387.0,5155352.66607538,1985111392.1141174
2023-08-07 09:00:00,387.0,391.0,374.0,380.0,8925006.66617188,3434467782.0996866
2023-08-08 09:00:00,381.0,387.0,372.0,384.0,4756714.64154248,1802625245.5917165
2023-08-09 09:00:00,383.0,389.0,380.0,385.0,5871753.76082727,2260691629.073961
2023-08-10 09:00:00,384.0,387.0,380.0,384.0,2997826.65265506,1147820715.5827131
2023-08-11 09:00:00,384.0,387.0,381.0,386.0,3949461.47893683,1515909533.630464
2023-08-12 09:00:00,386.0,394.0,384.0,389.0,5846160.4023105,2267415168.493826
2023-08-13 09:00:00,388.0,393.0,384.0,386.0,4727393.63899071,1832536795.4930959
2023-08-14 09:00:00,385.0,393.0,384.0,388.0,9122547.77709926,3546699551.7172804
2023-08-15 09:00:00,388.0,389.0,358.0,365.0,12174149.65837231,4527480321.090173
2023-08-16 09:00:00,364.0,366.0,330.0,337.0,21561090.26777204,7500025473.904661
2023-08-17 09:00:00,338.0,346.0,295.0,306.0,19011163.08724719,6157252725.099856
2023-08-18 09:00:00,305.0,319.0,304.0,318.0,12918512.59883751,4020886430.5601516
2023-08-19 09:00:00,317.0,328.0,317.0,326.0,4313441.56940808,1389597747.2435243
2023-08-20 09:00:00,326.0,330.0,320.0,325.0,5195426.50304447,1688059612.6283357
2023-08-21 09:00:00,324.0,326.0,312.0,319.0,4543232.87665729,1450023054.7694132
2023-08-22 09:00:00,319.0,324.0,308.0,322.0,4033407.62247664,1282865750.5681858
2023-08-23 09:00:00,322.0,331.0,318.0,329.0,3649942.77252569,1180293115.0837774
2023-08-24 09:00:00,329.0,330.0,321.0,325.0,3057214.93679312,992848625.3180472
2023-08-25 09:00:00,325.0,327.0,315.0,325.0,3700904.13215698,1184943376.8937185
2023-08-26 09:00:00,325.0,327.0,319.0,319.0,2465474.91145006,798129353.0869788
2023-08-27 09:00:00,320.0,321.0,316.0,317.0,2083918.10095278,663337627.2705745
2023-08-28 09:00:00,317.0,317.0,303.0,314.0,5917302.87710585,1828588725.7668512
2023-08-29 09:00:00,313.0,332.0,305.0,329.0,5956296.46870212,1903252749.2541878
2023-08-30 09:00:00,329.0,330.0,320.0,323.0,2708797.4905746,877057474.5513136
2023-08-31 09:00:00,323.0,326.0,304.0,307.0,4138412.04922196,1303965938.3658452
2023-09-01 09:00:00,306.0,310.0,301.0,303.0,2970773.24602631,906961775.9072059
2023-09-02 09:00:00,303.0,312.0,300.0,310.0,7621643.26847698,2343292765.7735276
2023-09-03 09:00:00,310.0,317.0,305.0,307.0,7414478.18285623,2295265512.51012
2023-09-04 09:00:00,308.0,331.0,307.0,318.0,41171569.61841816,13106230139.086258
2023-09-05 09:00:00,316.0,319.0,307.0,318.0,11009349.29455924,3434481510.229272
2023-09-06 09:00:00,318.0,322.0,312.0,317.0,6498901.78878499,2054204777.2815604
2023-09-07 09:00:00,316.0,328.0,314.0,325.0,8094697.86259156,2576233047.0731807
2023-09-08 09:00:00,325.0,366.0,320.0,338.0,82628052.99830066,28499644494.48122
2023-09-09 09:00:00,337.0,404.0,327.0,380.0,120496809.53592741,44958971159.86256
2023-09-10 09:00:00,380.0,420.0,359.0,415.0,281625859.8016329,110196433464.97589
2023-09-11 09:00:00,415.0,443.0,381.0,397.0,163118387.8620766,66284899995.7816
2023-09-12 09:00:00,397.0,415.0,380.0,400.0,85226878.82665117,33697728169.8233
2023-09-13 09:00:00,401.0,464.0,400.0,442.0,156784665.54662132,67282164915.32151
2023-09-14 09:00:00,442.0,458.0,421.0,434.0,92876097.23530965,40898436027.032104
2023-09-15 09:00:00,433.0,559.0,433.0,538.0,171346326.32507077,82598704393.94998
2023-09-16 09:00:00,538.0,564.0,485.0,490.0,200036701.88301688,105678159949.30032
2023-09-17 09:00:00,491.0,534.0,463.0,489.0,163436721.56805512,82676542716.518
2023-09-18 09:00:00,489.0,520.0,455.0,492.0,65379534.88265431,31737371580.59418
2023-09-19 09:00:00,491.0,576.0,475.0,566.0,133020346.06482348,71351872024.22174
2023-09-20 09:00:00,566.0,599.0,510.0,531.0,104232424.03118692,56986860259.054695
2023-09-21 09:00:00,530.0,532.0,465.0,485.0,36941445.92798279,18195823281.68571
2023-09-22 09:00:00,485.0,491.0,474.0,487.0,23557436.74389107,11334326963.337421
2023-09-23 09:00:00,486.0,487.0,450.0,462.0,21852038.69106855,10260813009.304716
2023-09-24 09:00:00,461.0,473.0,440.0,448.0,17331892.1491476,7926375986.928894
2023-09-25 09:00:00,448.0,522.0,438.0,505.0,77905721.43311138,38821596582.447845
2023-09-26 09:00:00,505.0,540.0,500.0,538.0,65676491.50920279,34179487492.334476
2023-09-27 09:00:00,538.0,569.0,522.0,546.0,53899749.22896748,29316805042.560463
2023-09-28 09:00:00,545.0,565.0,527.0,538.0,15517878.13765359,8423218981.713024
2023-09-29 09:00:00,539.0,615.0,535.0,606.0,71769896.25953123,41777910262.02783
2023-09-30 09:00:00,605.0,610.0,559.0,561.0,33748865.20952108,19703625768.886715
2023-10-01 09:00:00,561.0,685.0,551.0,673.0,178475409.5266101,115220807267.58398
2023-10-02 09:00:00,673.0,693.0,632.0,663.0,94964147.92379898,62875347382.11222
2023-10-03 09:00:00,663.0,672.0,588.0,591.0,54969737.91553231,34776774858.60183
2023-10-04 09:00:00,591.0,604.0,554.0,565.0,25642993.66019596,14894646595.109354
2023-10-05 09:00:00,564.0,613.0,562.0,608.0,47382575.77430653,27565843870.099697
2023-10-06 09:00:00,608.0,639.0,599.0,613.0,47103021.88497817,29150846358.357296
2023-10-07 09:00:00,613.0,666.0,576.0,653.0,85192580.07329395,53274726543.75131
2023-10-08 09:00:00,653.0,673.0,621.0,638.0,62123934.53048932,40387263161.92713
2023-10-09 09:00:00,638.0,743.0,633.0,702.0,240920567.6361628,171141201700.0295
2023-10-10 09:00:00,702.0,714.0,616.0,619.0,107952173.69279888,69792023636.78996
2023-10-11 09:00:00,619.0,619.0,556.0,582.0,88710203.79351875,51426741032.502205
2023-10-12 09:00:00,581.0,581.0,542.0,563.0,67628886.89619821,37963503235.90591
2023-10-13 09:00:00,563.0,579.0,554.0,568.0,57411796.84066105,32413577893.807487
2023-10-14 09:00:00,569.0,569.0,551.0,557.0,26602665.29180222,14878373142.46402
2023-10-15 09:00:00,557.0,576.0,530.0,558.0,58933489.94222146,32410531821.58318
2023-10-16 09:00:00,558.0,568.0,542.0,547.0,39854737.89856515,21948231916.199677
2023-10-17 09:00:00,547.0,549.0,493.0,521.0,34105472.36861306,17734264251.231667
2023-10-18 09:00:00,521.0,523.0,482.0,485.0,21708464.89741162,10758391574.502455
2023-10-19 09:00:00,485.0,525.0,474.0,500.0,47604594.38387453,23939769664.067432
2023-10-20 09:00:00,500.0,544.0,495.0,518.0,39066202.8168039,20457037232.27385
2023-10-21 09:00:00,517.0,532.0,514.0,519.0,13062592.70465683,6802074536.388653
2023-10-22 09:00:00,520.0,522.0,498.0,509.0,7738916.54625263,3939078454.695437
2023-10-23 09:00:00,509.0,531.0,498.0,529.0,11130749.5720792,5703226261.096014
2023-10-24 09:00:00,530.0,555.0,512.0,542.0,29122517.42943881,15667714051.18248
2023-10-25 09:00:00,541.0,610.0,536.0,578.0,70157586.69142994,40454172675.14464
2023-10-26 09:00:00,578.0,580.0,527.0,545.0,18147192.24339999,10166295349.174253
2023-10-27 09:00:00,544.0,546.0,522.0,536.0,10687779.50201179,5722799163.248546
2023-10-28 09:00:00,536.0,549.0,535.0,541.0,6932105.76503978,3760332830.6270556
2023-10-29 09:00:00,541.0,606.0,534.0,579.0,40145440.01265615,23144837337.657433
2023-10-30 09:00:00,581.0,630.0,573.0,605.0,62461286.97835232,37734989142.39329
2023-10-31 09:00:00,606.0,630.0,545.0,580.0,70964017.20345789,42587266447.41128
2023-11-01 09:00:00,582.0,611.0,559.0,607.0,37560810.97010299,21947389209.965023
2023-11-02 09:00:00,607.0,635.0,585.0,624.0,43561501.66518881,26571387516.03533
2023-11-03 09:00:00,624.0,635.0,598.0,615.0,32312014.58866613,19882444325.23453
2023-11-04 09:00:00,616.0,626.0,593.0,622.0,21660392.70557863,13196141267.783684
2023-11-05 09:00:00,623.0,627.0,596.0,604.0,18271930.55521605,11226465348.512096
2023-11-06 09:00:00,604.0,626.0,588.0,614.0,21609837.92406129,13165451690.03405
2023-11-07 09:00:00,615.0,619.0,585.0,610.0,15672568.0951098,9418622696.72822
2023-11-08 09:00:00,609.0,960.0,609.0,916.0,421224613.4244657,338472336035.45496
2023-11-09 09:00:00,915.0,1200.0,891.0,1055.0,376978705.03876305,385689170809.1557
2023-11-10 09:00:00,1055.0,1280.0,1015.0,1085.0,180069585.9504926,202417404016.4225
2023-11-11 09:00:00,1085.0,1095.0,958.0,1005.0,40301266.76644299,41088662501.123405
2023-11-12 09:00:00,1005.0,1115.0,960.0,1005.0,48117320.97081769,49479030800.92097
2023-11-13 09:00:00,1005.0,1010.0,925.0,969.0,21802205.89925916,21027160746.529945
2023-11-14 09:00:00,969.0,1140.0,900.0,917.0,116635547.27853256,119123879174.22746
2023-11-15 09:00:00,916.0,977.0,908.0,945.0,39368915.46341073,36942200288.60459
2023-11-16 09:00:00,944.0,1015.0,881.0,898.0,45082179.47951688,42854000882.60431
2023-11-17 09:00:00,897.0,1095.0,897.0,945.0,119089526.96285884,117750860376.6433
2023-11-18 09:00:00,945.0,1045.0,938.0,1010.0,94961714.19179454,93729613390.26648
2023-11-19 09:00:00,1005.0,1010.0,943.0,991.0,21367449.61074877,20653694549.865917
2023-11-20 09:00:00,991.0,1040.0,968.0,1005.0,21376286.68730825,21362041854.392067
2023-11-21 09:00:00,1005.0,1060.0,890.0,930.0,22928881.55471506,22368382196.770893
2023-11-22 09:00:00,930.0,1040.0,916.0,1005.0,18749597.85203396,18301130945.38116
2023-11-23 09:00:00,1000.0,1105.0,987.0,1010.0,24559952.94684692,25780528893.643574
2023-11-24 09:00:00,1015.0,1020.0,983.0,998.0,15463465.60196455,15460577828.307251
2023-11-25 09:00:00,999.0,1020.0,973.0,995.0,11327764.05932157,11280229882.882582
2023-11-26 09:00:00,995.0,1010.0,953.0,988.0,11320560.30703109,11142124460.700794
2023-11-27 09:00:00,988.0,1070.0,941.0,1045.0,30940131.18987868,30953551294.01719
2023-11-28 09:00:00,1045.0,1080.0,950.0,1020.0,25676778.10872567,25630170886.674564
2023-11-29 09:00:00,1020.0,1030.0,961.0,975.0,13210511.6710354,13068286022.852388
2023-11-30 09:00:00,975.0,988.0,953.0,983.0,5918419.40066581,5711254723.838248
2023-12-01 09:00:00,983.0,1020.0,975.0,996.0,9996125.72604662,9939831934.009922
2023-12-02 09:00:00,995.0,1020.0,983.0,1005.0,5943486.55432763,5942077027.7357
2023-12-03 09:00:00,1010.0,1080.0,997.0,1010.0,14720366.35110345,15184301168.165846
2023-12-04 09:00:00,1010.0,1040.0,980.0,1020.0,16655438.10046635,16733074980.634277
2023-12-05 09:00:00,1015.0,1235.0,1005.0,1095.0,141701854.14982194,161591217075.82785
2023-12-06 09:00:00,1095.0,1115.0,991.0,1005.0,61178363.1496307,63037940815.00439
2023-12-07 09:00:00,1000.0,1015.0,941.0,987.0,29557212.88238427,29014331160.493195
2023-12-08 09:00:00,987.0,992.0,959.0,992.0,17882703.07127809,17450895638.44019
2023-12-09 09:00:00,992.0,998.0,978.0,981.0,17798267.37811298,17618640485.63085
2023-12-10 09:00:00,984.0,987.0,953.0,979.0,11161772.26162531,10878592809.732311
2023-12-11 09:00:00,979.0,981.0,882.0,912.0,17120965.54654971,15708994247.439255
2023-12-12 09:00:00,912.0,985.0,908.0,985.0,19336678.83476894,18277490446.69909
2023-12-13 09:00:00,985.0,1155.0,943.0,1080.0,71129160.10742934,75003889190.05609
2023-12-14 09:00:00,1080.0,1200.0,1045.0,1175.0,55582013.46079274,62675501453.272385
2023-12-15 09:00:00,1180.0,1385.0,1145.0,1310.0,86733524.77716105,112485970205.3411
2023-12-16 09:00:00,1315.0,1375.0,1205.0,1265.0,45469518.89415934,58393005813.97916
2023-12-17 09:00:00,1265.0,1525.0,1265.0,1455.0,114140502.6816682,164741759193.53986
2023-12-18 09:00:00,1450.0,1515.0,1335.0,1425.0,64861721.52934003,93271343714.80356
2023-12-19 09:00:00,1420.0,1535.0,1390.0,1430.0,52287944.06950705,77252277570.23772
2023-12-20 09:00:00,1430.0,1440.0,1350.0,1395.0,26807233.75841606,36981406865.05498
2023-12-21 09:00:00,1395.0,1675.0,1360.0,1400.0,114111591.90781271,171723107349.11258
2023-12-22 09:00:00,1400.0,1405.0,1235.0,1255.0,50374261.27181069,65670353049.53731
2023-12-23 09:00:00,1260.0,1260.0,1110.0,1210.0,77403916.60424985,90304587359.8756
2023-12-24 09:00:00,1210.0,1210.0,1085.0,1105.0,62424672.32129268,70896143994.01033
2023-12-25 09:00:00,1100.0,1125.0,1060.0,1090.0,34247552.28226238,37407983839.463745
2023-12-26 09:00:00,1090.0,1135.0,1030.0,1070.0,42578514.59418276,46364011314.93263
2023-12-27 09:00:00,1065.0,1070.0,982.0,1020.0,63139657.90572178,63381281155.411385
2023-12-28 09:00:00,1020.0,1035.0,947.0,968.0,57535056.51861776,56236216203.50522
2023-12-29 09:00:00,968.0,974.0,917.0,955.0,38208549.90845461,36077745680.99946
2023-12-30 09:00:00,954.0,1010.0,954.0,984.0,70886860.07646006,69859302786.75076
2023-12-31 09:00:00,983.0,988.0,936.0,949.0,41292785.50412985,39951795318.08462
2024-01-01 09:00:00,949.0,960.0,920.0,956.0,25801346.13604699,24177678072.19921
2024-01-02 09:00:00,956.0,975.0,940.0,963.0,31824779.58500136,30500526490.544483
2024-01-03 09:00:00,964.0,974.0,745.0,881.0,86253621.2196004,74563276557.1109
2024-01-04 09:00:00,881.0,881.0,822.0,871.0,29230225.85293231,24834866803.02674
2024-01-05 09:00:00,870.0,922.0,819.0,860.0,73656224.09539688,65175450447.62189
2024-01-06 09:00:00,861.0,898.0,795.0,853.0,31725024.417903,26619559369.06809
2024-01-07 09:00:00,852.0,868.0,773.0,785.0,26523677.66776678,22064266100.152317
2024-01-08 09:00:00,785.0,826.0,695.0,823.0,30840881.47476133,23427197079.601788
2024-01-09 09:00:00,822.0,832.0,732.0,763.0,22133980.99626104,17286787184.180607
2024-01-10 09:00:00,763.0,850.0,727.0,833.0,30907437.83709289,24258757541.509285
2024-01-11 09:00:00,833.0,870.0,818.0,852.0,25602610.06353674,21663098591.33754
2024-01-12 09:00:00,853.0,913.0,817.0,861.0,58518913.99343143,51430793858.09436
2024-01-13 09:00:00,861.0,873.0,798.0,864.0,18606389.04881297,15613960663.649832
2024-01-14 09:00:00,863.0,866.0,818.0,822.0,9726323.11852196,8214672771.198945
2024-01-15 09:00:00,821.0,842.0,814.0,825.0,10427679.8514158,8627304168.135372
2024-01-16 09:00:00,825.0,844.0,813.0,840.0,10033379.1148455,8304654733.963764
2024-01-17 09:00:00,841.0,843.0,816.0,825.0,7660762.65301824,6351760045.01889
2024-01-18 09:00:00,826.0,828.0,777.0,789.0,10660146.26172474,8586376821.354021
2024-01-19 09:00:00,790.0,792.0,738.0,778.0,9797754.07651561,7516511662.27471
2024-01-20 09:00:00,777.0,797.0,763.0,793.0,4779599.2386958,3737598243.8584366
2024-01-21 09:00:00,793.0,840.0,785.0,805.0,35463795.79681297,29293885389.891277
2024-01-22 09:00:00,805.0,806.0,741.0,743.0,18167633.66197713,13995782485.168722
2024-01-23 09:00:00,743.0,753.0,676.0,724.0,18696761.81148213,13234302490.948896
2024-01-24 09:00:00,724.0,738.0,705.0,735.0,7866778.76188941,5669158590.417897
2024-01-25 09:00:00,736.0,794.0,726.0,746.0,34423336.35008505,26199348765.51353
2024-01-26 09:00:00,746.0,819.0,730.0,803.0,65796087.90913647,52037784573.1318
2024-01-27 09:00:00,803.0,887.0,796.0,882.0,101543833.5962686,85807374438.26407
2024-01-28 09:00:00,882.0,890.0,834.0,846.0,71116027.25234789,61229128855.81435
2024-01-29 09:00:00,846.0,983.2,834.0,953.5,131978578.24695252,122867163244.22556
2024-01-30 09:00:00,953.6,984.2,913.6,919.9,82610525.42290805,78091880326.57947
2024-01-31 09:00:00,919.9,941.8,872.6,899.6,46423967.6427894,42043921714.0428
2024-02-01 09:00:00,898.9,919.9,860.2,882.2,24438379.93796033,21574395003.575138
2024-02-02 09:00:00,882.2,941.9,877.3,907.0,48167267.91983786,44339831307.716995
2024-02-03 09:00:00,904.5,909.4,872.3,878.5,13696403.60378217,12165852681.864374
2024-02-04 09:00:00,879.1,883.9,851.9,853.1,8803245.20428576,7657360619.606463
2024-02-05 09:00:00,853.3,881.7,845.7,859.1,16330486.16859459,14084017839.086931
2024-02-06 09:00:00,859.1,907.7,847.1,891.4,20047274.38616667,17672127314.21832
2024-02-07 09:00:00,890.9,922.0,877.2,900.1,15218590.1342613,13722669960.495895
2024-02-08 09:00:00,900.5,931.6,890.6,898.0,15041234.22343105,13673833071.619736
2024-02-09 09:00:00,897.4,918.6,890.0,906.9,14851017.37712189,13477614108.434101
2024-02-10 09:00:00,907.1,916.7,866.8,880.7,10663048.58368039,9510776411.884506
2024-02-11 09:00:00,880.6,900.0,856.0,869.2,13473843.37268454,11840637871.072947
2024-02-12 09:00:00,869.2,888.6,849.1,885.8,19248456.79877825,16718722539.040785
2024-02-13 09:00:00,886.9,919.0,877.3,916.8,64687545.15144616,58459549909.742645
2024-02-14 09:00:00,916.8,917.8,885.0,896.7,55144700.19996245,49365056865.24086
2024-02-15 09:00:00,897.4,932.3,884.6,913.0,50578054.70132898,45650882548.51806
2024-02-16 09:00:00,912.9,953.9,897.8,936.4,40625887.09478388,37563168086.5988
2024-02-17 09:00:00,936.3,1058.0,929.2,1002.0,209259770.28575054,207378316006.24762
2024-02-18 09:00:00,1002.0,1014.0,953.0,986.2,73069641.94026461,71472546679.18036
2024-02-19 09:00:00,986.2,1062.0,964.4,1060.0,65819795.74850424,66025452366.73946
2024-02-20 09:00:00,1061.0,1135.0,973.7,1025.0,110909952.3762273,116798391229.44388
2024-02-21 09:00:00,1024.0,1024.0,950.8,987.0,40242478.95208592,39625875491.973885
2024-02-22 09:00:00,987.1,1029.0,945.0,999.4,34689573.97617684,34120956802.85199
2024-02-23 09:00:00,999.4,1050.0,969.4,1015.0,58271524.44919319,59067581727.98341
2024-02-24 09:00:00,1013.0,1044.0,987.0,1005.0,39160117.78065803,39733679229.184
2024-02-25 09:00:00,1005.0,1030.0,993.3,1013.0,29302737.37369405,29598940450.37067
2024-02-26 09:00:00,1013.0,1016.0,951.6,1013.0,33565114.70409298,33159028865.51076
2024-02-27 09:00:00,1013.0,1027.0,982.7,1021.0,31446383.55212474,31451926025.059536
2024-02-28 09:00:00,1022.0,1104.0,964.5,1049.0,94560253.90787779,99186094797.52936
2024-02-29 09:00:00,1049.0,1100.0,1016.0,1070.0,61341711.46961651,65291760959.66488
2024-03-01 09:00:00,1071.0,1150.0,1058.0,1145.0,43062303.50821236,47909194403.1243
2024-03-02 09:00:00,1144.0,1180.0,1093.0,1180.0,44724284.02305855,50575091329.957825
2024-03-03 09:00:00,1180.0,1180.0,1025.0,1144.0,51606800.58135212,57657036043.02802
2024-03-04 09:00:00,1143.0,1165.0,1100.0,1150.0,50723765.88654922,57282513026.87283
2024-03-05 09:00:00,1149.0,1150.0,980.0,1047.0,75708297.35452636,82594385109.3799
2024-03-06 09:00:00,1046.0,1095.0,981.3,1092.0,40129244.23035562,41695580064.13308
2024-03-07 09:00:00,1093.0,1165.0,1079.0,1145.0,50445089.02857131,56578057259.59423
2024-03-08 09:00:00,1146.0,1304.0,1080.0,1209.0,166532936.76334345,203308948885.81494
2024-03-09 09:00:00,1208.0,1294.0,1192.0,1224.0,75926336.0720159,94283400004.41162
2024-03-10 09:00:00,1223.0,1252.0,1165.0,1215.0,34986801.17285974,42295922276.66406
2024-03-11 09:00:00,1216.0,1274.0,1157.0,1259.0,66959840.0410757,82720526861.0369
2024-03-12 09:00:00,1258.0,1267.0,1170.0,1250.0,36375023.97043055,44485282011.91159
2024-03-13 09:00:00,1249.0,1268.0,1216.0,1262.0,32996130.47957204,41037583027.8502
2024-03-14 09:00:00,1262.0,1288.0,1131.0,1220.0,44701356.59598029,54421631197.84202
2024-03-15 09:00:00,1220.0,1227.0,1057.0,1138.0,44336498.94627365,50049797429.31117
2024-03-16 09:00:00,1139.0,1149.0,1014.0,1048.0,25522561.1025834,27834028486.31623
2024-03-17 09:00:00,1050.0,1089.0,964.9,1074.0,26454924.11150335,27002853175.79796
2024-03-18 09:00:00,1074.0,1074.0,993.1,1011.0,15615790.41985203,16090274744.110088
2024-03-19 09:00:00,1010.0,1020.0,907.2,939.2,26486190.46795253,25169399443.768402
2024-03-20 09:00:00,939.1,1053.0,903.4,1051.0,34098707.1916027,33631088863.83105
2024-03-21 09:00:00,1051.0,1073.0,1024.0,1047.0,19572098.6308898,20580317165.49876
2024-03-22 09:00:00,1047.0,1053.0,993.6,1030.0,12523980.91005258,12817741945.717701
2024-03-23 09:00:00,1030.0,1039.0,1008.0,1021.0,7191947.96937134,7383761454.406517
2024-03-24 09:00:00,1021.0,1049.0,1010.0,1044.0,7159929.49346938,7360912747.286112
2024-03-25 09:00:00,1043.0,1099.0,1035.0,1085.0,14212971.33274013,15066766473.426617
2024-03-26 09:00:00,1084.0,1160.0,1079.0,1152.0,25393503.76938571,28754508331.56755
2024-03-27 09:00:00,1152.0,1188.0,1087.0,1117.0,24690660.33483826,28143406473.007874
2024-03-28 09:00:00,1117.0,1216.0,1105.0,1191.0,60081073.34271945,70383644641.7169
2024-03-29 09:00:00,1193.0,1193.0,1141.0,1164.0,19147448.03066876,22215191837.592773
2024-03-30 09:00:00,1163.0,1170.0,1118.0,1130.0,10362931.29178341,11882854692.094149
2024-03-31 09:00:00,1127.0,1137.0,1110.0,1125.0,6762495.1208893,7576680626.082542
2024-04-01 09:00:00,1124.0,1147.0,1031.0,1059.0,19205176.91936412,20984941652.369946
2024-04-02 09:00:00,1058.0,1060.0,972.0,980.5,15679492.6078633,15697011490.002424
2024-04-03 09:00:00,981.9,1012.0,939.5,982.9,11306428.25396222,11125855331.037838
2024-04-04 09:00:00,982.9,1032.0,966.3,1024.0,7241419.95582891,7252081649.825309
2024-04-05 09:00:00,1024.0,1027.0,968.8,1005.0,6171442.37770878,6161687805.549429
2024-04-06 09:00:00,1004.0,1017.0,998.5,1009.0,3541217.5136403,3569074177.910653
2024-04-07 09:00:00,1008.0,1025.0,1006.0,1020.0,3178838.16553269,3235855084.9441133
2024-04-08 09:00:00,1020.0,1058.0,990.7,1053.0,8081161.99020536,8320583581.873245
2024-04-09 09:00:00,1054.0,1075.0,1007.0,1011.0,11547778.86829276,12070647034.717718
2024-04-10 09:00:00,1012.0,1019.0,961.0,1003.0,7940868.2739479,7874256592.096552
2024-04-11 09:00:00,1004.0,1007.0,982.0,1003.0,6289286.46412099,6267807833.054815
2024-04-12 09:00:00,1002.0,1020.0,841.0,883.2,15674750.82327518,14687513069.358833
2024-04-13 09:00:00,883.2,883.2,671.7,760.1,17461167.16837752,13910713578.518412
2024-04-14 09:00:00,759.9,828.0,723.0,816.5,14019431.55700716,10874137513.0421
2024-04-15 09:00:00,817.2,842.0,768.3,797.8,11136891.8648448,9052710319.219896
2024-04-16 09:00:00,797.8,807.7,753.7,786.3,7739060.19528701,6023669128.153066
2024-04-17 09:00:00,786.5,793.8,742.0,761.1,5599772.81124091,4305436475.250949
2024-04-18 09:00:00,760.9,790.9,734.1,783.2,5584849.93008933,4279341583.485235
2024-04-19 09:00:00,783.2,802.6,725.0,778.0,7249433.96563841,5594841540.694767
2024-04-20 09:00:00,778.8,837.0,772.4,830.0,5176931.66458306,4157820356.1528983
2024-04-21 09:00:00,829.3,842.9,803.0,812.2,5566184.64011416,4595701414.276172
2024-04-22 09:00:00,812.7,838.6,809.4,831.2,6859597.53640425,5668546645.955647
2024-04-23 09:00:00,831.3,847.2,810.2,845.8,5974416.46797873,4945826805.141308
2024-04-24 09:00:00,845.8,867.8,793.9,800.0,8867733.66681606,7427263966.918686
2024-04-25 09:00:00,800.0,803.4,760.0,786.0,6234895.67016128,4857865810.131021
2024-04-26 09:00:00,785.3,799.0,757.9,795.6,4213921.31020439,3282454475.3637843
2024-04-27 09:00:00,795.6,815.4,765.2,802.3,6464488.73780096,5105081224.535658
2024-04-28 09:00:00,802.8,812.0,778.9,782.0,4364328.20955083,3495646525.3375206
2024-04-29 09:00:00,781.0,825.4,758.8,783.3,13219759.91448598,10412789651.155003
2024-04-30 09:00:00,783.5,794.1,705.3,722.8,6795560.18987975,5075901950.398552
2024-05-01 09:00:00,722.4,728.8,661.2,724.6,9174421.6146935,6373762574.220662
2024-05-02 09:00:00,724.9,765.0,696.0,737.6,4026591.35820237,2923162400.1187005
2024-05-03 09:00:00,738.7,774.3,725.3,766.4,4029048.98602079,3020901017.2148957
2024-05-04 09:00:00,766.4,772.7,750.4,762.1,2920171.27656339,2228385029.5663013
2024-05-05 09:00:00,762.1,775.0,740.2,761.9,2441715.00770485,1851998183.970665
2024-05-06 09:00:00,761.9,783.1,744.5,750.5,3535392.55127895,2702326581.9483275
2024-05-07 09:00:00,750.5,776.7,741.8,742.4,5819642.31665184,4432292923.552781
2024-05-08 09:00:00,742.0,758.1,725.7,737.1,3347850.09968161,2474377536.5440135
2024-05-09 09:00:00,737.5,757.3,719.9,755.0,2297692.45112689,1694799330.61296
2024-05-10 09:00:00,755.1,771.0,720.6,729.2,3204950.52304997,2410598080.3107157
2024-05-11 09:00:00,729.2,739.3,721.0,723.8,1544678.78003442,1129547909.7991638
2024-05-12 09:00:00,724.7,727.4,706.0,710.4,1745492.95498598,1250336820.382084
2024-05-13 09:00:00,710.0,730.0,680.7,714.5,3642464.6524962,2564712797.4163456
2024-05-14 09:00:00,712.9,724.9,691.8,693.9,1974377.76756841,1398224133.1169212
2024-05-15 09:00:00,693.9,735.0,683.8,729.7,3352908.094415,2384580735.128148
2024-05-16 09:00:00,729.7,741.9,716.3,732.3,2765847.87847657,2025072081.755085
2024-05-17 09:00:00,732.3,761.0,726.1,756.3,2662430.14471985,1990164400.4792893
2024-05-18 09:00:00,756.2,779.0,752.8,756.1,2459623.70777585,1876875350.4671645
2024-05-19 09:00:00,755.4,756.9,707.1,710.6,3014600.28448376,2206859488.359852
2024-05-20 09:00:00,709.1,776.0,695.4,770.4,4883552.74162213,3579861524.3943653
2024-05-21 09:00:00,770.7,799.6,756.9,781.7,6844785.93976265,5350178463.256152
2024-05-22 09:00:00,781.7,788.0,756.3,768.9,3569184.95243513,2766204892.169932
2024-05-23 09:00:00,767.6,788.6,726.3,769.7,4400685.6232678,3362071819.8648424
2024-05-24 09:00:00,768.9,794.1,756.3,787.1,3776275.51134594,2939354677.841318
2024-05-25 09:00:00,787.2,798.0,777.7,782.6,2301128.08954956,1811971838.8100867
2024-05-26 09:00:00,782.6,784.4,765.0,766.7,1561671.11555253,1207405998.560766
2024-05-27 09:00:00,766.7,793.4,756.3,789.4,2303423.29175693,1785736297.0322964
2024-05-28 09:00:00,789.9,811.7,753.9,790.5,4161454.28843007,3259989418.3389487
2024-05-29 09:00:00,790.5,795.8,758.4,758.6,2866200.72407493,2233207477.026237
2024-05-30 09:00:00,758.9,768.9,732.0,743.2,2510033.32207161,1881062043.4730237
2024-05-31 09:00:00,743.3,751.0,730.0,744.9,1532293.64379225,1134542580.2231843
2024-06-01 09:00:00,744.9,745.5,737.0,740.0,853954.62178681,632841550.182628
2024-06-02 09:00:00,740.0,747.0,722.5,724.1,1562620.60635116,1148051412.6360462
2024-06-03 09:00:00,724.1,739.2,715.2,728.4,1943249.63738196,1420554170.280974
2024-06-04 09:00:00,728.4,739.8,710.0,739.6,2149786.94231779,1557311427.0449545
2024-06-05 09:00:00,739.7,750.7,735.3,746.0,1732003.25208239,1284767257.7972546
2024-06-06 09:00:00,747.0,790.0,737.0,788.3,6815769.93982873,5260841683.934637
2024-06-07 09:00:00,788.0,789.3,680.0,719.5,7501376.76535603,5593911545.574713
2024-06-08 09:00:00,719.5,720.0,663.4,673.2,5507354.63387874,3802562139.5000515
2024-06-09 09:00:00,673.2,696.6,664.1,689.6,2266318.55717068,1540763654.1261609
2024-06-10 09:00:00,690.7,720.0,663.7,665.4,8234682.46583724,5710589305.9977
2024-06-11 09:00:00,665.5,676.4,620.9,634.2,5312050.7665996,3443906857.1014476
2024-06-12 09:00:00,633.7,675.6,615.7,662.0,3245359.59585495,2115436168.6107073
2024-06-13 09:00:00,661.1,663.1,632.7,636.8,1734780.73155863,1125413507.4928854
2024-06-14 09:00:00,635.7,664.2,619.6,628.3,3842230.21185478,2484665006.7857847
2024-06-15 09:00:00,628.3,636.0,622.0,630.7,1142300.19814866,717943261.7713137
2024-06-16 09:00:00,632.0,632.0,614.0,623.4,1629483.98746544,1017447058.6693434
2024-06-17 09:00:00,623.5,626.1,512.0,534.0,10618394.22468976,5951000290.131235
2024-06-18 09:00:00,534.3,537.5,460.0,509.1,7048367.86563185,3513181803.6994333
2024-06-19 09:00:00,509.6,543.4,503.2,537.0,1906376.04928613,1003928739.1445799
2024-06-20 09:00:00,536.9,563.0,533.8,541.9,2471147.79704005,1357160082.634851
2024-06-21 09:00:00,543.0,554.0,533.0,542.4,1635556.94244942,891752108.581047
2024-06-22 09:00:00,543.7,546.3,535.0,536.9,743188.20337963,401657580.91568714
2024-06-23 09:00:00,537.0,551.0,519.4,521.5,3033610.3020533,1640906387.2901528
2024-06-24 09:00:00,520.5,534.0,496.0,534.0,4104639.58374467,2125236978.5270858
2024-06-25 09:00:00,533.5,562.5,528.0,553.0,2145514.33304361,1165954208.777403
2024-06-26 09:00:00,553.7,564.9,538.9,543.0,1853172.74306822,1019771893.425282
2024-06-27 09:00:00,543.0,559.2,530.5,555.0,911320.09067901,496448859.68900514
2024-06-28 09:00:00,554.5,564.5,539.0,539.3,1131602.64280147,624616523.1646738
2024-06-29 09:00:00,539.5,552.1,516.8,521.9,866302.39972708,462198841.7597729
2024-06-30 09:00:00,521.8,542.4,512.9,541.0,885604.22980832,466087044.401943
2024-07-01 09:00:00,541.0,549.8,521.5,527.7,1078866.87285937,577088527.5407596
2024-07-02 09:00:00,527.7,537.1,521.0,527.9,868838.4535737,458719233.23837507
2024-07-03 09:00:00,527.3,530.3,505.3,507.4,1573727.77067951,812746043.289368
2024-07-04 09:00:00,507.4,512.4,457.8,461.5,2786401.44042482,1341064782.7837746
2024-07-05 09:00:00,462.6,467.7,402.9,464.2,5134077.53316977,2220650074.8794556
2024-07-06 09:00:00,464.0,491.0,452.5,484.9,2270287.64317378,1066264193.862314
2024-07-07 09:00:00,484.9,488.7,457.7,460.1,3118878.53952847,1491473236.459026
2024-07-08 09:00:00,460.3,496.8,449.0,481.6,3096110.61861601,1457736960.6715658
2024-07-09 09:00:00,480.2,512.3,477.0,490.0,2758754.3169102,1361636102.8220792
2024-07-10 09:00:00,490.5,505.0,485.3,504.6,3745221.72411005,1847754381.8669362
2024-07-11 09:00:00,504.1,519.0,495.0,510.1,3427537.06494891,1735117574.7587404
2024-07-12 09:00:00,509.2,510.5,481.1,497.9,4748041.96457053,2345528939.04106
2024-07-13 09:00:00,497.1,564.5,492.3,547.0,8355897.9179568,4507089160.948477
2024-07-14 09:00:00,547.7,559.4,521.0,538.2,6367195.89598606,3412407127.2539444
2024-07-15 09:00:00,538.6,563.0,536.2,561.6,5139123.67049543,2809909114.0561004
2024-07-16 09:00:00,561.6,577.0,538.6,552.3,4279416.10840739,2382333081.0078487
2024-07-17 09:00:00,553.3,575.8,551.7,551.7,2512011.45010775,1413967140.4467666
2024-07-18 09:00:00,552.3,594.6,537.1,552.5,11118286.31496886,6382639385.440408
2024-07-19 09:00:00,553.5,588.6,540.8,581.6,8966118.05413734,5064748010.359474
2024-07-20 09:00:00,580.0,592.0,573.5,587.3,1998326.46767077,1160736168.7353778
2024-07-21 09:00:00,587.1,603.9,569.0,591.6,4092946.14008196,2411191352.4561105
2024-07-22 09:00:00,591.6,595.7,556.2,559.3,2236473.35304685,1283023507.9729948
2024-07-23 09:00:00,559.3,568.8,536.2,545.3,1925922.34314837,1065606094.6181079
2024-07-24 09:00:00,545.9,556.8,523.8,530.8,1462706.70818346,792479173.8582712
2024-07-25 09:00:00,529.9,532.0,489.6,509.3,3439012.47468341,1738675478.4881856
2024-07-26 09:00:00,509.3,537.0,509.3,532.5,3648196.33459311,1920151936.6219187
2024-07-27 09:00:00,532.8,697.7,526.9,671.3,79573724.02697283,51327844146.0551
2024-07-28 09:00:00,671.3,731.2,643.8,684.9,108586575.8435948,74304127821.47572
2024-07-29 09:00:00,684.9,717.7,632.3,677.8,39185763.29804063,26600909953.220364
2024-07-30 09:00:00,677.8,701.4,611.3,627.3,19210088.11549553,12847037807.005222
2024-07-31 09:00:00,627.3,677.4,612.0,613.4,27568563.13691396,17920934507.889984
2024-08-01 09:00:00,613.0,628.8,553.0,581.6,10282073.96479495,6176480322.95497
2024-08-02 09:00:00,581.6,615.3,547.4,550.8,21882696.28717998,12908481071.383121
2024-08-03 09:00:00,550.9,558.3,475.7,485.2,12038226.95184346,6176195747.931824
2024-08-04 09:00:00,484.2,485.0,428.2,436.6,10589909.80073896,4885234591.443304
2024-08-05 09:00:00,436.6,608.6,375.5,580.2,165072604.55812433,86000988419.99023
2024-08-06 09:00:00,580.1,606.7,557.3,575.1,63355171.83627496,36764277430.21072
2024-08-07 09:00:00,575.1,576.0,514.9,527.7,32638873.98695068,17757888707.62425
2024-08-08 09:00:00,528.7,558.3,506.7,558.3,21143227.09157139,11223907157.56703
2024-08-09 09:00:00,557.9,559.0,531.0,547.3,16443821.60260735,8915482208.868711
2024-08-10 09:00:00,546.7,548.9,524.0,537.1,8178226.13052963,4352955063.343506
2024-08-11 09:00:00,537.3,541.0,483.3,488.3,11735365.141378,6063612425.578846
2024-08-12 09:00:00,488.3,517.7,488.3,501.2,16901963.26397331,8527019232.598799
2024-08-13 09:00:00,501.1,506.6,484.0,501.0,5999944.25481074,2981051464.480869
2024-08-14 09:00:00,501.0,502.5,480.7,492.2,4181677.54699441,2062723962.4426303
2024-08-15 09:00:00,492.5,533.9,488.0,496.9,25705289.76579684,13086143039.084253
2024-08-16 09:00:00,495.9,510.0,480.1,494.1,11410479.6211743,5658026877.512818
2024-08-17 09:00:00,493.0,500.5,485.0,494.4,2439690.09007157,1199481020.9649096
2024-08-18 09:00:00,494.4,516.5,487.0,505.1,4676946.79424219,2356328392.591197
2024-08-19 09:00:00,505.1,513.9,484.4,493.6,6162573.80786627,3082258538.910738
2024-08-20 09:00:00,493.7,501.4,477.0,488.8,6009346.53328151,2948141499.626732
2024-08-21 09:00:00,488.8,560.0,488.8,521.4,93462724.595526,48864022689.14679
2024-08-22 09:00:00,520.5,590.2,515.5,564.2,90453599.64124858,50643836268.26885
2024-08-23 09:00:00,564.7,589.8,551.9,579.0,31607751.30389761,17931063191.35519
2024-08-24 09:00:00,578.6,582.9,560.1,571.0,9755424.67897749,5567920965.355448
2024-08-25 09:00:00,570.8,589.7,542.9,555.8,16683801.15138059,9525564618.519457
2024-08-26 09:00:00,555.9,563.5,531.4,537.5,6829567.11332124,3759766262.733666
2024-08-27 09:00:00,537.9,546.0,496.5,503.0,5499862.9090014,2869378914.307673
2024-08-28 09:00:00,502.5,518.1,485.0,495.7,4039703.33443934,2026864010.8268692
2024-08-29 09:00:00,497.1,517.0,493.5,498.5,2880734.78719156,1451790129.4036558
2024-08-30 09:00:00,498.5,507.9,480.0,499.4,3279528.27886561,1628088911.6741667
2024-08-31 09:00:00,499.9,502.2,478.4,488.2,1583080.40128914,777921256.9191871
2024-09-01 09:00:00,488.2,488.6,459.4,461.7,2454873.7711766,1174532563.3398151
2024-09-02 09:00:00,461.7,486.8,453.8,482.9,2819841.82011537,1325021364.5885122
2024-09-03 09:00:00,483.8,493.8,455.7,457.1,2741050.11853428,1302609394.8641596
2024-09-04 09:00:00,457.2,472.5,438.0,464.6,3219762.28864985,1471457668.624821
2024-09-05 09:00:00,464.6,469.4,443.0,446.1,3466755.67732594,1581276460.5791929
2024-09-06 09:00:00,447.2,464.2,426.0,441.0,4880709.89750653,2191000299.8177037
2024-09-07 09:00:00,442.4,457.0,436.6,447.4,1688544.43628707,754415512.5135995
2024-09-08 09:00:00,447.6,465.7,447.0,460.8,1928022.25249324,881483038.7853847
2024-09-09 09:00:00,460.8,487.0,455.0,483.6,4592738.96129519,2156890592.7574844
2024-09-10 09:00:00,483.6,493.8,476.5,485.3,2117707.73846387,1022361148.1935211
2024-09-11 09:00:00,485.9,486.4,462.0,477.1,2808361.23734662,1328986774.946946
2024-09-12 09:00:00,478.5,491.2,476.0,490.2,2190568.40607809,1058711064.5487953
2024-09-13 09:00:00,490.9,500.1,481.2,496.7,3416076.33885869,1667953993.7710946
2024-09-14 09:00:00,496.4,498.1,481.0,486.6,1467226.4265437,718569744.1258831
2024-09-15 09:00:00,486.5,530.0,476.5,507.4,6082581.96136008,3085488353.0801435
2024-09-16 09:00:00,507.3,546.4,490.2,494.0,18168596.10240907,9446904906.183395
2024-09-17 09:00:00,495.1,509.1,489.4,499.6,4697782.48916239,2349607332.320649
2024-09-18 09:00:00,500.9,510.5,470.9,502.6,7332928.34065369,3626200693.628267
2024-09-19 09:00:00,502.6,560.0,502.6,539.7,32220605.12594363,17286721547.68346
2024-09-20 09:00:00,539.8,553.3,527.2,549.9,10203212.49642542,5543367619.937895
2024-09-21 09:00:00,549.9,583.1,542.5,572.9,8986338.44307501,5021412177.838538
2024-09-22 09:00:00,573.0,574.7,532.6,546.3,4878448.57778932,2692112853.503335
2024-09-23 09:00:00,546.3,556.6,534.1,552.6,4953093.0302089,2709274905.3821926
2024-09-24 09:00:00,552.6,568.7,543.8,565.6,4416429.81217828,2452575832.3795705
2024-09-25 09:00:00,565.7,593.7,561.6,581.9,12833688.96715561,7437166338.672675
2024-09-26 09:00:00,581.9,590.5,569.5,590.3,3790656.76961145,2202780315.698005
2024-09-27 09:00:00,590.4,595.5,581.1,589.2,3712708.61950424,2180087215.0915284
2024-09-28 09:00:00,589.2,593.2,560.9,569.6,3910792.09524985,2246285363.9003706
2024-09-29 09:00:00,570.6,573.2,550.8,569.1,3081390.46253615,1735225435.7279537
2024-09-30 09:00:00,568.0,570.5,534.5,538.1,3560886.65505909,1960516568.5446055
2024-10-01 09:00:00,540.4,575.7,498.0,505.8,12607037.04656485,6897734028.336955
2024-10-02 09:00:00,503.9,524.7,495.0,502.0,4256608.97867503,2158318837.767728
2024-10-03 09:00:00,502.6,513.3,484.4,499.4,3124391.93176004,1556208298.0143058
2024-10-04 09:00:00,500.2,521.2,495.8,520.2,2082370.62734582,1063883788.8018498
2024-10-05 09:00:00,519.2,539.5,513.7,522.3,3320235.50078931,1749671793.4687881
2024-10-06 09:00:00,522.3,536.3,518.1,533.3,2302209.42665344,1213625604.2814248
2024-10-07 09:00:00,533.2,542.7,516.8,517.7,3084907.52458838,1637267101.5557506
2024-10-08 09:00:00,517.8,543.0,510.6,542.4,3201134.59953168,1675545474.5901847
2024-10-09 09:00:00,542.4,569.1,525.2,533.8,13657911.92362661,7581925145.1647005
2024-10-10 09:00:00,533.8,577.1,532.1,570.0,22386903.15869022,12507369238.309374
2024-10-11 09:00:00,570.0,586.3,551.8,585.5,13601139.21286591,7739101462.96517
2024-10-12 09:00:00,584.2,612.2,579.1,599.3,12734879.35771411,7645288683.302455
2024-10-13 09:00:00,599.5,631.7,590.1,626.5,9349759.20356906,5708799688.321002
2024-10-14 09:00:00,626.6,648.4,604.8,638.1,7745332.95750442,4825445326.794386
2024-10-15 09:00:00,637.1,837.0,625.6,819.0,138832676.27589595,102651579144.71811
2024-10-16 09:00:00,819.0,857.9,787.0,811.5,90464850.46733037,73972531045.6804
2024-10-17 09:00:00,811.4,862.3,748.0,841.3,67123479.90895689,53801855957.51363
2024-10-18 09:00:00,841.4,904.3,801.6,858.6,67329820.66143791,57915211361.50637
2024-10-19 09:00:00,858.6,1050.0,798.0,807.6,270389123.73625255,245199740072.1114
2024-10-20 09:00:00,809.4,813.8,736.7,741.9,105855607.08111702,81339516237.48618
2024-10-21 09:00:00,742.0,752.2,702.0,703.0,42904998.35646243,31397134926.2988
2024-10-22 09:00:00,703.0,744.3,687.0,727.6,47815884.98457458,34330439590.354813
2024-10-23 09:00:00,726.7,743.5,663.1,674.5,23470205.53840096,16519198011.1371
2024-10-24 09:00:00,674.5,689.0,658.5,678.8,12417795.87973421,8323405392.0747595
2024-10-25 09:00:00,678.9,679.1,588.2,615.2,12967010.08745669,8347236128.105934
2024-10-26 09:00:00,615.2,629.7,598.8,615.1,8025069.21903548,4962910127.969136
2024-10-27 09:00:00,615.1,666.1,613.1,626.2,26467799.24724779,16814423760.142271
2024-10-28 09:00:00,626.2,675.6,626.1,653.1,93996496.72499458,61588893952.78054
2024-10-29 09:00:00,652.9,682.1,642.7,666.7,26126506.92983856,17107252633.300749
2024-10-30 09:00:00,666.1,666.7,644.0,654.0,8108831.92681616,5306410087.89946
2024-10-31 09:00:00,654.0,655.6,609.9,614.5,6290337.04364775,3981469286.878889
2024-11-01 09:00:00,614.5,632.0,600.3,616.7,4642193.96469824,2857168310.282767
2024-11-02 09:00:00,616.7,647.6,599.0,605.3,19827230.82730604,12525030831.305368
2024-11-03 09:00:00,603.8,608.2,558.0,584.5,5895293.95863092,3438072918.920896
2024-11-04 09:00:00,584.7,588.9,553.6,564.0,2703632.65449563,1556895408.2712762
2024-11-05 09:00:00,565.1,604.5,564.8,595.3,4903150.05198001,2880223347.0792108
2024-11-06 09:00:00,594.5,643.6,594.5,641.6,11768293.40733437,7282907842.873112
2024-11-07 09:00:00,641.7,657.4,621.4,639.7,12922167.49651518,8300473785.459019
2024-11-08 09:00:00,640.0,647.2,626.0,645.7,6607958.75418421,4215422449.9347825
2024-11-09 09:00:00,645.8,671.6,632.0,670.7,7825626.31890635,5061877206.00608
2024-11-10 09:00:00,670.2,694.1,640.1,680.1,18487101.45784919,12537846995.796404
2024-11-11 09:00:00,680.1,718.5,652.8,715.6,26688593.64757617,18383528598.031937
2024-11-12 09:00:00,716.0,739.7,652.7,710.5,40064996.15893698,28105780584.05159
2024-11-13 09:00:00,710.5,732.2,645.0,678.0,18579009.40440918,12674034914.056625
2024-11-14 09:00:00,677.2,693.0,614.1,630.6,12943833.28759466,8543668787.971151
2024-11-15 09:00:00,630.6,671.4,609.9,671.0,8995036.42970872,5746927684.664718
2024-11-16 09:00:00,671.0,721.7,666.0,721.7,17055344.1616715,11851838924.901224
2024-11-17 09:00:00,720.9,723.7,660.0,675.6,14263951.35093924,9875545613.723505
2024-11-18 09:00:00,674.1,726.0,667.4,717.5,15788821.73127931,11089616038.447508
2024-11-19 09:00:00,717.5,762.4,698.5,721.1,37797827.52230792,27576326746.258434
2024-11-20 09:00:00,721.0,721.2,667.4,684.6,11735350.65996796,8115071679.292528
2024-11-21 09:00:00,684.6,708.5,666.0,703.6,10083984.81885518,6972212866.509967
2024-11-22 09:00:00,703.5,731.9,652.1,731.5,15671297.03790419,11025942898.568626
2024-11-23 09:00:00,731.8,777.0,712.1,773.4,21613829.70445497,16129644730.629618
2024-11-24 09:00:00,773.4,845.6,720.0,812.2,38584393.25502835,30619887821.692623
2024-11-25 09:00:00,812.0,895.2,767.9,787.6,55753900.47995993,46366442029.76087
2024-11-26 09:00:00,788.5,892.8,780.3,871.2,124337692.792729,105121546050.81631
2024-11-27 09:00:00,871.2,872.0,819.8,871.7,27071650.79876425,22796893844.946526
2024-11-28 09:00:00,872.0,875.1,827.0,851.0,17662248.4792102,14986746078.746822
2024-11-29 09:00:00,851.0,881.7,816.9,873.9,14162077.59882885,12044091349.921574
2024-11-30 09:00:00,873.9,902.8,855.0,902.7,13422290.18974548,11748533227.695635
2024-12-01 09:00:00,902.7,927.9,865.1,896.7,18397628.75605915,16556489178.99396
2024-12-02 09:00:00,896.7,942.0,835.0,936.0,22743328.08430407,20169626805.74603
2024-12-03 09:00:00,936.0,999.0,619.0,989.5,44378875.3648333,40818467201.71999
2024-12-04 09:00:00,989.5,1026.0,960.1,1008.0,20668463.04952267,20614797789.770424
2024-12-05 09:00:00,1007.0,1012.0,934.2,969.0,15368207.9796522,14953269888.202488
2024-12-06 09:00:00,969.0,1015.0,931.4,1010.0,16280964.77461127,16017127530.705603
2024-12-07 09:00:00,1010.0,1031.0,970.3,980.5,9347507.89330927,9344735185.149147
2024-12-08 09:00:00,980.0,1003.0,950.0,997.8,6586170.83368241,6420569910.124174
2024-12-09 09:00:00,997.8,1007.0,749.5,824.2,20451850.01026111,18120066942.00815
2024-12-10 09:00:00,824.2,834.0,719.0,791.0,14330701.41307773,11222915258.963789
2024-12-11 09:00:00,790.7,842.0,746.6,836.8,8178055.59936945,6537591706.686953
2024-12-12 09:00:00,836.6,881.2,825.8,855.2,7555252.72591278,6460179870.839771
2024-12-13 09:00:00,855.2,862.9,828.7,848.8,4767849.42640698,4017340364.321989
2024-12-14 09:00:00,848.2,856.3,793.1,807.9,4294451.08432759,3552138611.4061575
2024-12-15 09:00:00,807.9,837.6,784.6,833.6,3867908.20393628,3144652959.5083385
2024-12-16 09:00:00,833.7,859.6,793.6,814.0,5553043.52992637,4581620356.087163
2024-12-17 09:00:00,814.0,814.9,767.5,782.8,4039691.62331472,3217043287.698543
2024-12-18 09:00:00,780.0,784.3,710.0,712.0,5167693.87361485,3892752785.7454276
2024-12-19 09:00:00,713.9,736.3,656.4,679.7,8068471.72393354,5643440257.332144
2024-12-20 09:00:00,679.7,715.3,610.6,711.4,10458672.94358198,6891901482.465344
2024-12-21 09:00:00,707.3,739.0,664.4,677.8,4750684.03885108,3334945201.158752
2024-12-22 09:00:00,677.0,727.5,669.8,699.6,8088049.7445525,5660231054.610603
2024-12-23 09:00:00,697.1,746.1,678.0,739.5,6147740.43063177,4393345311.648881
2024-12-24 09:00:00,739.5,789.1,720.0,766.3,10203492.51593914,7738211019.403314
2024-12-25 09:00:00,766.3,773.0,736.8,744.8,6833404.95546847,5171755836.844343
2024-12-26 09:00:00,742.9,748.0,687.8,695.0,5410536.31416968,3853878161.8415713
2024-12-27 09:00:00,694.1,726.9,684.3,701.0,4901750.18280071,3446704161.883965
2024-12-28 09:00:00,698.6,850.0,698.3,834.4,165366449.7401592,130968250088.20636
2024-12-29 09:00:00,832.4,836.4,728.0,738.4,39833019.41876307,30587636216.11327
2024-12-30 09:00:00,737.4,771.0,693.5,718.0,21720885.66965215,16042390381.20036
2024-12-31 09:00:00,718.9,725.5,686.0,710.3,6255042.36992775,4419320414.537424
2025-01-01 09:00:00,710.0,745.0,706.2,739.0,11921599.50272705,8717728707.137135
2025-01-02 09:00:00,737.5,752.1,728.3,746.1,5587386.65996191,4135858705.8717527
2025-01-03 09:00:00,745.2,768.8,727.0,767.1,5785662.95388099,4336700482.024173
2025-01-04 09:00:00,767.1,778.1,754.2,761.2,4551329.20991206,3495161505.29125
2025-01-05 09:00:00,762.8,829.5,750.0,794.4,26369993.14741212,21073262993.971287
2025-01-06 09:00:00,794.4,913.0,785.6,840.5,43281844.80051543,36541708247.64963
2025-01-07 09:00:00,840.5,856.7,760.0,767.2,16019975.85731279,13063734173.156439
2025-01-08 09:00:00,765.8,800.0,725.0,778.8,19083954.19638702,14499345836.175129
2025-01-09 09:00:00,778.9,830.4,769.7,830.4,28892484.85922105,23259976002.253883
2025-01-10 09:00:00,829.1,844.3,783.7,826.3,17968829.79603004,14574578444.96026
2025-01-11 09:00:00,827.4,880.0,805.9,826.0,26173811.46380504,22175321133.27839
2025-01-12 09:00:00,826.9,845.0,787.7,795.5,9756639.5929238,7959054095.344389
2025-01-13 09:00:00,795.5,832.1,704.6,757.7,25169506.94864055,19609669077.49996
2025-01-14 09:00:00,757.7,772.0,735.4,770.5,6578625.76434447,4967180851.535598
2025-01-15 09:00:00,770.5,799.0,730.1,784.9,9602319.15035009,7382938614.778832
2025-01-16 09:00:00,784.9,785.6,743.1,752.3,5815135.51230643,4431295066.347827
2025-01-17 09:00:00,753.4,786.9,751.8,783.9,5117608.54162049,3942224540.332127
2025-01-18 09:00:00,783.3,792.0,727.9,739.7,5708734.15202976,4300592270.26376
2025-01-19 09:00:00,738.5,755.0,683.7,696.0,7155494.42168153,5166200407.102399
2025-01-20 09:00:00,696.0,744.0,673.1,687.6,5989345.722335,4208158822.3556547
2025-01-21 09:00:00,687.8,705.5,661.2,694.4,3520462.996854,2391620427.8906436
2025-01-22 09:00:00,692.6,703.2,682.1,684.4,1884871.47828881,1308804482.675827
2025-01-23 09:00:00,686.5,687.1,655.6,673.0,2741110.7945624,1835862146.4513798
2025-01-24 09:00:00,673.2,684.5,651.2,658.4,2352530.06104746,1577028822.2045243
2025-01-25 09:00:00,658.6,677.0,650.6,672.5,2611243.16506357,1736492790.7288108
2025-01-26 09:00:00,672.5,694.0,667.0,669.4,3255456.72679414,2229051144.7068496
2025-01-27 09:00:00,669.4,672.3,624.6,655.0,3969091.82115244,2555860100.037149
2025-01-28 09:00:00,655.0,658.8,620.0,623.6,1599882.68101045,1025907567.7370776
2025-01-29 09:00:00,622.3,645.0,616.9,631.4,1489550.28125876,935238078.2078865
2025-01-30 09:00:00,631.8,659.9,625.9,645.0,1653694.25722907,1065118939.6971089
2025-01-31 09:00:00,645.1,675.4,641.5,653.4,2782103.98595791,1826971147.674535
2025-02-01 09:00:00,655.0,688.1,608.6,618.0,8070902.5093239,5326601571.822258
2025-02-02 09:00:00,616.2,626.2,513.0,539.5,7718662.43872898,4391925915.475922
2025-02-03 09:00:00,539.5,564.3,455.0,554.0,13080142.22969799,6625437790.670919
2025-02-04 09:00:00,553.0,562.4,502.1,530.3,6002284.84170191,3157047942.0188537
2025-02-05 09:00:00,528.7,533.8,505.0,515.5,2203823.99633381,1149535820.0074146
2025-02-06 09:00:00,514.4,520.0,482.4,488.8,2281145.81266326,1138950192.9029872
2025-02-07 09:00:00,488.7,520.0,477.5,490.7,2501243.99661806,1236880205.3789496
2025-02-08 09:00:00,490.7,508.4,481.1,508.4,1317563.77553017,649853390.8816167
2025-02-09 09:00:00,508.5,519.8,485.6,501.7,2134998.97341682,1082558933.2681854
2025-02-10 09:00:00,500.6,527.5,485.1,525.3,3207681.8815882,1619887481.383125
2025-02-11 09:00:00,527.0,548.9,500.6,506.5,5045629.65794685,2678688658.4253235
2025-02-12 09:00:00,506.5,537.0,489.5,533.2,3527368.55556216,1795365053.0278785
2025-02-13 09:00:00,532.1,546.9,521.7,523.6,5629203.68644227,3014844423.961107
2025-02-14 09:00:00,522.6,536.8,520.8,526.3,2349222.47191436,1237662645.7187233
2025-02-15 09:00:00,525.6,530.4,508.9,513.1,1671428.82259042,873672600.5570598
2025-02-16 09:00:00,514.1,645.0,505.9,547.0,131119552.49630138,76981394796.08594
2025-02-17 09:00:00,546.8,713.3,536.3,574.0,388320394.9576647,242301385978.00848
2025-02-18 09:00:00,574.6,640.0,534.8,565.3,183069058.80122268,109081032422.24312
2025-02-19 09:00:00,566.1,590.8,530.6,560.0,38457651.9574224,21363054333.4124
2025-02-20 09:00:00,560.3,607.8,558.5,574.1,66118805.76668865,38562093272.83851
2025-02-21 09:00:00,575.5,596.5,537.4,545.3,44619387.26983782,25853289452.212917
2025-02-22 09:00:00,545.1,570.9,535.0,553.4,14150150.72046066,7778068130.22082
2025-02-23 09:00:00,553.4,605.7,542.0,570.0,36717389.15703316,21208037318.231052
2025-02-24 09:00:00,570.0,585.0,477.0,485.7,14544904.50281412,7849723223.515149
2025-02-25 09:00:00,485.8,498.0,449.0,491.0,8676070.16436635,4112155775.748301
2025-02-26 09:00:00,491.0,496.8,470.4,482.9,4751004.97493813,2311112006.1375103
2025-02-27 09:00:00,481.8,505.0,475.0,501.0,7247811.03249968,3567388239.4784946
2025-02-28 09:00:00,501.7,501.9,458.6,487.9,7408633.43589868,3550783671.7521915
2025-03-01 09:00:00,488.1,495.5,475.2,492.1,3895492.93169039,1894770148.5067663
2025-03-02 09:00:00,490.4,532.4,481.2,529.5,9523453.67803346,4809957187.598288
2025-03-03 09:00:00,530.0,532.5,444.4,451.6,6794310.39259388,3357424232.6940594
2025-03-04 09:00:00,451.7,456.5,416.7,450.4,6133573.09633215,2669215691.6850457
2025-03-05 09:00:00,448.9,464.3,441.3,461.4,2062304.05509507,932106077.7337383
2025-03-06 09:00:00,461.5,485.0,448.9,451.7,6244309.03073111,2929038706.464087
2025-03-07 09:00:00,451.7,466.1,435.9,453.8,3097779.32266165,1407863245.9399467
2025-03-08 09:00:00,453.1,456.1,437.5,443.0,1701900.0800965,759282516.2414486
2025-03-09 09:00:00,441.7,444.1,393.6,400.0,4131342.77334141,1696351473.9979138
2025-03-10 09:00:00,398.3,425.9,381.1,389.9,5287447.19700932,2140839254.908119
2025-03-11 09:00:00,390.2,415.3,368.9,407.0,4496463.74295573,1764961131.557008
2025-03-12 09:00:00,408.3,423.5,395.0,415.8,4436491.89153193,1828477403.5771716
2025-03-13 09:00:00,416.9,438.4,405.3,416.6,16684809.44693117,7093240663.944933
2025-03-14 09:00:00,415.7,436.7,412.4,430.0,4111445.44518802,1741318919.3975704
2025-03-15 09:00:00,430.0,436.5,420.2,431.8,2559760.65983355,1096163200.1356528
2025-03-16 09:00:00,430.8,436.4,412.7,414.3,2275026.41740811,966869663.8741665
2025-03-17 09:00:00,414.2,434.3,414.0,430.1,1943802.6450408,827158259.9971321
2025-03-18 09:00:00,429.1,451.0,419.6,429.3,11019061.24215453,4793954319.099393
2025-03-19 09:00:00,429.7,460.0,427.0,448.1,13825154.31255656,6085990882.869092
2025-03-20 09:00:00,449.7,449.7,430.2,433.3,3539260.84941339,1548891019.7596858
2025-03-21 09:00:00,433.7,443.0,413.2,421.2,3707615.55168761,1591336644.0357242
2025-03-22 09:00:00,421.6,441.3,421.0,437.1,2866352.99621577,1231351135.2539837
2025-03-23 09:00:00,437.4,441.8,426.9,429.3,1321343.27085248,573610988.4421321
2025-03-24 09:00:00,428.9,478.6,425.0,448.3,14709240.11220612,6758882411.191702
2025-03-25 09:00:00,448.5,465.4,446.5,459.9,8375826.68217981,3828704734.371545
2025-03-26 09:00:00,459.3,461.6,445.4,452.3,2990782.56641145,1359325202.1466103
2025-03-27 09:00:00,451.0,466.5,448.4,453.8,2766484.66466175,1265513665.1966743
2025-03-28 09:00:00,453.8,454.3,408.9,418.6,3308043.73218968,1418832888.0785172
2025-03-29 09:00:00,418.1,420.9,392.0,396.8,2283519.95374322,919671120.3755747
2025-03-30 09:00:00,397.8,407.1,393.0,397.3,1261016.4107275,505874890.8777693
2025-03-31 09:00:00,398.5,401.7,384.1,395.7,2299472.18040997,903642009.3834002
2025-04-01 09:00:00,395.3,405.8,392.2,397.7,2145160.49737779,854615627.1662666
2025-04-02 09:00:00,397.9,398.3,363.0,368.7,4918768.95164911,1856935863.4648156
2025-04-03 09:00:00,368.4,380.3,350.1,365.2,3591352.01408703,1306873068.193354
2025-04-04 09:00:00,365.2,372.5,354.0,366.9,3010913.36374145,1097424687.8812423
2025-04-05 09:00:00,366.6,378.7,360.0,368.5,1826954.34497403,674314080.7028326
2025-04-06 09:00:00,368.0,385.5,333.0,341.7,10437402.13189106,3849333010.684483
2025-04-07 09:00:00,341.7,366.4,316.8,356.9,5623032.23469934,1927549351.3688076
2025-04-08 09:00:00,357.0,366.7,341.0,344.6,4167506.6939146,1485781221.1357472
2025-04-09 09:00:00,344.6,379.8,330.0,375.2,6477505.54110227,2333221590.0501857
2025-04-10 09:00:00,375.0,414.1,366.0,386.2,12686319.78297572,4904227537.120996
2025-04-11 09:00:00,385.4,395.8,381.2,391.5,3522279.13762079,1365902535.528354
2025-04-12 09:00:00,391.5,420.0,384.5,404.2,12928868.16652344,5190484680.37938
2025-04-13 09:00:00,404.4,426.4,382.0,386.6,10007268.99862754,4047818603.595438
2025-04-14 09:00:00,385.1,392.3,373.0,376.1,3104562.81752067,1189074228.5269103
2025-04-15 09:00:00,375.2,392.2,374.4,381.3,4259649.57510202,1632994888.0437903
2025-04-16 09:00:00,379.8,404.3,373.4,404.3,10995019.99118522,4262777431.0683694
2025-04-17 09:00:00,404.3,432.4,393.7,417.6,15999161.8656644,6603392529.525515
2025-04-18 09:00:00,417.1,450.0,405.0,425.4,14931165.35286609,6429204040.025372
2025-04-19 09:00:00,425.4,445.5,424.0,443.0,5584216.25283778,2423003924.8055835
2025-04-20 09:00:00,441.9,444.0,420.0,430.4,4177815.58534663,1801360038.482455
2025-04-21 09:00:00,430.0,436.0,418.1,422.3,3504736.31709849,1498499288.053807
2025-04-22 09:00:00,422.3,450.0,411.0,449.8,4123819.60855879,1762981094.1368895
2025-04-23 09:00:00,448.7,455.0,437.9,449.7,3063200.61081595,1372983703.899801
2025-04-24 09:00:00,449.2,450.9,430.6,450.3,3050535.45927893,1347471795.1558683
2025-04-25 09:00:00,449.3,459.8,443.1,453.4,3358436.10034469,1518633737.7605488
2025-04-26 09:00:00,453.8,500.0,453.8,483.3,8649496.71614217,4100812435.876426
2025-04-27 09:00:00,483.3,489.5,446.0,446.7,5127847.35309015,2367834426.1131725
2025-04-28 09:00:00,446.7,459.0,431.6,451.4,2719730.75901034,1219243550.3411849
2025-04-29 09:00:00,451.4,464.5,443.3,447.3,3020376.68203283,1377897749.5282466
2025-04-30 09:00:00,447.4,455.6,424.3,442.0,2134953.5289663,940856610.9691899
2025-05-01 09:00:00,442.2,447.0,435.8,439.5,1799450.79767498,794917186.9764459
2025-05-02 09:00:00,441.1,444.4,423.5,430.0,1437168.38653457,623051305.8946166
2025-05-03 09:00:00,430.2,448.8,413.5,415.7,5102002.92441082,2224055568.4260645
2025-05-04 09:00:00,415.7,416.0,398.0,400.5,2459715.61730485,999958759.0317196
2025-05-05 09:00:00,400.5,416.5,393.9,402.6,1551642.31002031,623197585.7599002
2025-05-06 09:00:00,403.6,406.4,372.6,388.4,2267045.15068613,881402398.5838225
2025-05-07 09:00:00,388.5,399.9,384.1,399.0,1218603.10158271,475915978.79583675
2025-05-08 09:00:00,398.6,437.4,396.8,436.0,3644123.11952645,1525703552.3718054
2025-05-09 09:00:00,434.6,455.3,430.8,448.5,3793124.32439589,1682494730.8068242
2025-05-10 09:00:00,448.1,470.2,446.0,469.8,2553362.2782936,1161037905.0183046
2025-05-11 09:00:00,469.8,476.3,452.6,467.2,3427224.30755142,1600559340.9415252
2025-05-12 09:00:00,466.0,489.6,446.0,472.0,4572059.19600208,2162297591.362606
2025-05-13 09:00:00,472.0,489.6,447.0,482.4,2746107.98085293,1279605087.7031422
2025-05-14 09:00:00,482.0,494.0,460.1,464.5,2648624.99188887,1265783745.263741
2025-05-15 09:00:00,464.2,470.0,432.7,440.7,3592289.31008418,1604278085.315878
2025-05-16 09:00:00,440.5,449.1,430.5,433.0,1398320.52687202,615728852.6432377
2025-05-17 09:00:00,433.0,435.1,409.0,414.8,1950522.55117461,819076231.7540985
2025-05-18 09:00:00,414.8,431.9,402.5,425.4,2578293.06617022,1087495529.0413275
2025-05-19 09:00:00,425.2,428.0,397.2,411.7,1700904.01069327,692158533.3517741
2025-05-20 09:00:00,412.8,423.5,405.5,423.3,2730764.46988323,1137374562.0476925
2025-05-21 09:00:00,423.2,427.0,408.8,422.0,1609607.6430231,673270292.3999662
2025-05-22 09:00:00,422.4,441.7,421.5,441.3,1697442.41220384,735747132.5046731
2025-05-23 09:00:00,441.3,445.8,411.2,414.2,3074983.8590426,1319551525.1964173
2025-05-24 09:00:00,412.4,419.0,409.3,411.4,962803.67816744,398701442.0038704
2025-05-25 09:00:00,409.5,411.5,396.1,407.8,1385121.5716326,558202020.2828276
2025-05-26 09:00:00,409.2,411.0,397.1,400.0,765495.34479215,309501838.9229248
2025-05-27 09:00:00,400.0,418.0,393.8,414.0,1633174.58651683,665486662.3866489
2025-05-28 09:00:00,413.5,415.9,399.3,408.5,1144061.659635,467880415.6950581
2025-05-29 09:00:00,408.2,414.6,397.0,399.1,976448.06144826,395801314.32674366
2025-05-30 09:00:00,398.3,400.9,368.2,372.3,2618678.59753918,1002541382.6961919
2025-05-31 09:00:00,372.4,381.4,360.8,369.9,1690404.1370351,623553133.6428026
2025-06-01 09:00:00,369.7,376.3,361.5,373.5,702219.08471403,259585780.25166985
2025-06-02 09:00:00,374.4,384.6,368.3,382.7,1492277.84483883,563468951.0770357
2025-06-03 09:00:00,382.6,388.7,375.0,378.9,1741733.63491056,666682748.3733512
2025-06-04 09:00:00,378.8,385.3,368.4,370.4,793921.22541378,300174890.6597224
2025-06-05 09:00:00,370.4,373.7,344.9,344.9,1464448.54783755,528721640.11788064
2025-06-06 09:00:00,344.7,362.4,340.8,352.1,987974.3744212,345179489.90238106
2025-06-07 09:00:00,351.6,361.2,349.7,360.4,390504.68148059,139125843.0258815
2025-06-08 09:00:00,360.2,368.2,356.6,364.0,2026349.19556548,736593740.9513966
2025-06-09 09:00:00,363.8,382.1,356.1,381.8,1515372.98934131,557968598.2896732
2025-06-10 09:00:00,380.4,389.5,375.0,389.5,1715407.37661122,656570719.8069404
2025-06-11 09:00:00,388.8,392.4,377.2,380.5,1090357.82077453,422819525.93907213
2025-06-12 09:00:00,380.1,381.1,357.4,357.4,1196786.79793281,445857858.26910883
2025-06-13 09:00:00,357.1,357.1,336.8,353.4,1855607.47134678,636706298.4950297
2025-06-14 09:00:00,353.4,353.7,341.7,349.0,620230.05603641,216437789.16807047
2025-06-15 09:00:00,349.0,358.8,340.0,349.6,1008412.4307783,352586155.59657824
2025-06-16 09:00:00,348.8,354.5,338.5,338.5,1168819.012689,408022231.39456534
2025-06-17 09:00:00,339.6,346.0,329.7,336.5,906978.41491484,306279487.81839347
2025-06-18 09:00:00,335.5,340.0,325.2,338.4,810458.25815069,270343628.260811
2025-06-19 09:00:00,338.9,341.0,330.1,338.9,433361.01999866,145776127.98371002
2025-06-20 09:00:00,339.8,351.9,331.0,336.6,2917979.56140289,999868573.4732556
2025-06-21 09:00:00,336.5,346.3,315.0,321.8,1583305.02501887,524805143.1054423
2025-06-22 09:00:00,320.5,325.2,295.0,310.3,1697922.7517367,525791411.385932
2025-06-23 09:00:00,309.0,340.8,308.7,340.2,1459395.26101476,469555226.71316826
2025-06-24 09:00:00,340.2,346.6,339.0,343.2,1227084.22058613,419856166.2611778
2025-06-25 09:00:00,343.4,349.5,334.4,337.7,1273136.49588046,435164132.38488746
2025-06-26 09:00:00,338.2,346.0,323.5,326.1,1027788.3159156,341085292.481498
2025-06-27 09:00:00,325.5,334.6,323.0,330.4,455903.30215947,150100566.78680435
2025-06-28 09:00:00,329.3,338.8,325.0,336.5,333279.36908369,110432366.77504884
2025-06-29 09:00:00,337.3,346.6,331.5,343.0,482163.11594105,163073456.28550664
2025-06-30 09:00:00,343.0,345.7,325.2,327.5,1001176.56467031,333870050.1016751
2025-07-01 09:00:00,327.5,329.2,316.9,318.7,689213.99443946,221544437.68208373
2025-07-02 09:00:00,318.4,344.0,312.8,339.5,1522717.26314419,497958381.1117
2025-07-03 09:00:00,339.0,348.0,338.0,342.6,825962.14762038,283259053.09163535
2025-07-04 09:00:00,341.8,344.8,327.8,334.1,1232748.29013289,415373449.54842526
2025-07-05 09:00:00,332.9,336.0,326.5,331.5,680780.36396702,226322519.47663307
2025-07-06 09:00:00,331.5,341.0,328.4,338.8,442721.15681219,147444748.53083825
2025-07-07 09:00:00,337.4,342.0,334.1,336.9,1421288.67087456,480513948.86485606
2025-07-08 09:00:00,336.3,350.0,332.0,345.8,1063990.19822932,359984949.2151761
2025-07-09 09:00:00,345.9,362.0,344.2,359.9,1383495.89514744,489440260.2903066
2025-07-10 09:00:00,359.7,376.6,354.4,374.2,3007893.02461805,1093592783.329729
2025-07-11 09:00:00,373.6,388.2,368.0,385.8,3123525.94900157,1190889476.4966953
2025-07-12 09:00:00,384.1,470.0,378.6,403.0,62743142.08327509,26541551715.67157
2025-07-13 09:00:00,403.0,411.9,395.2,401.7,5833474.24304205,2350525613.8007665
2025-07-14 09:00:00,400.8,417.4,395.3,404.1,3435742.93211824,1399005350.1638405
2025-07-15 09:00:00,402.9,412.7,388.0,412.1,2056773.64400855,818616680.7049049
2025-07-16 09:00:00,411.7,418.0,406.0,410.3,2648867.34654878,1090934653.5011818
2025-07-17 09:00:00,410.2,415.5,400.1,412.0,2042677.13299949,835365862.2047993
2025-07-18 09:00:00,412.0,430.0,407.1,415.6,4614690.1305098,1933458703.483714
2025-07-19 09:00:00,415.6,422.2,405.3,421.2,1489454.40758678,617659477.7412733
2025-07-20 09:00:00,422.0,441.0,421.0,430.9,5436077.56057343,2335330143.009892
2025-07-21 09:00:00,430.0,440.6,423.1,437.9,3665973.10015563,1588980974.087372
2025-07-22 09:00:00,438.6,458.4,422.5,439.5,12660480.50174495,5553241304.068171
2025-07-23 09:00:00,439.5,440.9,396.8,408.8,5499695.28007146,2341234705.620437
2025-07-24 09:00:00,408.8,416.0,375.0,395.1,3048257.14813974,1208197578.1986613
2025-07-25 09:00:00,395.2,403.6,383.6,402.6,2242232.77690831,879731772.7477814
2025-07-26 09:00:00,403.4,406.0,399.0,401.7,1060811.24748633,427262519.5488192
2025-07-27 09:00:00,400.8,419.7,400.8,414.1,6182304.04120265,2547195741.418598
2025-07-28 09:00:00,414.1,418.2,384.8,387.3,3600809.41543907,1464223367.5716698
2025-07-29 09:00:00,387.3,398.4,381.3,391.9,2121992.00668241,829723039.7190588
2025-07-30 09:00:00,392.5,392.5,375.0,390.0,2291240.78388397,876668949.2318525
2025-07-31 09:00:00,390.0,395.2,370.0,371.0,2205797.05602207,851228607.1052978
2025-08-01 09:00:00,372.0,378.0,353.0,363.0,2144195.20433879,785976928.9482027
2025-08-02 09:00:00,361.0,367.0,350.0,355.0,1164440.79618819,417780111.77848184
2025-08-03 09:00:00,355.0,365.0,350.0,365.0,511471.21081802,184208076.6942032
2025-08-04 09:00:00,365.0,380.0,361.0,378.0,983899.34262531,362588365.2862636
2025-08-05 09:00:00,378.0,381.0,358.0,366.0,1227625.71350351,455666103.0476472
2025-08-06 09:00:00,364.0,365.0,354.0,362.0,948684.11554057,341800248.49196583
2025-08-07 09:00:00,361.0,376.0,360.0,373.0,1127823.28313158,415753268.43751687
2025-08-08 09:00:00,372.0,378.0,356.0,377.0,2301362.34681561,857255628.0695277
2025-08-09 09:00:00,376.0,390.0,375.0,385.0,1109042.26649075,425690979.271385
2025-08-10 09:00:00,388.0,398.0,377.0,389.0,4402301.63323823,1718219228.6366162
2025-08-11 09:00:00,388.0,394.0,368.0,372.0,2101867.05900997,799881256.38771
2025-08-12 09:00:00,371.0,389.0,364.0,384.0,1839816.59115154,688660838.532089
2025-08-13 09:00:00,383.0,396.0,382.0,396.0,1643566.59553385,641512396.5658772
2025-08-14 09:00:00,395.0,398.0,358.0,364.0,3029839.22197994,1144670279.46805
2025-08-15 09:00:00,366.0,372.0,351.0,362.0,2169622.16504316,784956677.3741529
2025-08-16 09:00:00,363.0,384.0,361.0,381.0,1772025.2657528,658265907.0652432
2025-08-17 09:00:00,381.0,385.0,374.0,376.0,1230967.47858484,467960590.21251535
2025-08-18 09:00:00,377.0,377.0,357.0,365.0,1560936.46492835,568991385.882948
2025-08-19 09:00:00,365.0,370.0,354.0,355.0,1317880.72486734,477921213.0055676
2025-08-20 09:00:00,355.0,369.0,354.0,368.0,1674843.02743108,605543547.4393454
2025-08-21 09:00:00,368.0,371.0,357.0,359.0,891427.72185928,323198209.0717997
2025-08-22 09:00:00,360.0,382.0,347.0,378.0,3535742.36651664,1285038787.0646458
2025-08-23 09:00:00,379.0,384.0,373.0,377.0,1242114.29306658,471768498.965423
2025-08-24 09:00:00,378.0,386.0,364.0,372.0,1332545.58307871,496957749.3248451
2025-08-25 09:00:00,373.0,382.0,348.0,353.0,3765277.3709727,1379964489.3397486
2025-08-26 09:00:00,352.0,366.0,348.0,365.0,1441890.00774198,513423265.496514
2025-08-27 09:00:00,365.0,367.0,359.0,362.0,1358665.66544292,491597776.7592135
2025-08-28 09:00:00,361.0,371.0,360.0,371.0,1582551.92166867,578761387.2905991
2025-08-29 09:00:00,371.0,372.0,349.0,357.0,2037039.26488317,730179058.241594
2025-08-30 09:00:00,357.0,363.0,350.0,362.0,996368.16046373,355763085.83465546
2025-08-31 09:00:00,362.0,368.0,355.0,355.0,1049469.49084239,380797958.53122884
2025-09-01 09:00:00,356.0,362.0,341.0,349.0,2986665.53275614,1054871047.8169156
2025-09-02 09:00:00,350.0,358.0,348.0,357.0,1280752.85342607,454113880.5582379
2025-09-03 09:00:00,357.0,361.0,352.0,359.0,667107.61037177,238090132.54454154
2025-09-04 09:00:00,359.0,359.0,346.0,350.0,1089278.39435751,381625307.43125707
2025-09-05 09:00:00,350.0,358.0,349.0,356.0,484569.93987297,171222377.53919223
2025-09-06 09:00:00,354.0,356.0,348.0,351.0,404487.36331724,141716844.58926246
2025-09-07 09:00:00,351.0,354.0,349.0,352.0,410647.27655271,144379516.33915484
2025-09-08 09:00:00,352.0,361.0,350.0,360.0,732340.97628008,260098551.03948689
2025-09-09 09:00:00,360.0,366.0,356.0,360.0,1169757.52664851,422863103.51176715
2025-09-10 09:00:00,361.0,368.0,358.0,367.0,1128230.20349708,411477003.8193682
2025-09-11 09:00:00,367.0,369.0,359.0,368.0,1125987.20274972,410029976.5783206
2025-09-12 09:00:00,367.0,377.0,366.0,377.0,951000.63742529,351931036.2239008
2025-09-13 09:00:00,375.0,381.0,372.0,381.0,1602057.43635734,603764751.562401
2025-09-14 09:00:00,380.0,381.0,365.0,370.0,1195536.80236529,448894434.59905446
2025-09-15 09:00:00,371.0,375.0,352.0,356.0,1719927.17536983,620527775.7116193
2025-09-16 09:00:00,356.0,360.0,348.0,358.0,874702.5399244,309396519.776666
2025-09-17 09:00:00,358.0,362.0,347.0,360.0,1178432.6079368,418209060.63095236
2025-09-18 09:00:00,360.0,367.0,358.0,366.0,1231451.39539458,445001604.5487916
2025-09-19 09:00:00,366.0,371.0,352.0,353.0,1236425.77541576,447197814.23024744
2025-09-20 09:00:00,353.0,359.0,350.0,358.0,983793.70166202,347634607.62774706
2025-09-21 09:00:00,359.0,360.0,351.0,353.0,1668147.52023952,589778048.2388989
2025-09-22 09:00:00,353.0,353.0,324.0,332.0,3319548.48610749,1116266925.934666
2025-09-23 09:00:00,334.0,338.0,324.0,333.0,1248559.73168647,413976600.60495657
2025-09-24 09:00:00,333.0,338.0,327.0,331.0,930056.17114903,310825928.0558779
2025-09-25 09:00:00,332.0,333.0,316.0,319.0,1854206.24161675,600268530.5804348
2025-09-26 09:00:00,319.0,331.0,319.0,330.0,1384745.37911615,448870294.5248397
2025-09-27 09:00:00,329.0,329.0,323.0,326.0,255386.95169481,83291846.75740673
2025-09-28 09:00:00,326.0,333.0,322.0,330.0,601158.69162673,196583705.31436154
2025-09-29 09:00:00,331.0,331.0,322.0,326.0,803599.1849526,261972487.58635634
2025-09-30 09:00:00,325.0,329.0,321.0,327.0,1439938.37503604,467993006.8602212
2025-10-01 09:00:00,327.0,342.0,324.0,341.0,1322541.52518109,439972655.18890053
2025-10-02 09:00:00,341.0,350.0,338.0,346.0,1856025.4770537,640316663.2069771
2025-10-03 09:00:00,346.0,351.0,340.0,347.0,1460517.37484408,504270600.48694223
2025-10-04 09:00:00,346.0,347.0,332.0,336.0,985733.27629086,334404370.70619506
2025-10-05 09:00:00,334.0,344.0,333.0,335.0,1266954.44398726,428878402.8335418
2025-10-06 09:00:00,334.0,340.0,331.0,335.0,758965.38681004,254654307.85354218
2025-10-07 09:00:00,335.0,338.0,323.0,323.0,1457126.33259283,481599279.3672432
2025-10-08 09:00:00,323.0,334.0,321.0,332.0,608744.0476911,198867183.3777746
2025-10-09 09:00:00,332.0,336.0,325.0,333.0,1252951.20051203,413334406.37898445
2025-10-10 09:00:00,335.0,341.0,233.0,248.0,7833296.55258396,2208362040.4055443
2025-10-11 09:00:00,248.0,270.0,234.0,248.0,4773427.25976016,1179854701.2723138
2025-10-12 09:00:00,247.0,280.0,243.0,279.0,2254898.86263614,588364679.0036213
2025-10-13 09:00:00,279.0,305.0,275.0,305.0,3313165.55151558,958577600.5368195
2025-10-14 09:00:00,305.0,343.0,276.0,286.0,17756134.65267618,5380649733.467986
2025-10-15 09:00:00,286.0,291.0,275.0,277.0,2104083.54595001,592857798.9617833
2025-10-16 09:00:00,277.0,281.0,264.0,265.0,1399962.4906206,383274505.74451625
2025-10-17 09:00:00,266.0,268.0,247.0,260.0,2440595.00941572,628063900.1710832
2025-10-18 09:00:00,260.0,266.0,260.0,266.0,701941.10161829,185403218.08768752
2025-10-19 09:00:00,266.0,273.0,261.0,268.0,566374.03178097,151162520.82338658
2025-10-20 09:00:00,268.0,276.0,266.0,272.0,715465.66701442,194514600.4116842
2025-10-21 09:00:00,273.0,336.0,262.0,282.0,64931625.79597082,20066801936.091362
2025-10-22 09:00:00,282.0,305.0,257.0,265.0,25339536.18802022,7231001722.704081
2025-10-23 09:00:00,265.0,271.0,262.0,265.0,1756562.8747173,467010653.58627313
2025-10-24 09:00:00,266.0,275.0,262.0,266.0,6389547.49152593,1721841811.0418758
2025-10-25 09:00:00,266.0,271.0,265.0,268.0,2121638.56935259,568506257.023707
2025-10-26 09:00:00,268.0,278.0,267.0,276.0,2357015.44320578,640270971.4514669
2025-10-27 09:00:00,276.0,276.0,263.0,265.0,1801592.55658172,486137959.3060143
2025-10-28 09:00:00,264.0,274.0,257.0,259.0,1711274.15626646,454470399.3759646
2025-10-29 09:00:00,259.0,266.0,254.0,258.0,1729318.54174364,447885499.6366722
2025-10-30 09:00:00,258.0,259.0,240.0,246.0,2220096.17332267,551026935.237626
2025-10-31 09:00:00,246.0,252.0,245.0,252.0,1418299.55684421,352456351.73786527
2025-11-01 09:00:00,252.0,258.0,250.0,256.0,1412565.74036112,360017579.6326545
2025-11-02 09:00:00,256.0,276.0,251.0,258.0,12226191.24027559,3251017894.5749917
2025-11-03 09:00:00,257.0,257.0,225.0,229.0,3951017.43814707,942184753.5986798
2025-11-04 09:00:00,229.0,237.0,208.0,220.0,4100601.4368819,921497014.90327
2025-11-05 09:00:00,220.0,224.0,203.0,224.0,3126859.57475755,668324918.6816751
2025-11-06 09:00:00,223.0,267.0,216.0,260.0,21612334.15437929,5399632746.311425
2025-11-07 09:00:00,260.0,356.0,251.0,307.0,111253622.59813128,33858366453.68792
2025-11-08 09:00:00,308.0,312.0,266.0,270.0,22327167.66307171,6460154541.095838
2025-11-09 09:00:00,269.0,270.0,253.0,261.0,6662378.6088091,1733392860.649582
2025-11-10 09:00:00,261.0,270.0,254.0,259.0,4819667.75876138,1256554188.3519883
2025-11-11 09:00:00,259.0,287.0,248.0,252.0,18342529.16386138,4920745647.927047
2025-11-12 09:00:00,252.0,262.0,249.0,257.0,6265461.78575683,1602848578.6279056
2025-11-13 09:00:00,256.0,278.0,245.0,250.0,7551561.81384761,1957244539.8254368
2025-11-14 09:00:00,250.0,251.0,241.0,245.0,4034417.38274741,992919831.520528
2025-11-15 09:00:00,245.0,251.0,245.0,245.0,2285750.00215395,566396043.0791494
2025-11-16 09:00:00,245.0,249.0,236.0,242.0,2716485.41305243,659039237.6242205
2025-11-17 09:00:00,242.0,249.0,236.0,239.0,2820997.19600603,683492773.1537441
2025-11-18 09:00:00,239.0,242.0,234.0,240.0,2003121.68036362,475568302.51589406
2025-11-19 09:00:00,240.0,244.0,231.0,239.0,2554158.75265787,606100600.6519506
2025-11-20 09:00:00,240.0,244.0,232.0,235.0,3490418.87959485,827924026.581225
2025-11-21 09:00:00,235.0,239.0,216.0,223.0,4618532.09156971,1042095212.8181983
2025-11-22 09:00:00,223.0,225.0,218.0,224.0,1178192.34678359,260330980.08286342
2025-11-23 09:00:00,225.0,238.0,223.0,227.0,5084380.66168969,1171463162.9620166
2025-11-24 09:00:00,228.0,232.0,222.0,232.0,2006023.95673893,454369245.08587366
2025-11-25 09:00:00,231.0,236.0,228.0,234.0,1607901.14533994,371241412.98406
2025-11-26 09:00:00,234.0,235.0,225.0,231.0,962437.25989748,221045996.22121638
2025-11-27 09:00:00,230.0,239.0,228.0,235.0,2287983.16949555,534359493.4648215
2025-11-28 09:00:00,234.0,240.0,232.0,233.0,1917902.0723262,452954516.7576507
2025-11-29 09:00:00,235.0,241.0,234.0,240.0,3465567.54811421,819893996.2001853
2025-11-30 09:00:00,240.0,245.0,226.0,231.0,4938549.53573232,1166919552.076686
2025-12-01 09:00:00,232.0,232.0,211.0,217.0,7509835.76115395,1648514495.3416522
2025-12-02 09:00:00,215.0,230.0,215.0,229.0,2252165.30962895,501569368.83560264
2025-12-03 09:00:00,229.0,235.0,226.0,227.0,3943881.23392593,903626032.0565132
2025-12-04 09:00:00,228.0,230.0,220.0,222.0,2208247.61771976,499558098.57237184
2025-12-05 09:00:00,222.0,223.0,210.0,215.0,2507974.64289441,546407783.7174288
2025-12-06 09:00:00,214.0,217.0,213.0,216.0,1062035.44326526,228083959.35945526
2025-12-07 09:00:00,217.0,217.0,208.0,211.0,644465.70268098,136693909.72563192
2025-12-08 09:00:00,212.0,217.0,205.0,210.0,1113436.52868905,236309007.35745537
2025-12-09 09:00:00,210.0,219.0,207.0,216.0,1488698.6151891,315630751.32697403
2025-12-10 09:00:00,216.0,222.0,209.0,209.0,3733339.4300478,806382091.0132587
2025-12-11 09:00:00,209.0,209.0,202.0,205.0,1610996.47528085,329850210.68309367
2025-12-12 09:00:00,206.0,212.0,203.0,208.0,2083433.16361783,432181432.55074364
2025-12-13 09:00:00,209.0,210.0,207.0,208.0,495277.76366448,103192706.1447534
2025-12-14 09:00:00,208.0,209.0,197.0,199.0,1109790.41985689,225244681.22068208
2025-12-15 09:00:00,200.0,203.0,185.0,188.0,2962011.27676229,574843853.1170436
2025-12-16 09:00:00,188.0,188.0,177.0,183.0,3754437.23360131,683057294.5200859
2025-12-17 09:00:00,184.0,185.0,171.0,173.0,2204803.70810973,394699329.6670464
2025-12-18 09:00:00,173.0,175.0,163.0,166.0,2395483.26015411,406917795.8222675
2025-12-19 09:00:00,166.0,178.0,165.0,177.0,1196410.80412938,206736612.46527773
2025-12-20 09:00:00,177.0,178.0,175.0,175.0,742588.55674634,131073720.23742494
2025-12-21 09:00:00,176.0,179.0,168.0,170.0,4393004.65573206,764299413.5155472
2025-12-22 09:00:00,170.0,184.0,169.0,174.0,8251315.17329175,1465018009.3844562
2025-12-23 09:00:00,174.0,175.0,168.0,170.0,2661415.48597937,454998788.33557844
2025-12-24 09:00:00,171.0,171.0,163.0,167.0,1846716.6108623,307181931.6290299
2025-12-25 09:00:00,168.0,173.0,166.0,167.0,1321619.36412233,224713383.90424415
2025-12-26 09:00:00,167.0,173.0,166.0,169.0,2394988.61331237,405694432.04297125
2025-12-27 09:00:00,168.0,259.0,167.0,232.0,76970171.82668662,17401964422.861233
2025-12-28 09:00:00,232.0,257.0,202.0,203.0,124945791.05311999,28563448589.569206
2025-12-29 09:00:00,203.0,219.0,196.0,210.0,40234884.62516205,8352754145.102015
2025-12-30 09:00:00,209.0,244.0,193.0,195.0,34678867.3207831,7445185365.832717
2025-12-31 09:00:00,194.0,200.0,184.0,188.0,8578125.69736604,1652127731.5740294
2026-01-01 09:00:00,187.0,192.0,182.0,187.0,5843805.42298063,1092471188.0956523
2026-01-02 09:00:00,187.0,192.0,183.0,190.0,7592183.69189651,1420659172.7826447
2026-01-03 09:00:00,190.0,194.0,186.0,193.0,4707143.9624222,895521512.5895863
2026-01-04 09:00:00,191.0,193.0,188.0,192.0,3481730.40655089,663372262.0480589
2026-01-05 09:00:00,191.0,242.0,187.0,212.0,142008149.87247026,31837499961.675682
2026-01-06 09:00:00,212.0,219.0,205.0,210.0,29687848.32654141,6286824279.450377
2026-01-07 09:00:00,211.0,212.0,199.0,201.0,6054593.93020302,1243063537.4492652
2026-01-08 09:00:00,201.0,206.0,196.0,200.0,4062102.89675497,817025931.7310368
2026-01-09 09:00:00,199.0,223.0,197.0,210.0,37186103.33779428,7889932314.8495245
2026-01-10 09:00:00,210.0,211.0,202.0,203.0,5991741.35150156,1230257274.4379876
2026-01-11 09:00:00,204.0,205.0,194.0,197.0,3878296.70272114,778584106.0248677
2026-01-12 09:00:00,196.0,212.0,192.0,202.0,10292178.12782647,2094496095.9494412
2026-01-13 09:00:00,203.0,223.0,199.0,211.0,25660916.30190255,5447296441.995309
2026-01-14 09:00:00,210.0,217.0,208.0,214.0,5793134.85359357,1225055917.1230235
2026-01-15 09:00:00,214.0,219.0,202.0,209.0,8569129.23567656,1822525657.9248588
2026-01-16 09:00:00,209.0,219.0,207.0,214.0,6860684.25209644,1468923402.740083
2026-01-17 09:00:00,214.0,220.0,211.0,217.0,3784693.84911674,817178523.0577352
2026-01-18 09:00:00,216.0,219.0,203.0,203.0,3520759.29276391,750232133.7461902
2026-01-19 09:00:00,203.0,204.0,185.0,197.0,5420895.61758845,1052527660.491335
2026-01-20 09:00:00,198.0,201.0,185.0,187.0,3881615.13005181,750771322.9616601
2026-01-21 09:00:00,188.0,194.0,186.0,191.0,2302612.48119169,438624219.8826955
2026-01-22 09:00:00,192.0,197.0,189.0,192.0,1991020.2807054,384316981.1967689
2026-01-23 09:00:00,191.0,195.0,187.0,189.0,1820184.82858171,348117855.346305
2026-01-24 09:00:00,189.0,194.0,188.0,189.0,1565427.63294688,298805845.28543437
2026-01-25 09:00:00,190.0,191.0,178.0,180.0,3584067.75792938,665250150.0340186
2026-01-26 09:00:00,181.0,186.0,179.0,185.0,2700271.83224483,491416881.70987934
2026-01-27 09:00:00,186.0,195.0,182.0,185.0,9107564.98867581,1711779523.5938127
2026-01-28 09:00:00,185.0,186.0,180.0,182.0,1948379.85853868,356752184.9235859
2026-01-29 09:00:00,181.0,181.0,168.0,174.0,2971536.43545318,516963444.3154142
2026-01-30 09:00:00,174.0,175.0,166.0,174.0,2497063.9872727,424521009.92608434
2026-01-31 09:00:00,174.0,175.0,149.0,162.0,5117422.8135982,844430529.9536122
2026-02-01 09:00:00,162.0,179.0,156.0,158.0,21141103.03738246,3532454368.04283
2026-02-02 09:00:00,158.0,165.0,153.0,165.0,5783719.27767479,927103527.6561104
2026-02-03 09:00:00,164.0,169.0,156.0,162.0,8478790.32256648,1392084654.8777173
2026-02-04 09:00:00,162.0,171.0,159.0,165.0,6363547.45462598,1051636710.7569821
2026-02-05 09:00:00,165.0,167.0,139.0,140.0,6151248.03615837,939146740.3571957
2026-02-06 09:00:00,140.0,159.0,128.0,156.0,4427347.59082459,644518859.2067441
2026-02-07 09:00:00,155.0,174.0,149.0,160.0,35295578.9832104,5687644477.159358
2026-02-08 09:00:00,161.0,162.0,150.0,152.0,4815379.69973377,756052815.4284518
2026-02-09 09:00:00,151.0,152.0,142.0,147.0,4456702.47724417,653776481.756866
2026-02-10 09:00:00,147.0,149.0,143.0,145.0,2085666.34227356,303777009.8715309
2026-02-11 09:00:00,145.0,146.0,139.0,144.0,2536698.4658421,359936588.69260645
2026-02-12 09:00:00,144.0,150.0,141.0,145.0,2244490.73781216,326521908.1717099
2026-02-13 09:00:00,145.0,153.0,143.0,152.0,3723886.67635518,552381486.3417804
2026-02-14 09:00:00,152.0,157.0,151.0,156.0,5023709.46789588,774955313.4733802
2026-02-15 09:00:00,156.0,161.0,147.0,149.0,3893095.57474174,605157367.4043452
2026-02-16 09:00:00,151.0,188.0,150.0,162.0,141616807.3694517,24085066011.614273
2026-02-17 09:00:00,163.0,165.0,154.0,155.0,13601320.69311979,2155113269.7252865
2026-02-18 09:00:00,155.0,156.0,146.0,147.0,8372592.11381599,1259404856.9634125
2026-02-19 09:00:00,148.0,151.0,138.0,141.0,5596646.28951926,808331867.3779051
2026-02-20 09:00:00,142.0,145.0,138.0,144.0,3934321.73897792,554875472.4845546
2026-02-21 09:00:00,144.0,147.0,141.0,142.0,2521625.07979066,362417754.0228958
2026-02-22 09:00:00,141.0,143.0,135.0,137.0,2235980.57864344,311281799.04893357
2026-02-23 09:00:00,137.0,138.0,129.0,130.0,3535389.5150334,464684012.26623964
2026-02-24 09:00:00,130.0,146.0,129.0,137.0,33200526.38953146,4564765570.9171715
2026-02-25 09:00:00,138.0,144.0,136.0,141.0,7142829.76179475,994980709.8542979
2026-02-26 09:00:00,140.0,142.0,136.0,138.0,2137061.31890333,296527900.5261513
2026-02-27 09:00:00,139.0,141.0,135.0,139.0,1995881.71346543,277688396.0344784
2026-02-28 09:00:00,138.0,143.0,130.0,141.0,4153229.86265578,565880557.7887292
2026-03-01 09:00:00,141.0,146.0,133.0,137.0,2718817.59106614,380741015.6503696
2026-03-02 09:00:00,138.0,144.0,137.0,138.0,4506409.38241018,629727500.5742304
2026-03-03 09:00:00,139.0,145.0,137.0,138.0,5630615.56845482,791774099.6033279
2026-03-04 09:00:00,136.0,142.0,134.0,139.0,4045858.05529691,556036859.3152561
2026-03-05 09:00:00,139.0,140.0,135.0,139.0,2213089.06261957,305777856.89526296
2026-03-06 09:00:00,138.0,140.0,133.0,135.0,1680126.48489123,231292865.81481668
2026-03-07 09:00:00,135.0,136.0,132.0,133.0,1281068.9952319,171788549.76198423
2026-03-08 09:00:00,132.0,134.0,129.0,130.0,2026734.84826342,266271750.658453
2026-03-09 09:00:00,130.0,134.0,129.0,130.0,2483526.86347005,326687761.65773046
2026-03-10 09:00:00,131.0,134.0,130.0,131.0,1741178.57556949,229792136.76162806
2026-03-11 09:00:00,132.0,144.0,132.0,137.0,29074059.256059,4027902155.2829843
2026-03-12 09:00:00,138.0,143.0,135.0,141.0,3536384.50951374,485905999.2166052
2026-03-13 09:00:00,141.0,144.0,139.0,143.0,2796307.62527494,394249278.8977861
2026-03-14 09:00:00,143.0,143.0,139.0,142.0,1036610.20802329,146218802.7383154
2026-03-15 09:00:00,141.0,144.0,140.0,142.0,724329.61672893,102728724.88073601
2026-03-16 09:00:00,143.0,149.0,142.0,148.0,4607936.60272842,668537655.3181543
2026-03-17 09:00:00,147.0,152.0,145.0,150.0,3344081.87667921,499240462.03338706
2026-03-18 09:00:00,150.0,155.0,145.0,148.0,7441560.38158695,1119499608.8975196
2026-03-19 09:00:00,148.0,160.0,146.0,156.0,11237838.39164734,1708384948.3603222
2026-03-20 09:00:00,156.0,157.0,149.0,152.0,3415703.86189097,520103633.8985706
2026-03-21 09:00:00,151.0,152.0,145.0,145.0,2048889.33074538,304554491.91468245
2026-03-22 09:00:00,145.0,148.0,140.0,141.0,1468526.17271881,212134306.61482844
2026-03-23 09:00:00,142.0,153.0,141.0,152.0,6657900.84066713,988109337.9354836
2026-03-24 09:00:00,152.0,157.0,149.0,152.0,5255453.24459574,799404283.4572151
2026-03-25 09:00:00,152.0,154.0,149.0,153.0,1687528.55654614,256138478.2364475
2026-03-26 09:00:00,153.0,154.0,144.0,144.0,1213305.39800322,181148754.43496603
2026-03-27 09:00:00,146.0,163.0,139.0,142.0,29842207.08385308,4545325383.417858
2026-03-28 09:00:00,142.0,143.0,133.0,133.0,4554576.24939488,626416929.5245392
2026-03-29 09:00:00,134.0,139.0,127.0,131.0,10489569.56513338,1393542598.1590993
2026-03-30 09:00:00,131.0,138.0,131.0,137.0,2719822.20848218,368664539.2874744
2026-03-31 09:00:00,138.0,139.0,136.0,139.0,1687043.18398696,230926570.03040594
2026-04-01 09:00:00,139.0,142.0,137.0,141.0,1456514.25979576,202307839.95412233
2026-04-02 09:00:00,142.0,142.0,138.0,139.0,2915713.77971369,408713965.1746648
2026-04-03 09:00:00,139.0,147.0,138.0,141.0,3908688.86163741,553139350.5456641
2026-04-04 09:00:00,142.0,148.0,140.0,145.0,4947667.84768498,714823771.385948
2026-04-05 09:00:00,144.0,144.0,140.0,142.0,1723854.54620457,245400413.35965106
2026-04-06 09:00:00,142.0,147.0,141.0,144.0,4634826.84367792,668260465.600272
2026-04-07 09:00:00,144.0,147.0,138.0,147.0,1999301.5463097,284635562.5815297
2026-04-08 09:00:00,147.0,147.0,140.0,142.0,3345327.58297565,480890948.8844889
2026-04-09 09:00:00,141.0,148.0,140.0,142.0,2567164.87527872,367742944.2952822
2026-04-10 09:00:00,141.0,147.0,141.0,147.0,2000109.66773749,289229733.57842785
2026-04-11 09:00:00,147.0,151.0,145.0,148.0,3678616.55102043,542035536.2161685
2026-04-12 09:00:00,147.0,148.0,143.0,144.0,464997.22562699,67575432.10701653
2026-04-13 09:00:00,145.0,148.0,143.0,148.0,834774.23992213,121251247.48994352
2026-04-14 09:00:00,148.0,148.0,143.0,143.0,1856697.46581373,270136949.5919536
2026-04-15 09:00:00,143.0,149.0,143.0,147.0,1795077.76890337,262931021.48688912
2026-04-16 09:00:00,148.0,155.0,147.0,154.0,5318303.56441623,809743930.7589453
2026-04-17 09:00:00,154.0,158.0,152.0,157.0,2799305.68153946,436275853.7072602
2026-04-18 09:00:00,157.0,160.0,151.0,153.0,1395915.98911636,217266164.24651378
2026-04-19 09:00:00,152.0,153.0,147.0,148.0,1331199.44928913,200053420.3490661
2026-04-20 09:00:00,148.0,151.0,147.0,148.0,1230122.94062694,183713464.43672493
2026-04-21 09:00:00,149.0,150.0,147.0,149.0,579722.75688892,86169422.32249308
2026-04-22 09:00:00,150.0,151.0,148.0,148.0,842184.00131914,126090890.85820884
2026-04-23 09:00:00,148.0,149.0,145.0,149.0,549370.14028157,80755298.44220923
2026-04-24 09:00:00,149.0,151.0,148.0,150.0,765113.02094765,114365830.11555009
2026-04-25 09:00:00,150.0,156.0,150.0,153.0,1556507.47403068,236887995.19174
2026-04-26 09:00:00,154.0,154.0,150.0,151.0,1627862.71310606,247533489.9984334
2026-04-27 09:00:00,151.0,152.0,146.0,147.0,780712.77385677,116250378.21369249
2026-04-28 09:00:00,148.0,149.0,145.0,146.0,788638.77679657,115637876.85927235
2026-04-29 09:00:00,146.0,149.0,143.0,145.0,972680.28036536,142403496.94384965
2026-04-30 09:00:00,145.0,146.0,142.0,143.0,497210.73764489,71637463.16171892
2026-05-01 09:00:00,143.0,144.0,141.0,142.0,980130.93972601,139661627.5840567
2026-05-02 09:00:00,142.0,144.0,141.0,143.0,644986.25431022,91606308.89279824
2026-05-03 09:00:00,144.0,144.0,142.0,144.0,360752.87858291,51526432.67227904
2026-05-04 09:00:00,144.0,146.0,142.0,144.0,871743.55236406,125788075.98981752
2026-05-05 09:00:00,145.0,156.0,144.0,152.0,4969395.972977,748985585.2440618
2026-05-06 09:00:00,152.0,217.0,152.0,169.0,352688282.3597527,67916725227.13933
2026-05-07 09:00:00,169.0,172.0,159.0,171.0,54585572.45743722,9047327974.09656
2026-05-08 09:00:00,171.0,190.0,167.0,178.0,56574359.80677403,10010205931.475878
2026-05-09 09:00:00,179.0,182.0,169.0,170.0,12619851.53772584,2211165428.025856
2026-05-10 09:00:00,171.0,172.0,166.0,169.0,6164392.86130959,1041992331.8352221
2026-05-11 09:00:00,168.0,169.0,164.0,166.0,4493958.91450881,747891142.9204175
2026-05-12 09:00:00,166.0,168.0,159.0,159.0,3910286.47835854,638202068.974018
2026-05-13 09:00:00,159.0,164.0,156.0,158.0,4523016.95195863,720293092.2878106
2026-05-14 09:00:00,158.0,164.0,155.0,160.0,2956475.2570634,467277654.08345544
2026-05-15 09:00:00,160.0,220.0,150.0,197.0,90907476.02083486,17755472239.62229
2026-05-16 09:00:00,197.0,239.0,175.0,181.0,130906988.5566749,26473388099.198376
2026-05-17 09:00:00,180.0,190.0,162.0,165.0,23721308.50184924,4231612449.214099
2026-05-18 09:00:00,165.0,169.0,161.0,166.0,10383368.63676506,1712396391.3400571
2026-05-19 09:00:00,166.0,192.0,165.0,173.0,77541956.71655153,13819663353.139462
2026-05-20 09:00:00,173.0,174.0,165.0,169.0,16493244.25515069,2793779842.676622
2026-05-21 09:00:00,167.0,174.0,167.0,171.0,10032245.9749201,1705355192.3642917
2026-05-22 09:00:00,170.0,174.0,154.0,156.0,19373820.37190324,3173914880.6001735
2026-05-23 09:00:00,155.0,170.0,152.0,158.0,27597668.83920638,4458624281.014569
2026-05-24 09:00:00,157.0,162.0,153.0,157.0,7230292.92266536,1138361720.5384154
2026-05-25 09:00:00,157.0,159.0,152.0,152.0,7457400.46350497,1162491907.6432858
2026-05-26 09:00:00,152.0,153.0,146.0,153.0,8086994.33114357,1210100640.7627335
2026-05-27 09:00:00,153.0,161.0,149.0,158.0,19908933.10436316,3106534112.3630157
2026-05-28 09:00:00,158.0,161.0,143.0,146.0,6757719.59575599,1024982794.8024535
2026-05-29 09:00:00,147.0,147.0,135.0,140.0,9863701.56978849,1376931133.3870614
2026-05-30 09:00:00,140.0,143.0,136.0,137.0,5951176.37727868,833718283.0923822
2026-05-31 09:00:00,136.0,153.0,136.0,139.0,27249091.74964019,3896082542.575155
2026-06-01 09:00:00,139.0,149.0,136.0,141.0,28374318.0027372,4041021450.7436366
2026-06-02 09:00:00,141.0,141.0,128.0,131.0,11517271.12216137,1534970271.4123783
2026-06-03 09:00:00,132.0,139.0,130.0,131.0,6568125.87464304,881940639.8634232
2026-06-04 09:00:00,132.0,132.0,122.0,128.0,10248716.61526077,1303408136.2117279
2026-06-05 09:00:00,127.0,128.0,112.0,116.0,9113357.47033746,1074878566.7679782
2026-06-06 09:00:00,117.0,118.0,107.0,116.0,3041277.31658136,341613096.9892753
2026-06-07 09:00:00,116.0,120.0,115.0,118.0,2304684.494403,270310292.5457383
2026-06-08 09:00:00,118.0,122.0,114.0,119.0,2165599.68459887,255071415.81815863
2026-06-09 09:00:00,120.0,121.0,113.0,114.0,4575817.55745012,531933497.9034179
2026-06-10 09:00:00,115.0,118.0,110.0,112.0,5001604.98193899,571095716.475441
2026-06-11 09:00:00,112.0,118.0,111.0,117.0,2812838.88284297,322805763.9452746
2026-06-12 09:00:00,117.0,117.0,114.0,115.0,1696383.33758839,195728774.15849823
2026-06-13 09:00:00,116.0,119.0,116.0,118.0,3457485.49492496,405330363.7739757
2026-06-14 09:00:00,118.0,120.0,114.0,119.0,2863910.04305809,334842872.33384097
2026-06-15 09:00:00,119.0,122.0,117.0,119.0,4407420.65562416,525966702.4029995
2026-06-16 09:00:00,119.0,121.0,115.0,118.0,3409643.33416965,402348055.56117105
2026-06-17 09:00:00,118.0,121.0,117.0,118.0,1765526.89722142,209048466.01960996
2026-06-18 09:00:00,118.0,120.0,112.0,114.0,2239082.47960726,261406864.9125571
2026-06-19 09:00:00,115.0,117.0,112.0,117.0,2551938.74860365,291432288.33559734
2026-06-20 09:00:00,117.0,121.0,116.0,120.0,3513686.25236161,416846414.68836695
2026-06-21 09:00:00,119.0,120.0,114.0,115.0,3077172.40173193,360116228.15440935
2026-06-22 09:00:00,115.0,119.0,112.0,113.0,3684496.11964968,426860325.4224239
2026-06-23 09:00:00,113.0,124.0,108.0,109.0,29760504.63678447,3488379239.6719847
2026-06-24 09:00:00,108.0,114.0,106.0,113.0,8780373.11894094,977657335.804004
2026-06-25 09:00:00,113.0,114.0,105.0,108.0,3822765.92098699,418903405.83375573
2026-06-26 09:00:00,108.0,111.0,104.0,109.0,3459720.72001485,373221842.0077015
2026-06-27 09:00:00,109.0,122.0,108.0,111.0,40040584.11562237,4635096652.760832
2026-06-28 09:00:00,111.0,122.0,111.0,113.0,23161377.47786652,2665859108.7209225
2026-06-29 09:00:00,112.0,116.0,110.0,111.0,6614049.21680474,743161827.0864757
2026-06-30 09:00:00,111.0,111.0,106.0,108.0,4916566.49767613,531816702.60396594
2026-07-01 09:00:00,108.0,117.0,105.0,112.0,3680429.31693029,405625414.32599115
2026-07-02 09:00:00,113.0,116.0,111.0,114.0,3167870.18964438,358443383.54013926
2026-07-03 09:00:00,114.0,117.0,112.0,115.0,2166523.61150674,248562842.4549272
2026-07-04 09:00:00,116.0,137.0,115.0,120.0,73399314.1684436,9243883470.271322
2026-07-05 09:00:00,119.0,121.0,114.0,115.0,11058720.33563762,1301158630.0374055
2026-07-06 09:00:00,115.0,118.0,110.0,116.0,3302967.93015994,374789511.2757258
2026-07-07 09:00:00,115.0,115.0,109.0,110.0,2082425.73221227,234854417.73289776
2026-07-08 09:00:00,110.0,119.0,106.0,111.0,4410647.68771409,490468856.92072105
2026-07-09 09:00:00,111.0,117.0,110.0,115.0,3106979.70617375,349183293.1248198
2026-07-10 09:00:00,114.0,119.0,112.0,114.0,3995369.79124245,452890527.6692592
2026-07-11 09:00:00,113.0,119.0,112.0,113.0,4939418.91152764,568996529.4391563
2026-07-12 09:00:00,112.0,122.0,110.0,111.0,9054614.24959041,1054743951.4362979
2026-07-13 09:00:00,111.0,114.0,107.0,109.0,5118241.7618284,562205241.2211068
2026-07-14 09:00:00,109.0,110.0,107.0,110.0,3303755.70384583,359116902.2194331
2026-07-15 09:00:00,110.0,111.0,108.0,110.0,3054907.49398573,334968743.77924925
2026-07-16 09:00:00,110.0,111.0,109.0,109.0,1516368.12176355,166841811.42832127
2026-07-17 09:00:00,109.0,111.0,107.0,110.0,2877308.05769382,315910165.81364757
2026-07-18 09:00:00,110.0,110.0,108.0,109.0,1185849.89479429,129413209.65804707
2026-07-19 09:00:00,109.0,110.0,107.0,108.0,2235900.53391528,242093952.85139346
2026-07-20 09:00:00,108.0,110.0,107.0,109.0,1766074.71753199,191587311.9647827
2026-07-21 09:00:00,109.0,111.0,108.0,110.0,2264199.3406008,247452980.5896651
2026-07-22 09:00:00,110.0,111.0,108.0,109.0,1565469.73849467,171427064.85519946
2026-07-23 09:00:00,110.0,110.0,106.0,106.0,1140903.8694013,123008523.81379996
2026-07-24 09:00:00,106.0,109.0,106.0,106.0,1197016.8664085,128069593.46275368
2026-07-25 09:00:00,106.0,108.0,106.0,108.0,1214039.24230551,129689695.2339853
2026-07-26 09:00:00,108.0,109.0,107.0,108.0,2235135.76093467,242205784.5742557
2026-07-27 09:00:00,107.0,108.0,86.1,88.0,99759289.68964987,9125480449.314833
2026-07-28 09:00:00,88.0,91.8,77.6,79.4,123846400.86170137,10261282241.323608
2026-07-29 09:00:00,79.4,85.8,71.5,73.5,58732873.88329859,4548202066.570639
2026-07-30 09:00:00,73.4,78.9,70.2,72.5,31966873.90436245,2353498870.596604
2026-07-31 09:00:00,72.4,73.3,67.2,69.6,21395904.96610659,1494386002.2462163
2026-08-01 09:00:00,69.1,73.4,67.8,70.0,22836333.24032057,1598798565.5754213
2026-08-02 09:00:00,70.0,73.0,68.0,68.3,28715850.17592419,2016390416.873929
2026-08-03 09:00:00,68.8,79.8,65.3,67.1,161733382.4229364,11954804120.940922
2026-08-04 09:00:00,67.1,70.8,64.3,65.6,43565104.12220155,2920518342.077807
2026-08-05 09:00:00,65.7,66.4,64.4,65.6,6228755.86019907,405995685.2446895
2026-08-06 09:00:00,65.6,67.5,64.7,66.8,8443586.78848718,555945081.6968828
2026-08-07 09:00:00,66.7,71.0,64.7,66.4,28496931.70813842,1918073446.2436328
2026-08-08 09:00:00,66.3,67.0,65.4,66.5,2802478.78259891,184497263.2329434
2026-08-09 09:00:00,66.5,67.2,64.7,64.9,4978840.95315036,328375154.5625754
2026-08-10 09:00:00,65.2,65.8,64.1,65.0,8150217.04589197,529678257.14838326
2026-08-11 09:00:00,64.7,66.2,59.8,60.1,18388676.58907345,1157948845.8208375
2026-08-12 09:00:00,60.1,102.0,58.6,70.4,701091754.5911274,54433049722.908295
2026-08-13 09:00:00,70.5,72.8,60.3,68.3,141616054.23169893,9299165695.27482
2026-08-14 09:00:00,68.2,76.0,61.1,62.4,126350203.66702615,8690030878.574703
2026-08-15 09:00:00,62.4,63.7,60.6,61.9,34469712.04462764,2157966825.6174903
2026-08-16 09:00:00,62.3,62.3,58.8,59.7,15450478.6815155,935949684.418983
2026-08-17 09:00:00,59.7,61.3,57.4,60.0,18958567.67879898,1126205816.2860076
2026-08-18 09:00:00,60.5,62.8,56.7,57.3,16266353.1142077,969080991.5164981
2026-08-19 09:00:00,57.3,58.7,56.4,57.7,10410084.25428642,594618063.456156
2026-08-20 09:00:00,57.6,60.2,51.8,56.1,28857019.66677643,1633082208.6360822
2026-08-21 09:00:00,56.0,58.8,55.2,58.3,14531403.35060397,821959966.0318035
2026-08-22 09:00:00,58.2,60.2,52.3,56.5,26723528.60271238,1538776038.631139
2026-08-23 09:00:00,56.3,66.3,53.6,61.5,41095652.76463723,2380606560.620724
2026-08-24 09:00:00,61.5,88.7,57.1,76.9,256726530.97579494,18100441478.203754
2026-08-25 09:00:00,76.8,82.0,64.7,65.1,108348918.72306019,7783173412.504501
2026-08-26 09:00:00,64.9,65.9,57.4,59.0,29648127.90357461,1805054821.0766506
2026-08-27 09:00:00,58.9,62.8,56.2,57.2,23426902.26595039,1382941933.9936574
2026-08-28 09:00:00,57.5,60.6,55.4,55.9,14821243.0511031,859517571.2519296
2026-08-29 09:00:00,56.6,56.6,54.5,56.3,3285102.05700657,182100906.71989453
2026-08-30 09:00:00,56.4,56.6,53.5,54.3,4966947.62061154,271744546.98092794
2026-08-31 09:00:00,54.3,103.0,53.3,93.3,1574810355.7411845,127264614366.9736
2026-09-01 09:00:00,93.3,104.0,87.0,92.7,233493755.26659337,22212370073.794296
