,open,high,low,close,volume,value
2023-03-30 09:00:00,1725.0,2070.0,1725.0,1835.0,289009369.8825027,533653108542.09076
2023-03-31 09:00:00,1835.0,1915.0,1770.0,1835.0,107174647.306413,197081880071.55804
2023-04-01 09:00:00,1835.0,1850.0,1675.0,1710.0,51244708.51335055,90075544010.86261
2023-04-02 09:00:00,1715.0,1720.0,1510.0,1595.0,69562627.1171115,111876923948.66177
2023-04-03 09:00:00,1595.0,1650.0,1480.0,1530.0,96874936.35778101,151985848379.674
2023-04-04 09:00:00,1530.0,1675.0,1520.0,1625.0,93717338.9362498,148408096878.85068
2023-04-05 09:00:00,1625.0,1695.0,1600.0,1640.0,65140400.85478353,107744706919.04265
2023-04-06 09:00:00,1635.0,1645.0,1555.0,1605.0,37086163.50133704,59196555711.836784
2023-04-07 09:00:00,1610.0,1660.0,1560.0,1585.0,28563869.36975564,46024087091.35288
2023-04-08 09:00:00,1590.0,1600.0,1530.0,1545.0,15340557.09800737,24069151201.177795
2023-04-09 09:00:00,1545.0,1585.0,1515.0,1560.0,16720449.15965268,25844107562.78663
2023-04-10 09:00:00,1560.0,1650.0,1535.0,1635.0,24392947.38589287,38772369392.77702
2023-04-11 09:00:00,1635.0,1650.0,1600.0,1615.0,23660933.44275717,38493320455.964806
2023-04-12 09:00:00,1615.0,1615.0,1530.0,1585.0,28034228.64982464,44071681647.0969
2023-04-13 09:00:00,1585.0,1820.0,1565.0,1805.0,122478138.83756372,211994003230.8228
2023-04-14 09:00:00,1805.0,2280.0,1795.0,2220.0,365243114.37930965,740743466303.2688
2023-04-15 09:00:00,2220.0,2300.0,2115.0,2175.0,198213915.08655688,435921588972.8681
2023-04-16 09:00:00,2170.0,2250.0,2075.0,2220.0,107992062.54477008,231459667808.84668
2023-04-17 09:00:00,2215.0,2225.0,2080.0,2115.0,94510414.06745261,201894124012.17773
2023-04-18 09:00:00,2110.0,2375.0,2075.0,2180.0,224118790.29084632,503929964745.73035
2023-04-19 09:00:00,2180.0,2220.0,1955.0,1985.0,167684980.93723235,348364346378.711
2023-04-20 09:00:00,1990.0,2050.0,1870.0,1925.0,150478633.57345417,296872986674.88385
2023-04-21 09:00:00,1925.0,2015.0,1875.0,1965.0,112863021.35318813,217379936972.31454
2023-04-22 09:00:00,1960.0,2005.0,1905.0,1955.0,63743000.63640182,124187132749.54239
2023-04-23 09:00:00,1955.0,1955.0,1785.0,1800.0,41075414.95756858,77193237198.09087
2023-04-24 09:00:00,1795.0,1820.0,1715.0,1790.0,65575295.90127942,116246905253.74461
2023-04-25 09:00:00,1790.0,1860.0,1730.0,1840.0,46810430.10938167,83315773750.3055
2023-04-26 09:00:00,1840.0,2015.0,1780.0,1850.0,129166748.56721072,245276034007.31125
2023-04-27 09:00:00,1850.0,1935.0,1840.0,1895.0,74815449.61285114,141687426840.44617
2023-04-28 09:00:00,1895.0,1920.0,1820.0,1840.0,36971601.28694149,69284426712.14728
2023-04-29 09:00:00,1840.0,1860.0,1780.0,1825.0,17801541.84617085,32598090039.966087
2023-04-30 09:00:00,1820.0,1900.0,1790.0,1835.0,25115369.50181952,46319611120.930786
2023-05-01 09:00:00,1830.0,1860.0,1740.0,1770.0,29237480.67523836,52533486832.13559
2023-05-02 09:00:00,1775.0,1825.0,1750.0,1810.0,23560793.49104106,41959597050.407906
2023-05-03 09:00:00,1805.0,1825.0,1740.0,1795.0,29054506.98777889,51683691140.95665
2023-05-04 09:00:00,1790.0,1820.0,1755.0,1760.0,21701338.66642905,38760684758.968796
2023-05-05 09:00:00,1765.0,1815.0,1725.0,1795.0,17538743.54472311,31018324663.946003
2023-05-06 09:00:00,1800.0,1810.0,1630.0,1665.0,38068321.92566648,64636531104.16681
2023-05-07 09:00:00,1665.0,1680.0,1625.0,1635.0,16645879.90713956,27560749326.959866
2023-05-08 09:00:00,1635.0,1650.0,1370.0,1470.0,43037637.76678927,65552648272.4891
2023-05-09 09:00:00,1470.0,1505.0,1445.0,1480.0,24281758.76441563,35816078073.32041
2023-05-10 09:00:00,1480.0,1620.0,1475.0,1575.0,53363620.8050664,82712019814.00719
2023-05-11 09:00:00,1570.0,1575.0,1435.0,1470.0,25003541.73280552,37455802158.695335
2023-05-12 09:00:00,1470.0,1595.0,1435.0,1585.0,36622571.82450721,54903416153.23773
2023-05-13 09:00:00,1585.0,1620.0,1550.0,1585.0,15416938.41053206,24398977648.05306
2023-05-14 09:00:00,1585.0,1635.0,1555.0,1585.0,15741291.59047939,25105946827.303326
2023-05-15 09:00:00,1585.0,1660.0,1555.0,1600.0,21536531.89772517,34889930102.542755
2023-05-16 09:00:00,1600.0,1635.0,1570.0,1585.0,14176148.95079864,22660418262.083523
2023-05-17 09:00:00,1590.0,1625.0,1530.0,1600.0,14618246.02198373,23135392554.555923
2023-05-18 09:00:00,1605.0,1625.0,1540.0,1565.0,10212407.78392546,16285840669.236326
2023-05-19 09:00:00,1565.0,1580.0,1535.0,1565.0,7993898.29485064,12411543055.15184
2023-05-20 09:00:00,1565.0,1570.0,1545.0,1565.0,2825398.94188783,4401638105.408922
2023-05-21 09:00:00,1565.0,1575.0,1495.0,1515.0,5543662.83751983,8532029552.049783
2023-05-22 09:00:00,1515.0,1530.0,1485.0,1505.0,5263366.817557,7917778347.388875
2023-05-23 09:00:00,1505.0,1580.0,1495.0,1555.0,8258558.57218207,12784601752.840862
2023-05-24 09:00:00,1555.0,1560.0,1450.0,1495.0,9237193.0359097,13877269234.455093
2023-05-25 09:00:00,1495.0,1500.0,1440.0,1485.0,7190628.07395523,10607754452.272886
2023-05-26 09:00:00,1485.0,1585.0,1480.0,1550.0,13612263.25934275,20953234757.930058
2023-05-27 09:00:00,1545.0,1575.0,1535.0,1570.0,6313509.44865936,9812607557.705927
2023-05-28 09:00:00,1570.0,1675.0,1555.0,1660.0,11203567.10030175,18077264432.859665
2023-05-29 09:00:00,1660.0,1705.0,1615.0,1635.0,11575649.02188969,19217994190.187325
2023-05-30 09:00:00,1630.0,1665.0,1610.0,1620.0,8959413.6958438,14673110718.27977
2023-05-31 09:00:00,1620.0,1645.0,1530.0,1550.0,10822286.05949029,16977637725.371483
2023-06-01 09:00:00,1550.0,1560.0,1510.0,1530.0,6399982.31160746,9832367168.54333
2023-06-02 09:00:00,1530.0,1670.0,1515.0,1640.0,17939582.74564229,29075421622.993164
2023-06-03 09:00:00,1645.0,1665.0,1595.0,1610.0,7012065.66463938,11460429117.867651
2023-06-04 09:00:00,1610.0,1635.0,1590.0,1595.0,4338724.0991024,7006729559.040286
2023-06-05 09:00:00,1595.0,1595.0,1435.0,1515.0,17462540.51583702,26548505867.903522
2023-06-06 09:00:00,1515.0,1580.0,1465.0,1565.0,12389999.14431803,18810380185.3467
2023-06-07 09:00:00,1565.0,1575.0,1485.0,1500.0,9196585.86498693,14076244596.116133
2023-06-08 09:00:00,1495.0,1520.0,1465.0,1495.0,5510031.0376902,8227753277.978401
2023-06-09 09:00:00,1490.0,1515.0,1475.0,1490.0,5625887.99413097,8401950601.713376
2023-06-10 09:00:00,1490.0,1490.0,1245.0,1325.0,27732373.99730746,37387539723.73769
2023-06-11 09:00:00,1325.0,1345.0,1290.0,1315.0,7582513.72872215,10015784733.554914
2023-06-12 09:00:00,1310.0,1325.0,1260.0,1290.0,11835833.63345005,15259465362.700027
2023-06-13 09:00:00,1290.0,1350.0,1270.0,1295.0,18050433.75721092,23593966831.13753
2023-06-14 09:00:00,1295.0,1320.0,1210.0,1240.0,12524861.13906078,15998061071.41378
2023-06-15 09:00:00,1235.0,1255.0,1190.0,1245.0,12051416.53618293,14717961838.554981
2023-06-16 09:00:00,1240.0,1290.0,1215.0,1275.0,6950778.32313618,8681955491.56095
2023-06-17 09:00:00,1275.0,1325.0,1270.0,1305.0,8212873.31773776,10683804904.103199
2023-06-18 09:00:00,1305.0,1340.0,1290.0,1300.0,9277568.88415172,12214849036.0947
2023-06-19 09:00:00,1300.0,1330.0,1295.0,1315.0,5893694.69306389,7716014293.652103
2023-06-20 09:00:00,1315.0,1425.0,1295.0,1420.0,10771067.84150076,14521457564.739237
2023-06-21 09:00:00,1420.0,1500.0,1405.0,1485.0,11605571.31451876,16807857754.59841
2023-06-22 09:00:00,1490.0,1535.0,1420.0,1425.0,11789318.22337574,17473201466.06471
2023-06-23 09:00:00,1425.0,1530.0,1425.0,1510.0,8005568.25571912,11847220329.347034
2023-06-24 09:00:00,1510.0,1510.0,1415.0,1440.0,8977612.00331815,13109831751.437777
2023-06-25 09:00:00,1440.0,1515.0,1425.0,1470.0,10076361.1180326,14833897997.183477
2023-06-26 09:00:00,1475.0,1555.0,1430.0,1510.0,17325430.91863703,26033473852.306915
2023-06-27 09:00:00,1515.0,1645.0,1505.0,1595.0,24973629.92805228,39816691450.23828
2023-06-28 09:00:00,1600.0,1600.0,1470.0,1490.0,12160969.25737331,18611095963.265663
2023-06-29 09:00:00,1490.0,1555.0,1490.0,1505.0,9299614.05306661,14159034074.421484
2023-06-30 09:00:00,1510.0,1590.0,1385.0,1550.0,17891089.88820431,27254262278.711945
2023-07-01 09:00:00,1555.0,1565.0,1510.0,1530.0,6304956.85189686,9669851619.926132
2023-07-02 09:00:00,1530.0,1545.0,1490.0,1530.0,5237240.39842543,7921079357.138862
2023-07-03 09:00:00,1525.0,1570.0,1520.0,1545.0,5678550.32109038,8787714053.192236
2023-07-04 09:00:00,1545.0,1580.0,1515.0,1520.0,5548093.19129165,8576938401.585956
2023-07-05 09:00:00,1520.0,1530.0,1445.0,1475.0,7089862.47392451,10528191066.606817
2023-07-06 09:00:00,1470.0,1515.0,1420.0,1425.0,6626519.50555335,9740553056.18148
2023-07-07 09:00:00,1425.0,1505.0,1410.0,1500.0,4863847.53480448,7086924223.484084
2023-07-08 09:00:00,1505.0,1525.0,1475.0,1490.0,3198865.19975183,4798492544.461515
2023-07-09 09:00:00,1495.0,1510.0,1480.0,1480.0,2632290.32543638,3941917279.5081086
2023-07-10 09:00:00,1485.0,1505.0,1450.0,1470.0,3188298.06884644,4697470493.426326
2023-07-11 09:00:00,1475.0,1490.0,1455.0,1475.0,2394681.39066479,3532938734.577043
2023-07-12 09:00:00,1475.0,1495.0,1455.0,1465.0,3141545.15138117,4639254613.971237
2023-07-13 09:00:00,1465.0,1585.0,1450.0,1560.0,8679434.30564567,13228823715.04507
2023-07-14 09:00:00,1560.0,1700.0,1500.0,1565.0,13388564.01610854,21295849363.008213
2023-07-15 09:00:00,1570.0,1705.0,1550.0,1635.0,10946446.02896446,17972197352.30543
2023-07-16 09:00:00,1635.0,1685.0,1585.0,1640.0,7136448.1093242,11726952430.800991
2023-07-17 09:00:00,1640.0,1735.0,1610.0,1675.0,14252904.0392583,23965958112.986477
2023-07-18 09:00:00,1680.0,1710.0,1570.0,1605.0,9622310.10097209,15817534808.910463
2023-07-19 09:00:00,1605.0,1660.0,1585.0,1620.0,5926042.80618794,9613496094.280638
2023-07-20 09:00:00,1625.0,1685.0,1615.0,1630.0,6427170.25759476,10569895269.502447
2023-07-21 09:00:00,1635.0,1680.0,1595.0,1600.0,4128874.18601986,6754209108.30215
2023-07-22 09:00:00,1600.0,1625.0,1580.0,1595.0,2048417.42309891,3292522199.5419974
2023-07-23 09:00:00,1595.0,1640.0,1580.0,1615.0,2640984.89435191,4242694687.852392
2023-07-24 09:00:00,1620.0,1625.0,1515.0,1540.0,4757647.23552077,7449480161.816597
2023-07-25 09:00:00,1540.0,1550.0,1500.0,1520.0,2546140.85584781,3885399738.396741
2023-07-26 09:00:00,1520.0,1555.0,1490.0,1545.0,3938141.01562575,5942414213.347059
2023-07-27 09:00:00,1550.0,1565.0,1520.0,1520.0,2134083.17144867,3295174481.3158884
2023-07-28 09:00:00,1525.0,1530.0,1500.0,1525.0,2206439.87264287,3341591399.7855616
2023-07-29 09:00:00,1525.0,1530.0,1515.0,1530.0,1242575.49871637,1891833843.1760247
2023-07-30 09:00:00,1530.0,1540.0,1480.0,1495.0,3241204.66710238,4910758380.233921
2023-07-31 09:00:00,1500.0,1545.0,1490.0,1515.0,1916662.59258363,2911527774.5519056
2023-08-01 09:00:00,1520.0,1530.0,1470.0,1515.0,2691398.39581188,4021278991.8317385
2023-08-02 09:00:00,1515.0,1535.0,1480.0,1490.0,2213059.27441463,3334859315.09799
2023-08-03 09:00:00,1495.0,1515.0,1475.0,1490.0,1369658.47431031,2041347859.4493616
2023-08-04 09:00:00,1490.0,1540.0,1485.0,1530.0,2119360.18057385,3209994326.6518035
2023-08-05 09:00:00,1535.0,1535.0,1500.0,1510.0,1405298.05257498,2133773004.7842727
2023-08-06 09:00:00,1510.0,1525.0,1500.0,1510.0,1099932.43718901,1661803411.4534643
2023-08-07 09:00:00,1510.0,1525.0,1475.0,1495.0,1731979.39108008,2608085541.4137483
2023-08-08 09:00:00,1505.0,1540.0,1495.0,1535.0,1366517.98504683,2077095059.2430182
2023-08-09 09:00:00,1540.0,1590.0,1535.0,1555.0,3380581.17986694,5271561213.928298
2023-08-10 09:00:00,1555.0,1580.0,1535.0,1545.0,2034897.01554036,3165134464.3844433
2023-08-11 09:00:00,1545.0,1555.0,1535.0,1545.0,1031963.63050777,1591604571.8123527
2023-08-12 09:00:00,1545.0,1555.0,1540.0,1555.0,842699.98860574,1303511521.5212333
2023-08-13 09:00:00,1555.0,1560.0,1525.0,1525.0,945163.14083255,1462542333.311141
2023-08-14 09:00:00,1525.0,1550.0,1510.0,1525.0,1646282.35533107,2516255232.2178164
2023-08-15 09:00:00,1525.0,1570.0,1510.0,1525.0,3302559.32177673,5075303868.7795515
2023-08-16 09:00:00,1530.0,1535.0,1395.0,1425.0,6889404.49877533,10215662546.653677
2023-08-17 09:00:00,1425.0,1450.0,1280.0,1355.0,8905003.12929629,12256437449.058163
2023-08-18 09:00:00,1355.0,1410.0,1345.0,1385.0,3678806.23957572,5062106979.58738
2023-08-19 09:00:00,1390.0,1425.0,1385.0,1410.0,1168368.68377739,1637623047.6807356
2023-08-20 09:00:00,1410.0,1435.0,1400.0,1410.0,1508533.55923721,2135560280.8683805
2023-08-21 09:00:00,1415.0,1420.0,1345.0,1365.0,1855446.26298379,2552472147.6113887
2023-08-22 09:00:00,1365.0,1375.0,1290.0,1345.0,2866982.78401763,3835973498.9086523
2023-08-23 09:00:00,1350.0,1395.0,1335.0,1370.0,2234412.36639102,3036662434.9393287
2023-08-24 09:00:00,1375.0,1380.0,1315.0,1335.0,1649785.50926271,2226194428.3547344
2023-08-25 09:00:00,1340.0,1340.0,1270.0,1290.0,3986763.61071938,5164828803.057143
2023-08-26 09:00:00,1290.0,1300.0,1275.0,1290.0,1697515.65700027,2184654811.545152
2023-08-27 09:00:00,1295.0,1310.0,1285.0,1295.0,1390708.12070817,1807350707.6572452
2023-08-28 09:00:00,1300.0,1305.0,1250.0,1280.0,3002177.97116525,3835009835.8218217
2023-08-29 09:00:00,1285.0,1350.0,1260.0,1310.0,6516769.05090165,8514921898.174404
2023-08-30 09:00:00,1310.0,1320.0,1275.0,1280.0,3635271.6354877,4706028056.145735
2023-08-31 09:00:00,1285.0,1305.0,1235.0,1245.0,4448931.06660407,5671732992.008349
2023-09-01 09:00:00,1255.0,1265.0,1200.0,1210.0,3644578.53316007,4495899684.778314
2023-09-02 09:00:00,1215.0,1235.0,1190.0,1210.0,3448005.55424491,4192236330.5959144
2023-09-03 09:00:00,1205.0,1240.0,1200.0,1225.0,2000662.80355297,2425233829.356548
2023-09-04 09:00:00,1230.0,1255.0,1200.0,1215.0,2427863.18685904,2983924836.0264297
2023-09-05 09:00:00,1220.0,1240.0,1200.0,1225.0,1966955.33032807,2391012397.6823516
2023-09-06 09:00:00,1225.0,1240.0,1205.0,1230.0,1981642.8461614,2418205059.0892763
2023-09-07 09:00:00,1230.0,1250.0,1220.0,1235.0,1120329.0922298,1380083929.3084877
2023-09-08 09:00:00,1240.0,1250.0,1210.0,1230.0,1390764.93221268,1716150725.0258944
2023-09-09 09:00:00,1230.0,1230.0,1220.0,1225.0,1251496.44944951,1532851738.9273572
2023-09-10 09:00:00,1225.0,1225.0,1135.0,1150.0,6353170.8232156,7445834014.311482
2023-09-11 09:00:00,1155.0,1160.0,1015.0,1045.0,15365541.15454122,16471423730.181616
2023-09-12 09:00:00,1045.0,1085.0,1030.0,1060.0,9547721.7888275,10090885676.920967
2023-09-13 09:00:00,1065.0,1115.0,1050.0,1065.0,8698110.40599069,9300439823.058676
2023-09-14 09:00:00,1065.0,1110.0,1060.0,1085.0,6415321.28192692,6994895687.49282
2023-09-15 09:00:00,1090.0,1100.0,1065.0,1085.0,6206580.86564364,6707645905.258383
2023-09-16 09:00:00,1090.0,1130.0,1085.0,1120.0,5427555.67197321,6025808563.763751
2023-09-17 09:00:00,1125.0,1125.0,1055.0,1075.0,3596566.85042272,3925161086.659112
2023-09-18 09:00:00,1075.0,1130.0,1060.0,1105.0,4021342.14976729,4427525614.030358
2023-09-19 09:00:00,1110.0,1160.0,1095.0,1155.0,2637280.8420413,2972140793.6405144
2023-09-20 09:00:00,1160.0,1170.0,1125.0,1155.0,2939811.93203249,3371846542.3744783
2023-09-21 09:00:00,1155.0,1170.0,1095.0,1110.0,3766429.11546652,4272998186.3129377
2023-09-22 09:00:00,1110.0,1145.0,1105.0,1140.0,2180482.5772418,2466574632.4531355
2023-09-23 09:00:00,1140.0,1150.0,1105.0,1110.0,2400405.78517697,2687102853.103033
2023-09-24 09:00:00,1110.0,1140.0,1085.0,1095.0,6876358.28510398,7675046506.784501
2023-09-25 09:00:00,1095.0,1110.0,1085.0,1090.0,2142298.62563032,2347271995.8745823
2023-09-26 09:00:00,1090.0,1125.0,1085.0,1120.0,2268415.90402409,2513069013.058348
2023-09-27 09:00:00,1125.0,1150.0,1110.0,1110.0,3670385.32101764,4134737067.925991
2023-09-28 09:00:00,1115.0,1230.0,1110.0,1210.0,11057746.46934416,13097428176.445107
2023-09-29 09:00:00,1210.0,1240.0,1195.0,1220.0,5726998.65624493,6964098189.40871
2023-09-30 09:00:00,1225.0,1255.0,1210.0,1230.0,2872514.36676607,3530837292.692863
2023-10-01 09:00:00,1235.0,1325.0,1230.0,1310.0,6124112.93101129,7871700689.964234
2023-10-02 09:00:00,1310.0,1340.0,1245.0,1270.0,5482323.60448936,7133421076.81396
2023-10-03 09:00:00,1270.0,1290.0,1220.0,1225.0,4742589.53631427,5943484414.96542
2023-10-04 09:00:00,1230.0,1235.0,1165.0,1195.0,3574491.53085049,4269696060.2685404
2023-10-05 09:00:00,1200.0,1210.0,1160.0,1165.0,1980049.17385481,2343667546.642926
2023-10-06 09:00:00,1165.0,1215.0,1165.0,1205.0,2986480.51236563,3565960635.6037893
2023-10-07 09:00:00,1210.0,1215.0,1175.0,1180.0,1744509.9652626,2087115106.6291752
2023-10-08 09:00:00,1180.0,1190.0,1140.0,1155.0,2860437.49741604,3328334939.0438876
2023-10-09 09:00:00,1155.0,1170.0,1075.0,1115.0,4085160.81429684,4575503167.709017
2023-10-10 09:00:00,1120.0,1135.0,1105.0,1120.0,1941693.53316001,2171780298.111121
2023-10-11 09:00:00,1125.0,1125.0,1090.0,1115.0,2281178.63392415,2519775697.5162406
2023-10-12 09:00:00,1115.0,1130.0,1085.0,1105.0,2375767.49357811,2605393750.6409926
2023-10-13 09:00:00,1105.0,1125.0,1095.0,1115.0,1865041.06431965,2064176476.6396413
2023-10-14 09:00:00,1115.0,1120.0,1095.0,1100.0,1351389.61865233,1498107398.7457652
2023-10-15 09:00:00,1105.0,1110.0,1090.0,1095.0,2046706.99276677,2250425571.0798063
2023-10-16 09:00:00,1095.0,1145.0,1095.0,1115.0,5184786.38030633,5795002392.735702
2023-10-17 09:00:00,1115.0,1115.0,1065.0,1070.0,3913246.97127444,4245457832.525059
2023-10-18 09:00:00,1070.0,1090.0,1060.0,1070.0,3693904.76652083,3960635649.1283607
2023-10-19 09:00:00,1075.0,1075.0,1040.0,1045.0,2517967.61016162,2655628368.702089
2023-10-20 09:00:00,1050.0,1100.0,1040.0,1090.0,4358101.40123485,4703350697.384909
2023-10-21 09:00:00,1090.0,1135.0,1075.0,1120.0,3369712.64360193,3751458699.1627064
2023-10-22 09:00:00,1125.0,1150.0,1105.0,1145.0,3257415.27039351,3664579413.975238
2023-10-23 09:00:00,1150.0,1185.0,1120.0,1185.0,5767863.14970538,6625690186.5354395
2023-10-24 09:00:00,1180.0,1275.0,1145.0,1205.0,11370737.3739113,13847940748.739676
2023-10-25 09:00:00,1210.0,1250.0,1180.0,1245.0,4040393.72250831,4913391323.458097
2023-10-26 09:00:00,1245.0,1345.0,1235.0,1265.0,13027937.32885832,16812333667.141165
2023-10-27 09:00:00,1270.0,1270.0,1200.0,1240.0,4999000.91303992,6180960442.570043
2023-10-28 09:00:00,1245.0,1270.0,1235.0,1250.0,2433627.37023728,3043124087.708964
2023-10-29 09:00:00,1255.0,1300.0,1235.0,1290.0,2959069.59610203,3732529085.366435
2023-10-30 09:00:00,1290.0,1310.0,1255.0,1310.0,4642921.53196295,5980911923.714627
2023-10-31 09:00:00,1310.0,1335.0,1230.0,1285.0,5547742.06719865,7166190484.561473
2023-11-01 09:00:00,1290.0,1415.0,1260.0,1415.0,6494716.49963636,8622689575.905756
2023-11-02 09:00:00,1415.0,1415.0,1295.0,1350.0,7694935.51803812,10428511721.15851
2023-11-03 09:00:00,1350.0,1450.0,1260.0,1425.0,7323498.4903456,9757798147.308428
2023-11-04 09:00:00,1425.0,1500.0,1400.0,1470.0,6492218.86058897,9337919284.43056
2023-11-05 09:00:00,1475.0,1495.0,1420.0,1460.0,6513513.34853334,9529794912.259947
2023-11-06 09:00:00,1465.0,1525.0,1420.0,1505.0,8094363.35930566,12017043198.899965
2023-11-07 09:00:00,1505.0,1505.0,1405.0,1445.0,6989787.52419818,10189692987.816599
2023-11-08 09:00:00,1445.0,1465.0,1415.0,1460.0,5559200.63605815,7979109240.092042
2023-11-09 09:00:00,1455.0,1650.0,1390.0,1625.0,19887113.44894998,29879174289.4441
2023-11-10 09:00:00,1620.0,1650.0,1515.0,1575.0,15587198.85827596,24620048675.659966
2023-11-11 09:00:00,1575.0,1585.0,1495.0,1525.0,8407639.7739907,12918456471.008398
2023-11-12 09:00:00,1525.0,1560.0,1465.0,1545.0,7758221.59525574,11734068759.047613
2023-11-13 09:00:00,1545.0,1610.0,1500.0,1505.0,11171630.41338773,17262052773.324306
2023-11-14 09:00:00,1505.0,1505.0,1430.0,1450.0,8706531.5247835,12824438384.108246
2023-11-15 09:00:00,1455.0,1540.0,1425.0,1525.0,7659250.7757041,11417703796.04441
2023-11-16 09:00:00,1520.0,1580.0,1445.0,1460.0,11030125.9689055,16797739461.474566
2023-11-17 09:00:00,1460.0,1490.0,1355.0,1410.0,11374053.64158857,16217372857.72273
2023-11-18 09:00:00,1410.0,1410.0,1325.0,1385.0,5928215.79764696,8132556042.501167
2023-11-19 09:00:00,1390.0,1405.0,1355.0,1395.0,4056313.63832616,5597253075.453937
2023-11-20 09:00:00,1400.0,1430.0,1375.0,1380.0,7505804.47260459,10521318496.674414
2023-11-21 09:00:00,1380.0,1410.0,1285.0,1290.0,8194329.1808043,11101108881.481646
2023-11-22 09:00:00,1290.0,1385.0,1285.0,1365.0,5516417.12179993,7409386001.129109
2023-11-23 09:00:00,1365.0,1400.0,1350.0,1365.0,4275881.87951173,5863407821.874462
2023-11-24 09:00:00,1365.0,1450.0,1355.0,1405.0,8935817.42843452,12540732416.732943
2023-11-25 09:00:00,1410.0,1455.0,1400.0,1430.0,6946720.73367797,9914916909.229736
2023-11-26 09:00:00,1430.0,1440.0,1360.0,1395.0,5403843.55827383,7596578270.182454
2023-11-27 09:00:00,1395.0,1400.0,1335.0,1370.0,5671305.87649197,7717056425.508274
2023-11-28 09:00:00,1380.0,1380.0,1325.0,1360.0,4617850.94780435,6260770752.500967
2023-11-29 09:00:00,1365.0,1375.0,1335.0,1355.0,4525703.16592893,6141313197.011001
2023-11-30 09:00:00,1355.0,1365.0,1340.0,1355.0,3413714.11688805,4606495706.902702
2023-12-01 09:00:00,1355.0,1405.0,1340.0,1385.0,6905598.99400548,9534810080.59753
2023-12-02 09:00:00,1385.0,1490.0,1380.0,1485.0,10055275.43753102,14387825855.55135
2023-12-03 09:00:00,1485.0,1500.0,1450.0,1475.0,6962327.770648,10257716295.138248
2023-12-04 09:00:00,1475.0,1540.0,1425.0,1485.0,11537541.78141455,17055501699.751553
2023-12-05 09:00:00,1480.0,1505.0,1430.0,1490.0,13177618.50636843,19316289044.79404
2023-12-06 09:00:00,1490.0,1525.0,1450.0,1465.0,16108610.69112524,23897327232.835686
2023-12-07 09:00:00,1465.0,1635.0,1425.0,1610.0,29435374.37113201,45373388011.30929
2023-12-08 09:00:00,1610.0,1645.0,1560.0,1590.0,22635825.33632334,36162867432.69188
2023-12-09 09:00:00,1590.0,1695.0,1560.0,1570.0,28103229.26651597,45574317188.71957
2023-12-10 09:00:00,1565.0,1595.0,1520.0,1580.0,13145887.9359677,20615826918.248142
2023-12-11 09:00:00,1580.0,1590.0,1460.0,1510.0,21255372.1987606,31978006705.625374
2023-12-12 09:00:00,1515.0,1745.0,1510.0,1735.0,34249233.26422263,55094592952.94258
2023-12-13 09:00:00,1735.0,1745.0,1540.0,1630.0,43337019.0254087,69734731695.94263
2023-12-14 09:00:00,1630.0,1650.0,1560.0,1620.0,18773795.08289927,30187170222.952133
2023-12-15 09:00:00,1620.0,1620.0,1530.0,1535.0,12593975.48471344,19745252431.041054
2023-12-16 09:00:00,1535.0,1585.0,1490.0,1545.0,9518287.36473934,14594285963.495129
2023-12-17 09:00:00,1545.0,1555.0,1490.0,1515.0,8520756.95716855,12966453744.508848
2023-12-18 09:00:00,1520.0,1525.0,1410.0,1505.0,13662549.96402097,20005537437.714508
2023-12-19 09:00:00,1505.0,1530.0,1455.0,1465.0,11580280.86429454,17316639537.83498
2023-12-20 09:00:00,1465.0,1535.0,1455.0,1505.0,17755249.73302183,26684295150.683464
2023-12-21 09:00:00,1505.0,1580.0,1490.0,1575.0,16357293.33502114,25147443046.425037
2023-12-22 09:00:00,1575.0,1955.0,1555.0,1920.0,111919492.5887895,199696303923.42636
2023-12-23 09:00:00,1925.0,1980.0,1780.0,1890.0,52612338.83300885,97438095769.35875
2023-12-24 09:00:00,1890.0,1990.0,1800.0,1825.0,46182029.40615926,87736010027.43015
2023-12-25 09:00:00,1825.0,1875.0,1790.0,1850.0,16319009.24124207,29887125863.22791
2023-12-26 09:00:00,1850.0,1880.0,1695.0,1780.0,22263272.37666107,39608994046.44713
2023-12-27 09:00:00,1780.0,2055.0,1700.0,2005.0,44113589.92572448,84395611788.33517
2023-12-28 09:00:00,2010.0,2215.0,1955.0,1960.0,65274895.10284858,136954594825.59734
2023-12-29 09:00:00,1965.0,2065.0,1880.0,2030.0,30270296.5808505,59629831718.764496
2023-12-30 09:00:00,2025.0,2060.0,1930.0,1990.0,13906746.9760201,27578920376.668316
2023-12-31 09:00:00,1990.0,2235.0,1985.0,2110.0,41186917.60175273,87124138473.19719
2024-01-01 09:00:00,2105.0,2330.0,2045.0,2310.0,22457116.38609812,48634326403.7509
2024-01-02 09:00:00,2310.0,2445.0,2270.0,2380.0,26645712.21525341,62497669372.04791
2024-01-03 09:00:00,2380.0,2860.0,1970.0,2620.0,126518833.16969524,322606599946.25116
2024-01-04 09:00:00,2620.0,2840.0,2435.0,2700.0,51801470.17806874,137276676873.55553
2024-01-05 09:00:00,2700.0,2720.0,2470.0,2625.0,29516890.57827735,76798406802.95065
2024-01-06 09:00:00,2625.0,2650.0,2280.0,2360.0,30823428.22368016,74190426965.11357
2024-01-07 09:00:00,2360.0,2545.0,2250.0,2320.0,33558913.02522313,81631976663.95433
2024-01-08 09:00:00,2320.0,2490.0,2110.0,2445.0,42140164.1105302,97099778461.45248
2024-01-09 09:00:00,2445.0,2560.0,2190.0,2485.0,35578141.89489436,84734098373.64183
2024-01-10 09:00:00,2485.0,3115.0,2460.0,3040.0,114564874.31214286,312925259962.0233
2024-01-11 09:00:00,3040.0,3305.0,2930.0,3095.0,78586321.52522059,245359076183.59503
2024-01-12 09:00:00,3095.0,3305.0,2910.0,3055.0,46167732.59749322,144493468407.0669
2024-01-13 09:00:00,3060.0,3085.0,2820.0,2995.0,24016693.43940514,71203494484.97212
2024-01-14 09:00:00,3000.0,3015.0,2775.0,2795.0,11614766.37648876,33883960823.85347
2024-01-15 09:00:00,2795.0,2985.0,2785.0,2900.0,18514744.9380028,53647755879.482506
2024-01-16 09:00:00,2905.0,3035.0,2820.0,2950.0,23403176.42606304,68785198003.39143
2024-01-17 09:00:00,2950.0,2975.0,2745.0,2800.0,20576776.76261304,58329477498.200485
2024-01-18 09:00:00,2800.0,2805.0,2570.0,2625.0,19986144.42790773,53502015983.05302
2024-01-19 09:00:00,2625.0,2645.0,2400.0,2570.0,18594697.70973973,47383099686.398605
2024-01-20 09:00:00,2575.0,2580.0,2430.0,2505.0,8108063.73585023,20222161657.281395
2024-01-21 09:00:00,2505.0,2630.0,2460.0,2505.0,13484843.88781447,34586804965.61992
2024-01-22 09:00:00,2505.0,2545.0,2300.0,2335.0,17134811.29385782,41238887634.70359
2024-01-23 09:00:00,2335.0,2405.0,2145.0,2350.0,25677919.92137825,58105559725.64508
2024-01-24 09:00:00,2350.0,2405.0,2250.0,2390.0,17842208.73976169,41568458723.1461
2024-01-25 09:00:00,2400.0,2450.0,2270.0,2395.0,12351936.78856303,28928679881.165184
2024-01-26 09:00:00,2390.0,2510.0,2355.0,2505.0,14069259.48272533,34342131684.65893
2024-01-27 09:00:00,2505.0,2535.0,2440.0,2475.0,7113718.43438763,17714579150.81727
2024-01-28 09:00:00,2475.0,2615.0,2451.0,2475.0,12140664.1012522,30807721726.942165
2024-01-29 09:00:00,2476.0,2543.0,2435.0,2531.0,10691985.48130064,26673346172.74398
2024-01-30 09:00:00,2533.0,2695.0,2505.0,2587.0,19922610.53788559,51528644703.56166
2024-01-31 09:00:00,2590.0,2600.0,2415.0,2437.0,14002188.1023124,35128221489.17141
2024-02-01 09:00:00,2437.0,2457.0,2334.0,2452.0,9650365.01786148,23005427892.013702
2024-02-02 09:00:00,2452.0,2497.0,2420.0,2460.0,7670441.44926829,18874088711.4576
2024-02-03 09:00:00,2460.0,2528.0,2430.0,2434.0,6711922.63336828,16688969580.139257
2024-02-04 09:00:00,2432.0,2447.0,2385.0,2388.0,4212802.99592301,10184597125.398548
2024-02-05 09:00:00,2390.0,2456.0,2346.0,2395.0,5786977.7819677,13906976415.632334
2024-02-06 09:00:00,2395.0,2566.0,2380.0,2507.0,13932983.81708535,34661301062.88126
2024-02-07 09:00:00,2508.0,2631.0,2482.0,2583.0,17729984.51376776,45116499147.68185
2024-02-08 09:00:00,2583.0,2622.0,2538.0,2551.0,13631339.06804777,35217199643.97153
2024-02-09 09:00:00,2551.0,2707.0,2547.0,2674.0,14373509.01840148,37619138517.89886
2024-02-10 09:00:00,2673.0,2737.0,2603.0,2650.0,9472285.31484148,25292925009.388126
2024-02-11 09:00:00,2651.0,2711.0,2618.0,2625.0,8420867.78823168,22452228066.17124
2024-02-12 09:00:00,2625.0,2800.0,2602.0,2785.0,14913345.73615637,40071408229.246506
2024-02-13 09:00:00,2785.0,2840.0,2703.0,2772.0,16396933.14009599,45575576944.70107
2024-02-14 09:00:00,2773.0,2873.0,2728.0,2865.0,16085989.54553018,45353831410.34621
2024-02-15 09:00:00,2865.0,2967.0,2791.0,2848.0,25856713.43908683,74837521684.36409
2024-02-16 09:00:00,2848.0,2894.0,2730.0,2787.0,14239992.15563756,40092788691.494026
2024-02-17 09:00:00,2786.0,2802.0,2639.0,2726.0,11320248.91870316,30707120318.349422
2024-02-18 09:00:00,2726.0,2829.0,2684.0,2815.0,8960547.63377178,24740590710.792957
2024-02-19 09:00:00,2816.0,2890.0,2778.0,2845.0,11747001.95800454,33370706527.517467
2024-02-20 09:00:00,2849.0,2883.0,2660.0,2776.0,18747013.76099211,51859595872.70454
2024-02-21 09:00:00,2776.0,2792.0,2550.0,2619.0,16379575.11684733,43131140881.54312
2024-02-22 09:00:00,2619.0,2631.0,2520.0,2524.0,12927772.57769209,33188047730.074017
2024-02-23 09:00:00,2524.0,2558.0,2445.0,2512.0,10614967.78043298,26477508568.864487
2024-02-24 09:00:00,2512.0,2560.0,2445.0,2543.0,7804220.15305572,19669956436.503113
2024-02-25 09:00:00,2543.0,2627.0,2520.0,2627.0,10507775.88785631,27072678332.324436
2024-02-26 09:00:00,2627.0,2680.0,2478.0,2645.0,15989845.27206671,41333497418.458954
2024-02-27 09:00:00,2645.0,2697.0,2584.0,2612.0,17755669.06190582,46907250721.15983
2024-02-28 09:00:00,2615.0,2732.0,2555.0,2669.0,24502039.91305747,64638349453.20918
2024-02-29 09:00:00,2669.0,2935.0,2633.0,2732.0,40947638.27441849,114415244266.04535
2024-03-01 09:00:00,2732.0,2836.0,2730.0,2790.0,18477524.64890915,51551039462.901855
2024-03-02 09:00:00,2789.0,2827.0,2733.0,2826.0,21901789.15731494,60814038862.44603
2024-03-03 09:00:00,2826.0,3063.0,2646.0,2853.0,43550129.2415619,126129652248.72107
2024-03-04 09:00:00,2852.0,2886.0,2697.0,2775.0,25357593.32093864,70774797035.68585
2024-03-05 09:00:00,2775.0,3100.0,2651.0,2821.0,74562975.67614238,217618499340.18118
2024-03-06 09:00:00,2821.0,3003.0,2699.0,2900.0,31891810.05420301,91324453537.77763
2024-03-07 09:00:00,2901.0,3065.0,2849.0,3049.0,21872384.58856931,64617722178.54876
2024-03-08 09:00:00,3049.0,3206.0,2942.0,3017.0,27024034.30218325,83342824295.39734
2024-03-09 09:00:00,3017.0,3048.0,2912.0,2947.0,14487302.50392669,43285580113.55761
2024-03-10 09:00:00,2947.0,2974.0,2844.0,2930.0,16185942.7519824,47215505035.51426
2024-03-11 09:00:00,2931.0,2993.0,2750.0,2904.0,26166714.96203213,75768115955.73163
2024-03-12 09:00:00,2904.0,2944.0,2765.0,2867.0,20017558.55138599,56976148776.05354
2024-03-13 09:00:00,2867.0,3236.0,2860.0,2997.0,63104268.20546556,192622541969.34247
2024-03-14 09:00:00,2997.0,2999.0,2750.0,2897.0,25880552.2220632,74941932105.65378
2024-03-15 09:00:00,2897.0,2924.0,2638.0,2747.0,20319175.42234239,56060348074.69189
2024-03-16 09:00:00,2746.0,2990.0,2522.0,2604.0,33610092.24632476,92499932546.59026
2024-03-17 09:00:00,2603.0,2618.0,2357.0,2550.0,25406886.02508351,63213516177.82715
2024-03-18 09:00:00,2549.0,2553.0,2365.0,2381.0,26144054.49884497,64290733697.425415
2024-03-19 09:00:00,2381.0,2468.0,2158.0,2424.0,46576694.20248095,108079146237.46484
2024-03-20 09:00:00,2420.0,2602.0,2286.0,2567.0,31617241.19350496,77797630404.77338
2024-03-21 09:00:00,2567.0,2627.0,2447.0,2452.0,16204321.61164678,41231985372.724846
2024-03-22 09:00:00,2455.0,2471.0,2311.0,2359.0,12960422.56025325,30812129367.558655
2024-03-23 09:00:00,2359.0,2389.0,2319.0,2326.0,11667523.88020662,27384766237.73659
2024-03-24 09:00:00,2328.0,2419.0,2299.0,2402.0,10161057.30650566,24051575116.22412
2024-03-25 09:00:00,2402.0,2478.0,2367.0,2450.0,10991194.69876247,26668578595.385574
2024-03-26 09:00:00,2451.0,2477.0,2394.0,2437.0,20376740.87425082,49873731316.96611
2024-03-27 09:00:00,2437.0,2486.0,2346.0,2383.0,19778471.8000901,47702030536.48551
2024-03-28 09:00:00,2382.0,2417.0,2340.0,2377.0,12559863.24835958,29952088731.39226
2024-03-29 09:00:00,2384.0,2386.0,2313.0,2347.0,10756721.26911741,25261976154.561237
2024-03-30 09:00:00,2347.0,2393.0,2337.0,2358.0,7295623.87921097,17262843881.676594
2024-03-31 09:00:00,2358.0,2410.0,2336.0,2360.0,7167629.53095481,16940786208.384972
2024-04-01 09:00:00,2360.0,2360.0,2217.0,2255.0,14854855.84465661,33928585527.993225
2024-04-02 09:00:00,2253.0,2257.0,2091.0,2125.0,15076894.23802604,32519919831.972477
2024-04-03 09:00:00,2126.0,2185.0,2050.0,2164.0,8249280.07471452,17600035576.389214
2024-04-04 09:00:00,2164.0,2189.0,2105.0,2122.0,9665745.41052912,20761927722.815117
2024-04-05 09:00:00,2124.0,2129.0,2029.0,2081.0,7654898.24640056,15922353251.032476
2024-04-06 09:00:00,2081.0,2160.0,2066.0,2139.0,4367605.82449176,9254642257.675417
2024-04-07 09:00:00,2139.0,2195.0,2131.0,2189.0,3847852.20035707,8277154133.402588
2024-04-08 09:00:00,2189.0,2246.0,2137.0,2234.0,9359193.20887066,20594575423.451836
2024-04-09 09:00:00,2235.0,2270.0,2125.0,2137.0,10798522.35611206,23875744714.329483
2024-04-10 09:00:00,2137.0,2152.0,2044.0,2095.0,6271772.21463258,13179449552.268005
2024-04-11 09:00:00,2095.0,2109.0,2030.0,2038.0,5715347.68980717,11797504428.977308
2024-04-12 09:00:00,2038.0,2064.0,1650.0,1748.0,27226780.85135444,48830729284.1891
2024-04-13 09:00:00,1750.0,1754.0,1400.0,1567.0,25409792.85878813,40892606655.378006
2024-04-14 09:00:00,1563.0,1800.0,1517.0,1778.0,20076072.72335521,33431862941.455265
2024-04-15 09:00:00,1777.0,1888.0,1698.0,1755.0,14623370.3451668,26371352743.584988
2024-04-16 09:00:00,1755.0,1758.0,1652.0,1730.0,8909340.38985283,15200954666.939606
2024-04-17 09:00:00,1732.0,1754.0,1627.0,1648.0,7451535.18198157,12519640702.96883
2024-04-18 09:00:00,1648.0,1721.0,1602.0,1677.0,7356309.33287106,12295342210.961723
2024-04-19 09:00:00,1677.0,1702.0,1544.0,1639.0,8264233.30459361,13532800859.003736
2024-04-20 09:00:00,1639.0,1785.0,1627.0,1772.0,4889629.51411119,8293198852.291174
2024-04-21 09:00:00,1772.0,1798.0,1718.0,1738.0,4452462.39200724,7844288083.205284
2024-04-22 09:00:00,1738.0,1800.0,1733.0,1758.0,6966444.88223349,12291495463.201733
2024-04-23 09:00:00,1761.0,1775.0,1691.0,1708.0,7881463.38176881,13579812452.556417
2024-04-24 09:00:00,1707.0,1729.0,1604.0,1623.0,8946287.76722844,15051570654.718052
2024-04-25 09:00:00,1623.0,1638.0,1548.0,1569.0,7155779.02523576,11342593429.072197
2024-04-26 09:00:00,1569.0,1575.0,1520.0,1537.0,5111234.22319481,7907758159.17574
2024-04-27 09:00:00,1538.0,1636.0,1474.0,1622.0,9060761.96004048,14000925791.30592
2024-04-28 09:00:00,1622.0,1684.0,1569.0,1579.0,12128356.71265751,19775910909.834034
2024-04-29 09:00:00,1580.0,1592.0,1485.0,1514.0,12752063.241549,19407035915.25998
2024-04-30 09:00:00,1517.0,1531.0,1403.0,1469.0,13350076.28127055,19482790984.757095
2024-05-01 09:00:00,1469.0,1507.0,1371.0,1472.0,13787390.98661791,19832798122.589935
2024-05-02 09:00:00,1473.0,1482.0,1403.0,1447.0,6528562.23151444,9445017810.781652
2024-05-03 09:00:00,1446.0,1524.0,1437.0,1511.0,7973403.17528776,11790172085.83054
2024-05-04 09:00:00,1511.0,1533.0,1489.0,1500.0,4753720.56494924,7192677985.838083
2024-05-05 09:00:00,1500.0,1540.0,1458.0,1508.0,5861506.9961579,8751114761.235632
2024-05-06 09:00:00,1506.0,1587.0,1486.0,1490.0,11451823.61497276,17556812035.060093
2024-05-07 09:00:00,1491.0,1509.0,1441.0,1441.0,6164369.63743128,9147668772.318933
2024-05-08 09:00:00,1444.0,1467.0,1414.0,1443.0,7303682.06133352,10505233287.922838
2024-05-09 09:00:00,1444.0,1460.0,1403.0,1455.0,5669005.19497602,8121015320.12422
2024-05-10 09:00:00,1454.0,1470.0,1386.0,1407.0,7186055.95059862,10297537202.430424
2024-05-11 09:00:00,1404.0,1425.0,1388.0,1412.0,3244068.59368432,4564789145.710796
2024-05-12 09:00:00,1411.0,1425.0,1396.0,1404.0,2443319.86834389,3446014101.2963524
2024-05-13 09:00:00,1407.0,1412.0,1340.0,1373.0,6651297.57431229,9166326977.771303
2024-05-14 09:00:00,1372.0,1386.0,1307.0,1317.0,6561009.4815179,8843841741.123373
2024-05-15 09:00:00,1315.0,1389.0,1296.0,1384.0,8395182.50739685,11291522157.496641
2024-05-16 09:00:00,1383.0,1388.0,1328.0,1352.0,8517610.5895152,11576514986.839462
2024-05-17 09:00:00,1351.0,1480.0,1346.0,1427.0,13593603.43961371,19176371109.41989
2024-05-18 09:00:00,1427.0,1436.0,1395.0,1416.0,10834620.00909346,15371251043.653656
2024-05-19 09:00:00,1415.0,1427.0,1345.0,1351.0,7919427.52248786,10966143256.161617
2024-05-20 09:00:00,1351.0,1545.0,1318.0,1536.0,20983461.37615893,30204859693.67635
2024-05-21 09:00:00,1537.0,1695.0,1531.0,1659.0,52126236.77334714,84446906218.64464
2024-05-22 09:00:00,1660.0,1675.0,1532.0,1577.0,26871583.97447781,42693822628.34808
2024-05-23 09:00:00,1577.0,1747.0,1550.0,1680.0,66544386.62318725,110364928423.59744
2024-05-24 09:00:00,1680.0,1724.0,1574.0,1610.0,28297040.3250772,46498015986.7996
2024-05-25 09:00:00,1612.0,1684.0,1596.0,1654.0,15417928.83032376,25486401892.576565
2024-05-26 09:00:00,1654.0,1716.0,1640.0,1663.0,15649282.8056246,26201716073.986176
2024-05-27 09:00:00,1663.0,1775.0,1662.0,1701.0,26830191.61049629,46445062413.05384
2024-05-28 09:00:00,1701.0,1702.0,1623.0,1662.0,16530349.32958671,27469917951.416946
2024-05-29 09:00:00,1662.0,1680.0,1583.0,1586.0,13877421.34972383,22578088969.039185
2024-05-30 09:00:00,1586.0,1604.0,1544.0,1569.0,9373669.19903606,14791754493.329191
2024-05-31 09:00:00,1569.0,1627.0,1555.0,1567.0,9326065.48419552,14790074146.150066
2024-06-01 09:00:00,1567.0,1593.0,1561.0,1588.0,3158240.57729587,4974336294.484359
2024-06-02 09:00:00,1586.0,1601.0,1540.0,1559.0,4640918.19007904,7290487793.037618
2024-06-03 09:00:00,1559.0,1584.0,1534.0,1540.0,6334191.35081295,9905562461.823
2024-06-04 09:00:00,1542.0,1551.0,1488.0,1533.0,8093114.74225444,12298133412.903372
2024-06-05 09:00:00,1533.0,1570.0,1528.0,1557.0,7003204.81666313,10816150021.55646
2024-06-06 09:00:00,1557.0,1557.0,1501.0,1512.0,6060033.26094224,9308059303.988195
2024-06-07 09:00:00,1512.0,1534.0,1343.0,1414.0,16016874.94902983,23115378993.307816
2024-06-08 09:00:00,1413.0,1421.0,1350.0,1371.0,12185469.95107933,16858048574.847033
2024-06-09 09:00:00,1372.0,1394.0,1355.0,1377.0,4743979.40695726,6523707110.592252
2024-06-10 09:00:00,1377.0,1378.0,1325.0,1343.0,7280312.94247079,9830049725.868835
2024-06-11 09:00:00,1344.0,1349.0,1296.0,1329.0,8860628.77323153,11701595077.08479
2024-06-12 09:00:00,1331.0,1398.0,1291.0,1368.0,8257207.51370468,11161968997.051357
2024-06-13 09:00:00,1369.0,1370.0,1307.0,1328.0,6234829.02909087,8326414695.110779
2024-06-14 09:00:00,1326.0,1349.0,1260.0,1300.0,7060384.35919663,9220230788.706558
2024-06-15 09:00:00,1300.0,1330.0,1297.0,1307.0,3686815.16108511,4834935196.041061
2024-06-16 09:00:00,1308.0,1330.0,1275.0,1307.0,5537012.06170552,7197360768.251354
2024-06-17 09:00:00,1307.0,1312.0,1190.0,1208.0,13898974.16986416,17289873794.06927
2024-06-18 09:00:00,1209.0,1214.0,1068.0,1118.0,19466580.05237415,21752731951.18011
2024-06-19 09:00:00,1118.0,1181.0,1106.0,1148.0,10114613.03253986,11655093414.126911
2024-06-20 09:00:00,1146.0,1195.0,1133.0,1135.0,11938763.91906508,13877022223.767262
2024-06-21 09:00:00,1135.0,1144.0,1105.0,1132.0,8265557.29982001,9316067186.274807
2024-06-22 09:00:00,1129.0,1146.0,1117.0,1139.0,3764600.61579603,4263421081.676722
2024-06-23 09:00:00,1139.0,1152.0,1101.0,1105.0,4158129.08889026,4689787060.502628
2024-06-24 09:00:00,1106.0,1162.0,1051.0,1160.0,15499754.94851163,17057726021.847654
2024-06-25 09:00:00,1162.0,1196.0,1144.0,1175.0,10094562.39551513,11794453467.357521
2024-06-26 09:00:00,1175.0,1191.0,1125.0,1147.0,6116443.55584126,7077320010.907241
2024-06-27 09:00:00,1149.0,1177.0,1128.0,1160.0,6986136.79890276,8060482679.737269
2024-06-28 09:00:00,1160.0,1176.0,1115.0,1116.0,7651571.62231968,8781806868.176445
2024-06-29 09:00:00,1117.0,1128.0,1089.0,1097.0,4063228.03768413,4524877043.143573
2024-06-30 09:00:00,1097.0,1130.0,1082.0,1125.0,5471884.85806271,6029323849.432395
2024-07-01 09:00:00,1126.0,1149.0,1092.0,1096.0,7506988.54809727,8412217946.864734
2024-07-02 09:00:00,1098.0,1105.0,1084.0,1102.0,6382208.38251647,6983736055.884277
2024-07-03 09:00:00,1102.0,1112.0,1067.0,1084.0,7694071.11119598,8356014494.729165
2024-07-04 09:00:00,1084.0,1088.0,970.0,974.5,18493814.23711902,18916023146.177563
2024-07-05 09:00:00,974.5,975.4,826.5,890.7,50218201.29327914,44324865969.53305
2024-07-06 09:00:00,891.8,993.9,873.1,986.0,20035090.63844744,18450068293.158478
2024-07-07 09:00:00,986.0,992.1,923.2,925.0,11358743.87138061,10970899946.690916
2024-07-08 09:00:00,924.8,979.8,866.2,948.1,20996215.66934149,19367238315.069897
2024-07-09 09:00:00,948.1,1010.0,939.6,1003.0,10018378.06579757,9657635612.859488
2024-07-10 09:00:00,1005.0,1035.0,984.2,1012.0,9708317.3384433,9748106369.212847
2024-07-11 09:00:00,1012.0,1040.0,977.6,980.4,9196260.24885721,9280460026.210814
2024-07-12 09:00:00,980.4,998.2,960.5,984.9,7062865.17846062,6898909493.949318
2024-07-13 09:00:00,984.9,997.2,968.0,982.1,5949651.12772354,5855615617.482016
2024-07-14 09:00:00,981.9,1019.0,971.1,1014.0,8365057.93377417,8305236928.107685
2024-07-15 09:00:00,1014.0,1090.0,1008.0,1087.0,13154810.27031108,13692904619.731256
2024-07-16 09:00:00,1087.0,1094.0,1011.0,1050.0,16308920.82391938,17201269502.92726
2024-07-17 09:00:00,1051.0,1085.0,1040.0,1044.0,11446989.62222176,12173430248.384098
2024-07-18 09:00:00,1044.0,1077.0,1026.0,1050.0,10960302.64143674,11542799886.60378
2024-07-19 09:00:00,1050.0,1087.0,1017.0,1082.0,11311730.45797711,11864015908.8829
2024-07-20 09:00:00,1082.0,1115.0,1070.0,1093.0,11257656.62493344,12305296032.78577
2024-07-21 09:00:00,1094.0,1125.0,1061.0,1120.0,12808179.22577642,14048424955.540672
2024-07-22 09:00:00,1120.0,1127.0,1057.0,1063.0,10346717.73723444,11286169230.317965
2024-07-23 09:00:00,1064.0,1159.0,1057.0,1118.0,36867638.20936321,41022391086.82307
2024-07-24 09:00:00,1119.0,1120.0,1030.0,1037.0,19555524.62736557,20987766378.412434
2024-07-25 09:00:00,1037.0,1040.0,947.7,981.4,23474544.48872069,23191374635.417393
2024-07-26 09:00:00,982.9,1025.0,978.6,1015.0,8911192.20624736,8972129183.494238
2024-07-27 09:00:00,1015.0,1035.0,987.2,1002.0,7729261.28252425,7826299231.548342
2024-07-28 09:00:00,1004.0,1012.0,987.2,995.0,5392333.95475142,5395022834.250993
2024-07-29 09:00:00,995.8,1020.0,978.3,986.9,10714172.73345511,10748737279.281395
2024-07-30 09:00:00,986.9,996.0,934.9,952.0,9329172.59259654,9072913297.401176
2024-07-31 09:00:00,952.0,959.6,916.3,920.0,7718627.85065171,7267014584.031112
2024-08-01 09:00:00,920.0,926.6,868.3,917.6,8879545.6851307,8020970361.682151
2024-08-02 09:00:00,916.9,922.7,841.4,851.3,11167739.24378087,9755562046.422487
2024-08-03 09:00:00,851.3,883.4,828.4,860.2,9060252.44445328,7722571592.530248
2024-08-04 09:00:00,859.2,875.0,790.5,795.4,9280687.75179378,7703389557.318421
2024-08-05 09:00:00,795.3,801.4,626.2,694.3,58141964.88349431,39876428070.84386
2024-08-06 09:00:00,694.3,753.0,694.3,719.9,15943285.62877252,11626099026.640142
2024-08-07 09:00:00,719.9,746.4,677.1,688.9,12347442.29459305,8818663628.403215
2024-08-08 09:00:00,689.2,783.0,679.6,777.6,12064145.60301332,8841604005.00682
2024-08-09 09:00:00,778.0,830.6,753.1,812.0,15520671.98447638,12175880290.999992
2024-08-10 09:00:00,811.3,830.7,789.0,810.5,7261008.17466499,5874267271.844091
2024-08-11 09:00:00,812.6,837.6,772.6,778.2,9706929.89399754,7856807041.634059
2024-08-12 09:00:00,778.4,836.4,764.2,826.8,13055539.20022364,10514702162.80673
2024-08-13 09:00:00,827.0,831.5,794.8,809.6,6966651.43715034,5648813644.845193
2024-08-14 09:00:00,809.6,821.2,776.8,788.1,7339234.60108443,5889795461.253518
2024-08-15 09:00:00,789.3,800.0,750.0,754.8,6340350.96542714,4909512901.541324
2024-08-16 09:00:00,755.0,768.4,731.7,745.5,5452590.90316586,4099229244.838864
2024-08-17 09:00:00,745.5,757.0,741.3,751.8,2196241.4622427,1639668889.9986434
2024-08-18 09:00:00,751.8,769.6,746.7,748.1,2747399.85852018,2081218839.4692667
2024-08-19 09:00:00,748.4,753.0,727.6,741.5,3623051.47293346,2677065265.255868
2024-08-20 09:00:00,742.0,754.5,722.2,731.8,5100410.32602041,3781176233.978345
2024-08-21 09:00:00,733.2,758.2,721.2,749.6,5686520.92214839,4185675876.0624833
2024-08-22 09:00:00,750.2,769.7,736.6,762.6,6134000.72068485,4638291327.063578
2024-08-23 09:00:00,763.6,813.0,761.2,804.8,8874234.35365816,6936648170.048641
2024-08-24 09:00:00,804.8,848.0,799.9,832.0,7942380.38224982,6528466920.320597
2024-08-25 09:00:00,832.0,832.9,790.5,800.8,6028909.52898041,4861804063.127085
2024-08-26 09:00:00,800.9,808.3,766.5,767.6,7040717.89174972,5582718730.0144005
2024-08-27 09:00:00,767.5,778.9,701.0,714.9,10276006.29337023,7637355919.125551
2024-08-28 09:00:00,715.9,730.2,693.8,712.2,9545877.82267631,6806497924.250098
2024-08-29 09:00:00,712.3,722.2,691.0,696.9,6593081.45011403,4671267514.111563
2024-08-30 09:00:00,696.6,702.4,666.0,699.3,8194267.39751239,5640798828.062816
2024-08-31 09:00:00,699.4,706.0,690.4,699.2,2216840.94405706,1546805520.0764227
2024-09-01 09:00:00,699.6,699.6,665.0,669.4,4588832.42913955,3134444044.6195283
2024-09-02 09:00:00,669.5,708.9,668.3,700.2,5441980.65629528,3763698411.788035
2024-09-03 09:00:00,700.9,707.0,672.1,673.3,4043263.90856258,2789819447.343633
2024-09-04 09:00:00,674.8,697.0,641.0,674.9,5611784.452514,3738145280.31295
2024-09-05 09:00:00,676.1,683.1,664.0,675.5,3734507.95496595,2512794898.4004474
2024-09-06 09:00:00,675.8,689.9,642.6,656.0,5336821.12397839,3578826878.0322266
2024-09-07 09:00:00,656.0,686.6,654.0,680.9,3266627.9466437,2205326945.4426703
2024-09-08 09:00:00,681.0,698.5,676.0,691.2,3038895.31529917,2085578123.8451636
2024-09-09 09:00:00,691.3,719.4,684.2,709.2,3449786.75675382,2415746461.9470124
2024-09-10 09:00:00,709.4,732.8,699.2,723.0,2932339.7955472,2085616969.9293184
2024-09-11 09:00:00,723.4,723.4,681.0,694.8,4252395.09148003,2958960432.358395
2024-09-12 09:00:00,695.6,710.0,690.0,706.0,4379757.69291577,3063065897.1798115
2024-09-13 09:00:00,706.4,723.1,694.1,718.7,6203413.96997086,4372875603.097817
2024-09-14 09:00:00,718.7,722.5,707.6,712.2,2736311.18954046,1958984859.3442643
2024-09-15 09:00:00,712.2,726.9,685.6,689.1,4415359.57051184,3138753183.610523
2024-09-16 09:00:00,689.1,694.7,671.4,687.8,4795027.53817392,3263805497.86702
2024-09-17 09:00:00,688.5,711.4,679.8,701.7,5187417.89649044,3597153901.3262568
2024-09-18 09:00:00,702.4,708.8,676.0,708.8,5889134.99117259,4084591918.9705763
2024-09-19 09:00:00,708.8,777.2,707.8,743.0,9886421.73341138,7298618498.132412
2024-09-20 09:00:00,743.0,784.9,732.9,771.0,8899469.06504696,6818574112.208625
2024-09-21 09:00:00,771.7,831.0,758.7,821.1,8548368.59681252,6751717163.54195
2024-09-22 09:00:00,820.1,828.8,781.6,802.8,5341005.69831235,4291356404.404857
2024-09-23 09:00:00,802.7,831.8,788.7,801.1,7146297.3290418,5783137643.803094
2024-09-24 09:00:00,801.1,818.7,783.3,814.9,6401887.16007282,5119567870.615995
2024-09-25 09:00:00,815.0,843.0,794.9,800.5,12686603.95972139,10444656288.821041
2024-09-26 09:00:00,800.5,849.5,785.6,819.1,10898297.50311879,8925868652.845753
2024-09-27 09:00:00,819.1,900.0,816.0,883.0,18039121.04978401,15458173164.902193
2024-09-28 09:00:00,882.8,887.0,838.0,851.9,10330755.23285549,8911123351.575731
2024-09-29 09:00:00,852.5,860.7,832.8,843.2,5440459.98399567,4600807061.876621
2024-09-30 09:00:00,845.1,859.0,792.4,799.5,10840667.75402304,8995224498.088436
2024-10-01 09:00:00,800.0,832.0,717.3,738.7,11937723.48365607,9208998899.72102
2024-10-02 09:00:00,738.8,753.4,707.7,716.9,8230803.03710425,6041553319.236667
2024-10-03 09:00:00,716.9,731.5,700.0,724.9,7926139.27829381,5680177187.536357
2024-10-04 09:00:00,723.9,768.1,720.3,763.8,5866310.02399736,4383996827.195013
2024-10-05 09:00:00,763.8,771.0,735.5,745.5,4206702.40516568,3177421840.894491
2024-10-06 09:00:00,745.5,759.0,740.7,752.9,3286159.72971365,2457800871.879034
2024-10-07 09:00:00,753.4,771.5,740.9,741.1,6674162.27803292,5061396023.686244
2024-10-08 09:00:00,741.3,751.8,726.2,733.0,4558528.88863209,3369950561.0546384
2024-10-09 09:00:00,732.0,741.6,701.4,708.8,4768076.53696987,3445983576.1150255
2024-10-10 09:00:00,709.0,717.0,693.0,714.6,3680771.44053116,2605828426.5772457
2024-10-11 09:00:00,714.7,732.3,710.2,722.2,4691668.92985774,3382724630.748494
2024-10-12 09:00:00,722.3,733.2,715.0,724.2,4716567.44182509,3415599172.356098
2024-10-13 09:00:00,724.2,728.4,704.0,714.9,5355541.75184057,3842121306.0125566
2024-10-14 09:00:00,715.1,761.3,702.0,757.7,10726045.40190776,7886143385.295015
2024-10-15 09:00:00,757.7,785.8,739.7,767.0,12532921.07856347,9527358926.532862
2024-10-16 09:00:00,767.0,789.3,752.0,755.0,9241820.77464601,7127338387.805243
2024-10-17 09:00:00,756.2,766.5,739.0,745.7,6024575.22672062,4529171940.760301
2024-10-18 09:00:00,745.0,776.3,740.3,768.8,6113345.97673265,4647110411.637617
2024-10-19 09:00:00,768.8,779.0,760.6,772.9,6016521.07148757,4639696184.868418
2024-10-20 09:00:00,773.6,847.0,767.1,832.7,26030973.56669963,21324927258.85456
2024-10-21 09:00:00,832.7,838.5,794.7,805.6,10996295.25812065,8989917136.70302
2024-10-22 09:00:00,805.6,824.7,789.8,799.6,7544671.27305589,6079981694.791574
2024-10-23 09:00:00,800.6,801.4,755.0,775.8,6822063.00403905,5319568169.206704
2024-10-24 09:00:00,776.5,785.0,763.0,774.1,5697062.5357807,4420035335.707946
2024-10-25 09:00:00,774.1,776.6,696.7,713.7,10688974.10659344,7982133404.534079
2024-10-26 09:00:00,713.7,727.3,700.3,721.0,6546274.19057076,4678463278.482059
2024-10-27 09:00:00,721.0,731.9,710.0,725.1,3821468.92513177,2749344230.710526
2024-10-28 09:00:00,725.1,736.0,703.9,728.1,6315477.89456061,4550233607.926173
2024-10-29 09:00:00,728.3,763.8,725.3,763.0,6397016.23944702,4772622919.118643
2024-10-30 09:00:00,762.9,791.0,748.9,776.0,11056433.62526327,8526850114.979912
2024-10-31 09:00:00,776.0,780.9,726.4,734.2,7467710.21608161,5615609848.448254
2024-11-01 09:00:00,734.2,759.5,716.2,728.0,6854911.72328042,5048487448.299883
2024-11-02 09:00:00,727.2,736.9,704.0,707.7,3532672.3096588,2534588412.9530697
2024-11-03 09:00:00,707.4,709.0,642.3,673.0,13934450.71444479,9350722156.593712
2024-11-04 09:00:00,673.0,684.4,641.0,658.2,5630705.27404827,3753025585.58696
2024-11-05 09:00:00,658.4,690.1,658.0,680.7,5012068.72720462,3374463110.055973
2024-11-06 09:00:00,680.7,763.2,680.7,755.8,19249392.81381712,13901503858.740683
2024-11-07 09:00:00,756.8,817.9,748.8,797.4,28826365.33382084,22816371204.860096
2024-11-08 09:00:00,797.7,833.3,781.1,826.0,18382206.43457411,14806147681.53896
2024-11-09 09:00:00,825.2,865.5,809.4,859.1,18710582.3621043,15697621648.852692
2024-11-10 09:00:00,859.0,900.0,826.9,871.3,33011760.06451568,28812931871.106094
2024-11-11 09:00:00,872.0,942.1,847.1,942.0,38542141.31112776,34382226424.10987
2024-11-12 09:00:00,941.9,979.9,852.7,896.5,44795851.91730413,41177649408.94125
2024-11-13 09:00:00,896.5,913.5,815.6,868.1,24712698.10689223,21343135228.97117
2024-11-14 09:00:00,868.1,904.0,804.8,821.2,19253562.97734667,16581208962.621365
2024-11-15 09:00:00,821.2,860.4,805.2,854.3,13561304.5999856,11291906524.055895
2024-11-16 09:00:00,854.4,1068.0,847.9,1017.0,64051969.47034172,60542989831.24685
2024-11-17 09:00:00,1017.0,1030.0,931.2,948.6,28672453.89394533,27982602061.324123
2024-11-18 09:00:00,949.9,1057.0,944.5,1044.0,37567902.93605594,36934330783.64506
2024-11-19 09:00:00,1044.0,1071.0,951.0,973.2,43031847.59266616,42791723442.30501
2024-11-20 09:00:00,973.3,1005.0,918.6,949.7,27239586.73587612,26221536648.527813
2024-11-21 09:00:00,949.7,1149.0,922.7,1086.0,145001259.46491894,156094547411.47537
2024-11-22 09:00:00,1086.0,1177.0,1035.0,1120.0,77346836.2340822,85130960820.82843
2024-11-23 09:00:00,1121.0,1250.0,1099.0,1195.0,80331374.64955357,93470655664.74155
2024-11-24 09:00:00,1193.0,1270.0,1092.0,1197.0,66225377.03077471,78289348030.74211
2024-11-25 09:00:00,1197.0,1336.0,1132.0,1261.0,107202651.46704835,134682117198.76581
2024-11-26 09:00:00,1264.0,1288.0,1166.0,1218.0,52111628.63649563,64110147024.45071
2024-11-27 09:00:00,1220.0,1372.0,1182.0,1344.0,65790427.84950528,84664882565.42268
2024-11-28 09:00:00,1344.0,1368.0,1247.0,1275.0,57882244.53001233,74893573795.52724
2024-11-29 09:00:00,1275.0,1298.0,1240.0,1287.0,35737961.64431989,45372840950.334435
2024-11-30 09:00:00,1287.0,1367.0,1271.0,1349.0,59907323.51541816,79553322099.90721
2024-12-01 09:00:00,1345.0,1384.0,1311.0,1331.0,42495840.9596922,56860652635.371956
2024-12-02 09:00:00,1335.0,1465.0,1256.0,1431.0,70148137.33625337,94501114066.87111
2024-12-03 09:00:00,1431.0,1512.0,874.5,1463.0,94671375.64957955,131412851712.5304
2024-12-04 09:00:00,1463.0,1668.0,1463.0,1601.0,80053937.98174031,125926264634.5017
2024-12-05 09:00:00,1601.0,1625.0,1498.0,1561.0,41599616.28726196,65423031348.764984
2024-12-06 09:00:00,1561.0,1728.0,1533.0,1639.0,55618165.72588516,91145342867.4167
2024-12-07 09:00:00,1639.0,1658.0,1604.0,1620.0,21300318.01314276,34729584928.510864
2024-12-08 09:00:00,1620.0,1654.0,1584.0,1619.0,15720022.04833177,25466296310.923817
2024-12-09 09:00:00,1615.0,1623.0,1235.0,1372.0,50652606.36745387,74174972750.51108
2024-12-10 09:00:00,1373.0,1451.0,1245.0,1345.0,49397136.56409853,66494180406.4608
2024-12-11 09:00:00,1345.0,1452.0,1270.0,1415.0,30512309.31829228,41829064616.00262
2024-12-12 09:00:00,1416.0,1563.0,1404.0,1466.0,39247868.13680863,58735733489.335526
2024-12-13 09:00:00,1467.0,1549.0,1427.0,1472.0,40403280.5478342,60389420999.50912
2024-12-14 09:00:00,1471.0,1499.0,1381.0,1417.0,23783022.97243797,34308411604.506245
2024-12-15 09:00:00,1417.0,1458.0,1380.0,1450.0,19072082.67084258,27078716446.987587
2024-12-16 09:00:00,1453.0,1511.0,1400.0,1452.0,32571354.82899541,47418431721.71073
2024-12-17 09:00:00,1451.0,1472.0,1365.0,1386.0,28821598.23592421,41202126622.5418
2024-12-18 09:00:00,1387.0,1409.0,1262.0,1272.0,25969978.09305037,35036299080.23473
2024-12-19 09:00:00,1271.0,1301.0,1148.0,1179.0,37992930.95446706,47233426143.88709
2024-12-20 09:00:00,1179.0,1223.0,1022.0,1207.0,43037141.48973934,48448728082.24725
2024-12-21 09:00:00,1206.0,1271.0,1117.0,1142.0,21228317.67578905,25202115725.8047
2024-12-22 09:00:00,1142.0,1167.0,1103.0,1134.0,13460662.37570712,15311854050.336075
2024-12-23 09:00:00,1138.0,1230.0,1102.0,1204.0,14482326.45676157,16820948690.60925
2024-12-24 09:00:00,1205.0,1254.0,1176.0,1218.0,13767158.09506454,16685268437.980433
2024-12-25 09:00:00,1218.0,1230.0,1179.0,1201.0,13438561.97538574,16159909930.072239
2024-12-26 09:00:00,1201.0,1207.0,1111.0,1135.0,12515430.62990098,14404300668.825077
2024-12-27 09:00:00,1133.0,1192.0,1120.0,1147.0,16522856.19540815,19166325748.788837
2024-12-28 09:00:00,1145.0,1170.0,1126.0,1159.0,6765810.13217083,7744649249.003234
2024-12-29 09:00:00,1159.0,1169.0,1093.0,1105.0,9173388.24459071,10459760189.31183
2024-12-30 09:00:00,1108.0,1144.0,1065.0,1090.0,12887679.09259634,14273288074.186098
2024-12-31 09:00:00,1091.0,1128.0,1055.0,1076.0,8993180.06638273,9771377943.504114
2025-01-01 09:00:00,1077.0,1121.0,1055.0,1112.0,7011454.29205426,7623235993.516114
2025-01-02 09:00:00,1114.0,1169.0,1114.0,1151.0,9850504.37572491,11255351205.053818
2025-01-03 09:00:00,1151.0,1235.0,1129.0,1229.0,11935941.88738534,14112750640.594543
2025-01-04 09:00:00,1228.0,1340.0,1214.0,1315.0,19961602.30389359,25531694101.259323
2025-01-05 09:00:00,1318.0,1357.0,1291.0,1350.0,14143984.62543663,18683701635.627113
2025-01-06 09:00:00,1350.0,1405.0,1330.0,1348.0,15696042.6618991,21564605596.357693
2025-01-07 09:00:00,1351.0,1352.0,1223.0,1226.0,14577530.48174123,18792445182.900887
2025-01-08 09:00:00,1226.0,1241.0,1144.0,1179.0,23953507.63206342,28683430981.355614
2025-01-09 09:00:00,1180.0,1197.0,1114.0,1123.0,16682809.14844288,19191859509.555897
2025-01-10 09:00:00,1123.0,1165.0,1107.0,1124.0,16116035.24180887,18291980869.42787
2025-01-11 09:00:00,1124.0,1138.0,1089.0,1114.0,11410896.58235918,12686349026.752363
2025-01-12 09:00:00,1114.0,1129.0,1085.0,1097.0,7134372.95393454,7884225304.678777
2025-01-13 09:00:00,1098.0,1121.0,1005.0,1057.0,16606957.80763614,17427805767.70368
2025-01-14 09:00:00,1059.0,1106.0,1046.0,1096.0,9569604.1381883,10293262203.863375
2025-01-15 09:00:00,1097.0,1171.0,1064.0,1159.0,14325262.46119804,16021110190.10919
2025-01-16 09:00:00,1159.0,1169.0,1105.0,1111.0,15332871.48838815,17326579900.763557
2025-01-17 09:00:00,1113.0,1218.0,1112.0,1195.0,15687909.54240918,18324552204.44412
2025-01-18 09:00:00,1195.0,1234.0,1117.0,1143.0,17822091.87820504,20741160663.664932
2025-01-19 09:00:00,1143.0,1200.0,1040.0,1063.0,40210156.99725498,45483176003.53193
2025-01-20 09:00:00,1063.0,1133.0,1020.0,1047.0,26135957.95686226,28028842981.77168
2025-01-21 09:00:00,1047.0,1107.0,1013.0,1073.0,14077494.57778341,14781481765.593323
2025-01-22 09:00:00,1072.0,1095.0,1041.0,1046.0,8993844.27966259,9624421679.608126
2025-01-23 09:00:00,1046.0,1080.0,1025.0,1073.0,11781400.36866158,12334434524.06839
2025-01-24 09:00:00,1075.0,1105.0,1043.0,1048.0,12385709.71065832,13314362420.08582
2025-01-25 09:00:00,1049.0,1064.0,1034.0,1053.0,5305468.23314441,5562664495.157676
2025-01-26 09:00:00,1053.0,1075.0,1027.0,1030.0,6286168.61680424,6632483756.742863
2025-01-27 09:00:00,1030.0,1031.0,941.7,977.4,21955104.41317163,21421005139.975403
2025-01-28 09:00:00,977.0,986.4,905.0,913.0,12100776.98827204,11500085786.185673
2025-01-29 09:00:00,913.1,955.2,907.7,927.8,7210576.82950398,6707827461.65179
2025-01-30 09:00:00,929.5,973.0,919.6,949.8,8485045.55940556,8091115571.964693
2025-01-31 09:00:00,949.8,1015.0,936.0,980.3,19062344.5931928,18748250225.058628
2025-02-01 09:00:00,979.3,997.0,891.7,905.5,13527089.78234683,12897929175.990076
2025-02-02 09:00:00,905.5,921.4,754.1,778.9,25606760.03320592,21475841797.19745
2025-02-03 09:00:00,780.8,810.0,621.2,798.9,64728593.66750675,44824196495.13329
2025-02-04 09:00:00,798.9,804.9,709.2,752.2,25688521.26672104,19141227818.971897
2025-02-05 09:00:00,750.0,777.1,729.0,737.0,16168705.24198488,12236311306.08405
2025-02-06 09:00:00,737.0,748.4,691.0,698.8,14668650.48084199,10590322521.66794
2025-02-07 09:00:00,698.8,720.2,654.6,671.3,20416107.45289958,14051585314.831863
2025-02-08 09:00:00,670.3,698.0,661.7,694.2,8371749.7373447,5647904731.683887
2025-02-09 09:00:00,694.2,720.1,661.3,688.1,9551349.32773503,6631209804.171683
2025-02-10 09:00:00,687.1,727.4,665.7,715.6,8470060.36817909,5899528579.940102
2025-02-11 09:00:00,716.9,743.9,700.0,706.0,9243998.31313636,6662708611.576752
2025-02-12 09:00:00,705.1,769.8,685.2,746.3,14229294.91673381,10179593378.049849
2025-02-13 09:00:00,746.9,759.0,721.5,734.9,8189456.11274032,6056072676.466657
2025-02-14 09:00:00,735.9,766.5,729.0,747.8,7418699.41651304,5542390618.148287
2025-02-15 09:00:00,748.6,750.7,714.0,720.9,5291440.87996232,3875945224.4111485
2025-02-16 09:00:00,720.8,736.8,710.7,717.4,5661526.61445431,4087820718.2759433
2025-02-17 09:00:00,717.7,774.2,703.5,748.4,12456545.21036,9238274741.097157
2025-02-18 09:00:00,749.2,753.3,665.0,692.0,13709491.58184853,9578481746.502066
2025-02-19 09:00:00,692.3,708.0,677.3,704.0,8063612.79105378,5593472038.221335
2025-02-20 09:00:00,704.9,734.5,702.7,727.0,5618917.72269268,4023775872.920958
2025-02-21 09:00:00,727.0,751.4,681.0,694.8,11815010.89132428,8513129548.785817
2025-02-22 09:00:00,695.3,716.2,691.1,701.9,5168383.93848721,3628185888.215011
2025-02-23 09:00:00,702.0,721.3,694.1,702.4,6379216.63806247,4497276844.071851
2025-02-24 09:00:00,702.4,705.9,584.0,595.5,23788867.85222421,15255761405.058075
2025-02-25 09:00:00,595.5,623.5,551.6,612.7,27227887.90898614,15871791802.843332
2025-02-26 09:00:00,611.9,629.1,590.7,616.5,8125680.51514423,4951380827.212292
2025-02-27 09:00:00,617.3,642.2,605.0,622.6,8878717.89308364,5553531087.205915
2025-02-28 09:00:00,622.6,626.0,570.1,622.7,14227416.27369458,8432678655.875671
2025-03-01 09:00:00,622.7,635.1,599.3,623.0,5057352.97671162,3130492105.1940203
2025-03-02 09:00:00,622.9,700.3,610.8,698.0,14903482.25502119,9813328268.960798
2025-03-03 09:00:00,698.5,701.0,576.0,589.9,14877280.93836232,9483874850.32994
2025-03-04 09:00:00,590.1,595.9,531.6,567.5,16842788.27755279,9492960795.952307
2025-03-05 09:00:00,568.0,655.1,558.6,617.4,37761674.70817325,23364989336.012074
2025-03-06 09:00:00,617.4,638.0,598.0,601.3,14090729.21214421,8774513360.855968
2025-03-07 09:00:00,601.3,618.6,578.1,589.0,6207892.17348342,3706388847.9553056
2025-03-08 09:00:00,588.0,603.0,570.0,592.1,5056928.69501532,2964364041.0741715
2025-03-09 09:00:00,593.0,595.9,516.2,523.7,11548760.22079026,6318133096.270844
2025-03-10 09:00:00,524.7,553.0,473.1,479.9,18712174.16482403,9523607283.30058
2025-03-11 09:00:00,479.7,515.7,441.6,501.0,21682022.4401845,10445559918.076517
2025-03-12 09:00:00,501.6,524.9,485.3,516.3,7896094.92837938,3992862857.7914844
2025-03-13 09:00:00,516.3,524.0,492.9,509.6,4570543.89514209,2325161446.182678
2025-03-14 09:00:00,509.2,539.6,507.5,528.7,4135845.45716564,2153205189.533865
2025-03-15 09:00:00,529.3,544.5,527.0,535.9,2215511.45592006,1181021157.7109847
2025-03-16 09:00:00,536.4,536.8,508.5,513.7,4850960.71805355,2525283286.175666
2025-03-17 09:00:00,513.8,550.0,513.8,540.7,4675213.76866258,2514009386.4185066
2025-03-18 09:00:00,540.3,545.3,518.7,544.6,3430561.587432,1821833036.4499254
2025-03-19 09:00:00,543.8,567.5,537.0,564.8,10021804.57584349,5565406934.740228
2025-03-20 09:00:00,564.8,567.6,541.3,554.1,5574662.59337209,3077883492.183703
2025-03-21 09:00:00,554.7,559.1,530.0,533.2,3513205.00702564,1904239997.8020833
2025-03-22 09:00:00,533.2,551.4,531.7,540.9,3581330.20533519,1934108230.4873567
2025-03-23 09:00:00,540.9,553.1,536.6,543.7,3134903.59865593,1708571086.2734566
2025-03-24 09:00:00,543.5,583.0,533.5,574.9,5413831.11322567,3054438534.865717
2025-03-25 09:00:00,576.2,582.1,566.7,580.3,4963141.66146436,2854099832.5363936
2025-03-26 09:00:00,580.4,593.7,558.8,564.6,5889261.97916372,3400769445.7693863
2025-03-27 09:00:00,565.0,577.6,553.7,567.6,3260785.99255636,1849931005.8993952
2025-03-28 09:00:00,567.9,571.8,510.0,519.1,6421847.75038385,3422449591.5590887
2025-03-29 09:00:00,519.1,521.0,487.1,494.4,5339154.86406544,2677532219.9332495
2025-03-30 09:00:00,494.4,506.7,488.3,495.8,3674952.03105571,1832435535.512417
2025-03-31 09:00:00,496.1,499.9,475.0,489.9,6001853.01164005,2935965051.7721305
2025-04-01 09:00:00,489.8,509.0,488.3,496.0,4858127.84950773,2414259163.8975234
2025-04-02 09:00:00,495.3,500.0,450.0,456.6,8380624.67136942,4002141015.393128
2025-04-03 09:00:00,456.6,471.1,436.6,459.7,6772743.60167067,3059391753.0770364
2025-04-04 09:00:00,460.5,468.9,445.5,460.2,7127503.3948791,3271328280.728745
2025-04-05 09:00:00,460.0,465.0,451.4,456.9,2478822.71214916,1137124480.7089326
2025-04-06 09:00:00,456.1,456.2,389.1,401.9,9722805.49508874,4052155008.4317575
2025-04-07 09:00:00,402.1,425.0,363.2,409.5,18428848.89743853,7305155973.0079
2025-04-08 09:00:00,409.2,420.0,391.3,396.3,7193263.47182249,2920874959.2337832
2025-04-09 09:00:00,397.5,444.0,385.0,431.7,11338092.59089173,4675780575.986747
2025-04-10 09:00:00,431.9,432.0,409.2,423.4,6360154.3433405,2679661172.31368
2025-04-11 09:00:00,423.4,437.1,421.2,429.5,5495595.87589367,2363531127.0180883
2025-04-12 09:00:00,429.4,451.8,426.7,450.1,6625081.92191585,2892265835.7409024
2025-04-13 09:00:00,449.8,458.5,430.0,436.5,5205253.81821627,2304132976.4459968
2025-04-14 09:00:00,436.9,453.1,426.0,428.8,7000544.24735571,3070690293.4262767
2025-04-15 09:00:00,429.8,431.3,408.4,409.3,6383069.55596999,2686698221.160116
2025-04-16 09:00:00,409.2,414.1,394.3,404.8,6081566.94150017,2465950719.577795
2025-04-17 09:00:00,404.9,413.7,399.2,407.8,4486339.07948471,1826007885.1092649
2025-04-18 09:00:00,407.9,424.5,406.4,420.5,4826154.2014332,2014570732.8758216
2025-04-19 09:00:00,420.6,439.0,419.6,433.9,3715995.73599002,1587151233.4308083
2025-04-20 09:00:00,434.0,443.9,428.0,439.2,3311410.92346114,1441608061.2845342
2025-04-21 09:00:00,438.9,450.7,428.0,431.4,4427155.36840453,1960823182.7935677
2025-04-22 09:00:00,432.0,464.9,421.1,461.8,13003757.22738189,5724033106.760114
2025-04-23 09:00:00,462.2,492.5,460.1,486.0,12680982.6937285,5990802414.697995
2025-04-24 09:00:00,487.0,496.2,468.8,490.5,9423841.86129898,4562286570.305739
2025-04-25 09:00:00,490.2,509.6,483.2,499.4,8634034.66735896,4282483272.226136
2025-04-26 09:00:00,499.4,514.8,494.0,509.2,5686891.04552763,2873915052.723475
2025-04-27 09:00:00,509.6,525.0,479.6,484.3,9090225.23775266,4554830297.140483
2025-04-28 09:00:00,484.3,501.8,471.0,483.6,7476919.51215167,3648893004.8615947
2025-04-29 09:00:00,483.7,493.8,469.6,474.7,7146326.877956,3453898986.800646
2025-04-30 09:00:00,474.3,481.6,455.0,471.5,7554452.63502807,3535503158.486831
2025-05-01 09:00:00,470.7,496.0,470.5,489.0,6355393.09190416,3081047439.015555
2025-05-02 09:00:00,489.4,498.2,475.7,483.7,6722838.0699297,3271275982.3568273
2025-05-03 09:00:00,485.3,486.0,454.3,458.9,4974669.67925945,2339391438.459292
2025-05-04 09:00:00,459.0,463.1,444.8,446.4,4307344.41338227,1957433302.2959194
2025-05-05 09:00:00,447.0,456.7,436.5,443.7,5158427.83424709,2306759561.2673874
2025-05-06 09:00:00,443.7,445.9,418.8,437.4,5557507.45818382,2409143807.811068
2025-05-07 09:00:00,437.6,445.9,424.8,442.1,5425477.65451644,2362147565.338038
2025-05-08 09:00:00,441.6,512.9,440.3,508.3,10052754.27660122,4811277759.248062
2025-05-09 09:00:00,508.4,552.3,505.2,528.8,17456124.57337665,9180584404.286692
2025-05-10 09:00:00,528.5,690.4,521.5,669.4,84733606.35665676,52135183764.99096
2025-05-11 09:00:00,669.4,701.9,616.2,631.3,40979730.50397955,27107230581.70522
2025-05-12 09:00:00,631.1,668.1,588.0,607.4,20778438.94386983,13195158141.45542
2025-05-13 09:00:00,607.4,649.8,570.9,640.3,17356400.05730558,10596089611.50542
2025-05-14 09:00:00,640.3,648.0,593.8,600.9,15798057.10995885,9768242899.59773
2025-05-15 09:00:00,601.0,611.7,546.1,561.0,15948514.85915036,9251744046.340857
2025-05-16 09:00:00,561.0,588.2,547.0,551.5,10598319.4712673,6067401159.220512
2025-05-17 09:00:00,552.0,552.8,526.0,535.2,9978566.73538784,5347639889.332241
2025-05-18 09:00:00,534.5,576.7,523.0,559.4,11591750.29843954,6361641873.663501
2025-05-19 09:00:00,559.4,564.5,520.0,552.0,11422886.4793095,6140580210.5416975
2025-05-20 09:00:00,552.7,566.3,538.1,555.0,7735610.11377189,4284675655.8914266
2025-05-21 09:00:00,555.4,581.6,547.8,571.6,13823130.0578022,7768647027.832289
2025-05-22 09:00:00,572.1,609.0,571.1,595.2,13716726.7774089,8091849227.424077
2025-05-23 09:00:00,595.2,614.6,542.9,546.5,18609025.3115394,10788896515.019548
2025-05-24 09:00:00,545.9,560.4,543.0,547.9,5543479.81801972,3059763848.1073923
2025-05-25 09:00:00,547.9,552.4,527.5,550.5,6284806.36936307,3386549967.348166
2025-05-26 09:00:00,550.5,564.0,539.3,545.0,5967988.02012376,3300415112.213835
2025-05-27 09:00:00,546.2,574.0,528.0,558.9,9328454.12948954,5182245876.950328
2025-05-28 09:00:00,558.7,579.9,545.1,571.8,15712277.75092127,8856176321.884857
2025-05-29 09:00:00,571.9,615.0,550.0,553.1,32690310.30802167,19191890710.912354
2025-05-30 09:00:00,553.1,557.2,470.0,472.7,31124845.39192364,15912878122.477203
2025-05-31 09:00:00,472.5,493.5,453.0,481.4,17503385.27562682,8261939914.00436
2025-06-01 09:00:00,480.7,487.0,467.8,483.7,7657791.76735784,3656555122.780626
2025-06-02 09:00:00,483.8,504.5,467.5,501.0,10036060.35909346,4845090752.130821
2025-06-03 09:00:00,501.0,521.0,497.7,501.8,11750913.45578278,5978829906.331574
2025-06-04 09:00:00,502.6,518.7,494.2,497.9,10962850.99925578,5569549102.546203
2025-06-05 09:00:00,497.9,502.3,444.2,451.5,15823402.61593653,7514421092.268435
2025-06-06 09:00:00,451.6,480.8,450.0,461.9,9101902.19104529,4220727318.347124
2025-06-07 09:00:00,461.8,485.0,461.4,482.7,4080583.34576392,1940009555.7482898
2025-06-08 09:00:00,482.8,483.0,467.4,472.0,4966106.19602147,2361850647.9939623
2025-06-09 09:00:00,471.5,504.0,462.8,502.3,6657837.39385687,3201441573.0433025
2025-06-10 09:00:00,502.9,573.5,496.7,565.7,27586200.80610931,14865841013.34078
2025-06-11 09:00:00,565.7,585.6,541.9,547.5,17911537.45600625,10057461031.17289
2025-06-12 09:00:00,548.1,553.1,505.0,505.0,15059767.35068082,7953728527.059532
2025-06-13 09:00:00,505.0,505.5,458.4,484.8,23419046.24457226,11089885717.499378
2025-06-14 09:00:00,485.1,486.1,455.4,463.0,8720498.17495105,4118210790.1124716
2025-06-15 09:00:00,463.0,467.3,443.7,453.2,9880174.86024721,4500002867.026892
2025-06-16 09:00:00,453.6,470.7,436.0,437.8,15595206.19484138,7129417714.314317
2025-06-17 09:00:00,438.2,448.1,416.6,422.2,20168732.88826129,8724671714.101812
2025-06-18 09:00:00,422.2,431.2,403.4,426.1,13782989.77289385,5763990279.637288
2025-06-19 09:00:00,425.8,432.0,412.3,417.8,11618727.97053125,4906118773.074306
2025-06-20 09:00:00,417.7,428.9,395.8,399.2,22213242.97061841,9233746697.690922
2025-06-21 09:00:00,399.1,406.6,374.6,384.7,15857186.94416815,6243435643.675778
2025-06-22 09:00:00,384.8,394.1,354.0,373.8,19680703.66647268,7314048108.441242
2025-06-23 09:00:00,373.8,422.8,371.0,418.7,18155164.62713081,7123287156.697284
2025-06-24 09:00:00,419.5,461.0,413.0,433.2,21690936.97564994,9400867595.735313
2025-06-25 09:00:00,433.5,447.8,420.2,423.7,11698734.01133513,5028691726.97554
2025-06-26 09:00:00,423.8,432.7,404.2,416.9,13898018.85188956,5820290315.943833
2025-06-27 09:00:00,416.9,432.5,408.6,419.5,8433868.27694221,3530888664.1687603
2025-06-28 09:00:00,420.0,430.3,412.7,427.1,5641564.04225274,2361913013.794864
2025-06-29 09:00:00,426.5,534.0,418.5,501.5,55971175.80835592,27379582553.090412
2025-06-30 09:00:00,501.5,513.6,458.3,469.4,60005789.68882685,29603769587.565426
2025-07-01 09:00:00,469.4,470.9,438.0,449.0,22702215.04546023,10221811265.977882
2025-07-02 09:00:00,448.9,484.8,441.5,471.4,30544012.16202591,14275660444.570799
2025-07-03 09:00:00,471.5,494.0,462.0,466.5,19506370.58854353,9328138517.904705
2025-07-04 09:00:00,466.5,473.3,429.5,443.5,13017285.8943648,5867109241.409822
2025-07-05 09:00:00,443.9,455.5,438.9,448.6,5646884.8005019,2515457265.51574
2025-07-06 09:00:00,449.4,460.8,440.4,454.8,6298946.41737296,2829085988.094562
2025-07-07 09:00:00,455.5,461.7,444.0,449.3,7240299.60511415,3283071100.112472
2025-07-08 09:00:00,449.2,466.5,441.4,460.5,6051710.66395763,2744225205.5777364
2025-07-09 09:00:00,460.8,485.4,456.0,481.9,11554274.35252929,5408160584.345006
2025-07-10 09:00:00,481.9,538.0,475.5,535.1,17410735.18289601,8703635089.915735
2025-07-11 09:00:00,535.0,589.0,523.3,545.7,34649478.06943566,19450731473.562305
2025-07-12 09:00:00,545.7,557.4,521.0,543.4,14247076.51433387,7713346947.315817
2025-07-13 09:00:00,543.3,571.3,540.8,557.3,13292589.32836144,7393613425.249765
2025-07-14 09:00:00,557.3,589.0,546.0,550.8,18308636.91682482,10396745028.695786
2025-07-15 09:00:00,550.8,605.1,532.1,596.0,21575019.46511999,12164120089.896149
2025-07-16 09:00:00,596.0,622.0,579.3,599.3,42147569.41321185,25359041207.378284
2025-07-17 09:00:00,599.3,622.9,585.0,610.6,30907370.88726723,18710419032.469864
2025-07-18 09:00:00,612.0,675.5,602.3,618.2,47658413.36305662,30592747105.88724
2025-07-19 09:00:00,618.2,653.4,598.3,637.5,22984468.17199352,14411198576.403736
2025-07-20 09:00:00,637.3,692.9,625.7,659.8,28134045.63229989,18443719587.004707
2025-07-21 09:00:00,659.9,691.1,647.0,662.8,25475683.23598471,17001455584.74988
2025-07-22 09:00:00,662.8,667.9,620.0,652.9,28462160.51264484,18265945658.02076
2025-07-23 09:00:00,652.8,654.7,569.1,592.0,27728736.54801742,16947783694.310957
2025-07-24 09:00:00,591.6,611.1,550.6,585.9,26025817.0376794,15247823958.673758
2025-07-25 09:00:00,586.1,606.5,565.6,604.7,15487537.73684279,9097497619.784208
2025-07-26 09:00:00,604.6,623.0,600.3,612.9,10086671.49310149,6165891117.388855
2025-07-27 09:00:00,612.9,629.6,610.0,627.2,13759151.43497081,8510074306.393007
2025-07-28 09:00:00,627.5,650.6,591.6,597.2,20209405.03592553,12685918636.97345
2025-07-29 09:00:00,596.9,618.7,575.4,588.3,15932442.75234781,9484281901.977585
2025-07-30 09:00:00,588.2,588.7,552.0,575.0,13730975.16665658,7874022061.920501
2025-07-31 09:00:00,575.0,594.0,552.0,555.0,12389086.48466131,7113469393.168632
2025-08-01 09:00:00,554.0,556.0,515.0,527.0,16496987.75925266,8872798106.22332
2025-08-02 09:00:00,527.0,536.0,509.0,515.0,10045566.4892232,5244331321.955827
2025-08-03 09:00:00,517.0,540.0,508.0,538.0,6328548.60351477,3337437774.9386077
2025-08-04 09:00:00,538.0,573.0,535.0,564.0,8993230.7019608,4966854522.039904
2025-08-05 09:00:00,564.0,573.0,525.0,538.0,12280129.88750747,6718117349.118245
2025-08-06 09:00:00,538.0,546.0,521.0,541.0,6258149.41139729,3345551414.994116
2025-08-07 09:00:00,542.0,577.0,539.0,575.0,10940406.60317519,6126821121.720008
2025-08-08 09:00:00,575.0,600.0,564.0,596.0,15470102.87113532,9010569300.039135
2025-08-09 09:00:00,596.0,659.3,595.0,652.0,24859789.63215622,15693165109.214535
2025-08-10 09:00:00,652.0,669.0,614.0,640.0,22157310.75111371,14155157068.02455
2025-08-11 09:00:00,641.0,656.0,600.0,602.0,19626669.54705665,12323089966.66474
2025-08-12 09:00:00,602.0,656.0,598.0,653.0,26306634.17659061,16471615605.299181
2025-08-13 09:00:00,653.0,793.1,645.0,780.0,90830537.50086427,66168641576.04047
2025-08-14 09:00:00,779.0,787.0,685.0,718.0,87678642.55785564,64364714517.894264
2025-08-15 09:00:00,720.0,744.0,659.0,675.0,50332882.62948155,35494874129.92168
2025-08-16 09:00:00,674.0,691.0,655.0,684.0,18287680.43313814,12282672519.961576
2025-08-17 09:00:00,684.0,781.0,674.0,746.0,62565744.70859115,45951598234.60334
2025-08-18 09:00:00,746.0,757.0,705.0,710.0,54980585.5260128,39885701542.31866
2025-08-19 09:00:00,711.0,730.0,658.0,660.0,40065754.77825295,27728595531.219055
2025-08-20 09:00:00,661.0,723.0,659.0,716.0,37609536.79942355,25932238959.530205
2025-08-21 09:00:00,716.0,727.0,681.0,697.0,26373448.00653944,18509112220.93506
2025-08-22 09:00:00,697.0,838.0,665.0,808.0,108078509.50826454,82170570465.9242
2025-08-23 09:00:00,808.0,850.0,782.0,849.0,49020808.54419667,39794300710.87476
2025-08-24 09:00:00,849.0,866.0,786.0,803.0,76703489.18924436,62621912750.655045
2025-08-25 09:00:00,803.0,821.0,723.0,733.0,55670967.53049278,42983388073.28777
2025-08-26 09:00:00,732.0,771.0,725.0,744.0,51593138.44247111,38613696193.18812
2025-08-27 09:00:00,744.0,745.0,695.0,707.0,36033659.38867353,26072010468.14458
2025-08-28 09:00:00,708.0,747.0,700.0,730.0,36676469.17833142,26481946450.180775
2025-08-29 09:00:00,729.0,731.0,679.0,689.0,40177753.74949582,28124067680.64761
2025-08-30 09:00:00,689.0,703.0,668.0,696.0,17299044.06807634,11905039764.181643
2025-08-31 09:00:00,697.0,723.0,690.0,691.0,26478377.10548163,18793250553.141186
2025-09-01 09:00:00,691.0,714.0,655.0,667.0,26378727.04914249,18026787504.171356
2025-09-02 09:00:00,667.0,705.0,661.0,700.0,17840958.09327794,12165866288.143179
2025-09-03 09:00:00,700.0,721.0,687.0,708.0,16641631.93716932,11741389845.307083
2025-09-04 09:00:00,707.0,712.0,672.0,677.0,13358814.54360353,9226680496.897415
2025-09-05 09:00:00,677.0,712.0,677.0,692.0,16819279.34759055,11650279274.27773
2025-09-06 09:00:00,692.0,700.0,679.0,685.0,10273067.53334904,7058456139.0505495
2025-09-07 09:00:00,685.0,696.0,682.0,692.0,6561417.92326579,4524686264.200982
2025-09-08 09:00:00,692.0,716.0,686.0,715.0,11711248.73081581,8193808955.271541
2025-09-09 09:00:00,714.0,748.0,702.0,715.0,19703687.17518845,14308960149.624886
2025-09-10 09:00:00,715.0,730.0,700.0,713.0,22341054.86056483,15902025509.890743
2025-09-11 09:00:00,713.0,740.0,708.0,737.0,25624319.2812,18566872186.347965
2025-09-12 09:00:00,737.0,763.0,726.0,760.0,19762486.90918462,14655712141.328249
2025-09-13 09:00:00,760.0,773.0,736.0,751.0,18899764.04428925,14289502904.08379
2025-09-14 09:00:00,751.0,752.0,704.0,716.0,17051240.43432666,12396565524.633451
2025-09-15 09:00:00,715.0,728.0,678.0,687.0,19352939.27493585,13503881393.426664
2025-09-16 09:00:00,686.0,695.0,674.0,689.0,10639575.37811061,7296832877.671574
2025-09-17 09:00:00,689.0,730.0,677.0,721.0,14538459.37811623,10125995551.2232
2025-09-18 09:00:00,721.0,733.0,711.0,726.0,14162555.96135474,10230316232.744299
2025-09-19 09:00:00,727.0,744.0,681.0,686.0,18411410.37662725,13070424527.066036
2025-09-20 09:00:00,686.0,699.0,683.0,691.0,9296480.13077691,6406456751.424279
2025-09-21 09:00:00,691.0,697.0,671.0,673.0,10791392.53879437,7378116002.878588
2025-09-22 09:00:00,673.0,677.0,610.0,623.0,28682391.04827433,18144967943.305042
2025-09-23 09:00:00,622.0,630.0,599.0,616.0,14197402.32988466,8726153791.342167
2025-09-24 09:00:00,616.0,630.0,602.0,610.0,10900682.33155566,6741042357.095147
2025-09-25 09:00:00,610.0,613.0,581.0,592.0,18058995.62542433,10803969365.914503
2025-09-26 09:00:00,592.0,614.0,585.0,614.0,10718778.32974512,6408926987.159665
2025-09-27 09:00:00,613.0,619.0,602.0,610.0,4780516.79961922,2912572628.4317193
2025-09-28 09:00:00,610.0,618.0,591.0,616.0,6358624.07500675,3831035662.535259
2025-09-29 09:00:00,616.0,617.0,587.0,595.0,10585324.39361266,6349080130.831366
2025-09-30 09:00:00,596.0,605.0,578.0,602.0,9091190.24363364,5360091144.322927
2025-10-01 09:00:00,601.0,629.0,595.0,620.0,13868161.65148272,8512209252.983454
2025-10-02 09:00:00,620.0,646.0,614.0,643.0,16195154.96063904,10167223116.465015
2025-10-03 09:00:00,642.0,651.0,622.0,639.0,13478068.32964979,8553702914.04874
2025-10-04 09:00:00,638.0,642.0,611.0,622.0,7952181.69335008,4963854599.279254
2025-10-05 09:00:00,621.0,647.0,614.0,620.0,9960887.05554911,6280222176.049916
2025-10-06 09:00:00,619.0,663.0,615.0,650.0,13460707.32067222,8662286165.98613
2025-10-07 09:00:00,651.0,660.0,610.0,611.0,17115622.90607389,10862214707.865465
2025-10-08 09:00:00,610.0,633.0,606.0,627.0,8805200.96754656,5427815002.878904
2025-10-09 09:00:00,627.0,629.0,601.0,610.0,9432465.46826175,5765758559.919857
2025-10-10 09:00:00,610.0,627.0,420.0,464.0,47220200.94830634,24484899535.637688
2025-10-11 09:00:00,465.0,498.0,438.0,466.0,26146950.76346514,12281875173.62614
2025-10-12 09:00:00,465.0,521.0,453.0,506.0,18544257.85381135,9019568397.469164
2025-10-13 09:00:00,506.0,539.0,496.0,533.0,19961407.74912446,10259977152.182716
2025-10-14 09:00:00,533.0,535.0,489.0,516.0,22599186.24364264,11500134201.205984
2025-10-15 09:00:00,516.0,526.0,493.0,497.0,10563440.60534053,5374637776.92892
2025-10-16 09:00:00,498.0,507.0,478.0,484.0,12328167.06625791,6066657442.756022
2025-10-17 09:00:00,484.0,488.0,441.0,467.0,21833034.00632265,10079540752.810335
2025-10-18 09:00:00,468.0,479.0,465.0,471.0,6001679.36229093,2828631875.4057274
2025-10-19 09:00:00,472.0,488.0,462.0,480.0,7462651.27079862,3555357512.9415765
2025-10-20 09:00:00,481.0,493.0,472.0,484.0,8073199.01589191,3898762935.2444444
2025-10-21 09:00:00,483.0,500.0,465.0,467.0,12238826.16421334,5853017223.614586
2025-10-22 09:00:00,469.0,472.0,446.0,456.0,10720686.31396652,4951108530.828007
2025-10-23 09:00:00,457.0,478.0,455.0,473.0,6109872.82593661,2846589466.5806794
2025-10-24 09:00:00,473.0,484.0,466.0,477.0,7776307.33777837,3690186343.6809916
2025-10-25 09:00:00,477.0,480.0,472.0,477.0,4170875.96959758,1984484880.749109
2025-10-26 09:00:00,477.0,500.0,470.0,496.0,8336831.92065665,4031192807.3929353
2025-10-27 09:00:00,497.0,519.0,487.0,490.0,13877258.94819516,6956833975.544832
2025-10-28 09:00:00,490.0,495.0,460.0,469.0,11994897.81669059,5782567381.029101
2025-10-29 09:00:00,469.0,490.0,464.0,475.0,8900393.37788575,4233814902.6135373
2025-10-30 09:00:00,475.0,481.0,425.0,441.0,17999253.53351469,8133399781.366417
2025-10-31 09:00:00,440.0,449.0,429.0,442.0,8103206.89606641,3566159781.1935267
2025-11-01 09:00:00,442.0,459.0,440.0,457.0,5243206.68621484,2364578716.000598
2025-11-02 09:00:00,458.0,466.0,442.0,456.0,7117979.74784049,3237467658.3359733
2025-11-03 09:00:00,456.0,457.0,383.0,390.0,25140286.02523842,10320043654.455328
2025-11-04 09:00:00,390.0,407.0,351.0,383.0,31659732.80748236,12106565735.906773
2025-11-05 09:00:00,384.0,407.0,359.0,404.0,21091469.59474984,8123742936.644135
2025-11-06 09:00:00,404.0,405.0,380.0,394.0,11851084.67969395,4661745772.418028
2025-11-07 09:00:00,395.0,455.0,394.0,445.0,22736228.77752841,9614850144.063961
2025-11-08 09:00:00,446.0,468.0,429.0,445.0,15174154.45001584,6794857707.967976
2025-11-09 09:00:00,445.0,450.0,424.0,445.0,10450093.55034048,4596503333.128854
2025-11-10 09:00:00,443.0,461.0,433.0,455.0,18201831.76920379,8129250151.215414
2025-11-11 09:00:00,455.0,466.0,412.0,412.0,18581304.02170208,8116174335.050901
2025-11-12 09:00:00,412.0,420.0,387.0,392.0,26038141.36090393,10567069412.534725
2025-11-13 09:00:00,392.0,404.0,365.0,371.0,19790668.1531562,7634964320.393903
2025-11-14 09:00:00,371.0,378.0,352.0,360.0,25910728.23228332,9414695648.282448
2025-11-15 09:00:00,361.0,377.0,361.0,365.0,9235006.24652568,3393965839.277671
2025-11-16 09:00:00,364.0,370.0,342.0,352.0,17673643.86158368,6270250765.939937
2025-11-17 09:00:00,352.0,361.0,334.0,338.0,19003204.57557654,6631303660.1992445
2025-11-18 09:00:00,338.0,356.0,332.0,351.0,14622800.53729316,5026283624.736218
2025-11-19 09:00:00,351.0,354.0,326.0,342.0,14917956.47385136,5074716280.249246
2025-11-20 09:00:00,342.0,359.0,319.0,323.0,18066995.0259248,6086732764.93914
2025-11-21 09:00:00,323.0,329.0,290.0,305.0,35968724.12325265,11025100086.88724
2025-11-22 09:00:00,304.0,309.0,294.0,301.0,12795015.02310639,3835733654.3569865
2025-11-23 09:00:00,301.0,312.0,299.0,305.0,12760507.10992917,3894412324.3523054
2025-11-24 09:00:00,305.0,331.0,301.0,327.0,16463262.49544087,5161782457.115905
2025-11-25 09:00:00,327.0,331.0,314.0,323.0,11401682.50255447,3665915428.800226
2025-11-26 09:00:00,323.0,332.0,313.0,327.0,8085386.17236508,2593957237.6738915
2025-11-27 09:00:00,326.0,336.0,323.0,331.0,9315286.43549233,3055996172.8264813
2025-11-28 09:00:00,330.0,338.0,322.0,324.0,10994306.41714097,3622159504.5849233
2025-11-29 09:00:00,325.0,330.0,318.0,321.0,5208483.06981059,1685033255.169191
2025-11-30 09:00:00,321.0,330.0,316.0,317.0,8752707.55633943,2833275985.5322313
2025-12-01 09:00:00,317.0,317.0,282.0,294.0,21827621.40115763,6447664616.108502
2025-12-02 09:00:00,294.0,325.0,286.0,317.0,13212200.78876392,4030143167.2028494
2025-12-03 09:00:00,317.0,334.0,313.0,331.0,12394945.75595827,3994924136.3990912
2025-12-04 09:00:00,331.0,335.0,318.0,323.0,9671291.95470781,3176418465.013633
2025-12-05 09:00:00,322.0,325.0,298.0,304.0,9347818.07948389,2914075322.8384047
2025-12-06 09:00:00,303.0,313.0,299.0,310.0,4292288.52658738,1308385753.4376926
2025-12-07 09:00:00,310.0,318.0,297.0,306.0,7624686.95776259,2348063920.828423
2025-12-08 09:00:00,305.0,321.0,304.0,316.0,6512743.54240879,2043763982.1989777
2025-12-09 09:00:00,317.0,340.0,311.0,330.0,8799518.16305026,2866884293.3425245
2025-12-10 09:00:00,330.0,340.0,320.0,322.0,9141044.49693123,2983696364.3897066
2025-12-11 09:00:00,321.0,322.0,302.0,316.0,8361156.70130354,2581277861.5998683
2025-12-12 09:00:00,316.0,322.0,297.0,308.0,9159619.01737119,2839273212.41671
2025-12-13 09:00:00,307.0,326.0,306.0,320.0,3888987.63787793,1218230719.3777158
2025-12-14 09:00:00,321.0,326.0,303.0,306.0,6453729.19831894,2019376642.7947085
2025-12-15 09:00:00,306.0,320.0,284.0,294.0,14566141.48926124,4411624936.353547
2025-12-16 09:00:00,294.0,304.0,284.0,298.0,8879196.90171036,2588807999.553904
2025-12-17 09:00:00,298.0,304.0,273.0,276.0,12045653.11139109,3448020275.585476
2025-12-18 09:00:00,276.0,288.0,257.0,262.0,15337732.9926164,4155998347.786225
2025-12-19 09:00:00,262.0,290.0,257.0,286.0,8635190.56291579,2352107840.0932264
2025-12-20 09:00:00,287.0,290.0,282.0,283.0,3978327.33355344,1132243967.2656817
2025-12-21 09:00:00,283.0,286.0,272.0,277.0,4742498.13046747,1319887011.9288027
2025-12-22 09:00:00,277.0,287.0,276.0,279.0,6426804.28790838,1815861749.436878
2025-12-23 09:00:00,280.0,285.0,270.0,285.0,5072182.32061161,1406655519.1534648
2025-12-24 09:00:00,285.0,286.0,269.0,277.0,7031545.07962208,1938825024.330894
2025-12-25 09:00:00,277.0,282.0,270.0,271.0,4857607.07115316,1350943678.0301006
2025-12-26 09:00:00,272.0,284.0,270.0,280.0,6421250.82429786,1789050525.8402686
2025-12-27 09:00:00,281.0,289.0,279.0,288.0,3657893.56977636,1035107440.9315594
2025-12-28 09:00:00,287.0,290.0,281.0,283.0,3484946.17449467,997824379.9391493
2025-12-29 09:00:00,284.0,289.0,275.0,277.0,7396953.58412788,2085706394.9510639
2025-12-30 09:00:00,277.0,284.0,274.0,277.0,6466504.37637829,1807830326.5404732
2025-12-31 09:00:00,277.0,280.0,270.0,274.0,4778253.03509708,1319986275.0623147
2026-01-01 09:00:00,273.0,294.0,270.0,291.0,8346544.26181523,2313575535.257568
2026-01-02 09:00:00,292.0,303.0,289.0,301.0,8352540.48287327,2462568999.311707
2026-01-03 09:00:00,301.0,307.0,295.0,303.0,5859823.57210162,1761406569.8624604
2026-01-04 09:00:00,303.0,316.0,302.0,313.0,6716867.04622404,2060035166.323311
2026-01-05 09:00:00,312.0,323.0,306.0,321.0,9850811.18085707,3100108813.25606
2026-01-06 09:00:00,320.0,329.0,308.0,323.0,12906887.4594264,4128324221.8394113
2026-01-07 09:00:00,323.0,323.0,306.0,310.0,6523481.1092175,2051541717.7244349
2026-01-08 09:00:00,309.0,312.0,298.0,305.0,7359655.28358964,2247873745.881372
2026-01-09 09:00:00,305.0,314.0,301.0,305.0,5558606.37238061,1698538831.5025656
2026-01-10 09:00:00,305.0,314.0,302.0,306.0,7366973.17300876,2269734461.7242103
2026-01-11 09:00:00,305.0,309.0,296.0,300.0,5513844.37481857,1679941415.2621534
2026-01-12 09:00:00,301.0,311.0,294.0,296.0,8643679.43169305,2605068120.4581404
2026-01-13 09:00:00,296.0,330.0,296.0,325.0,8710095.02950945,2722570172.766346
2026-01-14 09:00:00,325.0,331.0,317.0,319.0,7003503.33258144,2276546318.981744
2026-01-15 09:00:00,319.0,321.0,303.0,310.0,8302147.38049336,2598988751.054893
2026-01-16 09:00:00,309.0,311.0,301.0,310.0,5088533.59158994,1566172756.4235275
2026-01-17 09:00:00,310.0,331.0,309.0,319.0,7212887.62992166,2301109021.9051023
2026-01-18 09:00:00,320.0,326.0,306.0,306.0,8140466.95072974,2592153784.2074757
2026-01-19 09:00:00,306.0,306.0,280.0,286.0,19016117.22134721,5452494353.479479
2026-01-20 09:00:00,286.0,288.0,268.0,272.0,15258584.25098992,4260515025.6477566
2026-01-21 09:00:00,272.0,282.0,266.0,274.0,10618631.27020479,2916164588.446629
2026-01-22 09:00:00,274.0,280.0,260.0,263.0,14606207.80715266,3902000722.288172
2026-01-23 09:00:00,264.0,270.0,258.0,261.0,12605510.92124924,3321508972.546089
2026-01-24 09:00:00,261.0,267.0,259.0,260.0,6170264.39142585,1616534301.862541
2026-01-25 09:00:00,261.0,262.0,243.0,248.0,17582563.89017598,4461592713.968376
2026-01-26 09:00:00,249.0,254.0,247.0,249.0,11888540.78657524,2963189040.77175
2026-01-27 09:00:00,250.0,253.0,243.0,250.0,10799049.42668712,2674586629.457679
2026-01-28 09:00:00,250.0,251.0,242.0,249.0,9450665.13315162,2336592618.1580873
2026-01-29 09:00:00,249.0,250.0,226.0,232.0,17028314.90171704,4019942774.0710964
2026-01-30 09:00:00,233.0,234.0,222.0,230.0,15543916.37035131,3529965505.588489
2026-01-31 09:00:00,231.0,231.0,190.0,209.0,21332522.361822,4494133324.521222
2026-02-01 09:00:00,210.0,211.0,193.0,199.0,31289569.31551348,6340862819.321639
2026-02-02 09:00:00,200.0,208.0,191.0,204.0,20364574.99515584,4066820572.5806174
2026-02-03 09:00:00,203.0,204.0,184.0,193.0,17659553.22256606,3450327729.3536553
2026-02-04 09:00:00,193.0,202.0,187.0,190.0,14548479.23252095,2840271051.9367995
2026-02-05 09:00:00,190.0,192.0,157.0,159.0,35589796.28704486,6214477650.203967
2026-02-06 09:00:00,159.0,181.0,140.0,179.0,35262690.75768006,5722935447.76817
2026-02-07 09:00:00,178.0,186.0,170.0,178.0,12049360.66672136,2127035657.436561
2026-02-08 09:00:00,177.0,178.0,170.0,173.0,6925059.84675313,1215091581.478138
2026-02-09 09:00:00,174.0,175.0,160.0,167.0,12205428.94493897,2028157125.04272
2026-02-10 09:00:00,167.0,168.0,160.0,163.0,8918793.4823405,1460733862.0928538
2026-02-11 09:00:00,163.0,167.0,155.0,160.0,8284527.70365977,1324456070.410569
2026-02-12 09:00:00,160.0,166.0,159.0,164.0,8446570.20068329,1372328488.9678566
2026-02-13 09:00:00,164.0,171.0,159.0,170.0,8927162.65689465,1470314293.608218
2026-02-14 09:00:00,169.0,180.0,168.0,178.0,14966064.34147631,2597985461.764085
2026-02-15 09:00:00,178.0,179.0,166.0,171.0,11624089.8905747,2014006226.0943222
2026-02-16 09:00:00,170.0,173.0,166.0,171.0,4690430.20049806,793275712.4849641
2026-02-17 09:00:00,171.0,172.0,165.0,167.0,3869845.62802955,650679324.3510228
2026-02-18 09:00:00,167.0,169.0,159.0,160.0,7067831.99917671,1163648933.5586429
2026-02-19 09:00:00,160.0,161.0,143.0,145.0,29215571.62145886,4388054252.93318
2026-02-20 09:00:00,145.0,146.0,136.0,143.0,47316396.4350793,6691117143.680286
2026-02-21 09:00:00,143.0,155.0,141.0,145.0,30642171.10015905,4539571520.494787
2026-02-22 09:00:00,144.0,145.0,137.0,140.0,18198901.79903062,2558913547.4703727
2026-02-23 09:00:00,140.0,142.0,130.0,138.0,28670898.030625,3888212804.173902
2026-02-24 09:00:00,138.0,139.0,132.0,135.0,15570556.47601669,2108795655.9038749
2026-02-25 09:00:00,135.0,154.0,133.0,145.0,30646286.65340329,4345324006.844679
2026-02-26 09:00:00,146.0,147.0,138.0,145.0,16875093.00389162,2417751513.59365
2026-02-27 09:00:00,145.0,164.0,143.0,147.0,50981914.70486811,7867002555.039824
2026-02-28 09:00:00,147.0,148.0,133.0,145.0,36686191.75805853,5108208782.975077
2026-03-01 09:00:00,146.0,153.0,140.0,146.0,23588719.15570832,3461515843.596032
2026-03-02 09:00:00,145.0,159.0,144.0,149.0,23586879.60356122,3541919168.828562
2026-03-03 09:00:00,148.0,154.0,145.0,151.0,15304743.67765189,2274880873.155857
2026-03-04 09:00:00,151.0,156.0,148.0,152.0,25231425.89386823,3829008659.1489477
2026-03-05 09:00:00,152.0,155.0,147.0,151.0,13692991.55765348,2075550176.8103178
2026-03-06 09:00:00,151.0,154.0,144.0,148.0,10221419.11056714,1534487846.8143106
2026-03-07 09:00:00,148.0,149.0,142.0,143.0,9118439.2601009,1320904068.3857872
2026-03-08 09:00:00,143.0,144.0,138.0,141.0,8463135.14035766,1195803548.9486854
2026-03-09 09:00:00,141.0,148.0,139.0,143.0,7999237.35001391,1153578663.4869475
2026-03-10 09:00:00,144.0,149.0,143.0,144.0,10776753.07144097,1572066953.8003867
2026-03-11 09:00:00,144.0,152.0,142.0,146.0,11577299.66327517,1692542944.7885382
2026-03-12 09:00:00,147.0,149.0,143.0,148.0,8925811.73980086,1301376269.4773407
2026-03-13 09:00:00,148.0,157.0,147.0,151.0,15673204.74555289,2385107006.481328
2026-03-14 09:00:00,152.0,153.0,147.0,150.0,7670400.73690152,1143193433.9239397
2026-03-15 09:00:00,150.0,154.0,148.0,152.0,9120888.07540231,1370728788.8977726
2026-03-16 09:00:00,153.0,164.0,151.0,162.0,15321951.43897311,2431778514.006781
2026-03-17 09:00:00,162.0,165.0,157.0,160.0,11293174.702533,1810936085.188357
2026-03-18 09:00:00,160.0,162.0,148.0,153.0,13132847.03228776,2033885380.8733323
2026-03-19 09:00:00,154.0,155.0,145.0,148.0,10680767.39739015,1602302651.491594
2026-03-20 09:00:00,148.0,152.0,147.0,150.0,6879056.40371701,1028809406.5883719
2026-03-21 09:00:00,150.0,151.0,144.0,146.0,5897167.07766617,874951269.6391002
2026-03-22 09:00:00,146.0,146.0,137.0,140.0,12974110.72688173,1842316681.8145444
2026-03-23 09:00:00,140.0,145.0,137.0,145.0,18207413.32012673,2574919014.575411
2026-03-24 09:00:00,145.0,147.0,142.0,146.0,7134347.26319879,1029060845.5994617
2026-03-25 09:00:00,146.0,149.0,145.0,148.0,8275699.86232082,1216770433.0910294
2026-03-26 09:00:00,148.0,148.0,140.0,142.0,8814862.17765261,1262225601.5322948
2026-03-27 09:00:00,142.0,144.0,136.0,137.0,13935205.02964669,1945858755.4523132
2026-03-28 09:00:00,138.0,140.0,134.0,136.0,9173978.98299996,1257855292.8208148
2026-03-29 09:00:00,137.0,138.0,131.0,134.0,9932668.15893924,1336097187.2878733
2026-03-30 09:00:00,135.0,142.0,135.0,139.0,11831990.02775493,1642137113.0874739
2026-03-31 09:00:00,139.0,143.0,138.0,141.0,7111498.35204735,1001418416.957231
2026-04-01 09:00:00,141.0,146.0,139.0,143.0,7987749.64447243,1139813420.7713215
2026-04-02 09:00:00,143.0,145.0,137.0,139.0,8294189.57437419,1159451669.5777762
2026-04-03 09:00:00,138.0,144.0,137.0,140.0,8110310.70510294,1142112301.7758505
2026-04-04 09:00:00,140.0,142.0,139.0,141.0,6339980.96880966,888837325.634757
2026-04-05 09:00:00,141.0,143.0,136.0,142.0,6097895.54821725,847860612.0725567
2026-04-06 09:00:00,143.0,149.0,140.0,141.0,10990609.46690044,1592854253.0923514
2026-04-07 09:00:00,141.0,154.0,139.0,151.0,12312960.47063552,1783838367.9266064
2026-04-08 09:00:00,152.0,159.0,148.0,157.0,12656453.66930817,1932863975.2817447
2026-04-09 09:00:00,157.0,163.0,149.0,160.0,12191606.17776649,1880567169.30572
2026-04-10 09:00:00,160.0,173.0,159.0,173.0,19047028.02188679,3144676134.402606
2026-04-11 09:00:00,173.0,183.0,168.0,172.0,22659749.51560751,3966434575.8125567
2026-04-12 09:00:00,172.0,173.0,162.0,165.0,8779634.48324752,1464362087.1645606
2026-04-13 09:00:00,166.0,170.0,164.0,168.0,13836471.35558711,2300964326.377647
2026-04-14 09:00:00,168.0,168.0,161.0,163.0,8938993.19697246,1475120128.6428401
2026-04-15 09:00:00,163.0,174.0,162.0,170.0,11612462.75174754,1950519325.085777
2026-04-16 09:00:00,171.0,197.0,168.0,191.0,21719215.86160254,3981159601.088288
2026-04-17 09:00:00,189.0,202.0,186.0,193.0,25167575.97227376,4910076529.719528
2026-04-18 09:00:00,193.0,199.0,186.0,192.0,12139178.28576284,2329340640.735702
2026-04-19 09:00:00,191.0,192.0,180.0,181.0,10297414.50772897,1922191009.5259356
2026-04-20 09:00:00,182.0,192.0,181.0,188.0,15097333.07168138,2848071683.2609057
2026-04-21 09:00:00,189.0,190.0,183.0,186.0,6791230.44718108,1267636970.6567287
2026-04-22 09:00:00,186.0,198.0,183.0,190.0,15156928.63375324,2874048072.987231
2026-04-23 09:00:00,190.0,192.0,183.0,191.0,6945747.75517296,1301122237.0230994
2026-04-24 09:00:00,191.0,197.0,190.0,192.0,7287322.97032558,1404353386.9098926
2026-04-25 09:00:00,192.0,199.0,190.0,193.0,8103236.20410113,1580852464.0728068
2026-04-26 09:00:00,192.0,197.0,190.0,192.0,5586293.65724763,1080664282.8250227
2026-04-27 09:00:00,192.0,197.0,184.0,189.0,6537472.68941111,1239183678.2844973
2026-04-28 09:00:00,188.0,190.0,183.0,184.0,5286215.8649575,980836037.6366835
2026-04-29 09:00:00,184.0,198.0,181.0,188.0,14788126.59734044,2812814006.777301
2026-04-30 09:00:00,188.0,193.0,184.0,185.0,8490660.28365564,1598002187.1662498
2026-05-01 09:00:00,185.0,189.0,182.0,184.0,7744073.23351097,1440047119.930006
2026-05-02 09:00:00,183.0,185.0,180.0,182.0,5305873.86122683,966514926.0216292
2026-05-03 09:00:00,182.0,183.0,173.0,174.0,8386384.82058686,1481725174.6667566
2026-05-04 09:00:00,174.0,178.0,168.0,173.0,14374330.11353593,2481638962.5295873
2026-05-05 09:00:00,172.0,180.0,172.0,177.0,10639558.56063432,1872446414.965192
2026-05-06 09:00:00,177.0,190.0,174.0,188.0,14209513.82692674,2584963114.6736536
2026-05-07 09:00:00,189.0,192.0,180.0,186.0,11702314.76181814,2174738210.6475205
2026-05-08 09:00:00,187.0,218.0,186.0,210.0,26243278.96521575,5237421571.98273
2026-05-09 09:00:00,210.0,220.0,204.0,210.0,17060946.08154469,3628011676.1582103
2026-05-10 09:00:00,211.0,214.0,204.0,211.0,10014532.7833308,2094556381.6911645
2026-05-11 09:00:00,211.0,212.0,206.0,208.0,6298201.42059024,1314690318.0041142
2026-05-12 09:00:00,207.0,209.0,199.0,202.0,6845566.79001629,1395229922.0869896
2026-05-13 09:00:00,202.0,212.0,195.0,197.0,8808341.16336515,1786807568.2359989
2026-05-14 09:00:00,196.0,201.0,191.0,195.0,7161764.32688815,1392149836.3038518
2026-05-15 09:00:00,195.0,196.0,182.0,186.0,8851625.04889688,1670655509.3333907
2026-05-16 09:00:00,186.0,186.0,176.0,179.0,5142889.77931682,924499487.7556907
2026-05-17 09:00:00,178.0,183.0,169.0,174.0,6019456.02189111,1065697472.6199371
2026-05-18 09:00:00,173.0,176.0,169.0,175.0,9796708.3630733,1690620192.637149
2026-05-19 09:00:00,175.0,176.0,169.0,170.0,8429423.35080676,1461120241.5607378
2026-05-20 09:00:00,170.0,170.0,163.0,163.0,10550870.77370796,1761167380.1909552
2026-05-21 09:00:00,164.0,172.0,162.0,167.0,16072554.35785043,2672771437.1979976
2026-05-22 09:00:00,167.0,173.0,162.0,163.0,14160039.75011072,2377401889.858266
2026-05-23 09:00:00,163.0,168.0,155.0,164.0,13880696.74784631,2240834324.999081
2026-05-24 09:00:00,164.0,165.0,155.0,159.0,10678625.57803433,1714371042.2662761
2026-05-25 09:00:00,159.0,165.0,156.0,161.0,13080137.49058906,2103999681.4085948
2026-05-26 09:00:00,162.0,168.0,158.0,161.0,12981310.149564,2109624222.3836443
2026-05-27 09:00:00,161.0,164.0,157.0,158.0,10421857.49757974,1669385956.823702
2026-05-28 09:00:00,158.0,159.0,149.0,154.0,17437991.6137774,2669806993.58737
2026-05-29 09:00:00,155.0,157.0,149.0,152.0,9781930.83839014,1502716590.7704816
2026-05-30 09:00:00,152.0,159.0,152.0,153.0,8819885.55167189,1370893331.6698928
2026-05-31 09:00:00,154.0,156.0,148.0,152.0,9226555.21110747,1407183216.1766028
2026-06-01 09:00:00,152.0,154.0,144.0,149.0,14220203.45267901,2112810431.2163482
2026-06-02 09:00:00,150.0,151.0,135.0,138.0,19135969.0378845,2711516961.133766
2026-06-03 09:00:00,137.0,145.0,132.0,138.0,18257313.43739644,2532085545.228097
2026-06-04 09:00:00,138.0,140.0,127.0,134.0,18929133.96496898,2534446841.2216506
2026-06-05 09:00:00,134.0,135.0,118.0,122.0,27115033.11245753,3389474721.5444117
2026-06-06 09:00:00,123.0,124.0,113.0,122.0,23287113.0810653,2771502418.2411027
2026-06-07 09:00:00,121.0,128.0,120.0,125.0,15404105.95126511,1921169588.257772
2026-06-08 09:00:00,124.0,127.0,121.0,123.0,10153295.29903815,1261404170.1169064
2026-06-09 09:00:00,124.0,124.0,117.0,121.0,13492432.95301673,1629127448.5934694
2026-06-10 09:00:00,121.0,123.0,114.0,117.0,11940613.94559512,1413508078.827451
2026-06-11 09:00:00,117.0,129.0,117.0,125.0,14778828.42662719,1797766889.7657313
2026-06-12 09:00:00,126.0,129.0,123.0,126.0,10901548.12787379,1371433461.4154923
2026-06-13 09:00:00,126.0,131.0,126.0,129.0,10907471.74067064,1404642208.85089
2026-06-14 09:00:00,128.0,130.0,123.0,130.0,9076659.85101182,1144923455.3380516
2026-06-15 09:00:00,130.0,135.0,127.0,129.0,10136615.93726101,1330909966.240394
2026-06-16 09:00:00,129.0,133.0,126.0,128.0,13271062.1339546,1712380588.8428488
2026-06-17 09:00:00,129.0,135.0,127.0,130.0,15012430.71168312,1960295396.6824892
2026-06-18 09:00:00,130.0,132.0,123.0,129.0,16362562.17004433,2089721878.1133819
2026-06-19 09:00:00,128.0,131.0,124.0,127.0,13173136.18591472,1669832322.862607
2026-06-20 09:00:00,127.0,129.0,124.0,127.0,12280375.76889027,1553118211.2348614
2026-06-21 09:00:00,127.0,128.0,123.0,124.0,6911293.07556359,871069941.0583977
2026-06-22 09:00:00,123.0,131.0,123.0,126.0,9603204.29315855,1222523721.624602
2026-06-23 09:00:00,125.0,126.0,116.0,120.0,15996015.08398758,1911996530.7124379
2026-06-24 09:00:00,120.0,120.0,111.0,115.0,16749645.75910168,1945168015.0369043
2026-06-25 09:00:00,116.0,118.0,108.0,112.0,15433140.55014302,1738645009.9312813
2026-06-26 09:00:00,111.0,114.0,107.0,113.0,15797130.95625603,1742945459.4121997
2026-06-27 09:00:00,112.0,115.0,111.0,111.0,12910868.62787432,1458572716.530826
2026-06-28 09:00:00,111.0,113.0,110.0,112.0,7329415.8551579,819769168.9239829
2026-06-29 09:00:00,112.0,119.0,111.0,116.0,15668263.25309237,1798548048.9320288
2026-06-30 09:00:00,116.0,117.0,112.0,116.0,9999793.0970908,1145693067.2312956
2026-07-01 09:00:00,116.0,120.0,115.0,117.0,12498938.92130186,1469797956.8591657
2026-07-02 09:00:00,116.0,121.0,116.0,117.0,13910371.35247746,1636187159.0717564
2026-07-03 09:00:00,117.0,123.0,115.0,123.0,9820590.26139172,1171004562.7904038
2026-07-04 09:00:00,123.0,124.0,119.0,121.0,9801622.74265026,1188875584.5380628
2026-07-05 09:00:00,121.0,123.0,117.0,121.0,8424598.11056465,1005529023.2449591
2026-07-06 09:00:00,121.0,123.0,115.0,120.0,11501795.41896974,1370973798.4186296
2026-07-07 09:00:00,121.0,121.0,115.0,115.0,11347376.47180859,1336677982.156355
2026-07-08 09:00:00,115.0,117.0,112.0,114.0,11685180.60118428,1338573581.8225827
2026-07-09 09:00:00,114.0,137.0,114.0,130.0,80109260.84211797,10247158406.109911
2026-07-10 09:00:00,131.0,143.0,129.0,139.0,62695323.06579092,8621887637.229317
2026-07-11 09:00:00,139.0,149.0,134.0,141.0,23262133.80061209,3246285861.734287
2026-07-12 09:00:00,141.0,151.0,137.0,139.0,29839086.85015443,4313166334.638263
2026-07-13 09:00:00,139.0,142.0,131.0,134.0,19819721.48538667,2708785066.8110986
2026-07-14 09:00:00,134.0,137.0,131.0,135.0,11756862.77428464,1574891827.4178278
2026-07-15 09:00:00,136.0,138.0,128.0,129.0,16154339.54243833,2133804602.6711583
2026-07-16 09:00:00,130.0,134.0,126.0,131.0,13032950.1769034,1687742017.8116825
2026-07-17 09:00:00,131.0,135.0,129.0,134.0,10495493.23665437,1378430035.3924167
2026-07-18 09:00:00,134.0,137.0,129.0,131.0,7189100.22563199,955985646.4288458
2026-07-19 09:00:00,130.0,133.0,129.0,130.0,6494471.86426132,847132789.7657454
2026-07-20 09:00:00,131.0,134.0,126.0,132.0,13808509.46301285,1787625372.1295388
2026-07-21 09:00:00,132.0,134.0,129.0,130.0,11838663.16507469,1558608634.9338121
2026-07-22 09:00:00,130.0,134.0,129.0,132.0,17727875.00474878,2328164848.27139
2026-07-23 09:00:00,132.0,133.0,125.0,126.0,9400684.48544878,1209449213.0550141
2026-07-24 09:00:00,127.0,127.0,121.0,122.0,10555734.62300893,1311946223.815465
2026-07-25 09:00:00,121.0,123.0,119.0,120.0,10997721.31995906,1333613783.2190554
2026-07-26 09:00:00,120.0,122.0,119.0,121.0,8977749.36394798,1083665747.3085828
2026-07-27 09:00:00,121.0,121.0,112.0,113.0,14710728.43985742,1707989661.7847936
2026-07-28 09:00:00,113.0,116.0,112.0,115.0,12828293.50063052,1455914607.8113217
2026-07-29 09:00:00,114.0,115.0,110.0,113.0,12060894.97397048,1351874246.910909
2026-07-30 09:00:00,113.0,115.0,109.0,110.0,10064382.40545402,1121934661.7674193
2026-07-31 09:00:00,110.0,113.0,108.0,112.0,13098373.84395282,1442442687.9496295
2026-08-01 09:00:00,113.0,115.0,111.0,113.0,6279538.59992,707668165.7965412
2026-08-02 09:00:00,114.0,118.0,113.0,117.0,8264791.18840862,964513767.9609177
2026-08-03 09:00:00,117.0,118.0,114.0,117.0,8327826.65334757,961624838.0185643
2026-08-04 09:00:00,118.0,120.0,115.0,117.0,8287451.17629682,970183177.7647704
2026-08-05 09:00:00,117.0,117.0,114.0,114.0,6244183.33376551,720320817.1671251
2026-08-06 09:00:00,114.0,115.0,109.0,111.0,9632825.70431395,1074198911.0445952
2026-08-07 09:00:00,111.0,112.0,108.0,112.0,7966995.27145356,878643241.0380394
2026-08-08 09:00:00,112.0,113.0,110.0,110.0,8119371.33541896,902061355.1619713
2026-08-09 09:00:00,110.0,113.0,108.0,109.0,10048566.2412679,1105640910.13725
2026-08-10 09:00:00,109.0,114.0,109.0,113.0,12843047.40933455,1434038865.333594
2026-08-11 09:00:00,113.0,115.0,109.0,113.0,13514014.10431449,1519781829.6377873
2026-08-12 09:00:00,113.0,114.0,104.0,105.0,18621637.7564406,2026972113.7375114
2026-08-13 09:00:00,105.0,109.0,104.0,106.0,17900471.44805231,1896275832.8715928
2026-08-14 09:00:00,106.0,108.0,103.0,105.0,13487917.64671434,1421227740.882736
2026-08-15 09:00:00,106.0,107.0,103.0,104.0,7134930.59997253,750901555.3869095
2026-08-16 09:00:00,103.0,106.0,102.0,105.0,8813785.30865959,916387074.2716291
2026-08-17 09:00:00,104.0,107.0,104.0,106.0,5860129.34281245,618931682.3822154
2026-08-18 09:00:00,106.0,107.0,103.0,105.0,5719718.31001109,602731368.7478691
2026-08-19 09:00:00,106.0,124.0,105.0,123.0,19690410.51376792,2216119813.1892433
2026-08-20 09:00:00,123.0,126.0,119.0,125.0,18182233.27302241,2225499315.391132
2026-08-21 09:00:00,126.0,138.0,124.0,135.0,19429490.89130528,2524963826.8877077
2026-08-22 09:00:00,135.0,151.0,126.0,136.0,34434986.14808628,4699534632.108608
2026-08-23 09:00:00,136.0,143.0,130.0,139.0,13913480.55850339,1909971128.0539856
2026-08-24 09:00:00,139.0,139.0,131.0,134.0,13677085.60893686,1860196850.1227963
2026-08-25 09:00:00,134.0,138.0,127.0,128.0,21262714.69560257,2821542186.473645
2026-08-26 09:00:00,128.0,131.0,123.0,129.0,19707831.89463015,2502188366.513558
2026-08-27 09:00:00,128.0,129.0,124.0,128.0,13693698.07261072,1730933291.6096952
2026-08-28 09:00:00,128.0,131.0,120.0,122.0,19447074.88519897,2420247242.7435746
2026-08-29 09:00:00,122.0,124.0,120.0,123.0,9205882.08338786,1122544111.9919136
2026-08-30 09:00:00,122.0,126.0,116.0,118.0,24504951.18298035,2979995012.8655095
2026-08-31 09:00:00,118.0,152.0,116.0,151.0,55189283.1643568,7392605134.381662
2026-09-01 09:00:00,151.0,165.0,147.0,154.0,43094537.61770179,6746794740.654258
