,open,high,low,close,volume,value
2021-09-28 09:00:00,1305.0,1325.0,1200.0,1215.0,6223048.76281162,7908666045.694663
2021-09-29 09:00:00,1210.0,1385.0,1170.0,1265.0,13314069.35689955,17137695595.935102
2021-09-30 09:00:00,1270.0,1400.0,1235.0,1385.0,15316084.16868289,20417607920.807583
2021-10-01 09:00:00,1385.0,1500.0,1335.0,1500.0,18051796.25491011,25684009616.244587
2021-10-02 09:00:00,1500.0,1550.0,1450.0,1510.0,13995611.37019123,20941625920.07314
2021-10-03 09:00:00,1510.0,1595.0,1430.0,1575.0,24817703.79598289,38056552731.9102
2021-10-04 09:00:00,1575.0,1590.0,1450.0,1520.0,16763691.58845431,25204788199.969276
2021-10-05 09:00:00,1520.0,1790.0,1510.0,1590.0,47867612.58873466,76079460373.12202
2021-10-06 09:00:00,1590.0,1790.0,1525.0,1665.0,53686250.85628073,88908721407.79355
2021-10-07 09:00:00,1665.0,2400.0,1655.0,1760.0,338292151.4470459,667542056285.461
2021-10-08 09:00:00,1760.0,1765.0,1575.0,1700.0,58893951.07545328,96944384998.37195
2021-10-09 09:00:00,1705.0,1705.0,1545.0,1570.0,26098964.55500659,42076606830.838326
2021-10-10 09:00:00,1575.0,1620.0,1550.0,1595.0,15269278.67569275,24141868761.455826
2021-10-11 09:00:00,1595.0,1595.0,1505.0,1540.0,8976116.77910528,13824752553.97872
2021-10-12 09:00:00,1540.0,1540.0,1385.0,1470.0,8792579.47007111,12731988828.640541
2021-10-13 09:00:00,1465.0,1530.0,1445.0,1525.0,6688539.79515627,9912331995.619928
2021-10-14 09:00:00,1525.0,1550.0,1490.0,1545.0,5965469.78281728,9064270876.588032
2021-10-15 09:00:00,1545.0,1545.0,1365.0,1425.0,13890805.52866892,19892844196.92911
2021-10-16 09:00:00,1425.0,1445.0,1370.0,1440.0,6266853.40644426,8840303354.750519
2021-10-17 09:00:00,1435.0,1440.0,1360.0,1410.0,3257632.65663877,4583041377.225215
2021-10-18 09:00:00,1405.0,1450.0,1355.0,1450.0,4643863.5619094,6432469467.421761
2021-10-19 09:00:00,1445.0,1460.0,1390.0,1435.0,3683622.47699466,5213039733.865199
2021-10-20 09:00:00,1435.0,1450.0,1385.0,1445.0,4615519.83219656,6533167518.156388
2021-10-21 09:00:00,1445.0,1465.0,1410.0,1440.0,6958074.63810245,10026147604.124474
2021-10-22 09:00:00,1440.0,1495.0,1425.0,1490.0,8311559.2657264,12183622579.620256
2021-10-23 09:00:00,1490.0,1580.0,1475.0,1550.0,16414655.21772562,25022581668.50091
2021-10-24 09:00:00,1550.0,1630.0,1470.0,1485.0,25005211.04373802,39054919389.53461
2021-10-25 09:00:00,1485.0,1495.0,1460.0,1480.0,3623547.83874278,5337426636.064593
2021-10-26 09:00:00,1480.0,1480.0,1435.0,1445.0,4116742.84408553,5990998223.475061
2021-10-27 09:00:00,1450.0,1455.0,1265.0,1330.0,9815191.78810484,13307046824.33158
2021-10-28 09:00:00,1330.0,1390.0,1275.0,1385.0,4691104.69320909,6296025826.266955
2021-10-29 09:00:00,1385.0,1425.0,1355.0,1415.0,4718206.24834959,6529736417.996604
2021-10-30 09:00:00,1415.0,1465.0,1360.0,1445.0,9885975.91465532,13913361059.05703
2021-10-31 09:00:00,1445.0,1530.0,1365.0,1520.0,19250494.47949821,28028853617.37637
2021-11-01 09:00:00,1520.0,1540.0,1410.0,1475.0,12803942.1362185,18793540414.019135
2021-11-02 09:00:00,1470.0,1495.0,1425.0,1490.0,10715748.15161131,15569086196.29441
2021-11-03 09:00:00,1490.0,1500.0,1390.0,1500.0,9580419.39274481,13938732008.993223
2021-11-04 09:00:00,1500.0,1565.0,1465.0,1550.0,12305712.32987903,18506504413.641346
2021-11-05 09:00:00,1550.0,1550.0,1495.0,1520.0,7171219.4161488,10880328941.937887
2021-11-06 09:00:00,1520.0,1520.0,1460.0,1485.0,6308769.87481178,9392775670.068682
2021-11-07 09:00:00,1485.0,1500.0,1470.0,1490.0,3027137.70252457,4486521199.363577
2021-11-08 09:00:00,1490.0,1500.0,1455.0,1495.0,6527226.27643175,9649816027.695011
2021-11-09 09:00:00,1495.0,1545.0,1470.0,1545.0,11420773.60380805,17166641696.337637
2021-11-10 09:00:00,1540.0,1565.0,1420.0,1440.0,10331449.87131193,15438022844.791882
2021-11-11 09:00:00,1440.0,1460.0,1405.0,1440.0,4086009.18298221,5850651957.669344
2021-11-12 09:00:00,1440.0,1475.0,1385.0,1415.0,3788413.08755012,5377293597.883352
2021-11-13 09:00:00,1420.0,1450.0,1395.0,1440.0,2669378.91100541,3797749329.8925934
2021-11-14 09:00:00,1440.0,1440.0,1415.0,1430.0,1979925.98855556,2829194640.587128
2021-11-15 09:00:00,1435.0,1485.0,1415.0,1465.0,5400028.85238168,7772293758.951247
2021-11-16 09:00:00,1465.0,1470.0,1350.0,1410.0,9722279.81012167,13633021990.79559
2021-11-17 09:00:00,1410.0,1500.0,1365.0,1490.0,15995281.12553156,23014338907.462696
2021-11-18 09:00:00,1490.0,1510.0,1370.0,1400.0,13677066.38753729,19676826854.5131
2021-11-19 09:00:00,1400.0,1435.0,1310.0,1435.0,7364708.46198518,10240275199.624311
2021-11-20 09:00:00,1430.0,1480.0,1405.0,1475.0,7764207.7665892,11143713969.664244
2021-11-21 09:00:00,1480.0,1525.0,1430.0,1480.0,7870614.06700963,11542827341.865356
2021-11-22 09:00:00,1475.0,1480.0,1400.0,1425.0,6191219.26901809,8925873249.702177
2021-11-23 09:00:00,1425.0,1435.0,1380.0,1435.0,4638977.58330104,6533769525.189928
2021-11-24 09:00:00,1430.0,1440.0,1375.0,1400.0,5261471.20871111,7351757288.934137
2021-11-25 09:00:00,1410.0,1430.0,1380.0,1430.0,9811384.36737856,13761021861.449743
2021-11-26 09:00:00,1430.0,1475.0,1330.0,1400.0,13856628.19682219,19527832044.47787
2021-11-27 09:00:00,1400.0,1445.0,1370.0,1420.0,8240516.84449644,11665455712.21719
2021-11-28 09:00:00,1420.0,1440.0,1355.0,1405.0,5031501.63023675,6992321326.421468
2021-11-29 09:00:00,1405.0,1445.0,1385.0,1440.0,4476067.19018284,6308139716.178834
2021-11-30 09:00:00,1440.0,1440.0,1380.0,1400.0,5456289.04361198,7676524723.031227
2021-12-01 09:00:00,1400.0,1420.0,1375.0,1400.0,4778874.34955938,6673622971.871942
2021-12-02 09:00:00,1400.0,1405.0,1365.0,1395.0,3961172.79345662,5477055646.647874
2021-12-03 09:00:00,1390.0,1415.0,1355.0,1360.0,6823808.08821792,9439391805.675003
2021-12-04 09:00:00,1360.0,1365.0,955.0,1140.0,11779084.78656006,13619801218.573673
2021-12-05 09:00:00,1140.0,1175.0,1000.0,1055.0,6671031.16702048,7355955290.066482
2021-12-06 09:00:00,1055.0,1220.0,960.0,1115.0,32250217.68273958,35181936852.83751
2021-12-07 09:00:00,1115.0,1135.0,1060.0,1110.0,9072450.94671718,10045397348.005095
2021-12-08 09:00:00,1110.0,1200.0,1065.0,1185.0,15186057.58254517,17399871897.878513
2021-12-09 09:00:00,1185.0,1200.0,1070.0,1070.0,5891731.02305181,6621192073.906723
2021-12-10 09:00:00,1075.0,1090.0,998.0,1040.0,4602654.03569037,4817913646.041583
2021-12-11 09:00:00,1035.0,1080.0,1005.0,1060.0,2947076.55512102,3056343274.292661
2021-12-12 09:00:00,1060.0,1065.0,1020.0,1050.0,1692191.01661757,1759813388.4838495
2021-12-13 09:00:00,1045.0,1055.0,947.0,951.0,4040954.86972624,3983485604.8688707
2021-12-14 09:00:00,953.0,1020.0,884.0,941.0,10324987.60535578,9769962994.474384
2021-12-15 09:00:00,941.0,985.0,900.0,973.0,3692091.52739275,3476486459.7700076
2021-12-16 09:00:00,974.0,992.0,950.0,963.0,3263429.29822551,3162993363.8408694
2021-12-17 09:00:00,961.0,984.0,930.0,968.0,5155893.30255816,4933842965.684472
2021-12-18 09:00:00,969.0,978.0,946.0,975.0,1734333.57256177,1671613316.2795641
2021-12-19 09:00:00,975.0,978.0,961.0,963.0,1659661.71801399,1607264145.7284791
2021-12-20 09:00:00,964.0,964.0,882.0,915.0,3037952.79080568,2773313379.6915994
2021-12-21 09:00:00,916.0,941.0,890.0,941.0,2029861.01774322,1876765758.1763108
2021-12-22 09:00:00,940.0,977.0,931.0,960.0,4310783.7719299,4120491325.575968
2021-12-23 09:00:00,960.0,1010.0,960.0,1005.0,12221066.65790043,12095376519.11468
2021-12-24 09:00:00,1005.0,1035.0,993.0,996.0,3695160.32250209,3730863210.510714
2021-12-25 09:00:00,995.0,1020.0,991.0,1000.0,3165504.62200857,3171967275.5113883
2021-12-26 09:00:00,1000.0,1005.0,974.0,1000.0,2041353.63565642,2023903790.7206228
2021-12-27 09:00:00,1000.0,1015.0,989.0,1005.0,2620819.25377322,2621471296.720793
2021-12-28 09:00:00,1005.0,1010.0,928.0,935.0,2680744.08956444,2594296774.2236867
2021-12-29 09:00:00,936.0,965.0,894.0,905.0,2622912.19654212,2416247911.5822024
2021-12-30 09:00:00,905.0,931.0,884.0,919.0,1929962.08508422,1758440887.6193657
2021-12-31 09:00:00,918.0,930.0,901.0,920.0,1333079.3109743,1223646301.8695045
2022-01-01 09:00:00,919.0,1020.0,912.0,952.0,5058419.08933563,4911483393.121901
2022-01-02 09:00:00,951.0,1095.0,946.0,1010.0,27689584.12788697,27820926650.457645
2022-01-03 09:00:00,1015.0,1075.0,996.0,1035.0,8197381.38704423,8395105992.471249
2022-01-04 09:00:00,1035.0,1045.0,964.0,989.0,4747576.46371836,4708480332.802188
2022-01-05 09:00:00,989.0,1005.0,891.0,925.0,4287363.34810699,4141548479.4247646
2022-01-06 09:00:00,926.0,932.0,883.0,914.0,2979546.45217905,2690966696.843498
2022-01-07 09:00:00,917.0,1040.0,913.0,952.0,66394688.10848718,65454211223.21203
2022-01-08 09:00:00,952.0,955.0,885.0,909.0,7904348.46597289,7238335849.409441
2022-01-09 09:00:00,916.0,929.0,875.0,901.0,8115487.82432033,7228963874.644277
2022-01-10 09:00:00,900.0,905.0,800.0,846.0,7625957.40048067,6527666868.157072
2022-01-11 09:00:00,847.0,887.0,807.0,863.0,6903132.16864928,5846622103.704196
2022-01-12 09:00:00,863.0,893.0,835.0,887.0,4039620.09087776,3481721317.877666
2022-01-13 09:00:00,887.0,891.0,847.0,857.0,3782543.29087425,3295395325.5813317
2022-01-14 09:00:00,856.0,873.0,830.0,869.0,2878825.58190453,2450900894.7659063
2022-01-15 09:00:00,871.0,1005.0,867.0,906.0,60548716.80940974,56944417328.26096
2022-01-16 09:00:00,906.0,1005.0,901.0,966.0,77814347.55424942,74934241862.5458
2022-01-17 09:00:00,964.0,973.0,885.0,902.0,11006524.32415181,10107218816.124609
2022-01-18 09:00:00,903.0,907.0,851.0,867.0,4845547.06038981,4207687703.4304934
2022-01-19 09:00:00,867.0,896.0,814.0,837.0,4119352.46988757,3513042324.350412
2022-01-20 09:00:00,836.0,875.0,812.0,816.0,3497882.17983331,2944469740.02514
2022-01-21 09:00:00,819.0,849.0,707.0,722.0,5587588.6136078,4382116792.79951
2022-01-22 09:00:00,728.0,1005.0,714.0,877.0,434358910.59923965,398523499843.63696
2022-01-23 09:00:00,873.0,962.0,789.0,827.0,140007820.43129224,120950438405.5645
2022-01-24 09:00:00,827.0,873.0,687.0,764.0,59321394.54256566,46090935476.84167
2022-01-25 09:00:00,764.0,766.0,698.0,740.0,21722725.43847992,15649446166.596792
2022-01-26 09:00:00,742.0,777.0,715.0,750.0,37366804.952539,27835002849.92729
2022-01-27 09:00:00,754.0,754.0,714.0,743.0,12424791.48996372,9107382930.503962
2022-01-28 09:00:00,742.0,758.0,726.0,757.0,10010280.93394404,7378361730.977017
2022-01-29 09:00:00,756.0,774.0,745.0,774.0,16165924.49737607,12254419317.865099
2022-01-30 09:00:00,774.0,895.0,772.0,813.0,112252065.80431432,93335457321.13707
2022-01-31 09:00:00,812.0,817.0,752.0,781.0,16818558.52820414,12959787645.392958
2022-02-01 09:00:00,780.0,787.0,765.0,784.0,6378177.93369403,4925430716.198854
2022-02-02 09:00:00,783.0,892.0,777.0,783.0,76350729.36107983,62140574827.58595
2022-02-03 09:00:00,782.0,794.0,761.0,792.0,13212491.3809869,10239243088.611322
2022-02-04 09:00:00,793.0,853.0,777.0,834.0,41395687.27706924,34021948891.857285
2022-02-05 09:00:00,833.0,886.0,831.0,876.0,40727330.18431981,34870737280.35774
2022-02-06 09:00:00,876.0,876.0,830.0,869.0,14040934.53371643,12059996939.291504
2022-02-07 09:00:00,870.0,894.0,846.0,892.0,13125267.96014835,11354991462.421375
2022-02-08 09:00:00,892.0,913.0,815.0,865.0,18325351.41100154,15875868542.637804
2022-02-09 09:00:00,866.0,873.0,832.0,864.0,5190180.64143475,4408246903.30145
2022-02-10 09:00:00,863.0,873.0,815.0,840.0,10108611.12257521,8600360854.587858
2022-02-11 09:00:00,840.0,911.0,781.0,801.0,50141695.09944185,43416238487.8093
2022-02-12 09:00:00,798.0,809.0,766.0,809.0,5655752.21556441,4457892120.234837
2022-02-13 09:00:00,808.0,1485.0,788.0,1005.0,98750309.51661748,103981073507.3997
2022-02-14 09:00:00,1005.0,1270.0,902.0,1070.0,345597193.49321556,380340431984.27386
2022-02-15 09:00:00,1070.0,1170.0,1025.0,1100.0,126364810.87177868,139630188970.71478
2022-02-16 09:00:00,1100.0,1105.0,1000.0,1025.0,41909393.50303779,43682944604.44899
2022-02-17 09:00:00,1020.0,1030.0,911.0,925.0,31271916.91639129,30319522777.04695
2022-02-18 09:00:00,927.0,1015.0,913.0,982.0,96514311.59917134,94496893393.44823
2022-02-19 09:00:00,982.0,996.0,913.0,942.0,30716029.6203362,29138114419.623512
2022-02-20 09:00:00,949.0,988.0,865.0,894.0,50156114.37727012,46887766078.078415
2022-02-21 09:00:00,893.0,926.0,818.0,854.0,39962771.54950084,35262709582.268
2022-02-22 09:00:00,854.0,872.0,796.0,872.0,21224776.99880077,17574538700.333897
2022-02-23 09:00:00,873.0,895.0,831.0,874.0,24801460.82814103,21509617335.95967
2022-02-24 09:00:00,871.0,987.0,857.0,930.0,196273464.47314858,180809124213.16074
2022-02-25 09:00:00,928.0,949.0,880.0,948.0,60882262.31708608,55352946066.32361
2022-02-26 09:00:00,949.0,963.0,917.0,950.0,33586845.33447543,31408968178.127163
2022-02-27 09:00:00,952.0,952.0,892.0,939.0,23947115.86944078,21910482218.998775
2022-02-28 09:00:00,940.0,988.0,891.0,977.0,35102605.10953877,32640299429.88435
2022-03-01 09:00:00,977.0,996.0,937.0,978.0,38473078.59352865,36970658102.9537
2022-03-02 09:00:00,978.0,978.0,916.0,943.0,20056383.7330714,18864614960.857883
2022-03-03 09:00:00,943.0,945.0,911.0,935.0,9755454.38697163,9032942789.812151
2022-03-04 09:00:00,948.0,967.0,895.0,917.0,17080910.0993234,15775036448.783339
2022-03-05 09:00:00,917.0,922.0,884.0,917.0,6301384.47021843,5682168265.423651
2022-03-06 09:00:00,917.0,962.0,885.0,930.0,20806042.99111497,19237463760.182507
2022-03-07 09:00:00,928.0,930.0,880.0,901.0,15509629.46485332,13955099568.395584
2022-03-08 09:00:00,902.0,913.0,891.0,912.0,9354915.12153007,8432596945.921565
2022-03-09 09:00:00,912.0,926.0,901.0,925.0,13858173.721395,12703760962.168499
2022-03-10 09:00:00,925.0,925.0,886.0,897.0,10142479.41699195,9123014988.429548
2022-03-11 09:00:00,900.0,945.0,886.0,908.0,33053103.26181796,30101153629.007843
2022-03-12 09:00:00,908.0,908.0,894.0,897.0,4083090.45829196,3670387492.113921
2022-03-13 09:00:00,897.0,900.0,854.0,864.0,4992482.54460092,4410690527.927694
2022-03-14 09:00:00,861.0,870.0,833.0,869.0,5356657.94308621,4576884287.865286
2022-03-15 09:00:00,869.0,875.0,844.0,861.0,4316040.90498705,3705469501.9203434
2022-03-16 09:00:00,861.0,872.0,848.0,872.0,5662509.91471578,4862917423.007392
2022-03-17 09:00:00,872.0,875.0,853.0,872.0,4067301.68525861,3518164863.2869625
2022-03-18 09:00:00,872.0,912.0,860.0,900.0,10056194.28747474,8925211900.652637
2022-03-19 09:00:00,899.0,944.0,889.0,919.0,43509591.84114877,40271282434.60689
2022-03-20 09:00:00,919.0,923.0,898.0,902.0,12825070.65804841,11640007121.26346
2022-03-21 09:00:00,903.0,924.0,880.0,901.0,14644020.14403147,13212544167.580082
2022-03-22 09:00:00,900.0,937.0,895.0,934.0,16456437.20812736,15076793746.17545
2022-03-23 09:00:00,933.0,937.0,912.0,930.0,15652320.55302647,14454933325.223589
2022-03-24 09:00:00,930.0,936.0,916.0,935.0,11230926.79110802,10359809409.426311
2022-03-25 09:00:00,935.0,943.0,921.0,935.0,10797643.72467594,10037606822.509712
2022-03-26 09:00:00,935.0,975.0,921.0,974.0,14646352.60772854,13831409337.28687
2022-03-27 09:00:00,973.0,1040.0,937.0,1005.0,53594005.90623112,52925598866.72389
2022-03-28 09:00:00,1005.0,1030.0,989.0,1020.0,21893044.56038543,22076082278.41348
2022-03-29 09:00:00,1020.0,1070.0,973.0,1030.0,27011520.63512845,27719376345.373238
2022-03-30 09:00:00,1025.0,1050.0,990.0,1045.0,15848680.53238963,16077336745.675522
2022-03-31 09:00:00,1045.0,1085.0,1005.0,1080.0,25912988.74450245,27098848431.12199
2022-04-01 09:00:00,1080.0,1110.0,1015.0,1095.0,18557945.49256546,19593946863.62885
2022-04-02 09:00:00,1090.0,1150.0,1050.0,1125.0,23753816.02587441,26243163689.414177
2022-04-03 09:00:00,1120.0,1150.0,1070.0,1080.0,11645835.58980373,12738758162.843163
2022-04-04 09:00:00,1085.0,1100.0,986.0,1015.0,14152315.60497482,14573821350.928265
2022-04-05 09:00:00,1020.0,1030.0,997.0,1015.0,5910881.16188587,5994315694.16142
2022-04-06 09:00:00,1015.0,1015.0,928.0,936.0,10476536.68870514,10039546946.036585
2022-04-07 09:00:00,936.0,1015.0,905.0,975.0,23576837.63534028,22683792102.85662
2022-04-08 09:00:00,976.0,983.0,938.0,950.0,7025082.85273934,6761371084.141309
2022-04-09 09:00:00,950.0,961.0,930.0,959.0,2265552.63895686,2138237953.6298816
2022-04-10 09:00:00,959.0,960.0,931.0,936.0,2008323.69109923,1894423603.6378765
2022-04-11 09:00:00,935.0,937.0,868.0,881.0,5562478.0473632,4975298166.9820385
2022-04-12 09:00:00,878.0,926.0,850.0,911.0,5429703.57369964,4848557450.90081
2022-04-13 09:00:00,912.0,945.0,889.0,938.0,6608888.34794029,6091231418.174422
2022-04-14 09:00:00,945.0,960.0,903.0,912.0,7213524.92582313,6696683203.008537
2022-04-15 09:00:00,911.0,919.0,899.0,917.0,2335367.91027967,2120516777.8050296
2022-04-16 09:00:00,914.0,924.0,900.0,911.0,2493809.94369162,2277453249.3418674
2022-04-17 09:00:00,909.0,944.0,900.0,903.0,3110995.16009957,2850036001.9957438
2022-04-18 09:00:00,903.0,925.0,849.0,909.0,5492480.88380068,4835905569.4488735
2022-04-19 09:00:00,909.0,928.0,890.0,915.0,4293473.34000603,3918626307.306051
2022-04-20 09:00:00,915.0,1040.0,915.0,961.0,88743802.508206,85530435397.37762
2022-04-21 09:00:00,962.0,982.0,926.0,975.0,33423151.50786269,31768330500.52148
2022-04-22 09:00:00,975.0,997.0,939.0,959.0,26221202.06626796,25352241361.658386
2022-04-23 09:00:00,959.0,968.0,923.0,933.0,5666884.36048052,5299039762.717075
2022-04-24 09:00:00,933.0,935.0,892.0,900.0,5343989.74787015,4873220272.23966
2022-04-25 09:00:00,901.0,926.0,846.0,891.0,8438694.77033641,7438175838.870527
2022-04-26 09:00:00,892.0,906.0,849.0,854.0,4840465.07479129,4249184718.802727
2022-04-27 09:00:00,853.0,878.0,841.0,874.0,4031466.04819515,3460337392.0400314
2022-04-28 09:00:00,874.0,933.0,861.0,883.0,21613643.81602693,19418995562.591026
2022-04-29 09:00:00,883.0,905.0,850.0,865.0,6712903.23890909,5878295416.129748
2022-04-30 09:00:00,868.0,882.0,802.0,804.0,2933790.29801066,2461562591.3015614
2022-05-01 09:00:00,804.0,818.0,755.0,817.0,3807053.65912873,3008408288.0948086
2022-05-02 09:00:00,819.0,820.0,771.0,805.0,2412286.39405316,1937880540.0873098
2022-05-03 09:00:00,805.0,807.0,789.0,793.0,2135447.44910086,1706584542.5191822
2022-05-04 09:00:00,792.0,843.0,776.0,842.0,6067648.44455703,4876458369.751895
2022-05-05 09:00:00,842.0,849.0,765.0,776.0,6114206.08114345,4970274166.843238
2022-05-06 09:00:00,779.0,779.0,729.0,760.0,3632059.46918442,2730142083.363618
2022-05-07 09:00:00,760.0,761.0,730.0,733.0,2680588.30779102,1982310554.1417205
2022-05-08 09:00:00,733.0,738.0,701.0,708.0,3186781.88139453,2274371709.7760167
2022-05-09 09:00:00,708.0,731.0,618.0,624.0,7917081.98505113,5357428655.242994
2022-05-10 09:00:00,624.0,660.0,580.0,631.0,9729234.04550355,6146514797.32706
2022-05-11 09:00:00,628.0,644.0,487.0,500.0,8727909.60699097,4849017258.893798
2022-05-12 09:00:00,500.0,508.0,375.0,425.0,11405855.81343553,4943786838.523688
2022-05-13 09:00:00,423.0,498.0,416.0,473.0,9424754.9064899,4291727645.176326
2022-05-14 09:00:00,473.0,543.0,460.0,510.0,12379536.81804708,6286414371.822013
2022-05-15 09:00:00,510.0,540.0,480.0,539.0,5646779.24268188,2902929231.326633
2022-05-16 09:00:00,539.0,676.0,537.0,560.0,122664655.22421058,75667699189.66824
2022-05-17 09:00:00,559.0,565.0,527.0,563.0,24809021.79463858,13460743929.891367
2022-05-18 09:00:00,563.0,564.0,480.0,483.0,10095417.10700351,5307253634.917101
2022-05-19 09:00:00,484.0,534.0,448.0,506.0,23346230.5594536,11602263775.346888
2022-05-20 09:00:00,503.0,508.0,473.0,491.0,5574188.61491739,2752535733.9785175
2022-05-21 09:00:00,491.0,500.0,473.0,494.0,2762895.60029127,1341326055.8008091
2022-05-22 09:00:00,494.0,574.0,491.0,532.0,37507046.24437535,20013211631.748302
2022-05-23 09:00:00,532.0,633.0,498.0,509.0,89415822.61150156,52179121596.46915
2022-05-24 09:00:00,510.0,540.0,476.0,509.0,7580666.06185897,3859088873.5555053
2022-05-25 09:00:00,510.0,536.0,490.0,521.0,17357778.82075588,9036651419.089334
2022-05-26 09:00:00,522.0,522.0,478.0,495.0,5897752.57495787,2954887612.4130507
2022-05-27 09:00:00,496.0,550.0,484.0,513.0,25946558.17475799,13299597111.332184
2022-05-28 09:00:00,514.0,545.0,496.0,514.0,12125018.14634194,6284091411.315829
2022-05-29 09:00:00,517.0,530.0,499.0,521.0,4347716.87441862,2237769878.3822465
2022-05-30 09:00:00,521.0,553.0,512.0,547.0,5743771.55882899,3047806433.215312
2022-05-31 09:00:00,547.0,548.0,527.0,541.0,5433832.30421325,2918922588.0920105
2022-06-01 09:00:00,541.0,639.0,522.0,533.0,32502943.06294793,18823654685.132736
2022-06-02 09:00:00,532.0,567.0,518.0,557.0,11189315.54044062,6097510775.962384
2022-06-03 09:00:00,556.0,560.0,524.0,548.0,4529511.59064525,2470207970.3187156
2022-06-04 09:00:00,546.0,555.0,530.0,545.0,3464556.66621228,1875558850.6147678
2022-06-05 09:00:00,543.0,650.0,534.0,572.0,122825568.90511908,72724916691.05363
2022-06-06 09:00:00,572.0,911.0,572.0,672.0,451431290.239959,352844994219.6044
2022-06-07 09:00:00,674.0,674.0,583.0,605.0,51706645.05761915,32007551636.303116
2022-06-08 09:00:00,606.0,606.0,576.0,586.0,10317305.67968469,6046256124.1732855
2022-06-09 09:00:00,587.0,636.0,566.0,572.0,25975750.95303183,15499107914.95037
2022-06-10 09:00:00,571.0,575.0,533.0,557.0,8392072.44349012,4636512567.334726
2022-06-11 09:00:00,557.0,582.0,516.0,579.0,26447343.12892401,14821810514.219282
2022-06-12 09:00:00,579.0,579.0,495.0,512.0,18420082.40086473,9616890028.12194
2022-06-13 09:00:00,512.0,513.0,410.0,427.0,16653982.4755818,7495342521.076787
2022-06-14 09:00:00,428.0,434.0,374.0,433.0,11603720.03380039,4788457296.552842
2022-06-15 09:00:00,433.0,459.0,391.0,459.0,15655147.07066748,6709209426.944465
2022-06-16 09:00:00,458.0,477.0,418.0,435.0,19865435.98708662,8949699732.830118
2022-06-17 09:00:00,436.0,468.0,420.0,467.0,9515209.40829691,4205283268.843249
2022-06-18 09:00:00,468.0,486.0,421.0,442.0,13116625.50455105,5885083933.448174
2022-06-19 09:00:00,443.0,459.0,412.0,457.0,10543004.98931139,4576559566.62484
2022-06-20 09:00:00,457.0,463.0,432.0,457.0,9745917.52000264,4353475274.0841675
2022-06-21 09:00:00,457.0,497.0,457.0,480.0,30821491.40948514,14574155304.084555
2022-06-22 09:00:00,480.0,499.0,456.0,497.0,12584172.13477196,5937240454.878092
2022-06-23 09:00:00,498.0,516.0,475.0,513.0,17004076.0272786,8318603931.706225
2022-06-24 09:00:00,513.0,525.0,496.0,520.0,13157510.14915971,6639969156.537384
2022-06-25 09:00:00,519.0,521.0,488.0,513.0,8861519.32271052,4490599340.55907
2022-06-26 09:00:00,516.0,539.0,503.0,509.0,16803931.00975148,8721441336.536657
2022-06-27 09:00:00,509.0,606.0,493.0,519.0,58481362.61798795,31248914971.84106
2022-06-28 09:00:00,519.0,535.0,503.0,510.0,20688660.57675077,10697896409.885658
2022-06-29 09:00:00,510.0,516.0,478.0,493.0,8525400.11400229,4196936668.6434836
2022-06-30 09:00:00,493.0,493.0,443.0,467.0,8889503.70666184,4090362151.777191
2022-07-01 09:00:00,467.0,492.0,445.0,488.0,15163400.26329899,7217312353.748547
2022-07-02 09:00:00,488.0,500.0,470.0,488.0,5959494.30647051,2880733741.762007
2022-07-03 09:00:00,488.0,490.0,477.0,487.0,2929100.55847221,1413525678.4503336
2022-07-04 09:00:00,501.0,535.0,472.0,492.0,44251984.02268569,22381586235.701065
2022-07-05 09:00:00,494.0,504.0,475.0,487.0,11470714.09482887,5587400125.542125
2022-07-06 09:00:00,487.0,487.0,475.0,485.0,4693314.76734331,2256215315.2300344
2022-07-07 09:00:00,484.0,501.0,479.0,500.0,4475614.68337447,2188057060.270243
2022-07-08 09:00:00,499.0,506.0,487.0,504.0,9490068.03285263,4712137403.106682
2022-07-09 09:00:00,515.0,534.0,497.0,516.0,29394116.92322765,15168079303.012436
2022-07-10 09:00:00,516.0,516.0,498.0,503.0,6568655.19838254,3317597486.0225153
2022-07-11 09:00:00,502.0,503.0,475.0,476.0,6535681.95893878,3168401957.875117
2022-07-12 09:00:00,477.0,498.0,456.0,462.0,8282351.32968708,3947962588.243671
2022-07-13 09:00:00,462.0,476.0,435.0,470.0,7101434.84176126,3249957400.4634323
2022-07-14 09:00:00,471.0,477.0,449.0,476.0,4390278.97115292,2032198591.9496317
2022-07-15 09:00:00,477.0,491.0,466.0,486.0,10030322.23067768,4804892857.52557
2022-07-16 09:00:00,485.0,495.0,476.0,493.0,4081224.28951086,1977568420.7330203
2022-07-17 09:00:00,492.0,495.0,484.0,487.0,4122874.58527456,2013264312.3522716
2022-07-18 09:00:00,487.0,512.0,479.0,510.0,11898171.48012807,5953477536.514919
2022-07-19 09:00:00,511.0,527.0,498.0,525.0,10791463.48506217,5509168812.721996
2022-07-20 09:00:00,525.0,550.0,501.0,509.0,28218282.03354913,14970611035.613997
2022-07-21 09:00:00,508.0,516.0,487.0,512.0,7251548.40956493,3640943189.6251745
2022-07-22 09:00:00,511.0,545.0,511.0,537.0,38020543.17739782,20104489472.9855
2022-07-23 09:00:00,538.0,553.0,512.0,524.0,13042899.40214782,6848841634.043574
2022-07-24 09:00:00,524.0,524.0,515.0,520.0,4784539.47612871,2485654200.3415713
2022-07-25 09:00:00,521.0,548.0,496.0,498.0,28607973.39908456,15058984527.762398
2022-07-26 09:00:00,499.0,500.0,482.0,495.0,5082043.53609943,2494966058.763482
2022-07-27 09:00:00,495.0,516.0,487.0,516.0,6121394.72868016,3062178502.623758
2022-07-28 09:00:00,516.0,546.0,507.0,535.0,28474965.47168418,14936782387.417257
2022-07-29 09:00:00,535.0,552.0,522.0,540.0,22546668.93810004,12034696745.702038
2022-07-30 09:00:00,540.0,545.0,528.0,535.0,8687230.09099688,4651800774.460852
2022-07-31 09:00:00,536.0,605.0,530.0,582.0,66740493.87493875,37542768515.01656
2022-08-01 09:00:00,582.0,608.0,555.0,605.0,31871708.0145682,18359460686.559364
2022-08-02 09:00:00,605.0,606.0,544.0,575.0,17058060.03357673,9752633119.570086
2022-08-03 09:00:00,575.0,576.0,551.0,567.0,7674706.9571205,4309737156.004392
2022-08-04 09:00:00,567.0,577.0,557.0,572.0,7755403.44136936,4378102370.793658
2022-08-05 09:00:00,570.0,597.0,563.0,589.0,28574023.25011019,16657527535.096954
2022-08-06 09:00:00,589.0,598.0,583.0,592.0,6344254.88620292,3728684317.805856
2022-08-07 09:00:00,592.0,597.0,583.0,590.0,5997680.70555245,3526539086.6761475
2022-08-08 09:00:00,589.0,594.0,581.0,591.0,6685130.87529681,3926414787.5747485
2022-08-09 09:00:00,593.0,593.0,562.0,571.0,6849482.03799842,3948817857.395033
2022-08-10 09:00:00,571.0,588.0,555.0,588.0,7728254.18422758,4440918137.348314
2022-08-11 09:00:00,587.0,630.0,584.0,606.0,25750478.63669041,15561206772.918596
2022-08-12 09:00:00,606.0,615.0,585.0,614.0,11465279.96950577,6889780942.116459
2022-08-13 09:00:00,613.0,624.0,603.0,621.0,8026817.14184661,4905453266.18158
2022-08-14 09:00:00,619.0,620.0,604.0,612.0,8441722.79427904,5168879851.603285
2022-08-15 09:00:00,612.0,622.0,591.0,608.0,9278043.72553993,5635252391.727096
2022-08-16 09:00:00,608.0,687.0,600.0,617.0,85785463.93763854,55044149226.88122
2022-08-17 09:00:00,618.0,630.0,588.0,595.0,27718271.07054531,16897593111.36169
2022-08-18 09:00:00,595.0,595.0,581.0,582.0,4444965.33094291,2609909406.3730674
2022-08-19 09:00:00,582.0,582.0,501.0,508.0,15072038.88435202,7944843694.272204
2022-08-20 09:00:00,508.0,525.0,501.0,514.0,5770651.6329603,2966039853.547863
2022-08-21 09:00:00,514.0,523.0,505.0,521.0,2574593.80850987,1324613886.631817
2022-08-22 09:00:00,521.0,541.0,488.0,506.0,8209401.34990964,4245624721.113174
2022-08-23 09:00:00,505.0,511.0,491.0,509.0,2804311.00229058,1411219900.2251174
2022-08-24 09:00:00,509.0,515.0,500.0,509.0,2566142.8353206,1300820456.3205247
2022-08-25 09:00:00,508.0,524.0,504.0,523.0,4669263.04777255,2402381350.098446
2022-08-26 09:00:00,521.0,521.0,484.0,490.0,6322192.59714288,3209749544.704058
2022-08-27 09:00:00,489.0,504.0,481.0,492.0,3968737.27652995,1944867334.1762662
2022-08-28 09:00:00,491.0,497.0,480.0,483.0,2503142.31276372,1226053141.17664
2022-08-29 09:00:00,483.0,498.0,475.0,497.0,2619078.30603852,1272525450.997422
2022-08-30 09:00:00,498.0,523.0,487.0,498.0,25468935.70214769,12987877212.332739
2022-08-31 09:00:00,498.0,503.0,494.0,501.0,2250028.8405832,1122258501.6215286
2022-09-01 09:00:00,502.0,502.0,481.0,496.0,2424393.2089867,1189724073.6669786
2022-09-02 09:00:00,497.0,497.0,487.0,493.0,1808642.75751358,888275920.4448858
2022-09-03 09:00:00,493.0,493.0,486.0,492.0,1098379.91693256,537571220.4202347
2022-09-04 09:00:00,490.0,493.0,486.0,493.0,1103590.77660917,540154461.2991889
2022-09-05 09:00:00,493.0,493.0,479.0,490.0,2043642.76834489,991252405.0752906
2022-09-06 09:00:00,487.0,493.0,470.0,472.0,2749260.86296916,1331808636.6610248
2022-09-07 09:00:00,472.0,480.0,457.0,478.0,2243224.01730678,1048959225.5802256
2022-09-08 09:00:00,478.0,546.0,475.0,493.0,25926051.1663321,13029046197.753162
2022-09-09 09:00:00,492.0,508.0,489.0,504.0,5455697.37429421,2712251970.1788526
2022-09-10 09:00:00,506.0,566.0,504.0,517.0,110742015.06695868,59648947709.70198
2022-09-11 09:00:00,517.0,517.0,505.0,513.0,10904364.2579127,5560897368.130666
2022-09-12 09:00:00,514.0,516.0,507.0,513.0,8200032.77907331,4189158737.8964844
2022-09-13 09:00:00,511.0,513.0,479.0,483.0,8834477.94811807,4382891445.511887
2022-09-14 09:00:00,482.0,491.0,476.0,491.0,4042485.32477688,1958032793.4479764
2022-09-15 09:00:00,491.0,519.0,480.0,497.0,27690417.75303441,13807743759.40169
2022-09-16 09:00:00,497.0,509.0,487.0,501.0,20737870.47003941,10330942583.287838
2022-09-17 09:00:00,502.0,518.0,493.0,502.0,10215257.58615845,5139869624.608388
2022-09-18 09:00:00,501.0,502.0,465.0,471.0,4974744.68282028,2426635781.0027122
2022-09-19 09:00:00,473.0,477.0,450.0,477.0,3502400.61119356,1620272354.3345623
2022-09-20 09:00:00,477.0,477.0,460.0,468.0,2114685.38543474,989200964.991376
2022-09-21 09:00:00,466.0,483.0,456.0,465.0,4273818.29246224,2008033059.2704623
2022-09-22 09:00:00,465.0,481.0,459.0,481.0,2701472.26428374,1274287736.6199257
2022-09-23 09:00:00,480.0,485.0,469.0,483.0,4651899.92474178,2223700395.0899887
2022-09-24 09:00:00,484.0,484.0,476.0,482.0,1901181.89291145,913535438.0000687
2022-09-25 09:00:00,482.0,482.0,473.0,475.0,1967563.3442986,939832008.9449407
2022-09-26 09:00:00,475.0,476.0,462.0,473.0,2637854.86516722,1237883709.4132435
2022-09-27 09:00:00,476.0,483.0,463.0,477.0,7116552.59085258,3383232047.1689596
2022-09-28 09:00:00,477.0,477.0,461.0,472.0,2577431.28174369,1207087476.164549
2022-09-29 09:00:00,471.0,473.0,463.0,470.0,1791106.92326862,840194093.2255825
2022-09-30 09:00:00,469.0,471.0,464.0,468.0,2252604.78059114,1051892824.8273729
2022-10-01 09:00:00,468.0,474.0,466.0,471.0,1290604.27600471,605538949.3858448
2022-10-02 09:00:00,471.0,512.0,469.0,472.0,56045932.85140336,27453079784.79921
2022-10-03 09:00:00,472.0,473.0,460.0,469.0,7450834.87261564,3459933196.896676
2022-10-04 09:00:00,469.0,471.0,464.0,470.0,3319122.37989536,1548666770.5153213
2022-10-05 09:00:00,471.0,471.0,462.0,468.0,2889142.46593676,1345670288.1435142
2022-10-06 09:00:00,468.0,488.0,465.0,471.0,17081878.3427277,8123043768.571639
2022-10-07 09:00:00,473.0,477.0,462.0,469.0,5737649.87865925,2675459933.051185
2022-10-08 09:00:00,469.0,488.0,466.0,486.0,14228241.892024,6800699051.376784
2022-10-09 09:00:00,485.0,509.0,468.0,475.0,32327697.42018583,15755345168.292028
2022-10-10 09:00:00,475.0,475.0,465.0,465.0,5739038.51364622,2694804220.2612453
2022-10-11 09:00:00,465.0,490.0,457.0,463.0,11647985.76592556,5482641592.182802
2022-10-12 09:00:00,463.0,464.0,459.0,462.0,1282780.976305,590961448.8410295
2022-10-13 09:00:00,462.0,463.0,418.0,451.0,4545121.93604222,2012566600.5439677
2022-10-14 09:00:00,451.0,457.0,447.0,451.0,2157396.40879722,976306577.0948637
2022-10-15 09:00:00,451.0,451.0,445.0,451.0,1141583.37984482,511363066.42853504
2022-10-16 09:00:00,451.0,456.0,449.0,455.0,894359.67313514,404308413.8628219
2022-10-17 09:00:00,456.0,463.0,449.0,460.0,4952750.55486104,2258853597.8659315
2022-10-18 09:00:00,460.0,461.0,450.0,457.0,2168267.44792365,988682688.218908
2022-10-19 09:00:00,457.0,464.0,437.0,447.0,3645868.09180278,1641565502.117923
2022-10-20 09:00:00,447.0,451.0,439.0,445.0,1788304.5660941,794353416.3301727
2022-10-21 09:00:00,445.0,446.0,432.0,445.0,1687351.2983427,744737404.5197611
2022-10-22 09:00:00,445.0,460.0,441.0,450.0,2525956.77870815,1135276431.6974795
2022-10-23 09:00:00,448.0,504.0,446.0,461.0,47132007.32556617,22212277502.768723
2022-10-24 09:00:00,460.0,464.0,449.0,456.0,13860570.9817699,6304606493.785908
2022-10-25 09:00:00,456.0,461.0,449.0,460.0,6013997.84836988,2736476890.0340223
2022-10-26 09:00:00,460.0,462.0,456.0,461.0,3748261.86382184,1718823144.786137
2022-10-27 09:00:00,461.0,463.0,447.0,452.0,4461620.4129177,2037095966.9539852
2022-10-28 09:00:00,451.0,458.0,444.0,458.0,4007113.25290456,1800025863.9122488
2022-10-29 09:00:00,457.0,478.0,456.0,460.0,16157335.70827891,7517798799.08805
2022-10-30 09:00:00,459.0,461.0,452.0,459.0,3630424.75507275,1657210944.5712318
2022-10-31 09:00:00,459.0,500.0,449.0,465.0,54805120.24151518,25932342069.470253
2022-11-01 09:00:00,466.0,469.0,458.0,463.0,7378903.98617403,3416728530.604529
2022-11-02 09:00:00,462.0,464.0,446.0,453.0,4515774.63418262,2054315807.760603
2022-11-03 09:00:00,453.0,462.0,449.0,461.0,3351379.59955943,1529494625.0699117
2022-11-04 09:00:00,461.0,471.0,457.0,471.0,5626451.2980525,2610635484.463506
2022-11-05 09:00:00,472.0,484.0,466.0,475.0,11130991.68117592,5282778812.2039995
2022-11-06 09:00:00,475.0,477.0,461.0,465.0,3283443.92911172,1539976737.2921321
2022-11-07 09:00:00,465.0,474.0,455.0,464.0,3996733.40079521,1850724281.1082056
2022-11-08 09:00:00,463.0,464.0,400.0,412.0,6729398.00471338,2935813526.2732825
2022-11-09 09:00:00,414.0,420.0,301.0,314.0,8112429.95875753,2937152223.000723
2022-11-10 09:00:00,314.0,362.0,308.0,361.0,8059592.55465388,2688026215.763392
2022-11-11 09:00:00,361.0,364.0,322.0,338.0,4512332.52444798,1555385674.0083096
2022-11-12 09:00:00,339.0,398.0,320.0,337.0,19751120.05380159,6949671616.901937
2022-11-13 09:00:00,334.0,336.0,305.0,315.0,5568464.7090978,1793237486.7116458
2022-11-14 09:00:00,315.0,315.0,283.0,312.0,6372392.77893755,1916355148.0867593
2022-11-15 09:00:00,311.0,341.0,304.0,326.0,9950534.14126995,3224922662.034443
2022-11-16 09:00:00,326.0,332.0,315.0,325.0,4985840.59075987,1617269065.8987148
2022-11-17 09:00:00,326.0,326.0,312.0,320.0,1922461.0110639,611539626.2345973
2022-11-18 09:00:00,319.0,331.0,317.0,329.0,2283948.79446644,741104510.6980776
2022-11-19 09:00:00,329.0,380.0,326.0,352.0,19903709.6979637,6978825543.23676
2022-11-20 09:00:00,351.0,437.0,340.0,359.0,118963286.60888097,46332821582.16092
2022-11-21 09:00:00,351.0,359.0,330.0,347.0,16501267.67974791,5628281409.573199
2022-11-22 09:00:00,347.0,388.0,330.0,348.0,18497916.77132159,6456723099.577462
2022-11-23 09:00:00,348.0,360.0,341.0,358.0,8943390.68644801,3108742683.1990986
2022-11-24 09:00:00,356.0,360.0,330.0,352.0,9335773.94146239,3241114725.3964276
2022-11-25 09:00:00,350.0,355.0,336.0,350.0,5079014.80914282,1755961617.749579
2022-11-26 09:00:00,349.0,353.0,343.0,352.0,3972576.84133827,1378638722.7798903
2022-11-27 09:00:00,351.0,360.0,347.0,354.0,9494116.05732206,3350330907.8257265
2022-11-28 09:00:00,354.0,354.0,336.0,350.0,5170669.16082371,1773597421.5842419
2022-11-29 09:00:00,351.0,382.0,340.0,353.0,29198892.26152553,10524495085.630474
2022-11-30 09:00:00,353.0,356.0,346.0,354.0,8079700.08229236,2833467842.8146415
2022-12-01 09:00:00,354.0,354.0,346.0,353.0,3574997.3830323,1252741193.1886158
2022-12-02 09:00:00,352.0,352.0,338.0,351.0,3790881.80774432,1310458160.836329
2022-12-03 09:00:00,352.0,353.0,346.0,353.0,1909525.66949067,666368338.1306332
2022-12-04 09:00:00,350.0,353.0,346.0,351.0,2254894.95946363,787295706.1974121
2022-12-05 09:00:00,352.0,353.0,344.0,347.0,2723203.5342279,947449003.2421416
2022-12-06 09:00:00,346.0,348.0,342.0,347.0,1748227.27293233,602667051.5830853
2022-12-07 09:00:00,347.0,347.0,332.0,343.0,2897993.52267956,978058934.3830386
2022-12-08 09:00:00,343.0,349.0,334.0,346.0,3935208.61385477,1341296227.6620753
2022-12-09 09:00:00,346.0,350.0,342.0,350.0,3506702.72487663,1211298722.6483092
2022-12-10 09:00:00,350.0,372.0,345.0,354.0,16311376.9366648,5815277294.309064
2022-12-11 09:00:00,354.0,361.0,348.0,351.0,5565174.5155903,1967652466.1810904
2022-12-12 09:00:00,350.0,350.0,333.0,342.0,5299377.65032285,1797999030.0888245
2022-12-13 09:00:00,341.0,368.0,331.0,368.0,18202620.33724184,6418660571.3378525
2022-12-14 09:00:00,367.0,368.0,344.0,347.0,8081189.59406083,2848057606.4012713
2022-12-15 09:00:00,347.0,354.0,334.0,336.0,5730048.59767755,1951868526.3609705
2022-12-16 09:00:00,337.0,343.0,300.0,306.0,4839840.14114124,1577656926.145604
2022-12-17 09:00:00,307.0,310.0,287.0,303.0,2536315.42161493,752180891.0865939
2022-12-18 09:00:00,303.0,309.0,299.0,308.0,1291724.46348752,391569916.5686237
2022-12-19 09:00:00,308.0,308.0,280.0,288.0,2619618.0154141,770622826.9790642
2022-12-20 09:00:00,287.0,308.0,282.0,302.0,3328320.73488428,984597138.2904627
2022-12-21 09:00:00,301.0,306.0,296.0,301.0,3225476.8176864,971456922.8837465
2022-12-22 09:00:00,301.0,303.0,292.0,299.0,1996728.78123636,593733697.202762
2022-12-23 09:00:00,300.0,303.0,296.0,301.0,1680579.39749557,502707011.89121693
2022-12-24 09:00:00,301.0,319.0,299.0,319.0,3887372.34445439,1194044641.752854
2022-12-25 09:00:00,319.0,333.0,301.0,307.0,20719388.14308634,6602349814.129873
2022-12-26 09:00:00,307.0,307.0,294.0,297.0,2658731.67244374,793205907.5740296
2022-12-27 09:00:00,298.0,299.0,290.0,294.0,1552413.75103488,455063869.4915794
2022-12-28 09:00:00,294.0,295.0,270.0,276.0,2915351.00981655,819086839.9511516
2022-12-29 09:00:00,275.0,283.0,264.0,276.0,2281199.71752083,620417524.0192982
2022-12-30 09:00:00,274.0,276.0,261.0,269.0,1411307.80327424,378292224.9966023
2022-12-31 09:00:00,269.0,276.0,266.0,273.0,1720376.03814724,468602997.029174
2023-01-01 09:00:00,272.0,283.0,270.0,281.0,2004902.01668461,554111024.6546291
2023-01-02 09:00:00,281.0,298.0,273.0,282.0,15921288.00795203,4525480423.912534
2023-01-03 09:00:00,281.0,281.0,276.0,279.0,3426836.66229643,956122293.3564774
2023-01-04 09:00:00,278.0,284.0,276.0,283.0,2880252.28701925,807476536.2870026
2023-01-05 09:00:00,283.0,283.0,275.0,281.0,3273103.97111578,916574819.9675184
2023-01-06 09:00:00,281.0,281.0,271.0,278.0,2474656.42184278,682346871.7583525
2023-01-07 09:00:00,277.0,279.0,276.0,279.0,1639596.70779579,455369281.73581266
2023-01-08 09:00:00,278.0,285.0,277.0,284.0,2928411.12518715,820139273.9084966
2023-01-09 09:00:00,283.0,294.0,281.0,291.0,6036399.50408337,1734256081.928969
2023-01-10 09:00:00,290.0,297.0,285.0,295.0,5816496.58698225,1690664020.3795567
2023-01-11 09:00:00,295.0,309.0,292.0,303.0,11597722.25057689,3472572936.61004
2023-01-12 09:00:00,304.0,308.0,292.0,307.0,6638892.81456313,1993134094.502829
2023-01-13 09:00:00,306.0,316.0,302.0,314.0,6976219.42128289,2141543343.2282555
2023-01-14 09:00:00,313.0,329.0,303.0,325.0,20670389.75509973,6555389153.542848
2023-01-15 09:00:00,323.0,352.0,312.0,338.0,31728861.45966485,10526223502.960789
2023-01-16 09:00:00,336.0,362.0,322.0,355.0,15363367.26108808,5198544249.402511
2023-01-17 09:00:00,354.0,362.0,337.0,360.0,19093218.48450394,6613797219.469502
2023-01-18 09:00:00,361.0,377.0,330.0,338.0,30561995.68258111,10883022384.90323
2023-01-19 09:00:00,337.0,351.0,332.0,351.0,7511643.62558304,2556801473.099986
2023-01-20 09:00:00,349.0,366.0,342.0,363.0,8729462.40655072,3075327377.8536325
2023-01-21 09:00:00,364.0,386.0,355.0,365.0,43327868.15048488,16143419933.73757
2023-01-22 09:00:00,364.0,369.0,359.0,366.0,7465690.72918594,2706767000.257543
2023-01-23 09:00:00,364.0,370.0,359.0,368.0,9425184.88106423,3422110457.303806
2023-01-24 09:00:00,368.0,393.0,344.0,361.0,29163341.25255928,10865065566.709797
2023-01-25 09:00:00,361.0,386.0,345.0,370.0,20419440.98267724,7337955092.729255
2023-01-26 09:00:00,370.0,376.0,362.0,375.0,14125243.43441989,5195716090.930767
2023-01-27 09:00:00,375.0,408.0,363.0,394.0,35986966.81628585,13844547803.432644
2023-01-28 09:00:00,394.0,394.0,375.0,385.0,9693027.30732482,3723640603.2920966
2023-01-29 09:00:00,385.0,390.0,378.0,389.0,6369535.23456937,2437002629.011852
2023-01-30 09:00:00,387.0,427.0,361.0,372.0,114539585.23444223,46181407116.826126
2023-01-31 09:00:00,372.0,373.0,354.0,369.0,12131405.78335008,4392392476.293303
2023-02-01 09:00:00,369.0,374.0,346.0,372.0,12280735.205872,4415599863.473983
2023-02-02 09:00:00,372.0,381.0,369.0,381.0,10217616.03223242,3830399545.0692973
2023-02-03 09:00:00,381.0,391.0,374.0,390.0,10898722.92330581,4160110211.1721635
2023-02-04 09:00:00,389.0,413.0,387.0,410.0,14804774.6424851,5884427885.073509
2023-02-05 09:00:00,409.0,457.0,370.0,404.0,71987045.85870904,29705495503.133442
2023-02-06 09:00:00,404.0,416.0,391.0,408.0,31662650.73751628,12824814017.095188
2023-02-07 09:00:00,406.0,412.0,394.0,411.0,9305296.57316277,3731684950.4358916
2023-02-08 09:00:00,411.0,417.0,398.0,416.0,10424737.27515947,4274821139.3580055
2023-02-09 09:00:00,416.0,555.0,387.0,420.0,384485601.31243867,182626726814.41077
2023-02-10 09:00:00,422.0,495.0,393.0,415.0,114843279.88871457,49751709353.8608
2023-02-11 09:00:00,415.0,417.0,398.0,405.0,12598997.09145426,5070424033.973285
2023-02-12 09:00:00,405.0,415.0,394.0,401.0,20853613.95726001,8433313088.902847
2023-02-13 09:00:00,401.0,401.0,365.0,379.0,13927507.4946198,5308607878.771283
2023-02-14 09:00:00,380.0,385.0,361.0,384.0,7979702.09798993,2990155434.5597153
2023-02-15 09:00:00,385.0,407.0,382.0,404.0,23151669.6776087,9077685055.668861
2023-02-16 09:00:00,404.0,419.0,400.0,413.0,21523019.96692629,8807426951.02751
2023-02-17 09:00:00,412.0,450.0,401.0,431.0,37519890.59694293,15850548049.858583
2023-02-18 09:00:00,429.0,465.0,426.0,447.0,52353717.09417229,23327213950.05926
2023-02-19 09:00:00,447.0,450.0,430.0,441.0,16733759.15400441,7355450104.7152405
2023-02-20 09:00:00,441.0,484.0,425.0,476.0,42135586.08498826,19252933029.506416
2023-02-21 09:00:00,476.0,496.0,440.0,453.0,52608150.53165733,24891797629.628223
2023-02-22 09:00:00,454.0,465.0,430.0,447.0,16497502.28754253,7390433480.399265
2023-02-23 09:00:00,447.0,447.0,434.0,445.0,6289496.96602257,2775134227.8016925
2023-02-24 09:00:00,444.0,456.0,438.0,453.0,11822992.89720051,5282859790.775737
2023-02-25 09:00:00,452.0,453.0,433.0,442.0,6980623.84803973,3094228885.902994
2023-02-26 09:00:00,442.0,450.0,433.0,445.0,5436699.62606453,2407371033.089692
2023-02-27 09:00:00,446.0,458.0,433.0,448.0,12843785.31597855,5738750323.756478
2023-02-28 09:00:00,448.0,448.0,434.0,437.0,3853421.22381579,1691367472.5940616
2023-03-01 09:00:00,437.0,440.0,426.0,440.0,4148054.99761256,1805588401.635919
2023-03-02 09:00:00,440.0,441.0,410.0,421.0,6698279.42111906,2817487347.022623
2023-03-03 09:00:00,421.0,422.0,386.0,393.0,8310742.89066955,3313713071.4132013
2023-03-04 09:00:00,392.0,411.0,390.0,396.0,13131700.20979843,5269068616.566444
2023-03-05 09:00:00,396.0,398.0,385.0,391.0,3204830.2216058,1251302027.350171
2023-03-06 09:00:00,390.0,396.0,373.0,395.0,4019884.80024363,1543486283.4787815
2023-03-07 09:00:00,394.0,418.0,376.0,381.0,27493575.83760791,11063386103.873365
2023-03-08 09:00:00,381.0,382.0,358.0,358.0,4903432.79995598,1811607556.5703158
2023-03-09 09:00:00,358.0,380.0,330.0,337.0,6853094.11965787,2430558451.641469
2023-03-10 09:00:00,338.0,364.0,322.0,341.0,7609043.34286959,2565194945.8933406
2023-03-11 09:00:00,341.0,347.0,324.0,340.0,2601397.2387911,874377225.2100194
2023-03-12 09:00:00,339.0,358.0,326.0,355.0,2877374.04181829,975628922.3671813
2023-03-13 09:00:00,355.0,376.0,346.0,375.0,6849250.1255779,2469820064.454731
2023-03-14 09:00:00,375.0,390.0,364.0,385.0,13244694.04140106,5016272334.564456
2023-03-15 09:00:00,385.0,393.0,366.0,373.0,9668335.26761256,3717885561.600215
2023-03-16 09:00:00,373.0,389.0,368.0,389.0,8029146.40974101,3051980973.624302
2023-03-17 09:00:00,389.0,420.0,382.0,418.0,15042772.33479777,5994627081.607531
2023-03-18 09:00:00,418.0,419.0,397.0,403.0,12057844.46576461,4924612174.694743
2023-03-19 09:00:00,400.0,416.0,395.0,412.0,9259474.58404396,3754466356.4268346
2023-03-20 09:00:00,412.0,417.0,394.0,395.0,8723499.22350632,3520489103.508545
2023-03-21 09:00:00,395.0,404.0,377.0,393.0,7143360.7001185,2798899225.9796143
2023-03-22 09:00:00,392.0,393.0,367.0,374.0,2892126.75762444,1101608045.6408024
2023-03-23 09:00:00,374.0,405.0,372.0,388.0,17050271.06752521,6625197488.053557
2023-03-24 09:00:00,388.0,396.0,381.0,385.0,4797623.5678079,1858491042.4593112
2023-03-25 09:00:00,386.0,390.0,380.0,382.0,1593620.29651463,610332614.3263819
2023-03-26 09:00:00,382.0,391.0,380.0,385.0,2076920.93827411,798854151.2462815
2023-03-27 09:00:00,385.0,392.0,358.0,365.0,6240976.82842787,2355678410.4556904
2023-03-28 09:00:00,364.0,393.0,359.0,370.0,21610838.08808717,8125515083.179021
2023-03-29 09:00:00,369.0,383.0,366.0,381.0,5085603.68998613,1907341133.8054194
2023-03-30 09:00:00,383.0,392.0,377.0,392.0,5967399.88822897,2283943117.9917912
2023-03-31 09:00:00,391.0,395.0,377.0,394.0,6101552.06257342,2354681419.0447044
2023-04-01 09:00:00,394.0,413.0,389.0,409.0,8443172.67046251,3358064408.861571
2023-04-02 09:00:00,407.0,457.0,390.0,394.0,58650848.51220324,25057054462.399574
2023-04-03 09:00:00,394.0,394.0,381.0,387.0,5042587.10348222,1951524479.6268332
2023-04-04 09:00:00,387.0,398.0,381.0,392.0,4911243.53176487,1904156352.1462097
2023-04-05 09:00:00,392.0,406.0,390.0,405.0,7113500.47071096,2828193405.0629797
2023-04-06 09:00:00,405.0,454.0,401.0,411.0,131455964.74836206,56379823573.66605
2023-04-07 09:00:00,411.0,416.0,395.0,401.0,12407042.2979648,5025834976.552233
2023-04-08 09:00:00,400.0,403.0,394.0,396.0,3805886.45382448,1512839692.8919575
2023-04-09 09:00:00,396.0,401.0,386.0,400.0,4206020.99154632,1658896457.3869724
2023-04-10 09:00:00,400.0,423.0,389.0,402.0,13898962.05674203,5607337870.870941
2023-04-11 09:00:00,401.0,409.0,397.0,403.0,3904844.0396251,1568481191.5694163
2023-04-12 09:00:00,402.0,404.0,392.0,396.0,3114916.18795213,1236708718.858554
2023-04-13 09:00:00,397.0,405.0,393.0,401.0,3233466.00290706,1289906264.8601131
2023-04-14 09:00:00,401.0,409.0,398.0,406.0,4999933.19978487,2013029017.4443073
2023-04-15 09:00:00,406.0,411.0,400.0,409.0,3598330.32572408,1460055214.522256
2023-04-16 09:00:00,408.0,431.0,408.0,413.0,57564568.16272311,24185098910.50594
2023-04-17 09:00:00,413.0,424.0,406.0,419.0,19182079.04892482,7978381139.513506
2023-04-18 09:00:00,419.0,419.0,410.0,416.0,5694760.2059836,2358802319.2069225
2023-04-19 09:00:00,416.0,420.0,389.0,390.0,5430096.09388233,2186290744.195272
2023-04-20 09:00:00,391.0,394.0,381.0,394.0,4814749.23114881,1868494163.330774
2023-04-21 09:00:00,392.0,396.0,375.0,380.0,6220772.15322132,2419918782.4251847
2023-04-22 09:00:00,379.0,395.0,373.0,394.0,3527447.71677218,1355998075.9003615
2023-04-23 09:00:00,394.0,424.0,382.0,389.0,21180623.22400543,8513238729.250752
2023-04-24 09:00:00,388.0,388.0,374.0,380.0,2755691.30365475,1047911354.2997932
2023-04-25 09:00:00,380.0,388.0,366.0,385.0,3020421.39268128,1132101566.0336282
2023-04-26 09:00:00,384.0,390.0,376.0,380.0,3718053.67259416,1425369380.281675
2023-04-27 09:00:00,379.0,384.0,376.0,382.0,1386326.09934457,526748891.95834506
2023-04-28 09:00:00,382.0,384.0,377.0,382.0,1567395.82086173,595716265.9828279
2023-04-29 09:00:00,382.0,386.0,379.0,384.0,1623395.81417115,621107344.4760467
2023-04-30 09:00:00,383.0,386.0,381.0,381.0,1216892.32925908,465035343.22705215
2023-05-01 09:00:00,381.0,382.0,370.0,375.0,1796990.28399208,674899831.5237147
2023-05-02 09:00:00,373.0,377.0,367.0,374.0,1148379.89286948,426295407.840986
2023-05-03 09:00:00,373.0,376.0,362.0,369.0,1996260.6280777,734384617.6334991
2023-05-04 09:00:00,369.0,383.0,366.0,382.0,5242590.52453314,1966674629.1801682
2023-05-05 09:00:00,381.0,426.0,370.0,374.0,156277190.8792543,62915717707.08007
2023-05-06 09:00:00,373.0,374.0,358.0,362.0,13307682.88088738,4880669466.686588
2023-05-07 09:00:00,361.0,362.0,356.0,357.0,2612585.70073565,938492983.6811652
2023-05-08 09:00:00,357.0,358.0,331.0,336.0,4612303.07902571,1584830289.4178991
2023-05-09 09:00:00,335.0,347.0,331.0,342.0,3605505.62829089,1224536651.0196028
2023-05-10 09:00:00,342.0,353.0,339.0,345.0,6743727.18565138,2339396112.8591094
2023-05-11 09:00:00,345.0,352.0,334.0,334.0,2229671.87011545,762494010.8467493
2023-05-12 09:00:00,334.0,339.0,323.0,337.0,2672684.61047232,883639308.8823104
2023-05-13 09:00:00,336.0,341.0,333.0,341.0,1328448.34118906,447160018.43395174
2023-05-14 09:00:00,340.0,340.0,335.0,338.0,868154.26954952,293138240.2672928
2023-05-15 09:00:00,338.0,349.0,334.0,345.0,3902608.39820897,1334816894.549795
2023-05-16 09:00:00,345.0,364.0,337.0,339.0,16546769.30974254,5781604478.315589
2023-05-17 09:00:00,339.0,342.0,333.0,341.0,3245372.83071652,1097465569.6840324
2023-05-18 09:00:00,341.0,344.0,338.0,338.0,2250777.76683784,765793228.0420153
2023-05-19 09:00:00,338.0,343.0,336.0,341.0,1333635.07589093,452063698.07088065
2023-05-20 09:00:00,340.0,342.0,338.0,341.0,658990.76950504,223732391.21177697
2023-05-21 09:00:00,341.0,341.0,334.0,334.0,1404928.15257916,475165616.8001749
2023-05-22 09:00:00,334.0,340.0,328.0,338.0,3804904.31256571,1273241516.9098299
2023-05-23 09:00:00,338.0,346.0,332.0,339.0,4063274.07246618,1374276188.0855198
2023-05-24 09:00:00,339.0,340.0,328.0,331.0,2517745.10559415,840143123.2468969
2023-05-25 09:00:00,331.0,333.0,321.0,325.0,1693199.88565574,551950730.4287909
2023-05-26 09:00:00,325.0,329.0,321.0,325.0,1179229.4486184,382281990.1972464
2023-05-27 09:00:00,324.0,330.0,323.0,328.0,892412.35708612,291528170.7629167
2023-05-28 09:00:00,327.0,335.0,327.0,333.0,2473196.30480964,818691795.7061253
2023-05-29 09:00:00,333.0,339.0,329.0,330.0,2662235.38566881,889716267.0873841
2023-05-30 09:00:00,329.0,333.0,328.0,331.0,1166504.3894989,385086931.0828055
2023-05-31 09:00:00,331.0,338.0,323.0,326.0,2402508.85581279,788636013.8448435
2023-06-01 09:00:00,326.0,326.0,320.0,322.0,1484899.6302566,478101388.24950373
2023-06-02 09:00:00,321.0,325.0,318.0,323.0,1043373.30462149,335602804.73137903
2023-06-03 09:00:00,324.0,328.0,322.0,325.0,1124917.81851378,365690232.4969495
2023-06-04 09:00:00,324.0,329.0,324.0,329.0,921751.03597171,301410456.053338
2023-06-05 09:00:00,328.0,342.0,301.0,306.0,9760498.51144466,3196588141.2215366
2023-06-06 09:00:00,305.0,313.0,295.0,310.0,2650448.09957016,805456174.9176539
2023-06-07 09:00:00,310.0,311.0,297.0,298.0,2187583.11194926,665004773.2695097
2023-06-08 09:00:00,298.0,301.0,294.0,298.0,1014593.38478306,302000561.4222985
2023-06-09 09:00:00,298.0,303.0,295.0,298.0,1251240.60429276,373189059.0454579
2023-06-10 09:00:00,298.0,298.0,247.0,260.0,6249712.36000613,1667051923.4335115
2023-06-11 09:00:00,259.0,274.0,252.0,266.0,5612494.5344834,1490285721.5974412
2023-06-12 09:00:00,265.0,267.0,260.0,265.0,1748994.58702113,458132146.14776534
2023-06-13 09:00:00,265.0,268.0,262.0,264.0,908103.85281096,240097149.31443295
2023-06-14 09:00:00,263.0,267.0,250.0,256.0,2148346.88068068,560519039.1971933
2023-06-15 09:00:00,255.0,266.0,247.0,256.0,3223546.24590691,825448307.917789
2023-06-16 09:00:00,257.0,262.0,253.0,261.0,1106873.88139895,284211015.6622854
2023-06-17 09:00:00,261.0,265.0,257.0,262.0,1205887.39096554,315123096.37647253
2023-06-18 09:00:00,262.0,263.0,258.0,259.0,844245.29328358,220618020.44008547
2023-06-19 09:00:00,259.0,262.0,257.0,260.0,777789.75679791,200905417.03759706
2023-06-20 09:00:00,260.0,267.0,257.0,265.0,1489127.0584591,388386580.4749641
2023-06-21 09:00:00,265.0,280.0,264.0,276.0,4129120.3018573,1120918488.380533
2023-06-22 09:00:00,276.0,288.0,275.0,279.0,3508742.91388183,988143340.4729252
2023-06-23 09:00:00,279.0,298.0,277.0,297.0,4088643.95678895,1177219148.7599173
2023-06-24 09:00:00,296.0,305.0,295.0,305.0,5458959.00281295,1636092951.153611
2023-06-25 09:00:00,305.0,311.0,297.0,306.0,6174376.86512179,1881709125.9703994
2023-06-26 09:00:00,308.0,308.0,294.0,300.0,3003117.15499361,901980419.9174919
2023-06-27 09:00:00,300.0,310.0,294.0,308.0,5931718.40609091,1798640973.9105513
2023-06-28 09:00:00,308.0,309.0,290.0,293.0,3269980.41983421,972934429.800527
2023-06-29 09:00:00,293.0,300.0,283.0,296.0,3879236.91291674,1137605729.4465628
2023-06-30 09:00:00,296.0,311.0,290.0,310.0,11463802.23690967,3450537107.38784
2023-07-01 09:00:00,309.0,330.0,304.0,319.0,28241284.49208769,8990697777.667776
2023-07-02 09:00:00,317.0,319.0,305.0,310.0,4940784.06879422,1538982596.6272194
2023-07-03 09:00:00,310.0,311.0,305.0,311.0,2154859.72723139,664792309.8367741
2023-07-04 09:00:00,310.0,314.0,305.0,313.0,2184289.259234,677507904.3198311
2023-07-05 09:00:00,313.0,315.0,299.0,306.0,3306914.06141475,1018547598.0161008
2023-07-06 09:00:00,307.0,323.0,298.0,305.0,8051567.36319282,2500891276.4893284
2023-07-07 09:00:00,304.0,304.0,299.0,303.0,1349577.93830149,407072067.6712255
2023-07-08 09:00:00,301.0,301.0,296.0,297.0,584164.2073963,174507574.70051277
2023-07-09 09:00:00,297.0,305.0,295.0,302.0,1050597.9143465,315077996.9537905
2023-07-10 09:00:00,301.0,302.0,293.0,301.0,2138883.76424203,634601335.3899337
2023-07-11 09:00:00,300.0,505.0,298.0,427.0,260040629.22915676,111234154820.9528
2023-07-12 09:00:00,428.0,485.0,388.0,408.0,406886587.8441975,176659363045.99622
2023-07-13 09:00:00,407.0,475.0,325.0,337.0,264974585.52625713,111834410266.74779
2023-07-14 09:00:00,337.0,439.0,335.0,362.0,255337614.01271164,96651424076.83055
2023-07-15 09:00:00,362.0,363.0,332.0,339.0,21307169.6008373,7274017965.710467
2023-07-16 09:00:00,338.0,350.0,322.0,325.0,11968853.81615012,3988620704.7928596
2023-07-17 09:00:00,327.0,327.0,314.0,319.0,6587714.58383912,2105495104.978103
2023-07-18 09:00:00,317.0,320.0,305.0,311.0,4369936.65951413,1361231812.2154622
2023-07-19 09:00:00,309.0,318.0,308.0,312.0,4124009.85334048,1285453292.835641
2023-07-20 09:00:00,312.0,315.0,307.0,313.0,4805577.80388102,1494281196.3579593
2023-07-21 09:00:00,311.0,315.0,309.0,315.0,2992724.11410602,933711076.4432014
2023-07-22 09:00:00,315.0,380.0,314.0,329.0,219684192.27544606,76008209653.76471
2023-07-23 09:00:00,328.0,354.0,320.0,325.0,70732349.71248901,23899471849.81252
2023-07-24 09:00:00,325.0,326.0,303.0,308.0,11955672.72456662,3732282113.254902
2023-07-25 09:00:00,308.0,319.0,302.0,310.0,10777312.06924438,3345639653.010256
2023-07-26 09:00:00,310.0,311.0,304.0,309.0,3847692.67202836,1180473485.9866648
2023-07-27 09:00:00,308.0,311.0,306.0,308.0,2512580.73149801,774516313.2106206
2023-07-28 09:00:00,307.0,316.0,305.0,312.0,5563016.89748508,1723071695.4000328
2023-07-29 09:00:00,313.0,329.0,312.0,324.0,22112229.0318536,7078572813.47159
2023-07-30 09:00:00,324.0,356.0,312.0,323.0,63361837.1914913,21206089431.867657
2023-07-31 09:00:00,323.0,324.0,313.0,315.0,8743754.64059919,2777483875.8932457
2023-08-01 09:00:00,316.0,322.0,306.0,318.0,8872181.47081835,2777297375.4665194
2023-08-02 09:00:00,317.0,318.0,312.0,314.0,4793021.00535754,1510075792.5794287
2023-08-03 09:00:00,314.0,316.0,310.0,315.0,2493674.65978372,780075130.7291133
2023-08-04 09:00:00,314.0,322.0,311.0,319.0,4588522.79938785,1444642846.2308
2023-08-05 09:00:00,319.0,319.0,313.0,319.0,4942199.16335888,1563497773.6036475
2023-08-06 09:00:00,318.0,326.0,315.0,325.0,6019589.92635258,1920759694.6866996
2023-08-07 09:00:00,324.0,352.0,315.0,320.0,71562582.97264545,24027066199.8064
2023-08-08 09:00:00,319.0,325.0,315.0,322.0,9278793.28052158,2957650743.3555794
2023-08-09 09:00:00,322.0,327.0,318.0,322.0,8758996.53167939,2812950873.5845532
2023-08-10 09:00:00,321.0,325.0,319.0,324.0,4103282.16122121,1319254174.1255016
2023-08-11 09:00:00,324.0,337.0,320.0,332.0,14636063.11303444,4821705724.9425745
2023-08-12 09:00:00,332.0,339.0,328.0,339.0,6553991.85782123,2179660164.4660597
2023-08-13 09:00:00,339.0,340.0,333.0,338.0,5616198.08945029,1889499823.274485
2023-08-14 09:00:00,338.0,353.0,332.0,344.0,22453865.69189303,7694329801.661097
2023-08-15 09:00:00,343.0,371.0,327.0,332.0,104920436.21604672,37633653703.44036
2023-08-16 09:00:00,330.0,332.0,306.0,309.0,25484815.65105037,8029948172.643677
2023-08-17 09:00:00,310.0,313.0,277.0,287.0,11309980.99387345,3378635276.648113
2023-08-18 09:00:00,286.0,297.0,276.0,296.0,5825006.7141901,1671022952.462214
2023-08-19 09:00:00,295.0,314.0,294.0,302.0,17117598.88929319,5195428427.6006565
2023-08-20 09:00:00,302.0,302.0,296.0,300.0,3886090.25143409,1164892092.1547084
2023-08-21 09:00:00,300.0,302.0,289.0,294.0,4012549.02871531,1179184539.4769258
2023-08-22 09:00:00,294.0,294.0,287.0,293.0,2320614.99074839,677266442.1638062
2023-08-23 09:00:00,291.0,297.0,289.0,296.0,1724017.17612487,505418673.33954936
2023-08-24 09:00:00,296.0,307.0,292.0,302.0,11051305.47086376,3309726939.481077
2023-08-25 09:00:00,301.0,302.0,292.0,298.0,4205215.22015165,1243908496.3742716
2023-08-26 09:00:00,297.0,298.0,295.0,297.0,1604363.00430548,475203074.0105403
2023-08-27 09:00:00,297.0,298.0,294.0,294.0,1211305.58262348,357123856.41572154
2023-08-28 09:00:00,294.0,299.0,283.0,290.0,3519876.73028295,1021882842.0620248
2023-08-29 09:00:00,290.0,298.0,282.0,295.0,4200033.34698998,1219479111.3453097
2023-08-30 09:00:00,295.0,296.0,291.0,291.0,1564168.39291055,457090217.93746215
2023-08-31 09:00:00,292.0,292.0,282.0,283.0,2160446.83881676,620663541.3304453
2023-09-01 09:00:00,282.0,287.0,281.0,282.0,1430455.49966731,405179160.48125947
2023-09-02 09:00:00,283.0,292.0,279.0,289.0,2951994.85808541,845903721.6215593
2023-09-03 09:00:00,289.0,294.0,285.0,287.0,4043268.64032387,1167191429.0980556
2023-09-04 09:00:00,287.0,287.0,281.0,283.0,1742200.37345252,494259540.1897626
2023-09-05 09:00:00,282.0,294.0,280.0,291.0,4289813.6297821,1233915550.1554937
2023-09-06 09:00:00,291.0,291.0,285.0,287.0,2868153.82976954,825328860.6840434
2023-09-07 09:00:00,287.0,289.0,283.0,288.0,1240618.05381404,354760641.6261814
2023-09-08 09:00:00,287.0,289.0,285.0,286.0,1624023.05919569,466220579.04350114
2023-09-09 09:00:00,287.0,293.0,286.0,289.0,2878983.5747241,831779653.646863
2023-09-10 09:00:00,288.0,289.0,281.0,284.0,2363825.10602373,672418181.5387939
2023-09-11 09:00:00,284.0,285.0,270.0,271.0,3269644.99368789,906671863.0336736
2023-09-12 09:00:00,271.0,282.0,269.0,278.0,1723057.0889371,474955430.09962773
2023-09-13 09:00:00,279.0,290.0,277.0,287.0,7296946.85395176,2058598546.7813244
2023-09-14 09:00:00,286.0,296.0,284.0,293.0,6008930.63772753,1740521604.9052656
2023-09-15 09:00:00,293.0,298.0,286.0,295.0,4725368.35803876,1381208839.0323763
2023-09-16 09:00:00,296.0,300.0,294.0,299.0,4623327.02087099,1372618180.6413305
2023-09-17 09:00:00,299.0,299.0,289.0,293.0,4448432.04974946,1307249307.940801
2023-09-18 09:00:00,293.0,307.0,289.0,306.0,5277288.62825786,1573146598.2993314
2023-09-19 09:00:00,305.0,320.0,294.0,312.0,15358056.6959816,4681611428.376161
2023-09-20 09:00:00,312.0,319.0,303.0,315.0,8499741.14322826,2647364909.5612903
2023-09-21 09:00:00,315.0,316.0,301.0,308.0,3787371.83880254,1165361373.3052833
2023-09-22 09:00:00,308.0,322.0,307.0,315.0,18663606.40960644,5857083413.464141
2023-09-23 09:00:00,315.0,322.0,304.0,320.0,9105505.82317914,2861710754.2560945
2023-09-24 09:00:00,320.0,320.0,303.0,306.0,6946146.0568722,2160363218.3960896
2023-09-25 09:00:00,305.0,305.0,292.0,300.0,5010499.90699642,1492109626.6819735
2023-09-26 09:00:00,301.0,302.0,294.0,298.0,3097290.14582436,923857066.6975256
2023-09-27 09:00:00,298.0,303.0,295.0,300.0,3765115.3106637,1124184512.2147434
2023-09-28 09:00:00,300.0,306.0,298.0,305.0,3043634.18492745,918104591.3080256
2023-09-29 09:00:00,306.0,308.0,300.0,307.0,4071151.32129041,1240007687.864727
2023-09-30 09:00:00,306.0,323.0,304.0,310.0,9285782.90525161,2891374578.86243
2023-10-01 09:00:00,310.0,316.0,306.0,314.0,6052829.57203458,1876867380.2270985
2023-10-02 09:00:00,314.0,315.0,308.0,312.0,4365581.17221765,1363202888.921602
2023-10-03 09:00:00,311.0,318.0,306.0,307.0,6919696.31566222,2159917806.8332667
2023-10-04 09:00:00,308.0,309.0,296.0,301.0,4841472.5683653,1459134834.1029341
2023-10-05 09:00:00,301.0,304.0,298.0,301.0,2300808.98922747,692504689.4651637
2023-10-06 09:00:00,301.0,313.0,300.0,311.0,2878238.90982065,880128666.0161343
2023-10-07 09:00:00,311.0,370.0,308.0,319.0,62044917.03454892,21105987134.302513
2023-10-08 09:00:00,318.0,318.0,306.0,310.0,19457582.19241828,6043309666.3157625
2023-10-09 09:00:00,310.0,314.0,297.0,301.0,14896909.1685212,4548082054.365482
2023-10-10 09:00:00,300.0,306.0,299.0,302.0,5132307.37059964,1550835283.4660897
2023-10-11 09:00:00,302.0,304.0,298.0,302.0,3775377.56739427,1134009554.910244
2023-10-12 09:00:00,303.0,306.0,298.0,303.0,2037890.57430662,614819604.3537208
2023-10-13 09:00:00,302.0,312.0,301.0,309.0,4968696.22462938,1525744375.627822
2023-10-14 09:00:00,309.0,312.0,307.0,308.0,3642804.37635222,1127697437.951405
2023-10-15 09:00:00,309.0,318.0,308.0,315.0,8895455.31537425,2787149703.134206
2023-10-16 09:00:00,315.0,325.0,311.0,323.0,9230590.12892889,2943529886.4214296
2023-10-17 09:00:00,323.0,350.0,312.0,318.0,28355451.30476984,9265859891.086702
2023-10-18 09:00:00,318.0,318.0,309.0,315.0,7070698.51897106,2216279570.2333274
2023-10-19 09:00:00,315.0,315.0,303.0,311.0,5853809.38557991,1807779747.8980956
2023-10-20 09:00:00,311.0,333.0,307.0,329.0,10484781.44676909,3349969774.345189
2023-10-21 09:00:00,330.0,350.0,320.0,337.0,40091709.96152358,13471264719.95824
2023-10-22 09:00:00,338.0,363.0,330.0,359.0,52907421.99473051,18509416407.960056
2023-10-23 09:00:00,359.0,377.0,342.0,359.0,87545546.30997816,31586215433.39191
2023-10-24 09:00:00,358.0,368.0,336.0,359.0,40339485.68506118,14310145480.900976
2023-10-25 09:00:00,360.0,372.0,352.0,361.0,16506128.47748957,5959229733.729985
2023-10-26 09:00:00,361.0,367.0,346.0,359.0,10762099.71756086,3835727219.170291
2023-10-27 09:00:00,359.0,373.0,348.0,373.0,11202485.46682468,4046476163.193373
2023-10-28 09:00:00,373.0,423.0,359.0,396.0,81021246.48903716,32060297910.05765
2023-10-29 09:00:00,396.0,542.0,395.0,436.0,540969956.4963186,258690643870.20483
2023-10-30 09:00:00,436.0,444.0,406.0,439.0,110297647.01645757,46815695906.78825
2023-10-31 09:00:00,438.0,492.0,397.0,452.0,132832888.13131256,59314586086.82275
2023-11-01 09:00:00,451.0,462.0,421.0,459.0,55587726.82921043,24381208618.472878
2023-11-02 09:00:00,459.0,460.0,422.0,428.0,34944616.73164016,15358957472.824175
2023-11-03 09:00:00,428.0,503.0,405.0,469.0,217328984.47632274,102433354692.52032
2023-11-04 09:00:00,469.0,602.0,455.0,552.0,502237397.19617283,274994137619.2629
2023-11-05 09:00:00,552.0,553.0,480.0,482.0,117993254.83106998,60859824695.421
2023-11-06 09:00:00,481.0,522.0,457.0,487.0,91311630.53679512,45154012479.88539
2023-11-07 09:00:00,487.0,530.0,480.0,508.0,95467303.10051993,48170244845.36928
2023-11-08 09:00:00,508.0,530.0,496.0,529.0,48195270.1499515,24525066847.470238
2023-11-09 09:00:00,530.0,597.0,505.0,545.0,168649297.08113617,92067890742.51074
2023-11-10 09:00:00,546.0,616.0,521.0,553.0,178433786.92571816,101182334076.6631
2023-11-11 09:00:00,553.0,569.0,501.0,506.0,35878074.39846636,18952658767.388893
2023-11-12 09:00:00,506.0,508.0,464.0,482.0,19919075.0802571,9580966009.7825
2023-11-13 09:00:00,482.0,499.0,472.0,491.0,16156958.81059975,7857448951.083091
2023-11-14 09:00:00,491.0,539.0,467.0,480.0,49585546.7323137,25013027281.204758
2023-11-15 09:00:00,479.0,493.0,456.0,490.0,13835419.06332499,6555745498.120245
2023-11-16 09:00:00,489.0,519.0,473.0,485.0,25807200.55695794,12849373335.457716
2023-11-17 09:00:00,484.0,486.0,467.0,480.0,7295065.59989067,3485984651.322301
2023-11-18 09:00:00,480.0,480.0,454.0,467.0,5475332.32427791,2556793082.560009
2023-11-19 09:00:00,466.0,475.0,457.0,472.0,2864619.52831967,1336031906.1897829
2023-11-20 09:00:00,472.0,475.0,466.0,467.0,2426639.3179259,1139926060.8635252
2023-11-21 09:00:00,467.0,480.0,418.0,426.0,11660282.05744285,5297032495.214366
2023-11-22 09:00:00,426.0,465.0,405.0,445.0,12536383.99926922,5444833202.838837
2023-11-23 09:00:00,447.0,476.0,445.0,467.0,29051402.13092706,13488690823.256464
2023-11-24 09:00:00,467.0,471.0,455.0,469.0,9524004.42379565,4399480743.00603
2023-11-25 09:00:00,468.0,468.0,458.0,462.0,4067683.80957175,1881283490.4869459
2023-11-26 09:00:00,461.0,558.0,458.0,514.0,287749560.8428875,148207758546.59882
2023-11-27 09:00:00,513.0,634.0,483.0,586.0,473123938.3305056,272729064297.09116
2023-11-28 09:00:00,586.0,685.0,565.0,593.0,460294696.1975005,287929868504.9572
2023-11-29 09:00:00,592.0,645.0,535.0,556.0,176322617.50280997,105043026855.38313
2023-11-30 09:00:00,557.0,558.0,503.0,516.0,44459203.32449682,23007853027.24335
2023-12-01 09:00:00,516.0,536.0,503.0,529.0,24099016.08895862,12531505944.144127
2023-12-02 09:00:00,529.0,568.0,526.0,549.0,80683575.28041518,44371985326.46461
2023-12-03 09:00:00,550.0,588.0,522.0,554.0,104367734.7560404,59300118165.94031
2023-12-04 09:00:00,555.0,573.0,522.0,546.0,49198343.0189184,27002881663.458576
2023-12-05 09:00:00,546.0,546.0,527.0,543.0,19209548.06700642,10306352473.509953
2023-12-06 09:00:00,543.0,548.0,516.0,531.0,18747980.64911946,9991366589.884855
2023-12-07 09:00:00,531.0,539.0,519.0,538.0,10530974.60901494,5587499955.295808
2023-12-08 09:00:00,538.0,545.0,530.0,545.0,14331749.55206114,7704250139.6613655
2023-12-09 09:00:00,544.0,549.0,534.0,547.0,16690379.58492669,9082221944.624777
2023-12-10 09:00:00,547.0,550.0,522.0,536.0,11909338.34092565,6405016557.44321
2023-12-11 09:00:00,537.0,537.0,477.0,498.0,15150819.62961227,7591535075.321665
2023-12-12 09:00:00,499.0,506.0,488.0,501.0,7475896.00265274,3722873863.389389
2023-12-13 09:00:00,501.0,518.0,484.0,506.0,18102506.48086489,9112182686.371964
2023-12-14 09:00:00,506.0,508.0,494.0,506.0,5529639.99842426,2775719766.8537974
2023-12-15 09:00:00,506.0,528.0,501.0,514.0,19934984.42402289,10253651984.31621
2023-12-16 09:00:00,516.0,519.0,503.0,510.0,9052318.62981315,4606130505.895287
2023-12-17 09:00:00,509.0,512.0,490.0,491.0,5924312.80512178,2958396565.2878723
2023-12-18 09:00:00,492.0,493.0,449.0,478.0,9381151.11783445,4389304045.892407
2023-12-19 09:00:00,478.0,493.0,477.0,488.0,9166666.6931949,4444229762.92085
2023-12-20 09:00:00,488.0,504.0,479.0,493.0,6718972.5663479,3294667729.1924376
2023-12-21 09:00:00,493.0,505.0,489.0,502.0,8432343.4317858,4203012534.0425262
2023-12-22 09:00:00,502.0,511.0,491.0,509.0,9048880.14081082,4540045624.72984
2023-12-23 09:00:00,508.0,509.0,495.0,506.0,4011916.222211,2014598362.955257
2023-12-24 09:00:00,506.0,507.0,484.0,489.0,4159783.22683824,2079467223.0008216
2023-12-25 09:00:00,489.0,508.0,484.0,502.0,4127210.18139757,2059284295.5409238
2023-12-26 09:00:00,502.0,510.0,482.0,494.0,6433559.92384662,3201038486.651897
2023-12-27 09:00:00,494.0,509.0,485.0,509.0,7577119.83954911,3788447622.2677283
2023-12-28 09:00:00,509.0,511.0,493.0,498.0,4553835.36397798,2282389497.4321237
2023-12-29 09:00:00,498.0,502.0,477.0,494.0,5466538.20683437,2686121044.5859017
2023-12-30 09:00:00,494.0,505.0,487.0,488.0,4310396.93143836,2131190871.5594516
2023-12-31 09:00:00,492.0,569.0,491.0,541.0,176544105.81261745,94583343833.57036
2024-01-01 09:00:00,542.0,545.0,510.0,521.0,83812779.62635341,43826987894.66115
2024-01-02 09:00:00,521.0,522.0,503.0,509.0,23779333.87817348,12123704821.681234
2024-01-03 09:00:00,509.0,512.0,429.0,477.0,17626520.8625489,8500428384.8865
2024-01-04 09:00:00,478.0,517.0,459.0,471.0,53933453.50165968,26485658999.732647
2024-01-05 09:00:00,472.0,472.0,443.0,459.0,6531935.37463947,2983690215.6990905
2024-01-06 09:00:00,459.0,463.0,437.0,459.0,5188201.50810749,2347562359.260389
2024-01-07 09:00:00,459.0,465.0,418.0,426.0,10329949.9461006,4628292452.723298
2024-01-08 09:00:00,426.0,443.0,387.0,441.0,7999199.71016019,3291729528.254914
2024-01-09 09:00:00,441.0,442.0,400.0,421.0,4947000.61378267,2099294221.936705
2024-01-10 09:00:00,421.0,461.0,406.0,448.0,31333426.87587956,13664798247.80167
2024-01-11 09:00:00,449.0,473.0,449.0,466.0,18831978.56510705,8659319858.158422
2024-01-12 09:00:00,466.0,470.0,429.0,442.0,7875890.03188142,3599024105.367425
2024-01-13 09:00:00,443.0,520.0,443.0,495.0,231179153.4641578,113393576374.37755
2024-01-14 09:00:00,494.0,495.0,461.0,463.0,52245584.76930218,25024121913.82092
2024-01-15 09:00:00,463.0,473.0,455.0,462.0,13847819.82327026,6411113412.736078
2024-01-16 09:00:00,463.0,467.0,455.0,466.0,6450439.14222447,2968744761.322766
2024-01-17 09:00:00,466.0,471.0,453.0,459.0,6635138.9758177,3063318452.4588895
2024-01-18 09:00:00,459.0,488.0,450.0,463.0,64854488.822537,30842066650.533493
2024-01-19 09:00:00,463.0,464.0,435.0,454.0,13081989.83181223,5883612462.389355
2024-01-20 09:00:00,454.0,463.0,442.0,450.0,7548754.66911142,3421763377.2162743
2024-01-21 09:00:00,451.0,452.0,443.0,445.0,2558453.87499093,1148103172.951076
2024-01-22 09:00:00,445.0,447.0,416.0,418.0,5780009.61058206,2480625059.4249825
2024-01-23 09:00:00,418.0,429.0,391.0,418.0,5350219.4908865,2178038006.107187
2024-01-24 09:00:00,418.0,429.0,405.0,426.0,3207416.88124963,1341705182.8314404
2024-01-25 09:00:00,427.0,438.0,418.0,425.0,9008780.25398604,3864534032.7198114
2024-01-26 09:00:00,426.0,438.0,421.0,435.0,4235136.38219188,1829924987.3128977
2024-01-27 09:00:00,435.0,437.0,428.0,436.0,2409141.18697632,1043933192.3831722
2024-01-28 09:00:00,437.0,438.0,423.0,426.0,2809302.39335333,1212476559.101234
2024-01-29 09:00:00,426.0,434.8,423.0,434.4,2095155.668255,896368210.2399688
2024-01-30 09:00:00,434.1,437.0,428.1,430.0,2138547.69357774,925645485.14774
2024-01-31 09:00:00,430.3,441.3,412.9,416.2,8326818.58023247,3580389833.0488014
2024-02-01 09:00:00,416.2,421.7,405.1,421.5,1647789.12170096,681891419.5666935
2024-02-02 09:00:00,420.9,423.0,414.8,420.3,1153656.4046216,483746332.68794507
2024-02-03 09:00:00,421.5,423.1,417.0,423.0,1121688.17212186,471221744.2365362
2024-02-04 09:00:00,422.9,422.9,414.5,415.7,981182.35758291,409848916.36158717
2024-02-05 09:00:00,415.7,418.5,408.0,415.3,1082767.47155129,448971731.36782765
2024-02-06 09:00:00,416.0,422.8,413.0,419.0,1300156.52815121,543212804.3892852
2024-02-07 09:00:00,419.0,427.6,417.0,427.0,2334181.57497488,987295618.1580596
2024-02-08 09:00:00,427.0,429.1,424.7,429.0,1875950.83912207,801215067.3303484
2024-02-09 09:00:00,429.0,437.2,426.5,436.9,2860195.1100346,1236341766.9382045
2024-02-10 09:00:00,436.0,440.0,425.4,432.5,1940964.91306034,842212306.4700797
2024-02-11 09:00:00,432.8,457.0,430.5,433.3,13537967.39357992,5993914798.367999
2024-02-12 09:00:00,432.7,435.8,425.5,434.1,4563748.36528326,1964781007.6123316
2024-02-13 09:00:00,433.5,436.0,426.7,432.9,2740576.16761143,1183523905.1365318
2024-02-14 09:00:00,431.6,440.4,429.0,440.3,3265330.41766194,1421358931.0053957
2024-02-15 09:00:00,440.3,485.0,437.6,466.9,25768046.69589141,11960792224.56764
2024-02-16 09:00:00,463.4,475.9,454.0,467.9,11243730.21661812,5258984949.888955
2024-02-17 09:00:00,467.9,470.9,449.0,463.1,4572167.02026855,2103401312.470349
2024-02-18 09:00:00,463.1,477.9,463.0,470.0,9013974.51272565,4244337962.411489
2024-02-19 09:00:00,470.0,483.7,467.6,482.0,7116137.84049297,3390491120.744997
2024-02-20 09:00:00,482.2,489.7,461.6,476.8,10808831.3200917,5176914177.0403185
2024-02-21 09:00:00,476.8,494.3,468.8,493.1,13383133.6165516,6450263010.227835
2024-02-22 09:00:00,493.1,494.5,474.1,484.9,8639171.78846494,4195012677.622471
2024-02-23 09:00:00,483.5,487.5,470.3,475.0,5916659.01657274,2822394365.1808205
2024-02-24 09:00:00,476.0,479.0,463.4,476.3,5149129.34628722,2438569259.4349923
2024-02-25 09:00:00,477.0,478.5,469.1,477.4,2261739.73397306,1070892847.8192403
2024-02-26 09:00:00,476.7,482.9,460.0,480.7,4638613.22807368,2193104233.700311
2024-02-27 09:00:00,480.9,493.0,475.0,491.2,7744231.9976567,3752977110.3607683
2024-02-28 09:00:00,491.2,521.2,483.2,520.3,16668318.52534685,8331607199.419565
2024-02-29 09:00:00,518.2,539.0,507.0,535.1,20716751.30759735,10919653798.611052
2024-03-01 09:00:00,535.1,561.0,531.0,560.4,14036679.14677316,7646118474.937011
2024-03-02 09:00:00,560.4,593.0,548.9,592.5,23308562.23137951,13288771639.624493
2024-03-03 09:00:00,593.0,593.0,515.5,569.0,17390477.03046707,9763367991.092367
2024-03-04 09:00:00,569.0,628.3,554.2,605.6,48522295.84396088,28954141042.42034
2024-03-05 09:00:00,609.2,614.3,529.0,570.4,31418452.67349831,18468270481.323986
2024-03-06 09:00:00,570.4,606.6,530.0,605.4,21357048.08157192,12116722197.903019
2024-03-07 09:00:00,605.4,650.8,584.1,617.1,38447186.90463826,23379355724.6491
2024-03-08 09:00:00,617.1,618.3,581.2,607.6,13412730.11467474,8095779490.2900915
2024-03-09 09:00:00,608.6,608.6,588.0,603.8,10125905.02692933,6070092170.804285
2024-03-10 09:00:00,604.5,609.8,584.6,600.4,12187662.60726749,7297171630.60505
2024-03-11 09:00:00,600.4,645.0,570.6,645.0,25310362.66384708,15417866850.615473
2024-03-12 09:00:00,643.3,650.0,605.0,649.9,18683671.18764296,11743273928.818607
2024-03-13 09:00:00,648.9,680.0,636.9,677.0,21670356.58332007,14161073921.435165
2024-03-14 09:00:00,678.0,687.8,608.5,657.6,21436897.96046506,14068336910.411558
2024-03-15 09:00:00,658.8,681.3,565.0,608.3,32486246.98884545,20440222242.25171
2024-03-16 09:00:00,606.7,610.8,548.6,560.4,11528993.56470449,6776167773.677586
2024-03-17 09:00:00,560.0,578.4,513.3,574.0,11346051.15624471,6203951784.830387
2024-03-18 09:00:00,574.0,576.0,528.0,538.5,7985760.95963545,4420164823.276764
2024-03-19 09:00:00,539.2,544.3,477.4,487.3,15029296.4136208,7541189075.985723
2024-03-20 09:00:00,485.4,530.6,461.0,529.4,17258664.86637299,8551541093.408084
2024-03-21 09:00:00,529.8,559.0,523.9,542.5,15878691.41227794,8579955230.377149
2024-03-22 09:00:00,543.6,546.4,511.0,536.3,8106539.30557579,4301605284.942057
2024-03-23 09:00:00,535.1,569.0,524.1,563.5,7952278.64946235,4334826971.555022
2024-03-24 09:00:00,563.5,635.1,551.0,578.7,124531020.09905656,73645222240.89595
2024-03-25 09:00:00,575.8,586.0,560.1,584.2,21849901.36010714,12504937822.835499
2024-03-26 09:00:00,584.3,678.0,580.9,616.2,105376276.70563006,67038452455.32722
2024-03-27 09:00:00,615.8,624.3,583.4,623.2,24465914.31929794,14919679883.995588
2024-03-28 09:00:00,624.0,634.6,597.2,634.0,14610183.83140715,9051160683.15394
2024-03-29 09:00:00,633.0,633.0,602.0,621.9,12610769.50941208,7764285274.390135
2024-03-30 09:00:00,621.7,623.4,600.0,608.0,6427759.76595037,3912994556.969791
2024-03-31 09:00:00,607.0,613.6,600.0,613.6,4932869.3980261,2994734234.5619254
2024-04-01 09:00:00,613.0,613.6,558.7,573.0,13237634.7449555,7695213732.97854
2024-04-02 09:00:00,573.0,574.3,527.3,551.0,7885092.36691979,4291402256.316674
2024-04-03 09:00:00,551.2,570.0,525.0,564.4,6734966.73035017,3743893710.6475816
2024-04-04 09:00:00,566.1,607.7,551.2,579.0,85902328.00653802,50570447804.117516
2024-04-05 09:00:00,577.4,578.9,542.0,554.0,10047115.67688967,5633454943.663679
2024-04-06 09:00:00,553.6,569.0,548.9,557.3,4873009.37449077,2709358582.610116
2024-04-07 09:00:00,557.3,574.6,551.0,565.2,5139457.01744639,2882934140.7455864
2024-04-08 09:00:00,564.0,622.8,549.1,612.2,45202342.49001763,27110558463.94253
2024-04-09 09:00:00,611.1,612.0,567.9,571.9,16522564.32858229,9693756109.040047
2024-04-10 09:00:00,571.1,596.8,554.7,594.5,17632401.68804636,10160967521.16558
2024-04-11 09:00:00,595.0,913.0,583.1,821.9,516754203.4708346,393015808622.15375
2024-04-12 09:00:00,821.8,894.2,718.0,739.6,669441169.132038,544485021583.1728
2024-04-13 09:00:00,739.8,784.0,520.6,589.3,211738550.28598148,144059641821.96097
2024-04-14 09:00:00,589.1,659.5,526.7,651.8,146725186.1705366,84064501973.99074
2024-04-15 09:00:00,650.1,834.5,646.8,742.1,573073991.0855118,434523547028.0801
2024-04-16 09:00:00,742.1,890.3,704.6,840.5,532595186.3462472,422814540701.1285
2024-04-17 09:00:00,840.5,859.1,703.3,715.4,320066142.9409347,258393769280.83612
2024-04-18 09:00:00,717.3,975.1,640.0,958.0,702677818.8317341,577679323206.0524
2024-04-19 09:00:00,958.0,1023.0,856.0,961.8,557156615.5623828,527717340217.55176
2024-04-20 09:00:00,961.8,985.1,904.9,938.2,206504520.7575794,195254741300.44217
2024-04-21 09:00:00,939.0,1135.0,896.5,1067.0,439578485.0609402,452093567534.54095
2024-04-22 09:00:00,1066.0,1139.0,1052.0,1078.0,202234875.41725454,219961768951.06158
2024-04-23 09:00:00,1079.0,1195.0,963.0,982.4,383939803.64449143,415719724865.42285
2024-04-24 09:00:00,983.3,1029.0,924.7,983.0,221537319.83652094,215356905346.41064
2024-04-25 09:00:00,983.0,1026.0,927.7,942.9,134869573.84605324,130636397158.53357
2024-04-26 09:00:00,940.4,942.9,878.5,920.0,63609619.26459894,57701597096.89563
2024-04-27 09:00:00,919.3,923.1,830.1,835.6,48315270.23416413,41353432636.81242
2024-04-28 09:00:00,835.2,1006.0,797.0,909.3,360195448.6155827,340356201626.21423
2024-04-29 09:00:00,911.1,952.7,882.4,934.8,158302683.61412197,145998003845.6437
2024-04-30 09:00:00,934.8,938.8,835.1,844.6,93958518.25777003,84242189396.0017
2024-05-01 09:00:00,844.3,850.6,747.5,792.8,74008937.31824791,57873915594.74933
2024-05-02 09:00:00,792.8,799.6,728.8,745.3,41618310.16119135,31188768697.337685
2024-05-03 09:00:00,745.3,789.0,723.0,783.4,61723143.18412556,46481859257.76028
2024-05-04 09:00:00,783.4,884.7,755.0,813.2,114100303.77805312,94128138569.16844
2024-05-05 09:00:00,813.2,879.9,811.8,846.0,150655664.7775743,128700744824.6263
2024-05-06 09:00:00,846.0,857.0,800.3,804.5,58430014.20002179,48404801569.719795
2024-05-07 09:00:00,804.0,830.5,778.5,781.9,37605845.31238659,30491132826.763077
2024-05-08 09:00:00,780.8,814.8,759.2,764.3,38471463.42501421,30392740717.8453
2024-05-09 09:00:00,764.4,786.7,740.2,781.0,17306783.70701023,13216276406.190205
2024-05-10 09:00:00,781.0,798.0,737.0,748.7,24743783.6559218,19109831305.39719
2024-05-11 09:00:00,747.5,750.5,726.8,731.0,9918681.86734741,7307271279.662475
2024-05-12 09:00:00,731.0,736.7,722.1,723.2,6094232.79888605,4441414661.858051
2024-05-13 09:00:00,722.9,726.4,662.2,694.7,20827405.12583497,14443787771.60424
2024-05-14 09:00:00,694.7,695.5,657.9,661.9,12501743.24548591,8450506678.104654
2024-05-15 09:00:00,661.9,701.7,650.1,696.4,14419975.22184585,9785082388.343626
2024-05-16 09:00:00,697.0,723.7,680.9,699.6,21484887.2992317,15133654759.572882
2024-05-17 09:00:00,700.4,711.0,692.3,709.0,10169136.79809929,7137917418.536751
2024-05-18 09:00:00,708.8,711.5,692.8,697.9,8577043.76171437,6029634975.469981
2024-05-19 09:00:00,698.0,698.2,657.9,662.0,7269838.50861228,4945030186.296493
2024-05-20 09:00:00,662.0,705.1,650.6,697.0,12442346.10015635,8444289838.054621
2024-05-21 09:00:00,699.0,701.8,672.0,683.1,12948693.72284474,8908087027.47559
2024-05-22 09:00:00,683.5,686.7,659.1,675.6,8059075.28091015,5431232888.799182
2024-05-23 09:00:00,675.6,678.8,624.4,649.9,10419696.00055055,6842757655.306667
2024-05-24 09:00:00,649.9,664.7,637.0,661.1,9248671.0296189,6055534835.064915
2024-05-25 09:00:00,661.1,664.7,653.0,659.4,5782922.86550525,3808450212.8584633
2024-05-26 09:00:00,659.4,661.7,647.9,650.9,4716733.87050806,3081829718.0874457
2024-05-27 09:00:00,650.9,659.8,643.1,654.7,5885166.22296593,3838579698.5036855
2024-05-28 09:00:00,655.7,657.4,631.5,641.8,6216967.65124673,3986290659.1672473
2024-05-29 09:00:00,641.6,647.2,619.5,624.9,7738566.83070859,4913059538.366968
2024-05-30 09:00:00,624.9,629.9,600.9,614.5,7276069.89763921,4477388347.346768
2024-05-31 09:00:00,614.6,614.6,595.2,603.7,5692115.59071644,3438260821.5586615
2024-06-01 09:00:00,603.7,605.7,597.6,599.9,2071343.02405724,1243909368.640315
2024-06-02 09:00:00,599.9,603.9,585.7,589.9,3894136.84447503,2316681939.9380155
2024-06-03 09:00:00,589.9,624.1,583.2,588.5,16609961.49415926,10015520372.241377
2024-06-04 09:00:00,588.7,594.0,578.5,591.5,5021051.79072918,2943613024.6693864
2024-06-05 09:00:00,591.7,609.8,589.3,602.9,4917589.05804931,2939328368.3269954
2024-06-06 09:00:00,603.2,603.7,575.0,580.2,9616975.7898037,5613863124.958361
2024-06-07 09:00:00,580.9,608.1,514.8,550.9,12130574.09900619,6979559686.680923
2024-06-08 09:00:00,550.9,552.8,510.8,517.9,6836179.98374832,3629353603.62777
2024-06-09 09:00:00,517.9,522.0,505.5,520.5,3720014.10004353,1919403813.73422
2024-06-10 09:00:00,521.2,541.5,503.3,515.4,9210667.45089243,4819095597.768303
2024-06-11 09:00:00,516.5,535.0,499.3,511.1,21212574.64704519,11070108587.35514
2024-06-12 09:00:00,511.6,593.9,489.7,557.4,93174878.27732904,52282557535.186325
2024-06-13 09:00:00,557.4,609.8,549.2,565.1,94893755.48043469,54797164671.18343
2024-06-14 09:00:00,565.0,575.7,499.0,514.0,34780167.68434652,18705226866.694454
2024-06-15 09:00:00,514.5,545.3,500.2,534.0,21782896.38811103,11568949133.22026
2024-06-16 09:00:00,533.7,540.5,511.0,513.6,12287186.89699966,6442442711.050587
2024-06-17 09:00:00,513.4,513.9,441.0,444.5,15509923.82159883,7347325536.977594
2024-06-18 09:00:00,444.5,445.9,388.0,402.9,14388212.59769358,5877434698.940562
2024-06-19 09:00:00,402.2,423.6,394.0,412.1,6577397.54712983,2718775630.5118575
2024-06-20 09:00:00,411.7,505.4,409.3,489.0,123720353.61568563,59855860728.21993
2024-06-21 09:00:00,489.0,563.9,472.5,519.8,147225089.26638615,76860164164.17763
2024-06-22 09:00:00,518.9,544.7,501.0,510.7,49581939.08737752,25901474004.161972
2024-06-23 09:00:00,510.7,518.6,477.8,478.8,18223357.91053289,9131049957.997787
2024-06-24 09:00:00,478.8,526.0,473.8,500.6,79446219.85623214,40022552333.343994
2024-06-25 09:00:00,500.9,525.0,490.0,504.1,39524785.97481461,20022911770.518124
2024-06-26 09:00:00,505.2,531.0,480.0,500.0,44552548.06268009,22807132945.636948
2024-06-27 09:00:00,500.0,520.0,474.2,506.6,20266736.06425538,10096776614.671568
2024-06-28 09:00:00,507.0,533.5,504.1,505.6,31896963.14964674,16443959008.091244
2024-06-29 09:00:00,505.6,523.0,485.5,491.0,13892476.66630885,7074437557.888953
2024-06-30 09:00:00,491.1,519.1,472.2,513.9,18233501.71218716,9083306399.415445
2024-07-01 09:00:00,514.0,518.8,496.4,499.8,14686243.55439815,7438721844.158842
2024-07-02 09:00:00,499.9,499.9,485.3,488.0,6759865.62539676,3317084268.617164
2024-07-03 09:00:00,488.3,490.0,450.0,454.1,10170128.41225283,4805238715.848151
2024-07-04 09:00:00,454.0,464.0,401.3,404.9,13289866.25174499,5759194639.006516
2024-07-05 09:00:00,406.0,407.5,346.0,395.7,18414146.31811012,6914008670.486997
2024-07-06 09:00:00,395.8,422.6,384.7,422.0,8536507.8574098,3450829941.733061
2024-07-07 09:00:00,422.1,486.0,417.5,424.3,113207903.86261646,51259761236.89906
2024-07-08 09:00:00,423.0,449.9,404.0,437.2,33214706.85392063,14276793706.865282
2024-07-09 09:00:00,437.7,457.0,432.9,446.0,21272305.0181623,9511107201.304405
2024-07-10 09:00:00,446.0,450.0,436.7,447.5,9376073.38338071,4163539262.4555597
2024-07-11 09:00:00,447.4,449.9,430.0,430.4,9203695.31846498,4053099034.6673465
2024-07-12 09:00:00,430.5,439.5,424.1,437.6,5157822.74075006,2231122981.3357253
2024-07-13 09:00:00,437.6,443.6,433.6,438.5,3631909.0501117,1586663493.0989292
2024-07-14 09:00:00,438.5,454.1,436.2,451.8,13678481.33685493,6100533437.5489235
2024-07-15 09:00:00,452.3,486.7,451.7,479.4,48367845.43776877,22956352380.464836
2024-07-16 09:00:00,479.3,480.4,448.6,473.5,18614864.25391514,8680324248.055603
2024-07-17 09:00:00,473.5,486.4,469.0,475.1,11868679.03274367,5660140361.907596
2024-07-18 09:00:00,475.0,485.1,456.4,472.0,9871832.82161871,4674269456.823536
2024-07-19 09:00:00,472.0,488.0,457.9,482.5,9795781.98418673,4673904875.572366
2024-07-20 09:00:00,483.9,489.6,477.1,488.8,6395648.42983785,3093304664.4964876
2024-07-21 09:00:00,488.8,556.5,483.0,507.4,84307832.67579272,44073961886.1077
2024-07-22 09:00:00,507.2,549.0,489.4,506.0,48352132.14975499,25144806034.719864
2024-07-23 09:00:00,506.0,506.0,473.1,483.3,11772237.37686967,5751673028.113639
2024-07-24 09:00:00,483.4,494.5,471.1,474.3,7724015.66691105,3727568750.292406
2024-07-25 09:00:00,475.4,475.6,437.4,458.1,7612666.48289187,3459341955.5797687
2024-07-26 09:00:00,458.6,487.6,458.6,479.0,19384683.16032252,9197072540.831974
2024-07-27 09:00:00,478.9,488.9,470.7,483.4,6677305.24316357,3207762314.290685
2024-07-28 09:00:00,483.4,487.3,471.3,479.0,3907246.42943716,1869087043.032622
2024-07-29 09:00:00,479.0,485.4,472.0,472.5,5427284.88755491,2601674451.4630146
2024-07-30 09:00:00,472.7,478.9,451.9,459.0,4130176.4690471,1935819893.0949755
2024-07-31 09:00:00,459.0,464.0,448.0,448.4,3930285.79798362,1799103900.5470736
2024-08-01 09:00:00,449.1,451.4,418.0,449.8,4679409.33616343,2054381880.1401038
2024-08-02 09:00:00,449.8,450.8,416.9,422.0,4445911.44793376,1922848492.2354884
2024-08-03 09:00:00,421.6,428.0,397.4,406.2,4542957.30862097,1872489089.4667163
2024-08-04 09:00:00,406.2,419.0,371.0,379.6,5778631.16749412,2283846751.321755
2024-08-05 09:00:00,379.8,381.9,322.1,361.3,14321937.71861888,4992019260.148816
2024-08-06 09:00:00,361.1,385.3,360.0,381.4,6324339.42732221,2376304317.6416078
2024-08-07 09:00:00,380.6,391.5,366.2,372.2,5985704.04075241,2281997874.0405397
2024-08-08 09:00:00,373.6,414.5,362.0,413.2,6511213.40049991,2558937036.940345
2024-08-09 09:00:00,413.0,422.9,399.9,417.0,9485516.75372557,3905551166.2032247
2024-08-10 09:00:00,418.0,422.0,407.7,422.0,4233670.05925074,1756335622.1475315
2024-08-11 09:00:00,422.1,423.4,394.1,397.6,10516504.18332245,4346145852.404162
2024-08-12 09:00:00,397.6,454.7,394.7,411.3,68626201.18023245,29071639626.660793
2024-08-13 09:00:00,412.5,418.8,397.5,418.8,7890688.57431011,3214344450.283933
2024-08-14 09:00:00,418.8,418.8,401.7,407.2,6938655.95282235,2839686368.655994
2024-08-15 09:00:00,407.1,409.3,390.0,392.6,3971397.66002337,1590756774.6495857
2024-08-16 09:00:00,392.6,396.5,380.3,391.3,3873321.3309901,1508935312.4404283
2024-08-17 09:00:00,390.8,395.1,384.9,395.1,1731135.04657751,674445155.0644267
2024-08-18 09:00:00,395.0,400.6,387.6,393.5,1804677.1770579,711071690.8960186
2024-08-19 09:00:00,393.5,410.6,385.1,410.5,4954715.51586494,1971885170.0661347
2024-08-20 09:00:00,410.4,434.4,404.0,414.0,16141695.06554098,6773039599.255852
2024-08-21 09:00:00,413.2,419.0,405.9,415.4,4741349.4129604,1951906825.036584
2024-08-22 09:00:00,416.0,431.0,412.6,421.2,6721678.21713156,2824787547.521306
2024-08-23 09:00:00,421.2,437.0,417.0,436.1,6134207.81115099,2620319467.5761857
2024-08-24 09:00:00,436.1,440.8,429.2,436.5,5813253.29329914,2533982151.8999414
2024-08-25 09:00:00,436.0,436.5,418.0,425.5,3754881.4318268,1604786828.8471773
2024-08-26 09:00:00,426.0,427.0,405.6,407.1,3443702.62736787,1432936469.2354465
2024-08-27 09:00:00,407.1,412.5,381.0,386.9,3089099.04812738,1227969334.2562273
2024-08-28 09:00:00,385.1,399.5,376.5,389.4,3000437.95180763,1163924753.0100987
2024-08-29 09:00:00,389.4,406.6,381.0,387.3,2426763.63581397,946804559.4445345
2024-08-30 09:00:00,388.7,389.8,371.5,389.0,2628319.24295219,1002889907.3774151
2024-08-31 09:00:00,387.8,391.4,378.0,381.7,1146351.12328479,441074128.1127354
2024-09-01 09:00:00,381.6,382.6,364.3,364.5,2094987.30082819,783176426.9915521
2024-09-02 09:00:00,364.5,379.3,360.2,375.1,3309395.18504151,1223890512.1626036
2024-09-03 09:00:00,375.1,381.7,357.8,359.0,2699982.30397537,997806723.4958714
2024-09-04 09:00:00,358.9,367.0,344.3,362.9,2375305.65307779,845698132.4459718
2024-09-05 09:00:00,362.1,366.0,350.0,351.4,1385165.14301792,494084566.6827123
2024-09-06 09:00:00,351.3,360.2,332.5,344.9,1885330.02463431,654932589.5322825
2024-09-07 09:00:00,343.8,355.5,342.8,346.5,665213.09552599,232304188.77979967
2024-09-08 09:00:00,348.1,358.2,346.6,355.1,1775280.23497445,627900472.8046849
2024-09-09 09:00:00,356.0,369.8,354.0,367.0,1821565.11342568,659467510.1627953
2024-09-10 09:00:00,365.7,374.3,359.5,371.0,2207567.44111897,810489766.1050228
2024-09-11 09:00:00,371.0,372.1,355.8,365.1,1658193.54669661,602469021.818041
2024-09-12 09:00:00,364.8,375.0,364.0,374.6,1406573.33126626,519511511.4723107
2024-09-13 09:00:00,374.6,381.6,369.7,379.9,2617953.16132256,980284694.924907
2024-09-14 09:00:00,380.0,382.2,372.8,375.8,1223242.24826306,461225656.42225635
2024-09-15 09:00:00,375.7,375.8,357.9,360.5,2393348.04584227,887469104.8026124
2024-09-16 09:00:00,360.5,370.0,355.5,359.1,2262481.99662974,817454247.8959221
2024-09-17 09:00:00,357.3,369.2,355.5,363.8,1980564.6434859,718589898.4725919
2024-09-18 09:00:00,363.3,372.3,352.6,372.2,3009049.23818318,1089848826.7051284
2024-09-19 09:00:00,372.2,388.6,366.3,383.9,6378844.57461663,2399985131.0410075
2024-09-20 09:00:00,384.0,425.4,377.8,404.3,36271493.91198724,14740840956.443018
2024-09-21 09:00:00,404.3,520.0,400.5,460.2,448175210.0614123,215729779246.8738
2024-09-22 09:00:00,460.3,460.3,406.5,415.6,41428678.33116788,18021600528.282097
2024-09-23 09:00:00,415.7,423.5,404.1,412.3,13997883.15648247,5789522753.644103
2024-09-24 09:00:00,412.3,449.2,411.3,427.7,55878058.81001994,24035016883.662918
2024-09-25 09:00:00,428.8,431.6,416.5,424.3,10650815.92015728,4505592412.872429
2024-09-26 09:00:00,424.3,429.7,416.3,429.2,9724812.16263002,4134765328.7134986
2024-09-27 09:00:00,429.4,439.8,424.0,439.8,8989525.01871736,3864794123.3917217
2024-09-28 09:00:00,439.8,458.2,426.0,435.2,30393010.38525349,13489319526.757898
2024-09-29 09:00:00,435.2,435.7,423.4,429.4,7857964.92807951,3367333314.4809794
2024-09-30 09:00:00,429.5,451.4,414.0,420.7,36658662.42318688,15900081586.58409
2024-10-01 09:00:00,419.9,428.5,380.5,397.0,14716047.83915347,6017041146.497098
2024-10-02 09:00:00,397.0,411.1,378.8,384.4,9013809.02744451,3567840483.992374
2024-10-03 09:00:00,384.3,390.4,371.1,382.8,4658539.68969961,1770410717.9523063
2024-10-04 09:00:00,383.1,417.3,381.9,407.9,39423703.50207453,15851388951.359314
2024-10-05 09:00:00,408.0,412.0,399.5,405.9,7808612.37629927,3172892818.0025454
2024-10-06 09:00:00,405.9,452.6,405.9,429.2,97159811.29901497,41947219321.45425
2024-10-07 09:00:00,429.1,439.4,410.8,410.9,22688948.68322099,9699439899.867455
2024-10-08 09:00:00,411.9,451.5,410.6,437.2,69556826.40924068,29959856284.1826
2024-10-09 09:00:00,437.2,443.6,410.9,418.8,28068629.85236543,12076905158.1776
2024-10-10 09:00:00,418.5,452.6,409.7,434.2,66263570.38422054,28958316330.480137
2024-10-11 09:00:00,434.2,454.8,431.1,444.9,39872811.67203056,17632675770.169582
2024-10-12 09:00:00,444.9,453.0,434.9,442.4,13592738.30349954,6012405657.836561
2024-10-13 09:00:00,442.9,448.0,418.8,426.3,10165166.93291033,4370130283.596333
2024-10-14 09:00:00,426.1,437.8,417.1,436.4,8895812.06686893,3805930250.199396
2024-10-15 09:00:00,436.4,437.5,420.3,431.3,8995981.32519324,3862433236.1229525
2024-10-16 09:00:00,431.2,439.9,425.7,438.8,7613664.31034206,3297179030.1794887
2024-10-17 09:00:00,438.8,448.6,421.9,428.8,12639144.52074483,5513875281.077615
2024-10-18 09:00:00,428.8,437.7,424.6,437.0,4419479.08518894,1901325825.6804714
2024-10-19 09:00:00,436.4,442.0,431.6,441.2,8471833.99029003,3703469359.887356
2024-10-20 09:00:00,441.3,448.8,432.0,448.7,8264192.72326285,3633401417.123408
2024-10-21 09:00:00,448.7,456.9,430.1,433.8,8745554.02751679,3877988597.933776
2024-10-22 09:00:00,433.8,436.4,426.0,433.6,3848904.28978261,1660646783.7315848
2024-10-23 09:00:00,434.4,435.0,412.5,420.2,3455522.24667523,1466846140.6595972
2024-10-24 09:00:00,420.2,428.0,409.1,421.7,4371173.19135115,1833100072.3617973
2024-10-25 09:00:00,421.7,423.0,384.7,398.0,4040347.13919239,1651237873.0102577
2024-10-26 09:00:00,398.9,403.0,387.7,397.8,2715237.10962832,1078268546.7728016
2024-10-27 09:00:00,397.8,407.4,395.0,402.8,1742125.39808171,697763171.886354
2024-10-28 09:00:00,402.8,410.2,391.7,410.2,3522861.94238922,1410159240.2637446
2024-10-29 09:00:00,410.2,421.7,405.5,421.7,3859836.43856489,1598915172.3106837
2024-10-30 09:00:00,421.2,421.6,407.4,410.3,3808560.47460308,1575660127.5723073
2024-10-31 09:00:00,411.5,411.5,387.0,390.6,4055685.04887142,1620698477.454221
2024-11-01 09:00:00,390.7,395.5,376.6,384.7,3888474.94033521,1498127311.396534
2024-11-02 09:00:00,384.7,394.3,377.9,382.2,3628811.49721026,1403057092.5978773
2024-11-03 09:00:00,382.4,383.2,361.6,369.7,4648698.13561734,1716886797.4167058
2024-11-04 09:00:00,369.9,374.6,354.9,362.0,3659617.1216968,1339927336.558642
2024-11-05 09:00:00,361.9,379.1,361.9,372.0,2212659.54201145,822206544.8328055
2024-11-06 09:00:00,373.2,399.0,372.0,397.9,6890887.31810631,2669522551.2878804
2024-11-07 09:00:00,397.9,404.9,386.6,400.6,9165523.89300382,3648526862.122287
2024-11-08 09:00:00,400.9,411.6,396.0,410.6,6251027.82741562,2518046513.6426263
2024-11-09 09:00:00,411.4,417.6,400.0,417.6,6235608.41759064,2541715853.8606806
2024-11-10 09:00:00,417.6,443.3,411.8,436.0,18546145.58230631,7948892085.081332
2024-11-11 09:00:00,435.9,462.7,419.4,462.7,27172594.6899733,12005643141.058432
2024-11-12 09:00:00,462.8,508.1,434.0,476.0,84643714.32332867,40661995426.158325
2024-11-13 09:00:00,475.2,489.0,438.4,462.7,18707295.52325844,8582135235.371888
2024-11-14 09:00:00,463.3,534.0,422.5,435.2,79276522.201094,38024153274.4111
2024-11-15 09:00:00,435.2,455.0,421.9,455.0,11114020.35295483,4902517058.498472
2024-11-16 09:00:00,455.0,496.7,449.8,495.7,25577276.94775018,12080318851.60758
2024-11-17 09:00:00,495.7,496.2,451.0,464.9,14604262.12016511,6919851112.717984
2024-11-18 09:00:00,466.2,492.9,458.3,490.3,13774064.53413118,6574250100.985499
2024-11-19 09:00:00,490.3,527.0,485.1,505.0,47376216.39308244,23997143479.780506
2024-11-20 09:00:00,507.3,510.2,463.0,477.0,11330092.25358489,5445462581.702618
2024-11-21 09:00:00,477.0,504.0,450.0,502.4,20306544.93603524,9812355465.783545
2024-11-22 09:00:00,502.4,504.7,463.9,503.2,19131569.03317661,9390067125.523993
2024-11-23 09:00:00,503.1,527.5,490.5,525.7,38799797.28195611,19850457026.01662
2024-11-24 09:00:00,525.7,607.6,499.2,556.7,91929874.91365585,51459156658.49329
2024-11-25 09:00:00,556.7,566.3,529.2,551.1,27438312.23615525,15039675219.719475
2024-11-26 09:00:00,552.8,598.8,520.0,582.0,44082700.64523529,24704329506.91466
2024-11-27 09:00:00,582.0,597.1,553.3,594.2,20010270.56018339,11422167037.466242
2024-11-28 09:00:00,592.7,610.0,566.0,606.9,17266273.29400086,10125328408.467682
2024-11-29 09:00:00,606.9,622.0,577.3,613.1,19054537.83057983,11380067921.846182
2024-11-30 09:00:00,611.9,650.0,597.3,615.4,36323098.6051705,22456472281.075333
2024-12-01 09:00:00,613.2,619.0,589.0,608.1,15321581.45394771,9254505642.371834
2024-12-02 09:00:00,608.1,638.1,564.2,621.2,44847058.04135282,27410730722.366577
2024-12-03 09:00:00,621.2,784.9,385.0,766.9,103502967.98793808,67791278414.97831
2024-12-04 09:00:00,766.9,769.4,674.4,697.5,52770813.89647155,37321953626.87963
2024-12-05 09:00:00,697.9,709.7,644.4,667.9,25588746.43969509,17275107601.89736
2024-12-06 09:00:00,667.5,682.0,620.4,664.2,14019379.65187669,9178101622.420559
2024-12-07 09:00:00,664.2,684.3,653.1,664.3,18037569.69838345,12075416917.338587
2024-12-08 09:00:00,664.3,673.7,646.3,672.6,6793541.5023111,4503383210.416135
2024-12-09 09:00:00,672.5,682.0,509.0,563.2,21366997.64385154,13162994543.740166
2024-12-10 09:00:00,563.2,568.5,484.7,531.0,17608720.3935166,9277753527.03832
2024-12-11 09:00:00,530.8,563.1,497.0,558.1,8662983.30605998,4615157349.220435
2024-12-12 09:00:00,558.1,590.0,549.1,580.3,7922150.19614926,4534786656.126398
2024-12-13 09:00:00,580.3,583.0,561.6,577.5,4476462.7549735,2565075904.781881
2024-12-14 09:00:00,577.5,585.0,545.2,555.5,4226009.77134048,2405757907.226572
2024-12-15 09:00:00,556.0,576.6,544.9,575.7,4029087.73642432,2256653400.8599076
2024-12-16 09:00:00,575.7,584.7,543.3,555.7,5631658.40058978,3172494916.785566
2024-12-17 09:00:00,554.5,555.9,518.3,527.1,5303666.31813937,2864677573.5862584
2024-12-18 09:00:00,527.0,529.5,478.5,478.7,6244395.90273842,3155549159.5565224
2024-12-19 09:00:00,480.2,498.1,450.0,459.3,6867567.93847129,3257560748.860237
2024-12-20 09:00:00,460.4,483.0,415.7,479.2,10344299.58233677,4670833325.494462
2024-12-21 09:00:00,479.2,499.1,451.7,460.8,6631941.11466264,3150740937.637184
2024-12-22 09:00:00,460.8,513.0,455.1,482.0,36094503.98002965,17554590948.575447
2024-12-23 09:00:00,481.0,516.6,467.4,508.1,13366302.90227936,6587284917.350876
2024-12-24 09:00:00,507.1,545.4,504.8,515.9,23990229.16779279,12610782611.148365
2024-12-25 09:00:00,516.0,520.0,493.7,497.4,8057232.40552206,4098946731.727958
2024-12-26 09:00:00,496.2,499.6,463.4,469.3,5583138.00046613,2667391674.5837436
2024-12-27 09:00:00,469.2,489.6,461.1,478.6,5363306.07909593,2547732353.478999
2024-12-28 09:00:00,480.0,519.1,477.9,518.8,18277568.42893843,9092498509.033129
2024-12-29 09:00:00,518.8,518.8,476.3,481.5,7865240.07650794,3908864512.5143757
2024-12-30 09:00:00,481.4,500.3,461.8,477.0,6765996.71004089,3259156194.2087393
2024-12-31 09:00:00,476.1,483.6,458.0,469.2,5659948.7341487,2659534548.095532
2025-01-01 09:00:00,469.2,483.8,459.6,481.2,2843743.17058374,1340774892.7737358
2025-01-02 09:00:00,481.2,494.5,477.5,487.2,3108495.06116364,1507767137.2143662
2025-01-03 09:00:00,487.0,509.0,479.0,506.3,3413714.94734057,1686534946.4609675
2025-01-04 09:00:00,506.0,520.1,496.3,506.3,5788672.4381225,2936172066.3718038
2025-01-05 09:00:00,506.3,521.0,497.6,515.3,10649093.01688401,5407760044.3785
2025-01-06 09:00:00,515.4,541.9,506.5,528.3,11831908.21513864,6214226113.821238
2025-01-07 09:00:00,528.0,529.8,482.1,486.0,6730489.76955235,3428344340.0325003
2025-01-08 09:00:00,486.0,576.0,465.1,546.3,90579698.06939343,47074094379.0931
2025-01-09 09:00:00,546.3,595.0,518.3,584.8,92029440.39602284,51432599323.2115
2025-01-10 09:00:00,584.8,598.0,530.9,583.5,32616866.7735201,18104712286.16245
2025-01-11 09:00:00,583.8,585.5,548.9,557.0,15314161.20493709,8642700359.544176
2025-01-12 09:00:00,555.1,570.0,530.6,549.7,11255095.66935577,6170031006.391661
2025-01-13 09:00:00,549.7,628.3,490.0,516.5,129799955.5562121,73367043294.49057
2025-01-14 09:00:00,517.2,533.0,492.5,530.6,24808435.83143267,12658140741.087944
2025-01-15 09:00:00,530.6,541.5,503.0,524.6,20441792.51302253,10630318281.609291
2025-01-16 09:00:00,524.2,524.7,503.2,509.5,10791265.13035393,5554531015.912421
2025-01-17 09:00:00,508.7,537.2,507.3,525.5,11709248.21123289,6154382312.874411
2025-01-18 09:00:00,525.9,531.8,493.6,501.0,9092701.38533166,4620858081.350618
2025-01-19 09:00:00,501.0,508.0,464.6,474.2,10751125.50931924,5236027661.187231
2025-01-20 09:00:00,472.6,510.0,460.1,470.6,8252412.42554304,3957766958.6632614
2025-01-21 09:00:00,469.6,481.2,453.0,470.9,5726320.79150146,2671644192.0653844
2025-01-22 09:00:00,470.0,474.0,460.3,462.4,2330805.50172108,1088934819.614505
2025-01-23 09:00:00,462.0,467.1,447.3,461.0,3077466.27248975,1403503640.0004597
2025-01-24 09:00:00,461.0,471.8,441.7,448.8,4630971.93729909,2111048773.9969592
2025-01-25 09:00:00,448.1,461.3,443.0,460.8,2396836.2932823,1089519659.7699087
2025-01-26 09:00:00,460.8,485.9,458.4,460.3,9927744.9608529,4700022945.368847
2025-01-27 09:00:00,460.3,463.4,432.8,454.0,5342808.27147567,2402175480.792448
2025-01-28 09:00:00,454.0,457.0,433.0,436.0,2478574.1495851,1105534600.0893514
2025-01-29 09:00:00,434.7,449.1,430.5,440.6,1940381.36443731,851466985.7634166
2025-01-30 09:00:00,440.6,456.9,437.7,445.7,2025666.4927122,905136329.6604176
2025-01-31 09:00:00,446.8,469.8,442.0,454.4,8325244.04180904,3811038578.2455926
2025-02-01 09:00:00,454.4,494.1,443.1,449.5,40030974.81587312,18995971709.975937
2025-02-02 09:00:00,448.6,480.0,395.6,413.5,18419380.00042039,8083134599.950973
2025-02-03 09:00:00,412.6,422.4,354.3,414.8,11518100.9747826,4418000345.256482
2025-02-04 09:00:00,414.8,429.0,391.8,421.4,15558280.95437042,6480222742.103232
2025-02-05 09:00:00,421.4,422.5,402.2,404.8,3974737.52868501,1638944933.2234123
2025-02-06 09:00:00,404.8,408.4,382.1,388.6,3249767.6159962,1289857542.0269363
2025-02-07 09:00:00,387.6,404.0,372.4,382.5,2523680.09811857,979142234.4882541
2025-02-08 09:00:00,382.4,395.4,378.9,395.1,1122668.14337596,431735042.86513186
2025-02-09 09:00:00,395.1,405.0,379.5,393.3,3294112.2188176,1301430921.8066895
2025-02-10 09:00:00,392.9,397.2,378.9,395.2,3267123.99915926,1275005300.8988447
2025-02-11 09:00:00,395.0,404.0,386.5,390.5,2830894.55601405,1122023386.0113425
2025-02-12 09:00:00,390.3,409.5,376.6,405.5,2960837.19242968,1154111656.6062303
2025-02-13 09:00:00,405.5,409.8,389.6,397.6,2132929.50343666,853129086.5340967
2025-02-14 09:00:00,398.7,414.3,393.0,402.1,4992337.45661551,2011131885.555625
2025-02-15 09:00:00,402.2,404.3,388.6,389.4,1352908.50700736,537619371.8354722
2025-02-16 09:00:00,390.0,421.9,387.0,398.4,10359375.91864848,4186767655.3664308
2025-02-17 09:00:00,398.1,452.5,392.1,402.1,33139456.52316679,13970437325.00755
2025-02-18 09:00:00,401.2,402.4,374.6,385.1,4369032.74591181,1693551876.048637
2025-02-19 09:00:00,386.4,395.3,383.0,390.3,2560402.94953974,996860764.220873
2025-02-20 09:00:00,388.3,397.7,386.8,397.2,1332112.86960341,520944563.5300313
2025-02-21 09:00:00,397.2,406.9,381.1,387.1,2358073.46720481,933347467.4212772
2025-02-22 09:00:00,386.3,400.0,385.0,399.7,1753829.0384754,690155216.7414418
2025-02-23 09:00:00,399.7,403.0,390.0,395.3,1452013.04701633,577243909.568982
2025-02-24 09:00:00,394.9,396.9,350.0,351.7,3960895.67495402,1482625735.7594695
2025-02-25 09:00:00,351.7,365.5,333.6,359.6,3703396.87908756,1288461445.6488638
2025-02-26 09:00:00,359.2,364.6,348.0,359.9,1635633.57393141,584010999.5131586
2025-02-27 09:00:00,359.9,369.0,355.6,363.9,1864183.06672118,674817985.8032072
2025-02-28 09:00:00,364.7,370.3,340.1,367.4,3403577.10638222,1201706087.320058
2025-03-01 09:00:00,367.0,377.3,359.1,374.9,2172508.34214279,797729218.3340449
2025-03-02 09:00:00,377.0,395.0,364.6,392.4,13342249.77483961,5064834370.006029
2025-03-03 09:00:00,392.8,394.8,340.8,346.8,4793877.77877927,1780587732.0690975
2025-03-04 09:00:00,347.3,351.0,329.0,346.5,3186487.14852139,1087983922.6605763
2025-03-05 09:00:00,346.1,353.7,339.2,352.1,2047185.58502725,710104148.7043219
2025-03-06 09:00:00,352.1,358.0,341.2,343.7,1900012.83928201,667407996.2756554
2025-03-07 09:00:00,344.7,353.6,330.1,341.8,1538086.23680504,526908470.2685081
2025-03-08 09:00:00,341.8,343.8,335.4,340.6,492657.22696767,167336965.41194585
2025-03-09 09:00:00,340.5,341.3,301.2,304.0,3508232.00480298,1111463779.9216123
2025-03-10 09:00:00,304.0,315.1,286.4,286.4,3706186.39115365,1114320744.4617174
2025-03-11 09:00:00,286.3,302.7,270.2,296.7,2298596.21605499,659472571.1022186
2025-03-12 09:00:00,296.7,308.5,288.5,306.0,2000836.00419086,601002307.8971676
2025-03-13 09:00:00,306.0,310.6,296.5,304.5,1537506.46191666,467588520.8425315
2025-03-14 09:00:00,304.5,317.1,303.0,311.9,930082.50674454,289990216.27775145
2025-03-15 09:00:00,311.6,318.8,310.1,316.7,705105.9029981,220911242.69009426
2025-03-16 09:00:00,316.7,317.2,304.9,306.0,881242.41918931,273761852.4481377
2025-03-17 09:00:00,305.8,317.0,305.7,315.1,1104100.6053696,343571916.0159842
2025-03-18 09:00:00,314.0,327.3,310.4,324.4,2617775.5842441,830468305.7740482
2025-03-19 09:00:00,325.4,335.2,320.3,328.9,3775966.50489094,1236351983.6783524
2025-03-20 09:00:00,328.8,331.8,322.6,325.7,1626629.67357994,532607935.26598394
2025-03-21 09:00:00,325.6,327.2,318.6,320.5,1254014.00511942,404573355.83667374
2025-03-22 09:00:00,320.6,330.5,320.6,325.2,1234820.89829483,402974988.935944
2025-03-23 09:00:00,325.2,325.7,318.6,321.4,928240.91913594,299208005.2894328
2025-03-24 09:00:00,321.4,333.0,317.2,330.4,1554623.42263379,510349149.4629598
2025-03-25 09:00:00,330.6,358.8,328.2,335.2,9359732.65318384,3180040508.730088
2025-03-26 09:00:00,334.3,338.1,326.0,330.4,1550173.17224956,515562883.1000407
2025-03-27 09:00:00,330.4,335.4,324.0,328.2,1373270.34802766,452836583.208882
2025-03-28 09:00:00,328.2,331.5,307.5,312.3,2280528.66177115,726318006.2273148
2025-03-29 09:00:00,312.8,314.8,293.2,295.9,1377243.12400697,416719076.4910458
2025-03-30 09:00:00,295.9,304.8,294.0,295.9,1262434.68713552,377632587.1816829
2025-03-31 09:00:00,296.7,326.4,280.0,282.0,14668233.44836444,4395214390.264289
2025-04-01 09:00:00,282.1,287.4,275.1,283.1,3314187.01423921,928246569.6838118
2025-04-02 09:00:00,283.1,283.1,257.7,257.9,3944885.20702692,1055787447.8720491
2025-04-03 09:00:00,257.7,264.1,249.6,258.8,3300200.93737526,851226135.5211586
2025-04-04 09:00:00,259.3,259.6,249.3,254.3,2867395.37710363,729156269.5584018
2025-04-05 09:00:00,254.3,258.8,250.3,254.9,1122613.26412152,286073339.0536729
2025-04-06 09:00:00,254.9,259.8,232.5,238.6,3935084.39062677,979982974.9047885
2025-04-07 09:00:00,237.8,249.6,216.4,243.7,3492466.72951994,817714513.9729328
2025-04-08 09:00:00,243.3,248.5,233.0,234.5,3834751.00771529,926726677.7689685
2025-04-09 09:00:00,234.5,289.9,227.8,255.0,129087252.9487483,33804193262.235016
2025-04-10 09:00:00,255.1,296.0,251.5,269.1,79515184.18157674,21861407894.09345
2025-04-11 09:00:00,269.1,269.9,256.1,258.7,14752055.10559327,3853918054.095403
2025-04-12 09:00:00,258.7,267.7,253.6,266.5,6331476.1313992,1650356038.498492
2025-04-13 09:00:00,265.9,279.0,250.1,253.0,12785382.12233093,3441407007.4604383
2025-04-14 09:00:00,253.0,258.0,246.7,250.4,3638539.45767508,918911018.8189266
2025-04-15 09:00:00,250.5,270.1,247.8,269.8,14368184.34185362,3698530831.9397554
2025-04-16 09:00:00,268.4,278.5,261.6,277.9,15382918.61599039,4138114166.7948365
2025-04-17 09:00:00,277.9,278.2,269.0,275.5,6385041.12720533,1748467938.786157
2025-04-18 09:00:00,275.6,297.9,271.1,285.0,23730777.41288573,6787266319.725591
2025-04-19 09:00:00,285.0,309.4,283.0,292.8,8564829.7268778,2526309428.16245
2025-04-20 09:00:00,292.8,296.5,284.0,289.7,4234153.34221866,1226109104.3244424
2025-04-21 09:00:00,289.7,291.6,282.9,285.0,2835586.31953155,814455301.3116264
2025-04-22 09:00:00,284.3,298.6,277.8,298.4,3818042.36596126,1098780523.9371045
2025-04-23 09:00:00,298.4,306.7,293.5,300.9,3117106.19315147,933912971.9609824
2025-04-24 09:00:00,299.8,306.1,294.1,304.2,4743830.34295397,1426865526.8628452
2025-04-25 09:00:00,304.2,314.1,302.1,312.3,6510595.71433925,2014926600.7922003
2025-04-26 09:00:00,312.3,315.8,305.0,313.1,2694287.86073964,839251035.1572638
2025-04-27 09:00:00,312.6,318.5,297.7,299.5,3900904.51564391,1193800567.9519114
2025-04-28 09:00:00,299.4,305.3,289.0,305.2,3154531.94770664,941639787.1860721
2025-04-29 09:00:00,305.3,307.6,296.8,301.0,2678734.33495663,810798102.2148725
2025-04-30 09:00:00,300.7,303.2,289.0,300.4,2387172.62688324,710669515.3256153
2025-05-01 09:00:00,300.4,306.6,295.4,304.8,2044176.85011053,618837677.8867561
2025-05-02 09:00:00,304.0,307.2,297.0,300.4,2106394.36299243,635216846.8370758
2025-05-03 09:00:00,300.6,304.5,290.2,290.4,2884039.96861871,859990821.0135294
2025-05-04 09:00:00,291.2,291.4,280.0,282.1,2297263.72192471,656837280.8097206
2025-05-05 09:00:00,281.1,287.0,275.4,283.3,1357683.07751826,381816721.0279012
2025-05-06 09:00:00,283.3,283.9,264.5,272.5,1702860.13305375,466577315.62843126
2025-05-07 09:00:00,272.5,277.7,269.0,275.9,1617450.42643441,442880789.4275961
2025-05-08 09:00:00,275.3,301.0,274.2,300.6,4553119.11983055,1315722759.9591548
2025-05-09 09:00:00,300.8,317.0,299.7,316.9,3548264.24547968,1089561496.5009644
2025-05-10 09:00:00,316.6,328.0,308.4,327.0,4041626.93576999,1287090665.8265061
2025-05-11 09:00:00,326.8,330.2,312.2,320.1,8756210.01377199,2830155181.8621945
2025-05-12 09:00:00,320.8,338.7,314.7,330.7,9512540.7917767,3134395019.1263137
2025-05-13 09:00:00,330.6,339.2,314.1,331.2,6087903.50525072,1992995230.618301
2025-05-14 09:00:00,330.9,332.2,316.4,317.9,3530256.17358277,1144026270.2659748
2025-05-15 09:00:00,317.9,321.2,300.0,304.7,3446686.38865019,1070893843.6234224
2025-05-16 09:00:00,305.3,312.8,300.3,303.1,869418.44740844,267541851.35184234
2025-05-17 09:00:00,303.1,303.8,293.4,298.1,974581.86904293,290445400.2964139
2025-05-18 09:00:00,297.2,309.4,292.5,306.3,1275736.57299375,383901991.7962494
2025-05-19 09:00:00,306.4,307.0,288.3,297.9,1641519.9442049,485270283.21785945
2025-05-20 09:00:00,297.9,302.4,290.8,297.3,1061982.82122984,315101152.0272453
2025-05-21 09:00:00,297.9,298.2,288.0,293.5,1796999.47827243,526811811.93920475
2025-05-22 09:00:00,292.6,305.8,292.0,304.4,2202900.36652364,661467311.233842
2025-05-23 09:00:00,304.4,307.8,282.5,285.6,3003427.66533376,888096145.1141763
2025-05-24 09:00:00,284.6,297.3,283.9,286.5,3022784.74124743,880334871.7074775
2025-05-25 09:00:00,286.0,286.9,275.2,282.2,2178447.4253733,609506077.9033805
2025-05-26 09:00:00,282.8,282.8,272.0,276.6,1605897.327324,445789956.9540147
2025-05-27 09:00:00,276.6,282.1,270.2,278.9,1453556.24587206,402222148.2459809
2025-05-28 09:00:00,278.6,282.2,270.0,277.2,1233533.12463685,342489256.29908437
2025-05-29 09:00:00,277.2,281.6,268.5,269.3,1980817.04692878,542900352.1401579
2025-05-30 09:00:00,269.0,270.4,247.0,249.3,3417296.11588807,883698766.7784095
2025-05-31 09:00:00,249.1,252.0,243.5,251.1,1312658.83077242,324231886.386069
2025-06-01 09:00:00,250.8,256.3,246.7,255.7,691671.82716037,173442888.99468467
2025-06-02 09:00:00,255.1,263.1,252.3,262.8,1511827.71855969,387704620.21376777
2025-06-03 09:00:00,262.1,265.8,258.8,260.4,1783721.98424794,468096941.07607543
2025-06-04 09:00:00,260.8,263.7,252.9,252.9,879296.55492026,227614120.98447773
2025-06-05 09:00:00,252.9,253.5,238.1,242.5,1236125.58377342,306170059.1127977
2025-06-06 09:00:00,241.9,250.5,241.0,244.0,1031536.77445833,252263810.79574287
2025-06-07 09:00:00,244.2,250.3,243.0,247.6,446274.80026996,110551839.12130205
2025-06-08 09:00:00,246.7,250.5,245.1,247.0,961339.66610907,236779405.40882888
2025-06-09 09:00:00,247.0,255.2,245.5,254.9,1461376.47882084,365053072.47888327
2025-06-10 09:00:00,254.1,261.5,252.4,260.8,1874587.15385895,479785793.649138
2025-06-11 09:00:00,261.2,264.2,255.0,257.3,1503004.95618648,390643301.857682
2025-06-12 09:00:00,257.2,259.3,243.3,243.4,1657107.3325133,418125781.5795918
2025-06-13 09:00:00,244.4,244.4,232.2,241.0,2326889.87418071,549961794.5218657
2025-06-14 09:00:00,241.4,248.4,235.5,240.0,11945389.5717041,2915300722.7261696
2025-06-15 09:00:00,239.5,249.8,238.1,245.2,9123016.6906425,2237833086.986921
2025-06-16 09:00:00,244.3,245.1,235.7,235.7,4848074.79831229,1172048037.3064458
2025-06-17 09:00:00,235.8,240.8,230.4,234.0,2139146.17320541,504761773.9294868
2025-06-18 09:00:00,233.8,238.5,228.7,237.2,1477346.43460642,344893892.0695055
2025-06-19 09:00:00,237.2,238.1,233.3,237.3,927967.39587986,218924115.47413564
2025-06-20 09:00:00,237.2,240.0,229.7,233.2,1388995.41028032,327569124.9085095
2025-06-21 09:00:00,233.2,236.3,220.2,224.7,1454974.40225124,331451752.1752695
2025-06-22 09:00:00,224.6,226.2,206.5,215.1,2701578.06748348,583562217.1928343
2025-06-23 09:00:00,215.1,233.7,214.6,233.1,1329680.46019035,293972345.02154356
2025-06-24 09:00:00,232.7,240.4,231.1,237.5,944268.17609327,221411714.28392008
2025-06-25 09:00:00,237.6,238.1,230.2,230.9,1082027.9097847,254193962.16705298
2025-06-26 09:00:00,230.8,234.4,224.6,225.1,745028.44915988,170749032.28005695
2025-06-27 09:00:00,224.9,229.6,222.5,225.2,936989.02058567,211031693.69950008
2025-06-28 09:00:00,225.0,228.1,222.0,227.1,205857.5800537,46248205.69533775
2025-06-29 09:00:00,227.1,234.7,224.9,233.8,1063255.01953341,244497768.60474816
2025-06-30 09:00:00,233.4,234.6,225.5,226.9,846930.96107337,193840667.6378791
2025-07-01 09:00:00,226.9,227.6,216.7,218.3,1607069.98500119,354628455.63547724
2025-07-02 09:00:00,218.4,236.0,216.8,233.0,4271256.23665179,971213635.5563368
2025-07-03 09:00:00,232.8,237.6,231.6,234.7,2099218.24855061,492906088.83758783
2025-07-04 09:00:00,234.7,236.7,224.0,226.1,2288994.50339969,529126538.43099403
2025-07-05 09:00:00,226.1,228.3,223.0,226.2,825144.53605065,186733187.13475692
2025-07-06 09:00:00,226.4,230.9,223.5,230.6,1382317.80351814,314163917.7054874
2025-07-07 09:00:00,229.7,234.8,227.7,229.0,2765250.62771633,639677956.0787168
2025-07-08 09:00:00,229.5,233.4,226.6,233.3,1524522.96093826,351340282.84486073
2025-07-09 09:00:00,233.4,243.0,230.5,242.2,2238311.33586123,529535408.03516763
2025-07-10 09:00:00,241.9,251.4,238.4,250.0,3057949.92871135,745118018.1153294
2025-07-11 09:00:00,250.0,258.4,246.6,252.5,3993417.6492782,1013366105.5240449
2025-07-12 09:00:00,252.2,274.9,248.7,262.6,15982632.21486657,4217735070.0910635
2025-07-13 09:00:00,262.5,271.2,258.4,267.3,3919952.6750425,1038717770.753383
2025-07-14 09:00:00,267.3,275.0,264.2,268.9,3826608.45541864,1034547877.5984908
2025-07-15 09:00:00,268.9,274.8,257.7,274.4,3422395.72979371,908140183.993201
2025-07-16 09:00:00,274.4,280.0,269.5,275.7,2658721.08218812,729937737.7527227
2025-07-17 09:00:00,275.5,278.4,268.0,276.6,3810811.66866988,1046681701.2855196
2025-07-18 09:00:00,277.5,288.0,274.7,279.5,5227671.41019298,1474516205.6052873
2025-07-19 09:00:00,279.5,289.7,271.3,280.8,2951146.88164593,820717553.7911891
2025-07-20 09:00:00,280.2,297.0,280.2,293.7,11315982.04495359,3262474048.0020804
2025-07-21 09:00:00,292.8,296.9,288.6,295.5,4156475.07672825,1219755764.6441996
2025-07-22 09:00:00,295.7,296.9,281.0,291.8,4671957.0820088,1347252169.5562136
2025-07-23 09:00:00,291.8,305.8,266.0,274.8,32734390.49358465,9663736970.069067
2025-07-24 09:00:00,274.8,280.0,252.2,266.7,4971879.67167566,1326406065.8008952
2025-07-25 09:00:00,266.6,271.8,259.1,271.8,2410831.23520185,637818587.1820315
2025-07-26 09:00:00,270.9,272.7,265.2,268.2,1553585.49185032,418450712.03768647
2025-07-27 09:00:00,268.2,275.8,267.6,274.3,1620074.09658018,439687791.6079908
2025-07-28 09:00:00,274.6,277.0,256.4,257.7,2776728.40569803,744223788.8200685
2025-07-29 09:00:00,256.6,263.0,250.0,254.9,2368448.90814382,607881075.8651704
2025-07-30 09:00:00,254.9,254.9,244.3,253.0,3358726.44443105,837961278.6806085
2025-07-31 09:00:00,253.0,257.0,243.0,244.0,2645628.15442553,663801366.6814548
2025-08-01 09:00:00,244.0,244.0,233.2,237.0,2591640.01248887,620671984.2290744
2025-08-02 09:00:00,237.0,242.0,230.0,233.0,1345504.19576005,317498218.9301492
2025-08-03 09:00:00,233.0,240.0,229.0,240.0,1263468.65733973,296065020.7751408
2025-08-04 09:00:00,239.0,245.0,237.0,245.0,1095307.7317792,263248252.62506595
2025-08-05 09:00:00,244.0,254.0,238.0,243.0,27084258.52549276,6750550889.631861
2025-08-06 09:00:00,243.0,251.0,231.0,240.0,7324196.39690064,1754781491.2509696
2025-08-07 09:00:00,240.0,245.0,238.0,245.0,2838314.24446117,685853084.5470095
2025-08-08 09:00:00,244.0,253.0,241.0,253.0,3113719.9622592,766175487.296347
2025-08-09 09:00:00,253.0,259.0,251.0,256.0,3507678.31740816,893974800.5306759
2025-08-10 09:00:00,255.0,260.0,247.0,250.0,2848514.27491503,719842538.7203119
2025-08-11 09:00:00,250.0,253.0,240.0,240.0,2996266.92578508,735251259.8985089
2025-08-12 09:00:00,240.0,248.0,233.0,246.0,2334856.45864426,561392608.9536535
2025-08-13 09:00:00,247.0,250.0,244.0,249.0,2395477.92729794,591973236.3918555
2025-08-14 09:00:00,249.0,251.0,231.0,235.0,4277971.89326014,1032379690.4270469
2025-08-15 09:00:00,235.0,240.0,229.0,235.0,2057962.10082794,483164811.070495
2025-08-16 09:00:00,236.0,243.0,234.0,242.0,5176288.58348667,1233573553.8091133
2025-08-17 09:00:00,242.0,245.0,238.0,240.0,1515959.97479128,367106979.85713637
2025-08-18 09:00:00,239.0,239.0,229.0,235.0,2199544.6777036,511618940.95968056
2025-08-19 09:00:00,235.0,240.0,228.0,229.0,2823521.39463357,664026116.552041
2025-08-20 09:00:00,229.0,242.0,228.0,240.0,2182948.21665712,516075828.64657044
2025-08-21 09:00:00,239.0,253.0,238.0,250.0,13262856.61529526,3281875929.3462424
2025-08-22 09:00:00,251.0,253.0,233.0,252.0,7921719.657405,1937782453.6962383
2025-08-23 09:00:00,252.0,265.0,251.0,252.0,13408880.28424081,3456355291.098887
2025-08-24 09:00:00,252.0,270.0,245.0,264.0,15103293.77660634,3889753072.4975457
2025-08-25 09:00:00,264.0,322.0,260.0,278.0,275250764.69381833,80797259430.17992
2025-08-26 09:00:00,278.0,278.0,253.0,255.0,34725456.9346029,9026878970.636385
2025-08-27 09:00:00,254.0,260.0,240.0,243.0,17564330.49773006,4344373112.169734
2025-08-28 09:00:00,242.0,244.0,237.0,240.0,9705971.5666442,2333735408.0967994
2025-08-29 09:00:00,240.0,243.0,227.0,233.0,13898762.34727521,3258837341.7242265
2025-08-30 09:00:00,233.0,242.0,232.0,236.0,16385129.92335696,3890669434.9307265
2025-08-31 09:00:00,236.0,239.0,231.0,232.0,4819006.72045157,1135222155.4152646
2025-09-01 09:00:00,231.0,234.0,222.0,226.0,7637577.11102061,1740946618.7650566
2025-09-02 09:00:00,226.0,231.0,223.0,228.0,3350061.8212964,761574487.9425468
2025-09-03 09:00:00,228.0,232.0,225.0,231.0,2152544.11881905,491282633.1735256
2025-09-04 09:00:00,231.0,234.0,225.0,228.0,4216090.4487696,964915438.8207085
2025-09-05 09:00:00,227.0,231.0,225.0,230.0,2578986.86153511,589466413.8009678
2025-09-06 09:00:00,230.0,234.0,230.0,233.0,2789139.15435282,647818683.9010396
2025-09-07 09:00:00,232.0,237.0,231.0,235.0,1872215.10740995,437436817.88475555
2025-09-08 09:00:00,236.0,237.0,233.0,236.0,1938379.32517213,455607457.32990676
2025-09-09 09:00:00,236.0,241.0,232.0,235.0,3643920.24033398,860730442.9325845
2025-09-10 09:00:00,236.0,238.0,235.0,238.0,2047244.21293391,484444101.377334
2025-09-11 09:00:00,238.0,239.0,233.0,237.0,2626394.49530303,620243617.0131761
2025-09-12 09:00:00,238.0,240.0,235.0,239.0,2457974.83310068,583349688.8425442
2025-09-13 09:00:00,239.0,242.0,236.0,242.0,3412472.8627638,818022144.9557786
2025-09-14 09:00:00,241.0,242.0,233.0,236.0,2906961.36051103,691518449.0312449
2025-09-15 09:00:00,236.0,237.0,227.0,230.0,3198610.77530886,742711318.1265886
2025-09-16 09:00:00,231.0,233.0,228.0,233.0,1351575.76860119,310911000.92954826
2025-09-17 09:00:00,233.0,237.0,229.0,237.0,1566638.85233356,363312945.2327196
2025-09-18 09:00:00,237.0,239.0,235.0,238.0,1743097.35092006,412125625.8895773
2025-09-19 09:00:00,237.0,239.0,230.0,230.0,2273599.61576656,533896660.6114359
2025-09-20 09:00:00,230.0,233.0,230.0,231.0,1099774.83914492,254144655.10137105
2025-09-21 09:00:00,231.0,233.0,229.0,230.0,1415255.36145537,326417909.69964135
2025-09-22 09:00:00,229.0,230.0,217.0,220.0,5408877.35189781,1197811549.4367054
2025-09-23 09:00:00,220.0,222.0,216.0,221.0,2391702.75946986,523603597.04875046
2025-09-24 09:00:00,221.0,227.0,217.0,223.0,1603263.09906947,355893584.4857599
2025-09-25 09:00:00,224.0,224.0,212.0,214.0,3643923.16488931,790931115.2508618
2025-09-26 09:00:00,213.0,220.0,213.0,220.0,2412022.67453996,521075261.4384578
2025-09-27 09:00:00,220.0,220.0,215.0,216.0,758487.35826755,164974586.06921327
2025-09-28 09:00:00,215.0,221.0,212.0,220.0,1075478.57595623,231308909.17666903
2025-09-29 09:00:00,220.0,220.0,213.0,215.0,1372051.21599557,296976969.50944054
2025-09-30 09:00:00,215.0,219.0,209.0,212.0,3112777.89810399,662589842.2554262
2025-10-01 09:00:00,211.0,223.0,211.0,223.0,2139734.60158561,461941802.25192344
2025-10-02 09:00:00,222.0,227.0,220.0,224.0,2572535.80945591,575767619.4459862
2025-10-03 09:00:00,224.0,227.0,220.0,224.0,1565441.15096931,348666891.95965904
2025-10-04 09:00:00,224.0,224.0,217.0,219.0,986122.00116291,217004864.34123382
2025-10-05 09:00:00,219.0,224.0,215.0,217.0,1361852.43118351,299661304.2228851
2025-10-06 09:00:00,217.0,222.0,216.0,220.0,845702.24836206,185357427.82598993
2025-10-07 09:00:00,221.0,222.0,212.0,212.0,1888811.7497145,410885973.8700702
2025-10-08 09:00:00,214.0,219.0,212.0,218.0,3965273.02330758,854876743.6629951
2025-10-09 09:00:00,218.0,220.0,213.0,217.0,3483061.7017474,753689303.8325936
2025-10-10 09:00:00,217.0,219.0,165.0,178.0,7620935.7814219,1534725108.342231
2025-10-11 09:00:00,180.0,187.0,171.0,181.0,6801293.18603757,1223561954.1863842
2025-10-12 09:00:00,181.0,195.0,175.0,193.0,2121256.63008907,392318526.0666003
2025-10-13 09:00:00,193.0,201.0,189.0,200.0,2663424.91339038,517816631.61707586
2025-10-14 09:00:00,200.0,201.0,185.0,194.0,2613448.91288005,501235924.8277311
2025-10-15 09:00:00,194.0,197.0,187.0,188.0,1342144.62435779,257658986.91690165
2025-10-16 09:00:00,188.0,192.0,180.0,182.0,1379056.31021336,257057817.87079993
2025-10-17 09:00:00,182.0,185.0,168.0,179.0,3470637.101189,602028811.2721188
2025-10-18 09:00:00,177.0,180.0,176.0,179.0,1060562.35642061,189084599.1005502
2025-10-19 09:00:00,179.0,183.0,174.0,181.0,860016.32691957,153949587.36739022
2025-10-20 09:00:00,180.0,184.0,177.0,180.0,1561692.56077363,280676048.2030474
2025-10-21 09:00:00,179.0,185.0,173.0,176.0,1991398.76019737,355402800.417802
2025-10-22 09:00:00,175.0,178.0,166.0,169.0,1229842.59955924,212130315.79250842
2025-10-23 09:00:00,169.0,175.0,169.0,173.0,1366304.73369943,234757871.20527402
2025-10-24 09:00:00,173.0,176.0,171.0,174.0,717522.72461805,124733275.71842638
2025-10-25 09:00:00,174.0,174.0,170.0,171.0,585941.85156155,100719000.54950339
2025-10-26 09:00:00,172.0,180.0,171.0,180.0,4442737.72858488,779468106.4960412
2025-10-27 09:00:00,180.0,180.0,172.0,173.0,2927988.09482962,514162987.2371256
2025-10-28 09:00:00,173.0,174.0,167.0,170.0,1707409.52512922,291265410.30827636
2025-10-29 09:00:00,170.0,173.0,167.0,169.0,1971719.55405383,335113548.0071748
2025-10-30 09:00:00,170.0,173.0,157.0,162.0,2934067.30368104,484796676.0431745
2025-10-31 09:00:00,161.0,164.0,160.0,162.0,1036281.6027883,167596007.30321044
2025-11-01 09:00:00,163.0,170.0,162.0,169.0,1328493.72098064,220950500.59340405
2025-11-02 09:00:00,169.0,170.0,163.0,167.0,982762.14617366,164486425.24142167
2025-11-03 09:00:00,167.0,167.0,139.0,143.0,4216940.47785532,628472165.0974782
2025-11-04 09:00:00,143.0,150.0,138.0,147.0,6007166.19225575,867846320.1576793
2025-11-05 09:00:00,147.0,151.0,137.0,151.0,2332768.07466605,338407206.61266464
2025-11-06 09:00:00,150.0,154.0,147.0,152.0,1620920.42787588,243973013.16728148
2025-11-07 09:00:00,151.0,173.0,151.0,169.0,3865411.20944348,629406462.2315041
2025-11-08 09:00:00,169.0,172.0,160.0,166.0,2760439.47955712,453007679.22607064
2025-11-09 09:00:00,165.0,167.0,160.0,163.0,1101334.72417745,179911950.43764985
2025-11-10 09:00:00,163.0,166.0,159.0,164.0,1544087.27100955,251072697.3928034
2025-11-11 09:00:00,164.0,190.0,161.0,163.0,26849114.59287806,4665843083.742212
2025-11-12 09:00:00,163.0,178.0,160.0,170.0,13336594.01786087,2276051610.3985596
2025-11-13 09:00:00,170.0,170.0,157.0,161.0,4570536.31928842,748655179.2117543
2025-11-14 09:00:00,160.0,161.0,152.0,155.0,1991228.53920338,311649654.7424239
2025-11-15 09:00:00,155.0,160.0,155.0,159.0,603348.26704721,94950382.47452201
2025-11-16 09:00:00,159.0,159.0,148.0,153.0,1109500.67609751,169180775.39957154
2025-11-17 09:00:00,152.0,156.0,147.0,150.0,1289412.75460428,196235903.49731758
2025-11-18 09:00:00,150.0,153.0,147.0,151.0,1569563.63426886,233729217.6747979
2025-11-19 09:00:00,151.0,152.0,143.0,148.0,1080003.55462333,159738382.64464778
2025-11-20 09:00:00,148.0,153.0,143.0,144.0,1760863.61384133,260061985.36771145
2025-11-21 09:00:00,145.0,146.0,133.0,140.0,2073073.43113864,288065065.6359434
2025-11-22 09:00:00,139.0,141.0,136.0,141.0,1435867.9182809,198240098.02495673
2025-11-23 09:00:00,140.0,145.0,140.0,143.0,1637076.67295823,234062531.0816991
2025-11-24 09:00:00,143.0,146.0,139.0,143.0,1428355.49073266,203141313.43750757
2025-11-25 09:00:00,143.0,165.0,143.0,151.0,15592810.98911954,2320311289.4871483
2025-11-26 09:00:00,151.0,151.0,145.0,149.0,2915735.85619159,429804443.21245605
2025-11-27 09:00:00,148.0,152.0,146.0,151.0,3288427.8716884,489382866.2863907
2025-11-28 09:00:00,150.0,153.0,147.0,149.0,2420220.05724958,363935152.4989567
2025-11-29 09:00:00,147.0,166.0,147.0,161.0,8361942.52665049,1314073839.9322581
2025-11-30 09:00:00,161.0,164.0,155.0,155.0,7014423.33260814,1106796633.2682643
2025-12-01 09:00:00,155.0,158.0,139.0,143.0,6807983.88899664,995673509.5061507
2025-12-02 09:00:00,143.0,146.0,136.0,144.0,3397056.859378,481337697.59612983
2025-12-03 09:00:00,143.0,149.0,141.0,148.0,1879168.92406653,271967674.0992188
2025-12-04 09:00:00,148.0,149.0,142.0,143.0,1315224.55740826,190066922.76696622
2025-12-05 09:00:00,143.0,144.0,133.0,136.0,3919444.25399073,537996196.3808163
2025-12-06 09:00:00,135.0,139.0,134.0,138.0,1372851.76502128,186962255.85388696
2025-12-07 09:00:00,138.0,139.0,131.0,132.0,2100267.02043646,282341776.1690963
2025-12-08 09:00:00,131.0,135.0,131.0,132.0,1237034.39757026,164399286.7373459
2025-12-09 09:00:00,131.0,137.0,130.0,136.0,2287388.93932325,305960180.6749046
2025-12-10 09:00:00,135.0,137.0,131.0,132.0,1071555.03808727,143313996.08682227
2025-12-11 09:00:00,132.0,133.0,128.0,131.0,1383914.92738311,179601443.25807503
2025-12-12 09:00:00,130.0,131.0,125.1,128.0,1393615.37214976,179523813.75497812
2025-12-13 09:00:00,129.0,133.0,128.0,132.0,1881174.41611379,246359144.45284945
2025-12-14 09:00:00,131.0,132.0,125.0,126.0,1221831.90498622,157821921.01561585
2025-12-15 09:00:00,126.0,129.0,118.0,122.0,2320223.17016829,286402353.97830987
2025-12-16 09:00:00,122.0,123.0,119.0,122.0,1393251.71740416,168141980.75590214
2025-12-17 09:00:00,122.0,124.0,115.0,117.0,1798262.85113997,213184091.2541263
2025-12-18 09:00:00,117.0,118.0,110.0,113.0,1966389.14810522,224409931.91040006
2025-12-19 09:00:00,114.0,122.0,112.0,122.0,3340219.8609775,391253945.90696424
2025-12-20 09:00:00,121.0,123.0,121.0,123.0,1236644.22148441,151015416.52891558
2025-12-21 09:00:00,123.0,126.0,117.0,120.0,2154759.7285906,259499914.81390733
2025-12-22 09:00:00,119.0,125.0,118.0,122.0,3166323.94439417,385136192.1329809
2025-12-23 09:00:00,121.0,123.0,118.0,121.0,917961.42622875,110654303.11229585
2025-12-24 09:00:00,121.0,122.0,118.0,121.0,974715.41431021,116766943.46624069
2025-12-25 09:00:00,121.0,124.0,119.0,120.0,1881472.41246534,229312543.03290302
2025-12-26 09:00:00,119.0,122.0,118.0,120.0,832425.12645383,99808471.1748439
2025-12-27 09:00:00,120.0,138.0,120.0,126.0,51007189.70887745,6670134118.776917
2025-12-28 09:00:00,126.0,135.0,121.0,124.0,37027093.56212433,4755682882.062654
2025-12-29 09:00:00,123.0,144.0,120.0,130.0,62787532.66306574,8284515395.073462
2025-12-30 09:00:00,131.0,131.0,123.0,124.0,8347880.20487264,1044632628.7538153
2025-12-31 09:00:00,125.0,129.0,122.0,124.0,7623641.65732403,957012959.7141302
2026-01-01 09:00:00,123.0,126.0,121.0,125.0,4496445.85996822,555270643.2087278
2026-01-02 09:00:00,125.0,127.0,122.0,126.0,2881179.43743219,356562240.6608024
2026-01-03 09:00:00,126.0,127.0,122.0,125.0,3155801.21369874,393987887.26091975
2026-01-04 09:00:00,126.0,129.0,124.0,128.0,3364857.54828596,424056565.9603975
2026-01-05 09:00:00,127.0,131.0,125.0,130.0,4455413.21467609,570739995.7330515
2026-01-06 09:00:00,130.0,138.0,130.0,136.0,15142556.94973617,2035009442.340073
2026-01-07 09:00:00,136.0,139.0,129.0,133.0,7918212.01124988,1065000492.584851
2026-01-08 09:00:00,133.0,138.0,132.0,137.0,6069572.99161479,818594317.2332034
2026-01-09 09:00:00,137.0,138.0,134.0,136.0,3756213.82093675,509786555.3689416
2026-01-10 09:00:00,136.0,143.0,135.0,138.0,5852684.5996967,811793183.9437953
2026-01-11 09:00:00,138.0,140.0,131.0,133.0,3754589.13623836,510152035.9082784
2026-01-12 09:00:00,133.0,134.0,129.0,130.0,1801673.01598485,236874800.81464717
2026-01-13 09:00:00,130.0,139.0,129.0,137.0,2903421.71753987,388442639.8196385
2026-01-14 09:00:00,138.0,140.0,136.0,139.0,7116228.14193611,980903297.8714538
2026-01-15 09:00:00,138.0,139.0,131.0,133.0,2890399.10471772,391427320.281347
2026-01-16 09:00:00,133.0,135.0,131.0,135.0,2083647.28609287,277446426.3591659
2026-01-17 09:00:00,135.0,138.0,133.0,136.0,1460652.45452667,198191514.4689614
2026-01-18 09:00:00,135.0,137.0,129.0,130.0,2466095.09670777,329468480.73878485
2026-01-19 09:00:00,129.0,129.0,121.0,125.0,2055085.75361019,255580086.13621747
2026-01-20 09:00:00,125.0,127.0,117.0,119.0,3830215.51127571,468968095.21819586
2026-01-21 09:00:00,118.0,124.0,118.0,121.0,1712183.02241949,206611053.118977
2026-01-22 09:00:00,121.0,124.0,119.0,120.0,1317651.09564658,161035380.41156304
2026-01-23 09:00:00,120.0,124.0,120.0,121.0,1768977.53984831,214805340.9416967
2026-01-24 09:00:00,121.0,121.0,119.0,121.0,1293456.91304791,155153931.83242306
2026-01-25 09:00:00,121.0,123.0,115.0,116.0,2381942.79196467,284803617.3290083
2026-01-26 09:00:00,116.0,120.0,115.0,119.0,2952036.31402112,347457507.1866208
2026-01-27 09:00:00,120.0,163.0,120.0,130.0,314215384.55337065,46008819177.06278
2026-01-28 09:00:00,130.0,130.0,119.0,121.0,24640819.77063659,3007666580.635737
2026-01-29 09:00:00,121.0,121.0,110.0,112.0,14156379.7559217,1616632420.347299
2026-01-30 09:00:00,112.0,117.0,107.0,115.0,7651954.65600307,852478210.8558376
2026-01-31 09:00:00,115.0,116.0,99.1,107.0,6923786.04136411,744832970.3587593
2026-02-01 09:00:00,106.0,121.0,102.0,105.0,45159357.22371121,4968551958.700105
2026-02-02 09:00:00,104.0,108.0,102.0,107.0,6765031.84059064,711117388.0965868
2026-02-03 09:00:00,106.0,109.0,102.0,105.0,6821780.35414209,722979750.4855483
2026-02-04 09:00:00,105.0,107.0,101.0,104.0,2720838.58211975,283702554.8356623
2026-02-05 09:00:00,103.0,104.0,87.0,88.3,9436279.08902219,902394385.2672652
2026-02-06 09:00:00,88.3,100.0,82.0,98.4,6512305.22771586,600083043.7566284
2026-02-07 09:00:00,98.4,99.8,93.9,98.7,2939713.24955645,286854555.2736156
2026-02-08 09:00:00,98.7,98.9,95.3,96.4,1765121.87032179,172698904.11906084
2026-02-09 09:00:00,96.5,96.8,92.7,95.7,1787670.37511738,169984313.3748452
2026-02-10 09:00:00,95.8,96.1,92.9,95.0,1130810.67770155,106882697.58550043
2026-02-11 09:00:00,94.5,96.0,91.7,96.0,2182885.8342777,204736718.66703975
2026-02-12 09:00:00,96.1,97.9,94.1,96.1,2358045.10628184,226485676.0681139
2026-02-13 09:00:00,96.5,101.0,94.8,100.0,5902648.8323708,576647014.1236228
2026-02-14 09:00:00,101.0,104.0,99.6,104.0,5274971.25533843,534767008.59476376
2026-02-15 09:00:00,104.0,104.0,98.6,101.0,2839174.61078931,287929467.5904673
2026-02-16 09:00:00,101.0,102.0,99.2,101.0,2302604.94351519,230978053.04345888
2026-02-17 09:00:00,102.0,106.0,99.1,101.0,4965284.37661988,501508528.3534446
2026-02-18 09:00:00,101.0,107.0,98.7,99.1,15705458.11660917,1617961171.4487653
2026-02-19 09:00:00,98.7,99.1,92.7,95.4,4672013.73616036,447243658.7528274
2026-02-20 09:00:00,95.2,97.0,93.9,96.9,2221095.5287668,212503114.30836096
2026-02-21 09:00:00,96.8,97.2,95.3,95.3,1113199.20046218,107000531.07462546
2026-02-22 09:00:00,95.3,95.8,92.2,93.2,2395442.65635176,225347716.35538822
2026-02-23 09:00:00,93.2,93.2,89.5,90.1,2934477.86715158,266402899.5156745
2026-02-24 09:00:00,90.2,93.0,88.8,90.9,10121976.78460788,923113084.2478298
2026-02-25 09:00:00,90.8,95.0,90.5,93.0,9184246.43014775,848743054.1918267
2026-02-26 09:00:00,93.0,102.0,90.0,92.7,21608409.81032527,2062849389.798339
2026-02-27 09:00:00,92.7,95.4,90.3,91.4,5394438.72292722,501547034.70566076
2026-02-28 09:00:00,91.4,91.7,85.7,91.5,4603260.76934942,406272455.173494
2026-03-01 09:00:00,91.3,92.8,88.6,90.6,3766218.72446533,342030459.4222458
2026-03-02 09:00:00,90.7,94.1,89.9,91.8,3816694.88709294,350378203.8477327
2026-03-03 09:00:00,92.1,96.7,90.7,92.3,8050527.30633054,750442263.6361405
2026-03-04 09:00:00,92.3,93.4,90.4,92.3,3512783.83905954,322257219.54999566
2026-03-05 09:00:00,92.4,93.0,91.1,91.9,2339911.38802572,215562574.58624798
2026-03-06 09:00:00,91.9,93.0,89.3,90.7,1692922.08162209,154798539.07109168
2026-03-07 09:00:00,90.7,90.7,88.0,88.1,1903519.72794189,169500327.20280513
2026-03-08 09:00:00,88.5,89.0,86.2,86.8,2717076.18300864,237995918.98353624
2026-03-09 09:00:00,86.8,88.0,86.2,86.6,2766955.91428605,240844342.14328045
2026-03-10 09:00:00,86.6,88.3,86.4,87.1,3089657.04879697,269707895.80450773
2026-03-11 09:00:00,87.2,101.0,87.1,92.4,152349070.76175538,14527692874.923592
2026-03-12 09:00:00,92.4,99.6,88.2,89.7,71586407.2798784,6743391758.935057
2026-03-13 09:00:00,89.7,90.2,88.0,88.6,16363922.8708506,1454493911.4578178
2026-03-14 09:00:00,88.6,89.2,87.6,88.0,5757130.95820258,507822282.38126403
2026-03-15 09:00:00,88.0,95.9,87.7,90.1,36827208.89646729,3363426317.306295
2026-03-16 09:00:00,89.9,94.3,89.1,92.0,32554514.76899929,2975133480.6306586
2026-03-17 09:00:00,91.7,94.3,90.2,93.6,10698449.94867177,983843172.3344975
2026-03-18 09:00:00,93.4,94.1,89.3,90.3,6516181.02638219,595886219.5657598
2026-03-19 09:00:00,90.4,92.0,88.9,90.0,4464435.72647718,403303749.0929199
2026-03-20 09:00:00,90.1,92.7,89.6,91.1,2834319.64346996,258505324.00947264
2026-03-21 09:00:00,91.1,91.1,88.8,89.0,1278815.6074323,115493581.90598434
2026-03-22 09:00:00,88.8,89.2,87.2,87.4,2918446.80928098,257735155.81045505
2026-03-23 09:00:00,87.6,90.5,86.1,90.1,2911388.30958012,256652325.19276065
2026-03-24 09:00:00,90.1,105.0,89.2,96.1,175156449.66313982,17244957785.345287
2026-03-25 09:00:00,96.1,104.0,92.5,93.4,97184631.33020224,9502127143.913239
2026-03-26 09:00:00,93.4,97.5,88.1,88.9,30092232.64046199,2781914939.8550053
2026-03-27 09:00:00,88.8,91.2,86.2,86.5,10335122.23050763,913723893.6615654
2026-03-28 09:00:00,86.5,102.0,83.9,92.1,159081145.5923919,14907897577.124485
2026-03-29 09:00:00,92.3,94.3,85.7,86.2,48031164.43538119,4273483276.696762
2026-03-30 09:00:00,86.2,103.0,85.5,100.0,246847768.50255442,23772515872.856453
2026-03-31 09:00:00,100.0,102.0,91.1,93.6,84973720.75448918,8101226421.358251
2026-04-01 09:00:00,93.1,115.0,90.3,105.0,177813571.62951592,18151903229.859467
2026-04-02 09:00:00,105.0,109.0,98.4,101.0,55776627.58831705,5770490847.555219
2026-04-03 09:00:00,100.0,168.0,98.0,148.0,534935558.59667355,76492780615.1676
2026-04-04 09:00:00,147.0,185.0,135.0,155.0,450128319.9758473,73946407893.7882
2026-04-05 09:00:00,155.0,164.0,136.0,139.0,131425416.54731621,19672962654.739594
2026-04-06 09:00:00,139.0,146.0,126.0,127.0,86559123.67777349,11659335208.170921
2026-04-07 09:00:00,127.0,130.0,120.0,126.0,46317552.5237047,5764941158.103897
2026-04-08 09:00:00,125.0,126.0,111.0,112.0,27404663.98599046,3230837019.1122465
2026-04-09 09:00:00,112.0,143.0,110.0,132.0,236373979.87953016,30700110861.543163
2026-04-10 09:00:00,132.0,156.0,123.0,134.0,319766635.41658825,44678498445.72652
2026-04-11 09:00:00,135.0,150.0,131.0,140.0,183424718.45506367,25953269444.999214
2026-04-12 09:00:00,140.0,143.0,126.0,127.0,47219716.05330221,6347902667.703709
2026-04-13 09:00:00,127.0,139.0,127.0,130.0,87100915.76510014,11566361377.686628
2026-04-14 09:00:00,130.0,134.0,122.0,123.0,30618841.9972408,3924054002.226273
2026-04-15 09:00:00,123.0,129.0,119.0,123.0,34316206.55353771,4212943387.799759
2026-04-16 09:00:00,124.0,124.0,115.0,120.0,23086332.0014224,2728652825.7296677
2026-04-17 09:00:00,119.0,123.0,116.0,120.0,19492445.96979334,2310535904.911927
2026-04-18 09:00:00,121.0,134.0,119.0,126.0,107705480.93302421,13672915844.791569
2026-04-19 09:00:00,126.0,127.0,118.0,123.0,20959328.66641049,2547865101.365597
2026-04-20 09:00:00,122.0,126.0,118.0,120.0,17738241.87595045,2163929844.5080585
2026-04-21 09:00:00,119.0,122.0,118.0,121.0,9570974.32345968,1142868793.3370805
2026-04-22 09:00:00,121.0,121.0,119.0,120.0,9921818.45462085,1187134676.155024
2026-04-23 09:00:00,120.0,120.0,115.0,120.0,11754863.62542824,1378092213.1827056
2026-04-24 09:00:00,120.0,120.0,116.0,117.0,9391969.46869231,1100694303.8480358
2026-04-25 09:00:00,117.0,117.0,113.0,114.0,6097417.89648816,703028250.7098774
2026-04-26 09:00:00,114.0,116.0,112.0,113.0,5427680.99432954,614290333.5318068
2026-04-27 09:00:00,112.0,113.0,107.0,109.0,8309020.95302282,908776250.3603891
2026-04-28 09:00:00,110.0,113.0,108.0,113.0,7300101.52249634,807272147.2904443
2026-04-29 09:00:00,112.0,115.0,106.0,109.0,7725496.63004589,855906610.6536721
2026-04-30 09:00:00,109.0,109.0,106.0,107.0,3384773.21782981,361385188.38345987
2026-05-01 09:00:00,108.0,108.0,106.0,108.0,2113639.04381913,225550718.65212893
2026-05-02 09:00:00,108.0,109.0,106.0,109.0,3431501.89640571,368584265.1466345
2026-05-03 09:00:00,108.0,109.0,106.0,109.0,2529543.57713688,272130764.8486485
2026-05-04 09:00:00,108.0,110.0,107.0,109.0,3564568.22178123,387116432.79153126
2026-05-05 09:00:00,109.0,122.0,109.0,112.0,68282540.71751547,7795400237.266465
2026-05-06 09:00:00,111.0,112.0,101.0,103.0,19863741.5680381,2107683349.275099
2026-05-07 09:00:00,102.0,105.0,99.8,105.0,12436631.10264045,1266112947.4245887
2026-05-08 09:00:00,104.0,108.0,103.0,107.0,6090068.04993011,640806849.4411798
2026-05-09 09:00:00,106.0,110.0,106.0,108.0,4875961.29778715,527240439.4910482
2026-05-10 09:00:00,108.0,111.0,106.0,110.0,6984324.02891126,759063618.1743304
2026-05-11 09:00:00,111.0,111.0,108.0,109.0,2668011.39626692,290919727.1534471
2026-05-12 09:00:00,109.0,110.0,106.0,108.0,3321267.80725498,358065295.8512828
2026-05-13 09:00:00,107.0,109.0,103.0,104.0,3230515.01152589,340955712.84388065
2026-05-14 09:00:00,104.0,107.0,102.0,105.0,3530611.98315526,368205133.5585509
2026-05-15 09:00:00,105.0,105.0,96.5,98.7,6375073.53016119,636874030.7333049
2026-05-16 09:00:00,98.7,101.0,95.8,98.8,4319932.73728443,427338000.571145
2026-05-17 09:00:00,99.0,99.3,94.9,96.3,3058572.87631969,298448106.3164897
2026-05-18 09:00:00,96.3,97.3,94.9,96.5,5035641.44012481,481827237.71827126
2026-05-19 09:00:00,96.9,104.0,96.9,101.0,42624298.94190887,4290721907.710867
2026-05-20 09:00:00,101.0,102.0,98.3,100.0,8136665.22390897,813616215.1908835
2026-05-21 09:00:00,100.0,102.0,99.9,100.0,5650949.92339008,568279718.3590802
2026-05-22 09:00:00,101.0,101.0,97.3,97.5,4551556.02854955,453464933.57001126
2026-05-23 09:00:00,97.6,105.0,97.5,100.0,18029993.97315485,1815254266.7952995
2026-05-24 09:00:00,102.0,102.0,95.9,97.6,4536810.43659381,451656424.3266571
2026-05-25 09:00:00,97.6,98.6,97.0,97.8,1811959.43109681,177509003.0684594
2026-05-26 09:00:00,97.8,97.8,92.7,92.9,4136340.18501742,394290859.57926625
2026-05-27 09:00:00,92.9,115.0,92.7,96.8,138140749.8525808,14243392440.951555
2026-05-28 09:00:00,96.8,97.6,89.7,91.7,30895045.23735913,2854171699.8372545
2026-05-29 09:00:00,91.6,92.4,85.9,88.6,15787719.07060682,1401798852.340351
2026-05-30 09:00:00,88.2,91.6,88.1,89.1,5643176.84140555,504506009.3293176
2026-05-31 09:00:00,89.3,96.8,89.3,91.7,29759124.79116157,2756428358.3174896
2026-06-01 09:00:00,91.7,92.0,86.2,88.8,7029866.53413083,626155103.6583532
2026-06-02 09:00:00,88.6,89.0,83.9,84.6,6477294.99806629,562407314.1988484
2026-06-03 09:00:00,85.1,87.7,83.7,85.2,5410406.21061564,465263854.2508373
2026-06-04 09:00:00,85.2,85.4,77.8,80.9,8212389.57375823,663233765.8501608
2026-06-05 09:00:00,81.3,81.3,73.3,75.1,7811336.10606202,600723651.5839832
2026-06-06 09:00:00,75.2,75.9,69.5,73.8,5813518.46266939,421069868.44824
2026-06-07 09:00:00,73.9,76.8,72.4,74.2,2688808.317856,201411500.59194282
2026-06-08 09:00:00,74.2,75.6,72.5,73.7,3742228.48039144,277172855.486849
2026-06-09 09:00:00,73.5,73.7,70.0,70.7,2983548.12492832,213380538.44179606
2026-06-10 09:00:00,70.4,72.1,68.4,69.2,6599910.46803074,460786042.45101976
2026-06-11 09:00:00,69.1,72.5,68.9,71.8,3475949.42388072,243910492.6984062
2026-06-12 09:00:00,71.7,72.4,70.3,72.0,2765008.19543826,197648583.2136776
2026-06-13 09:00:00,72.3,73.3,71.7,72.8,2870799.02221064,208206264.40893823
2026-06-14 09:00:00,73.0,74.6,70.6,74.5,2458591.21100123,178229960.95026103
2026-06-15 09:00:00,74.5,78.0,73.3,74.3,14395005.19843825,1090955336.8396678
2026-06-16 09:00:00,74.2,75.5,72.3,74.1,3762414.90930101,277836130.7812973
2026-06-17 09:00:00,74.2,74.5,71.6,72.8,3487310.58684986,254690369.16648442
2026-06-18 09:00:00,72.8,73.2,69.2,70.5,3051236.9105435,216025522.18401587
2026-06-19 09:00:00,70.3,70.7,68.3,70.1,3442417.27695945,238266074.47651303
2026-06-20 09:00:00,70.1,72.3,69.2,71.7,3820331.95563674,271227077.98715794
2026-06-21 09:00:00,71.7,72.3,69.6,70.0,1939906.262852,138434658.32853875
2026-06-22 09:00:00,70.0,72.2,69.4,70.4,4555550.06128093,320686457.24301225
2026-06-23 09:00:00,70.4,70.6,65.8,67.4,5543451.22404374,375445525.45320207
2026-06-24 09:00:00,67.5,78.3,66.7,70.4,127230186.15307832,9261246073.7342
2026-06-25 09:00:00,70.4,74.0,66.2,67.7,41229427.42860123,2838801631.8146806
2026-06-26 09:00:00,67.8,67.9,62.2,66.5,31875612.57134782,2063755073.7816067
2026-06-27 09:00:00,66.4,69.1,65.7,67.0,13074853.87497911,879926808.0525496
2026-06-28 09:00:00,66.9,71.5,66.9,70.4,23075760.73582525,1599664934.1655638
2026-06-29 09:00:00,70.3,72.0,68.2,70.3,24972619.74908646,1763702677.160822
2026-06-30 09:00:00,70.4,90.9,70.0,73.3,441995764.5482565,35659099116.67809
2026-07-01 09:00:00,73.4,79.8,67.7,69.8,118937941.9178602,8719635380.153425
2026-07-02 09:00:00,69.7,70.1,66.6,67.9,19730112.23767225,1339103779.5944605
2026-07-03 09:00:00,67.9,68.6,66.9,68.2,8983512.71789557,606562179.0377307
2026-07-04 09:00:00,68.3,70.9,67.9,69.8,12973328.09852107,902198907.2917335
2026-07-05 09:00:00,70.0,83.7,70.0,72.3,250254446.49551907,19217074004.403133
2026-07-06 09:00:00,72.2,75.2,68.3,70.9,43692004.19091398,3122062210.1287527
2026-07-07 09:00:00,70.7,74.1,69.5,70.4,29489736.69360966,2116207097.983675
2026-07-08 09:00:00,70.4,72.6,67.5,71.7,17143374.77711265,1197196571.795835
2026-07-09 09:00:00,71.8,72.5,70.3,72.5,7692283.95324052,547567140.0316476
2026-07-10 09:00:00,72.4,76.8,72.0,73.7,48145769.93015086,3600559531.7609844
2026-07-11 09:00:00,73.6,74.4,71.6,73.5,8123521.06605698,592676491.5452578
2026-07-12 09:00:00,73.5,74.5,71.9,72.3,4561367.06845302,334234353.41719705
2026-07-13 09:00:00,72.1,72.7,68.7,69.1,9111028.32834345,640513332.8863902
2026-07-14 09:00:00,68.9,70.4,67.5,70.0,4775707.74950366,328771667.36469257
2026-07-15 09:00:00,70.0,70.2,68.7,69.5,3353602.20138422,232935061.8767574
2026-07-16 09:00:00,69.4,69.8,68.5,68.8,2950532.32733069,203869052.4213333
2026-07-17 09:00:00,68.6,69.0,67.8,68.0,3784001.75667899,258325637.9197786
2026-07-18 09:00:00,68.0,70.7,67.7,69.2,21111044.26049107,1461356393.2154427
2026-07-19 09:00:00,69.2,76.8,68.3,71.5,148552276.9525345,10759438028.452082
2026-07-20 09:00:00,71.4,71.6,67.5,69.4,12078969.47647032,833254366.1385171
2026-07-21 09:00:00,69.4,69.7,68.2,68.9,7738524.10141478,532303177.6454166
2026-07-22 09:00:00,68.9,68.9,67.6,68.3,4811718.89121326,328447102.8384245
2026-07-23 09:00:00,68.3,68.9,67.0,67.0,6568635.60895769,445449997.64919335
2026-07-24 09:00:00,67.0,67.1,65.1,65.3,7739826.42898797,512917852.7765089
2026-07-25 09:00:00,65.3,69.0,65.0,67.0,39635555.29134684,2661717122.6978498
2026-07-26 09:00:00,67.0,68.1,65.8,68.0,8214864.7783363,547307250.9829845
2026-07-27 09:00:00,67.6,67.7,62.8,62.9,11329769.5250726,738755604.0470812
2026-07-28 09:00:00,63.0,63.7,61.3,62.7,7406178.68593349,459675757.1916358
2026-07-29 09:00:00,62.9,63.1,58.4,59.1,6837162.63014298,409993956.7770951
2026-07-30 09:00:00,59.0,59.9,58.6,59.2,2761958.12027326,163689125.8965488
2026-07-31 09:00:00,59.6,60.6,59.3,60.2,3102791.68666221,185718064.66464654
2026-08-01 09:00:00,60.2,62.6,59.8,60.3,7203522.17925541,442515698.84648
2026-08-02 09:00:00,60.3,60.9,60.1,60.3,1094283.90292858,66229053.86423498
2026-08-03 09:00:00,60.3,60.3,58.5,59.7,2111749.48705459,125201524.25243597
2026-08-04 09:00:00,59.6,59.8,58.8,59.3,1482257.99123957,87905386.41216356
2026-08-05 09:00:00,59.1,60.0,58.8,59.1,2249479.84942347,133524396.2491198
2026-08-06 09:00:00,59.1,60.9,58.8,59.6,3098418.30685697,185817903.72616604
2026-08-07 09:00:00,59.7,61.3,59.2,59.4,2125278.00912434,127832229.1678951
2026-08-08 09:00:00,59.3,60.8,59.3,60.4,1381834.56283947,83150910.91828562
2026-08-09 09:00:00,60.4,61.2,60.3,60.6,1414805.69916083,85965687.3288245
2026-08-10 09:00:00,60.2,61.0,59.5,60.0,2607708.39619662,157151155.72833565
2026-08-11 09:00:00,59.9,60.0,57.6,58.3,2899134.28866777,170192247.89160055
2026-08-12 09:00:00,58.5,59.9,56.9,57.1,4327719.31882753,254581475.5898685
2026-08-13 09:00:00,57.1,60.6,57.0,60.2,5733308.49152159,337981696.42175376
2026-08-14 09:00:00,60.2,72.4,55.0,63.8,84825922.8942753,5483581772.684791
2026-08-15 09:00:00,64.0,74.4,60.8,70.6,185916576.575092,12512049532.829514
2026-08-16 09:00:00,70.8,78.0,65.9,75.7,302675261.13949704,22017101526.592422
2026-08-17 09:00:00,75.7,91.4,73.6,77.7,434038914.2742829,35826688288.272156
2026-08-18 09:00:00,77.6,86.4,76.4,80.5,248372208.25161093,20227997098.09285
2026-08-19 09:00:00,80.3,89.6,78.9,83.3,194273458.69455698,16391202144.178942
2026-08-20 09:00:00,83.3,117.0,81.6,109.0,295623504.4694804,29899062446.671883
2026-08-21 09:00:00,108.0,152.0,107.0,121.0,551353600.0523442,70760215813.74976
2026-08-22 09:00:00,121.0,129.0,92.6,101.0,217089058.28085962,24443645853.14579
2026-08-23 09:00:00,100.0,104.0,93.2,99.4,125482251.81506535,12279291266.869913
2026-08-24 09:00:00,99.4,116.0,95.3,113.0,132406427.307856,13782846317.957838
2026-08-25 09:00:00,113.0,149.0,110.0,133.0,390345933.81622845,51768738941.0803
2026-08-26 09:00:00,133.0,234.0,128.0,225.0,721794749.0389546,129287390247.87796
2026-08-27 09:00:00,224.0,244.0,160.0,174.0,492648908.1240516,90625836894.88524
2026-08-28 09:00:00,174.0,188.0,149.0,163.0,213638607.4969981,35332640463.14398
2026-08-29 09:00:00,163.0,188.0,158.0,175.0,294682519.9750197,51061382937.89911
2026-08-30 09:00:00,175.0,176.0,141.0,145.0,127033697.27076568,20297471688.72752
2026-08-31 09:00:00,145.0,152.0,124.0,129.0,126562104.04608579,17111716576.147703
2026-09-01 09:00:00,129.0,131.0,121.0,130.0,24963194.506745,3138576547.9794025
