,open,high,low,close,volume,value
2021-09-28 09:00:00,1850.0,1855.0,1715.0,1725.0,7258668.41043506,13046863757.315971
2021-09-29 09:00:00,1730.0,1840.0,1690.0,1750.0,6519004.98583263,11503986983.451317
2021-09-30 09:00:00,1750.0,1905.0,1740.0,1870.0,11505636.40834595,21267189613.57873
2021-10-01 09:00:00,1870.0,2475.0,1855.0,2315.0,109994125.55481432,251579024518.2063
2021-10-02 09:00:00,2315.0,2545.0,2230.0,2380.0,43983705.75166983,106166670507.03792
2021-10-03 09:00:00,2380.0,2895.0,2320.0,2630.0,74506916.0836381,201769373709.43994
2021-10-04 09:00:00,2630.0,2750.0,2470.0,2650.0,35510126.18896235,93403493532.33455
2021-10-05 09:00:00,2655.0,3120.0,2645.0,2755.0,76473520.08978544,222316192136.67047
2021-10-06 09:00:00,2755.0,2805.0,2480.0,2685.0,22435683.11134776,58930611505.68066
2021-10-07 09:00:00,2690.0,2705.0,2555.0,2615.0,10754304.74134555,28099576000.464657
2021-10-08 09:00:00,2615.0,2690.0,2535.0,2605.0,10081453.34216957,26291606565.05908
2021-10-09 09:00:00,2605.0,2735.0,2565.0,2645.0,8858052.15404835,23279870848.478085
2021-10-10 09:00:00,2640.0,2820.0,2590.0,2600.0,16322728.74262096,44049770886.806656
2021-10-11 09:00:00,2600.0,2800.0,2555.0,2675.0,21816603.01562605,58623378396.55394
2021-10-12 09:00:00,2670.0,2675.0,2430.0,2520.0,11837337.28997066,29907799525.883686
2021-10-13 09:00:00,2515.0,2660.0,2455.0,2615.0,9576402.74518915,24320425148.999794
2021-10-14 09:00:00,2610.0,2695.0,2520.0,2545.0,11832980.91712575,30651708053.1218
2021-10-15 09:00:00,2550.0,2555.0,2410.0,2460.0,8738581.248166,21637810441.29481
2021-10-16 09:00:00,2465.0,2550.0,2430.0,2465.0,3846445.16690915,9576076420.452372
2021-10-17 09:00:00,2465.0,2510.0,2380.0,2405.0,2915382.78297234,7142716435.389545
2021-10-18 09:00:00,2405.0,2665.0,2385.0,2465.0,37556347.55304526,95370962047.20558
2021-10-19 09:00:00,2475.0,2640.0,2445.0,2550.0,21677082.62879168,55271037845.306
2021-10-20 09:00:00,2555.0,2595.0,2465.0,2555.0,6394453.18324135,16141152279.094889
2021-10-21 09:00:00,2555.0,2640.0,2475.0,2495.0,8523810.7807325,21831048311.529396
2021-10-22 09:00:00,2495.0,2640.0,2490.0,2560.0,11475091.23423555,29596574578.396263
2021-10-23 09:00:00,2560.0,2570.0,2485.0,2525.0,2930749.94862662,7420033064.5824585
2021-10-24 09:00:00,2525.0,2540.0,2440.0,2490.0,3471716.65860484,8670792396.52593
2021-10-25 09:00:00,2490.0,2630.0,2475.0,2565.0,9117504.60866636,23357384689.763737
2021-10-26 09:00:00,2565.0,2565.0,2465.0,2490.0,5060641.56911133,12690754922.440258
2021-10-27 09:00:00,2490.0,2505.0,2145.0,2230.0,12112230.75300997,28192960707.49648
2021-10-28 09:00:00,2225.0,2400.0,2185.0,2370.0,9492124.24487861,22085191219.93184
2021-10-29 09:00:00,2375.0,2545.0,2345.0,2505.0,11670237.74919438,29001100627.502586
2021-10-30 09:00:00,2500.0,2700.0,2485.0,2530.0,16362233.92322307,42530858846.393555
2021-10-31 09:00:00,2520.0,2910.0,2470.0,2760.0,39578145.0286902,105977633772.52013
2021-11-01 09:00:00,2760.0,2850.0,2575.0,2790.0,15868021.88681199,42972219476.1343
2021-11-02 09:00:00,2790.0,2945.0,2710.0,2845.0,22961466.8180509,65157194380.28471
2021-11-03 09:00:00,2855.0,2855.0,2540.0,2680.0,15885299.75020626,42891253672.842896
2021-11-04 09:00:00,2680.0,2685.0,2540.0,2605.0,8791021.36169279,22858388029.155178
2021-11-05 09:00:00,2605.0,2650.0,2550.0,2580.0,7326908.12524769,19030966553.49438
2021-11-06 09:00:00,2585.0,2595.0,2470.0,2520.0,6133922.39357791,15481086709.490198
2021-11-07 09:00:00,2520.0,2580.0,2495.0,2525.0,3289507.90306589,8309731500.328164
2021-11-08 09:00:00,2520.0,2650.0,2440.0,2605.0,8175206.63072726,20543169424.107567
2021-11-09 09:00:00,2605.0,2735.0,2560.0,2630.0,13096496.9231572,34881771334.810814
2021-11-10 09:00:00,2630.0,2705.0,2455.0,2495.0,8534375.904102,22219232863.716965
2021-11-11 09:00:00,2490.0,2585.0,2460.0,2505.0,7697794.43732454,19376211573.082092
2021-11-12 09:00:00,2500.0,2695.0,2490.0,2680.0,14732294.24711641,38420311787.688835
2021-11-13 09:00:00,2685.0,2830.0,2680.0,2795.0,17781354.73081926,49375592613.54471
2021-11-14 09:00:00,2795.0,3040.0,2795.0,2920.0,24878165.86855936,72812380618.30385
2021-11-15 09:00:00,2915.0,3305.0,2890.0,3025.0,41462598.84290051,129002299715.81137
2021-11-16 09:00:00,3025.0,3220.0,2790.0,2860.0,39611878.46825437,118285952426.6341
2021-11-17 09:00:00,2860.0,2900.0,2645.0,2805.0,27707641.02430115,76116935852.98708
2021-11-18 09:00:00,2805.0,2905.0,2550.0,2580.0,27499104.64340636,74457038696.86887
2021-11-19 09:00:00,2580.0,2760.0,2485.0,2715.0,13930611.86084735,36423961514.28547
2021-11-20 09:00:00,2720.0,2765.0,2605.0,2705.0,9544292.59413679,25711601267.702816
2021-11-21 09:00:00,2705.0,3240.0,2615.0,3180.0,24771301.81597975,72914242106.99657
2021-11-22 09:00:00,3180.0,3360.0,2720.0,2725.0,83910535.69107968,243318344714.92078
2021-11-23 09:00:00,2730.0,2785.0,2525.0,2615.0,53117982.29570663,138027577652.99634
2021-11-24 09:00:00,2615.0,2615.0,2405.0,2470.0,31112754.16334849,77832283759.70248
2021-11-25 09:00:00,2470.0,2530.0,2370.0,2480.0,29168584.48140018,71275807550.8741
2021-11-26 09:00:00,2480.0,2485.0,2115.0,2180.0,28356393.3340288,64356091719.45459
2021-11-27 09:00:00,2180.0,2310.0,2150.0,2230.0,11905880.08646507,26682360301.150475
2021-11-28 09:00:00,2225.0,2280.0,2060.0,2215.0,11617123.05887553,25178907332.67048
2021-11-29 09:00:00,2210.0,2280.0,2170.0,2220.0,9174295.9513214,20333921654.21015
2021-11-30 09:00:00,2225.0,2290.0,2120.0,2175.0,11122558.31231104,24493810681.98759
2021-12-01 09:00:00,2170.0,2280.0,2160.0,2195.0,7695612.71607673,16917095731.247944
2021-12-02 09:00:00,2195.0,2205.0,2085.0,2115.0,8131501.11287008,17286725601.060406
2021-12-03 09:00:00,2120.0,2185.0,2005.0,2030.0,11861136.70092098,25062688136.51396
2021-12-04 09:00:00,2025.0,2025.0,1350.0,1690.0,24534639.08856432,41089874416.11401
2021-12-05 09:00:00,1690.0,1720.0,1495.0,1535.0,8469108.01801153,13630998287.376728
2021-12-06 09:00:00,1535.0,1580.0,1330.0,1560.0,16590857.03424012,23772751395.29879
2021-12-07 09:00:00,1560.0,1680.0,1540.0,1610.0,12143500.63540789,19553946789.685913
2021-12-08 09:00:00,1615.0,1715.0,1540.0,1660.0,10656552.24393194,17319322409.89852
2021-12-09 09:00:00,1655.0,1670.0,1480.0,1485.0,6742896.51207101,10611885552.908882
2021-12-10 09:00:00,1485.0,1550.0,1420.0,1450.0,5572509.59548983,8300963254.848807
2021-12-11 09:00:00,1450.0,1500.0,1425.0,1490.0,1988896.72797675,2924892419.4941435
2021-12-12 09:00:00,1495.0,1560.0,1465.0,1535.0,3023940.24949017,4567420088.683904
2021-12-13 09:00:00,1535.0,1555.0,1365.0,1370.0,4828892.9920019,6973787903.969867
2021-12-14 09:00:00,1375.0,1535.0,1315.0,1425.0,12957328.1959034,18436652269.723957
2021-12-15 09:00:00,1425.0,1495.0,1325.0,1475.0,8076617.50186039,11372948677.160797
2021-12-16 09:00:00,1480.0,1590.0,1470.0,1510.0,10869389.89404657,16620428239.60242
2021-12-17 09:00:00,1505.0,1560.0,1445.0,1515.0,7247302.41650146,10887469486.500433
2021-12-18 09:00:00,1515.0,1550.0,1475.0,1525.0,3322411.57142902,5041125412.274336
2021-12-19 09:00:00,1525.0,1560.0,1480.0,1500.0,4064977.46933824,6187989184.647546
2021-12-20 09:00:00,1505.0,1550.0,1415.0,1520.0,7242577.69452319,10804521451.24245
2021-12-21 09:00:00,1520.0,1585.0,1480.0,1575.0,4628840.99070698,7125028578.384898
2021-12-22 09:00:00,1585.0,1850.0,1550.0,1810.0,23268801.11844268,39988576272.58301
2021-12-23 09:00:00,1810.0,1880.0,1720.0,1830.0,19829364.73067586,35633581323.82002
2021-12-24 09:00:00,1830.0,1840.0,1750.0,1805.0,8329253.49903074,14954530925.525288
2021-12-25 09:00:00,1805.0,1940.0,1785.0,1875.0,10253137.82794623,19338828853.069057
2021-12-26 09:00:00,1875.0,1895.0,1810.0,1870.0,5594097.32226134,10351388897.678064
2021-12-27 09:00:00,1865.0,2015.0,1825.0,1880.0,15278147.69378015,29339439947.528194
2021-12-28 09:00:00,1880.0,2430.0,1820.0,2120.0,219112461.50454426,484872103889.2893
2021-12-29 09:00:00,2120.0,2165.0,1615.0,1645.0,134873782.28238308,241794691614.61743
2021-12-30 09:00:00,1650.0,1660.0,1525.0,1545.0,55394561.38569333,87691328589.2832
2021-12-31 09:00:00,1545.0,1560.0,1480.0,1505.0,26187274.35190024,39808986370.17086
2022-01-01 09:00:00,1505.0,1525.0,1485.0,1525.0,10438765.98324887,15676508564.93273
2022-01-02 09:00:00,1525.0,1550.0,1480.0,1535.0,21543757.07842537,32436112350.15279
2022-01-03 09:00:00,1530.0,1550.0,1470.0,1490.0,17432968.11202303,26433799271.39131
2022-01-04 09:00:00,1490.0,1500.0,1440.0,1475.0,10794913.08700256,15861161311.73925
2022-01-05 09:00:00,1475.0,1515.0,1290.0,1360.0,12117702.75721587,17349245120.82201
2022-01-06 09:00:00,1355.0,1395.0,1290.0,1380.0,8474044.25108534,11392833963.406603
2022-01-07 09:00:00,1380.0,1385.0,1275.0,1300.0,6813030.75316273,8999045429.661951
2022-01-08 09:00:00,1300.0,1345.0,1200.0,1240.0,5969671.13829158,7563537704.095307
2022-01-09 09:00:00,1240.0,1290.0,1215.0,1255.0,4979910.66911146,6208384986.7983465
2022-01-10 09:00:00,1255.0,1265.0,1110.0,1165.0,9917583.81589263,11588707341.077343
2022-01-11 09:00:00,1165.0,1205.0,1145.0,1200.0,6699825.22866552,7831707511.719862
2022-01-12 09:00:00,1200.0,1275.0,1190.0,1265.0,6467037.25344868,8026894785.286577
2022-01-13 09:00:00,1265.0,1310.0,1210.0,1220.0,5911002.0055451,7461176301.272853
2022-01-14 09:00:00,1220.0,1355.0,1205.0,1260.0,11876970.20586052,15129105824.162449
2022-01-15 09:00:00,1260.0,1295.0,1250.0,1280.0,6745232.68556351,8572575810.494001
2022-01-16 09:00:00,1280.0,1295.0,1255.0,1285.0,2465539.46542697,3130361460.3337774
2022-01-17 09:00:00,1285.0,1285.0,1180.0,1205.0,5459083.7937756,6695621562.137193
2022-01-18 09:00:00,1205.0,1215.0,1125.0,1160.0,6381572.61054148,7447403802.092197
2022-01-19 09:00:00,1165.0,1170.0,1095.0,1110.0,3805570.04890285,4302857887.0363655
2022-01-20 09:00:00,1110.0,1180.0,1065.0,1075.0,4666775.23215696,5242984356.366034
2022-01-21 09:00:00,1080.0,1085.0,917.0,936.0,12465523.07085139,12480011100.338634
2022-01-22 09:00:00,936.0,949.0,784.0,844.0,11037401.70684501,9508340853.513506
2022-01-23 09:00:00,845.0,894.0,825.0,858.0,5244739.04289598,4518374538.319404
2022-01-24 09:00:00,858.0,935.0,731.0,815.0,19370794.75445261,16358518325.279402
2022-01-25 09:00:00,814.0,840.0,772.0,830.0,6433597.85723888,5173574349.654588
2022-01-26 09:00:00,830.0,917.0,817.0,843.0,9803085.70001198,8416023730.1748
2022-01-27 09:00:00,842.0,868.0,812.0,849.0,7369145.04363797,6192605710.1532345
2022-01-28 09:00:00,849.0,884.0,836.0,872.0,8784810.57098353,7514550581.000142
2022-01-29 09:00:00,873.0,979.0,869.0,921.0,47446385.36766468,44064869857.29415
2022-01-30 09:00:00,922.0,935.0,880.0,910.0,12358006.50399784,11328372840.16236
2022-01-31 09:00:00,910.0,943.0,863.0,926.0,15042970.01097109,13587828324.073368
2022-02-01 09:00:00,926.0,939.0,907.0,923.0,6181884.08329781,5689876533.061265
2022-02-02 09:00:00,923.0,938.0,870.0,875.0,12568708.32325525,11473585733.747137
2022-02-03 09:00:00,875.0,903.0,846.0,899.0,10229849.59304892,8902788999.70565
2022-02-04 09:00:00,900.0,993.0,890.0,987.0,26494436.76099275,25002621901.192436
2022-02-05 09:00:00,988.0,1055.0,978.0,1020.0,13874534.21683227,14067481582.62635
2022-02-06 09:00:00,1015.0,1070.0,991.0,1070.0,11050217.64455567,11320285143.637238
2022-02-07 09:00:00,1065.0,1115.0,1030.0,1110.0,11939253.91026996,12774063437.243782
2022-02-08 09:00:00,1110.0,1130.0,1005.0,1060.0,14385719.62064077,15275144510.941471
2022-02-09 09:00:00,1060.0,1065.0,1010.0,1060.0,5530793.80656726,5749762318.413398
2022-02-10 09:00:00,1060.0,1060.0,1000.0,1005.0,8269728.423176,8497903579.531532
2022-02-11 09:00:00,1005.0,1025.0,893.0,932.0,8302193.21654475,8153196591.072769
2022-02-12 09:00:00,933.0,949.0,881.0,931.0,7214093.73345211,6608103251.314419
2022-02-13 09:00:00,931.0,939.0,897.0,908.0,3109345.97089134,2867025605.5926924
2022-02-14 09:00:00,908.0,914.0,870.0,898.0,4305636.42470715,3825669115.9343066
2022-02-15 09:00:00,901.0,959.0,897.0,954.0,7450621.72171765,6938919957.743646
2022-02-16 09:00:00,954.0,1035.0,950.0,1005.0,35622328.32491958,35392740484.40541
2022-02-17 09:00:00,1005.0,1005.0,892.0,912.0,15642874.99612037,14866651839.147333
2022-02-18 09:00:00,903.0,946.0,870.0,885.0,9916652.08045959,8940807587.827545
2022-02-19 09:00:00,887.0,898.0,829.0,856.0,8203020.21742967,7006989487.8749485
2022-02-20 09:00:00,856.0,863.0,798.0,815.0,7984214.54324516,6558963865.019444
2022-02-21 09:00:00,815.0,858.0,747.0,751.0,11140188.53981646,9113899902.409134
2022-02-22 09:00:00,752.0,794.0,729.0,792.0,7374794.83910388,5553313088.486132
2022-02-23 09:00:00,795.0,859.0,775.0,778.0,17841024.90542875,14486434703.464554
2022-02-24 09:00:00,778.0,797.0,672.0,761.0,22346125.41474548,16076373897.659771
2022-02-25 09:00:00,761.0,818.0,746.0,812.0,9127119.5093951,7078145918.1323805
2022-02-26 09:00:00,812.0,856.0,807.0,843.0,9374966.47191365,7812852697.50735
2022-02-27 09:00:00,842.0,845.0,779.0,794.0,9500041.45327395,7727941586.619465
2022-02-28 09:00:00,794.0,853.0,780.0,851.0,12279605.34334156,10050535303.218489
2022-03-01 09:00:00,852.0,891.0,843.0,881.0,12443451.03480717,10727923561.179756
2022-03-02 09:00:00,882.0,899.0,844.0,858.0,9257754.49489343,8024273995.4956045
2022-03-03 09:00:00,857.0,872.0,807.0,825.0,7394423.1088504,6191234693.583891
2022-03-04 09:00:00,824.0,829.0,769.0,773.0,6845563.09686157,5482380519.972776
2022-03-05 09:00:00,774.0,800.0,750.0,791.0,5032494.68440425,3891016978.926316
2022-03-06 09:00:00,791.0,805.0,758.0,760.0,3352734.52282862,2604795131.551743
2022-03-07 09:00:00,760.0,783.0,731.0,752.0,6156721.5324173,4651754727.948154
2022-03-08 09:00:00,750.0,782.0,745.0,775.0,3614043.20933575,2766133529.899297
2022-03-09 09:00:00,776.0,1060.0,771.0,1055.0,145952416.48794273,139691230580.82034
2022-03-10 09:00:00,1055.0,1355.0,1010.0,1085.0,433759783.08678687,512508340988.3636
2022-03-11 09:00:00,1080.0,1085.0,971.0,981.0,77872558.00264575,78139797068.40381
2022-03-12 09:00:00,980.0,1015.0,950.0,963.0,45719951.65746003,44613727536.88674
2022-03-13 09:00:00,963.0,1040.0,917.0,930.0,73736055.4927707,72948372590.65027
2022-03-14 09:00:00,930.0,992.0,903.0,973.0,52669232.74770029,50040522297.54892
2022-03-15 09:00:00,973.0,974.0,915.0,934.0,22135844.27879293,20752037487.536797
2022-03-16 09:00:00,934.0,962.0,890.0,932.0,26147457.64905198,24196740525.746754
2022-03-17 09:00:00,931.0,932.0,895.0,914.0,15635689.50828215,14246682689.2241
2022-03-18 09:00:00,914.0,958.0,897.0,949.0,25705275.25038831,23736212847.051765
2022-03-19 09:00:00,949.0,1025.0,929.0,1000.0,46734095.87847004,45858778237.01282
2022-03-20 09:00:00,1005.0,1005.0,951.0,961.0,25672777.62491486,24901526033.465714
2022-03-21 09:00:00,961.0,963.0,925.0,947.0,13942756.83922742,13134807003.494627
2022-03-22 09:00:00,947.0,975.0,937.0,957.0,16145869.15505138,15434603801.652798
2022-03-23 09:00:00,957.0,1040.0,947.0,1015.0,34788326.98758477,34476987741.37822
2022-03-24 09:00:00,1015.0,1030.0,981.0,1005.0,19096134.56223092,19087424122.30223
2022-03-25 09:00:00,1005.0,1095.0,1000.0,1040.0,39729756.96402147,41881550204.043625
2022-03-26 09:00:00,1040.0,1090.0,1015.0,1085.0,11807430.33262326,12349491698.22304
2022-03-27 09:00:00,1085.0,1150.0,1060.0,1140.0,27797679.19665623,30429103565.571716
2022-03-28 09:00:00,1140.0,1230.0,1115.0,1130.0,30636559.57969488,35938409707.935326
2022-03-29 09:00:00,1130.0,1290.0,1110.0,1160.0,55973041.08664015,67389983072.84865
2022-03-30 09:00:00,1155.0,1225.0,1100.0,1220.0,23159702.17403063,26840882328.39238
2022-03-31 09:00:00,1220.0,1265.0,1155.0,1235.0,30406685.72289353,36733814516.81069
2022-04-01 09:00:00,1235.0,1340.0,1140.0,1290.0,47948690.76935074,60359108292.262054
2022-04-02 09:00:00,1285.0,1370.0,1255.0,1340.0,33293896.15121405,43485025570.96413
2022-04-03 09:00:00,1340.0,1365.0,1265.0,1300.0,17137463.5014316,22355195570.32812
2022-04-04 09:00:00,1295.0,1300.0,1190.0,1235.0,16353534.47570603,20211195726.284683
2022-04-05 09:00:00,1235.0,1270.0,1175.0,1180.0,9910177.28109217,12095328167.775705
2022-04-06 09:00:00,1180.0,1185.0,1025.0,1035.0,18452317.25818953,20138753805.656315
2022-04-07 09:00:00,1030.0,1110.0,1010.0,1075.0,13316299.20258483,14094454383.782837
2022-04-08 09:00:00,1075.0,1115.0,1040.0,1045.0,15344769.69956112,16632046055.24941
2022-04-09 09:00:00,1045.0,1085.0,1040.0,1070.0,6853141.17977241,7250565238.050817
2022-04-10 09:00:00,1070.0,1070.0,1025.0,1030.0,4625984.91173752,4848621438.942369
2022-04-11 09:00:00,1035.0,1035.0,914.0,928.0,17280975.99897208,16714564935.653713
2022-04-12 09:00:00,928.0,975.0,907.0,955.0,15182260.04646653,14337972087.687351
2022-04-13 09:00:00,955.0,1005.0,940.0,1000.0,16075296.85431347,15666670738.760042
2022-04-14 09:00:00,1000.0,1015.0,951.0,967.0,10457636.30415427,10267394668.271774
2022-04-15 09:00:00,968.0,985.0,946.0,980.0,6069322.70829729,5851358953.747839
2022-04-16 09:00:00,979.0,994.0,960.0,970.0,4049736.78311709,3960313246.1389456
2022-04-17 09:00:00,970.0,975.0,925.0,929.0,4296679.20278774,4100240947.2147875
2022-04-18 09:00:00,929.0,937.0,873.0,933.0,11047898.06510959,9962558472.821707
2022-04-19 09:00:00,933.0,1010.0,930.0,1005.0,48360160.68659595,47558794893.473656
2022-04-20 09:00:00,1005.0,1005.0,953.0,981.0,13998140.71693219,13664471524.957846
2022-04-21 09:00:00,980.0,1060.0,963.0,990.0,32408562.56861832,32939133753.037464
2022-04-22 09:00:00,990.0,1035.0,979.0,1000.0,17132006.64290607,17148523623.495083
2022-04-23 09:00:00,1000.0,1010.0,969.0,985.0,9995030.17239644,9874176215.056114
2022-04-24 09:00:00,985.0,1040.0,977.0,1015.0,17787861.25919791,17865210227.760986
2022-04-25 09:00:00,1020.0,1020.0,917.0,990.0,23170283.11316807,22178463110.393555
2022-04-26 09:00:00,992.0,992.0,902.0,917.0,15383172.01595558,14613989372.737814
2022-04-27 09:00:00,917.0,943.0,904.0,933.0,10029342.53101434,9297581859.929424
2022-04-28 09:00:00,934.0,944.0,907.0,923.0,7637791.23111322,7075936752.161633
2022-04-29 09:00:00,922.0,925.0,874.0,879.0,7819925.83470877,7030080270.359265
2022-04-30 09:00:00,877.0,905.0,790.0,802.0,8603761.49957185,7346491874.708574
2022-05-01 09:00:00,801.0,826.0,758.0,812.0,9630039.56117294,7628515952.830457
2022-05-02 09:00:00,812.0,839.0,785.0,808.0,13799390.02333753,11256192505.890705
2022-05-03 09:00:00,808.0,899.0,797.0,822.0,33757242.29144344,28678861708.606686
2022-05-04 09:00:00,822.0,909.0,818.0,899.0,37714769.60367488,32471347384.27044
2022-05-05 09:00:00,899.0,935.0,810.0,844.0,24337790.59647973,21316509625.122955
2022-05-06 09:00:00,843.0,847.0,790.0,819.0,14248948.08218134,11564510360.447708
2022-05-07 09:00:00,819.0,827.0,787.0,797.0,8133247.36844951,6556035856.820404
2022-05-08 09:00:00,797.0,879.0,763.0,852.0,32337795.55960141,26558889157.408585
2022-05-09 09:00:00,852.0,885.0,763.0,786.0,49730688.68770434,40315234277.29681
2022-05-10 09:00:00,786.0,830.0,717.0,752.0,80797221.14736111,63372869885.437836
2022-05-11 09:00:00,753.0,767.0,514.0,543.0,87575008.64540415,55155755705.40253
2022-05-12 09:00:00,543.0,552.0,399.0,449.0,57146607.60630234,26488830289.394367
2022-05-13 09:00:00,449.0,524.0,443.0,475.0,29971984.39029273,14685719568.49561
2022-05-14 09:00:00,475.0,531.0,455.0,512.0,28173758.00559934,13887574811.655075
2022-05-15 09:00:00,513.0,543.0,494.0,541.0,15225193.90292704,7828945685.317341
2022-05-16 09:00:00,541.0,542.0,486.0,495.0,12729854.64104277,6439965869.437341
2022-05-17 09:00:00,495.0,518.0,476.0,512.0,11437106.21008658,5733347603.68551
2022-05-18 09:00:00,512.0,533.0,445.0,449.0,23781126.94524813,11656035126.06753
2022-05-19 09:00:00,450.0,475.0,423.0,469.0,19453349.1851572,8730141975.829796
2022-05-20 09:00:00,469.0,482.0,442.0,456.0,16323747.31269904,7579057519.1878
2022-05-21 09:00:00,457.0,478.0,444.0,467.0,12173601.28228301,5615374838.792574
2022-05-22 09:00:00,466.0,520.0,463.0,510.0,44845714.39923537,22360973453.909653
2022-05-23 09:00:00,510.0,524.0,469.0,482.0,23873472.23228113,12070529592.242266
2022-05-24 09:00:00,483.0,506.0,460.0,500.0,20938555.16706775,10204208057.739883
2022-05-25 09:00:00,500.0,507.0,479.0,503.0,13802522.73108173,6795808392.617028
2022-05-26 09:00:00,502.0,511.0,446.0,465.0,19745009.8214264,9348183155.312387
2022-05-27 09:00:00,464.0,471.0,437.0,452.0,12371979.98227187,5607760844.202008
2022-05-28 09:00:00,453.0,471.0,440.0,456.0,7390909.73724933,3376356126.007094
2022-05-29 09:00:00,457.0,468.0,443.0,462.0,6821528.14077983,3112035488.5194607
2022-05-30 09:00:00,462.0,498.0,456.0,497.0,11632536.75617849,5554941949.796858
2022-05-31 09:00:00,496.0,526.0,478.0,503.0,22173619.6437161,11076753769.715315
2022-06-01 09:00:00,502.0,548.0,463.0,475.0,39483127.34207463,20121213859.95785
2022-06-02 09:00:00,474.0,537.0,471.0,513.0,48768499.31013231,24382823427.784203
2022-06-03 09:00:00,514.0,514.0,478.0,492.0,17337301.87783641,8550861480.10403
2022-06-04 09:00:00,492.0,495.0,476.0,488.0,6807092.98021362,3308346950.664964
2022-06-05 09:00:00,488.0,504.0,480.0,496.0,14008448.20847243,6899039356.629525
2022-06-06 09:00:00,495.0,532.0,493.0,525.0,25294714.35043772,12944440997.293756
2022-06-07 09:00:00,524.0,524.0,481.0,501.0,24525037.73412552,12155573411.257442
2022-06-08 09:00:00,500.0,513.0,485.0,497.0,20407787.94058864,10184769584.715418
2022-06-09 09:00:00,497.0,502.0,483.0,485.0,8670948.13947885,4271206136.188688
2022-06-10 09:00:00,485.0,490.0,444.0,453.0,12545174.74123599,5843483034.158566
2022-06-11 09:00:00,455.0,468.0,411.0,420.0,13759904.57446945,6018717229.324535
2022-06-12 09:00:00,420.0,421.0,373.0,377.0,18624815.88597132,7283287831.57467
2022-06-13 09:00:00,377.0,380.0,318.0,336.0,25826312.8029003,8791825556.71336
2022-06-14 09:00:00,335.0,345.0,303.0,342.0,18824093.19076662,6191772845.855903
2022-06-15 09:00:00,341.0,369.0,309.0,367.0,18875556.06015317,6235474269.212548
2022-06-16 09:00:00,369.0,371.0,329.0,337.0,22506282.70076683,7945756707.167825
2022-06-17 09:00:00,337.0,357.0,333.0,353.0,14655801.64792524,5070560817.533521
2022-06-18 09:00:00,353.0,363.0,310.0,327.0,16321478.25207562,5444864853.390437
2022-06-19 09:00:00,327.0,350.0,312.0,347.0,11346927.87694024,3741568510.1251884
2022-06-20 09:00:00,346.0,358.0,333.0,356.0,10472289.17399233,3641646173.3691363
2022-06-21 09:00:00,356.0,390.0,353.0,369.0,28528473.59256852,10661324412.983128
2022-06-22 09:00:00,369.0,390.0,351.0,360.0,28474891.02800484,10597740290.985111
2022-06-23 09:00:00,359.0,378.0,358.0,374.0,13040062.59800982,4822275946.513923
2022-06-24 09:00:00,376.0,392.0,374.0,386.0,16029848.58304583,6148569889.069107
2022-06-25 09:00:00,387.0,395.0,369.0,391.0,11503882.17538645,4427255442.685757
2022-06-26 09:00:00,393.0,399.0,371.0,373.0,8847891.96035966,3431181581.30198
2022-06-27 09:00:00,374.0,425.0,371.0,384.0,48269658.6974775,19004748044.761692
2022-06-28 09:00:00,386.0,427.0,374.0,379.0,52027213.57311437,20902408485.37556
2022-06-29 09:00:00,379.0,381.0,361.0,372.0,12207985.88422898,4522588970.562562
2022-06-30 09:00:00,373.0,373.0,339.0,363.0,11315910.81729544,3966177400.5348907
2022-07-01 09:00:00,365.0,379.0,355.0,370.0,12111323.24588669,4430389226.885347
2022-07-02 09:00:00,371.0,386.0,363.0,379.0,7880656.82037582,2945151000.425781
2022-07-03 09:00:00,380.0,385.0,369.0,382.0,6622755.41178553,2493666398.836836
2022-07-04 09:00:00,381.0,389.0,370.0,387.0,8293288.17120243,3141047892.537503
2022-07-05 09:00:00,387.0,394.0,369.0,377.0,10993628.45973733,4211846804.4485784
2022-07-06 09:00:00,378.0,382.0,369.0,379.0,5082014.15529605,1909422750.3261266
2022-07-07 09:00:00,378.0,388.0,375.0,386.0,9138795.09570623,3490893072.0219307
2022-07-08 09:00:00,385.0,392.0,376.0,388.0,11659547.88733595,4487992488.724865
2022-07-09 09:00:00,388.0,398.0,386.0,393.0,6560054.53288862,2574044579.9725337
2022-07-10 09:00:00,393.0,415.0,381.0,383.0,22404074.2428842,8916083866.32717
2022-07-11 09:00:00,383.0,385.0,355.0,355.0,11062012.97701868,4075077379.933171
2022-07-12 09:00:00,356.0,373.0,348.0,350.0,14577168.33775661,5241587235.523515
2022-07-13 09:00:00,350.0,358.0,332.0,356.0,10108300.65365003,3487409065.571726
2022-07-14 09:00:00,357.0,364.0,346.0,360.0,5087634.05417983,1804112212.069219
2022-07-15 09:00:00,360.0,380.0,355.0,368.0,10360308.61356479,3808728733.0334144
2022-07-16 09:00:00,369.0,376.0,359.0,372.0,5354188.08804186,1966212135.5491457
2022-07-17 09:00:00,372.0,381.0,366.0,367.0,4747826.13077763,1768091804.865667
2022-07-18 09:00:00,368.0,391.0,366.0,390.0,9141971.76905522,3481792782.2924137
2022-07-19 09:00:00,389.0,414.0,380.0,409.0,14356676.43881454,5657673651.564351
2022-07-20 09:00:00,409.0,423.0,380.0,383.0,18452449.76509452,7466682689.161362
2022-07-21 09:00:00,384.0,391.0,371.0,385.0,11969618.96534998,4563239838.436272
2022-07-22 09:00:00,385.0,398.0,375.0,376.0,12329116.6859402,4761443932.150775
2022-07-23 09:00:00,376.0,386.0,367.0,374.0,10737920.88827616,4030159277.3946905
2022-07-24 09:00:00,375.0,381.0,373.0,375.0,7787996.40940467,2935037412.5139093
2022-07-25 09:00:00,376.0,380.0,356.0,357.0,9230639.04928888,3374721124.4656363
2022-07-26 09:00:00,358.0,363.0,349.0,363.0,7205184.31085919,2559342388.85947
2022-07-27 09:00:00,363.0,380.0,355.0,379.0,9177217.04822295,3358320533.0972266
2022-07-28 09:00:00,379.0,395.0,371.0,390.0,13977330.04844519,5319848750.196163
2022-07-29 09:00:00,390.0,413.0,387.0,407.0,15592971.28676906,6220000784.580311
2022-07-30 09:00:00,408.0,435.0,405.0,406.0,14691167.96053473,6128960780.936857
2022-07-31 09:00:00,407.0,438.0,400.0,419.0,24489659.03229119,10306481323.572144
2022-08-01 09:00:00,419.0,454.0,415.0,447.0,29752754.25487005,12964990675.189362
2022-08-02 09:00:00,447.0,458.0,411.0,429.0,29071276.32611154,12518085528.314785
2022-08-03 09:00:00,428.0,442.0,412.0,427.0,13073268.18871894,5601628058.363055
2022-08-04 09:00:00,428.0,465.0,423.0,436.0,23398957.86896253,10204754081.07965
2022-08-05 09:00:00,436.0,450.0,432.0,449.0,12868390.05481037,5674740174.959297
2022-08-06 09:00:00,449.0,475.0,444.0,450.0,14580604.97805538,6660981462.08586
2022-08-07 09:00:00,451.0,452.0,441.0,448.0,6181885.94101967,2763702149.0446496
2022-08-08 09:00:00,448.0,459.0,445.0,452.0,8680074.78201245,3929113372.233537
2022-08-09 09:00:00,451.0,457.0,424.0,432.0,13974749.24962073,6132961003.549387
2022-08-10 09:00:00,433.0,460.0,418.0,458.0,14978108.44270454,6556546554.482937
2022-08-11 09:00:00,458.0,486.0,455.0,467.0,26223488.86039202,12256948285.15681
2022-08-12 09:00:00,468.0,499.0,457.0,483.0,30671427.05362155,14719782070.366776
2022-08-13 09:00:00,483.0,485.0,476.0,480.0,11779183.67349272,5657994194.251848
2022-08-14 09:00:00,480.0,498.0,472.0,475.0,12786675.84123459,6161581369.307435
2022-08-15 09:00:00,476.0,520.0,469.0,477.0,50438553.74949189,24809788276.8136
2022-08-16 09:00:00,477.0,481.0,452.0,460.0,9516516.48087182,4413299120.834602
2022-08-17 09:00:00,460.0,468.0,434.0,439.0,17349667.84905737,7881642967.230227
2022-08-18 09:00:00,439.0,446.0,423.0,429.0,6684633.89688135,2921368500.5010943
2022-08-19 09:00:00,429.0,433.0,385.0,390.0,15330526.70977247,6154056418.581149
2022-08-20 09:00:00,389.0,401.0,382.0,393.0,6839761.31999719,2690608696.108469
2022-08-21 09:00:00,393.0,398.0,386.0,393.0,4036979.52100022,1586391000.8111277
2022-08-22 09:00:00,393.0,393.0,369.0,384.0,7872161.70521758,2983138103.362305
2022-08-23 09:00:00,384.0,391.0,370.0,390.0,4856693.08929072,1852740673.3417132
2022-08-24 09:00:00,389.0,397.0,380.0,389.0,3405414.8518439,1320874534.7023087
2022-08-25 09:00:00,389.0,404.0,388.0,400.0,5352387.22328868,2129752908.0495365
2022-08-26 09:00:00,399.0,401.0,364.0,368.0,8210916.79847293,3158450427.902314
2022-08-27 09:00:00,368.0,372.0,360.0,369.0,3901700.34019174,1431913448.6705902
2022-08-28 09:00:00,368.0,375.0,361.0,362.0,4286814.96743332,1584114121.239809
2022-08-29 09:00:00,362.0,382.0,357.0,381.0,6460723.714283,2374396905.8521857
2022-08-30 09:00:00,380.0,388.0,366.0,374.0,7221876.21925725,2736544980.4530263
2022-08-31 09:00:00,374.0,386.0,372.0,375.0,4639100.40518674,1764808205.1026988
2022-09-01 09:00:00,374.0,377.0,363.0,373.0,4889292.7162522,1808709769.4955187
2022-09-02 09:00:00,372.0,383.0,368.0,372.0,2876921.04721788,1075644413.5973735
2022-09-03 09:00:00,372.0,375.0,366.0,368.0,2449850.20938945,902752671.8887479
2022-09-04 09:00:00,367.0,376.0,365.0,373.0,3031548.09196961,1121692043.6174285
2022-09-05 09:00:00,375.0,393.0,371.0,381.0,29983914.10924873,11469531645.99559
2022-09-06 09:00:00,381.0,385.0,350.0,351.0,13748091.42609782,5061605281.779156
2022-09-07 09:00:00,351.0,369.0,342.0,363.0,5168272.65901249,1826229253.8686395
2022-09-08 09:00:00,363.0,386.0,359.0,382.0,9528297.20050906,3538105530.650693
2022-09-09 09:00:00,382.0,396.0,379.0,395.0,8981051.34958044,3486340730.239672
2022-09-10 09:00:00,395.0,399.0,388.0,395.0,5682433.53229046,2234261274.0476527
2022-09-11 09:00:00,396.0,403.0,389.0,398.0,6657096.6740447,2645608980.0699153
2022-09-12 09:00:00,399.0,407.0,390.0,402.0,7906917.74976726,3161849140.8509398
2022-09-13 09:00:00,402.0,402.0,367.0,369.0,13691334.10553563,5231938973.797504
2022-09-14 09:00:00,368.0,374.0,363.0,371.0,4369345.67687685,1612052734.865615
2022-09-15 09:00:00,371.0,373.0,359.0,363.0,5834155.48296902,2131690835.75858
2022-09-16 09:00:00,364.0,365.0,356.0,364.0,4719311.85207778,1704289854.5992484
2022-09-17 09:00:00,364.0,371.0,362.0,368.0,2713074.61283157,992439207.960565
2022-09-18 09:00:00,369.0,370.0,341.0,344.0,3980821.63374945,1430152029.6485074
2022-09-19 09:00:00,345.0,350.0,333.0,348.0,6673603.11864784,2264247190.248703
2022-09-20 09:00:00,348.0,352.0,337.0,339.0,3356266.96319975,1153686273.959709
2022-09-21 09:00:00,339.0,355.0,326.0,330.0,7323432.58474106,2467392153.182771
2022-09-22 09:00:00,331.0,352.0,330.0,349.0,6242936.36923167,2116285950.2867086
2022-09-23 09:00:00,350.0,356.0,337.0,348.0,9789608.13368219,3399846169.18597
2022-09-24 09:00:00,349.0,353.0,342.0,343.0,4998201.15642753,1740180263.1526062
2022-09-25 09:00:00,344.0,347.0,334.0,339.0,3325575.96357875,1139694787.438693
2022-09-26 09:00:00,338.0,344.0,329.0,341.0,7665526.90958215,2568766216.3676653
2022-09-27 09:00:00,340.0,353.0,332.0,337.0,8297351.5653752,2858832006.51946
2022-09-28 09:00:00,337.0,354.0,328.0,350.0,10334215.40210255,3525837592.3966856
2022-09-29 09:00:00,349.0,351.0,340.0,348.0,8236020.66168771,2842646529.4431653
2022-09-30 09:00:00,348.0,349.0,339.0,342.0,4322564.82562793,1488626536.1185007
2022-10-01 09:00:00,341.0,346.0,341.0,342.0,1789553.99640322,614379618.0923017
2022-10-02 09:00:00,342.0,344.0,333.0,335.0,2541517.24846977,858125732.7006791
2022-10-03 09:00:00,334.0,345.0,331.0,343.0,2640897.45937506,890584164.2019653
2022-10-04 09:00:00,343.0,346.0,340.0,343.0,2728521.21222947,934758278.8258464
2022-10-05 09:00:00,343.0,344.0,335.0,341.0,3690904.09182579,1254321115.9362757
2022-10-06 09:00:00,340.0,342.0,334.0,336.0,2725444.85482275,923140824.6966432
2022-10-07 09:00:00,336.0,344.0,332.0,338.0,5477916.78052625,1847857529.7059019
2022-10-08 09:00:00,338.0,345.0,337.0,341.0,5234436.96023548,1784262414.0475059
2022-10-09 09:00:00,341.0,345.0,338.0,341.0,3680871.5041147,1252935060.0767622
2022-10-10 09:00:00,341.0,346.0,330.0,331.0,4903854.91052909,1657340128.473556
2022-10-11 09:00:00,331.0,331.0,320.0,322.0,4939468.75915026,1602434883.0091643
2022-10-12 09:00:00,322.0,326.0,319.0,322.0,2704295.56516722,872603532.154739
2022-10-13 09:00:00,322.0,323.0,292.0,313.0,12123942.765418,3693135088.647992
2022-10-14 09:00:00,313.0,322.0,306.0,311.0,4648121.40905395,1469170230.9478502
2022-10-15 09:00:00,311.0,314.0,306.0,308.0,2523474.00144524,780385415.8550308
2022-10-16 09:00:00,308.0,316.0,308.0,312.0,1938409.56004543,603916005.6028181
2022-10-17 09:00:00,314.0,321.0,310.0,321.0,5595686.88919225,1765721286.8466313
2022-10-18 09:00:00,321.0,323.0,312.0,316.0,5296978.5483279,1680293882.9537432
2022-10-19 09:00:00,317.0,362.0,312.0,314.0,166709960.1913699,56197154184.06676
2022-10-20 09:00:00,314.0,315.0,305.0,307.0,13971210.3109389,4340320474.011822
2022-10-21 09:00:00,308.0,308.0,294.0,308.0,7628884.47569453,2302700955.0887866
2022-10-22 09:00:00,308.0,310.0,303.0,306.0,3173366.90591033,974073273.7706923
2022-10-23 09:00:00,308.0,317.0,304.0,315.0,6666145.86599475,2060163705.987588
2022-10-24 09:00:00,316.0,316.0,306.0,313.0,5433502.48154388,1693087816.2260337
2022-10-25 09:00:00,313.0,325.0,310.0,321.0,7267326.55669916,2297596011.3589964
2022-10-26 09:00:00,322.0,327.0,318.0,323.0,9965117.10643034,3219074350.842493
2022-10-27 09:00:00,324.0,331.0,316.0,318.0,8318569.34671715,2693622531.1408944
2022-10-28 09:00:00,318.0,327.0,313.0,324.0,13450867.97536241,4298200642.266399
2022-10-29 09:00:00,324.0,338.0,323.0,333.0,14911700.15824006,4940246415.272434
2022-10-30 09:00:00,333.0,338.0,326.0,331.0,6386291.01411976,2123416581.8120787
2022-10-31 09:00:00,331.0,333.0,324.0,327.0,8099863.69927848,2653243625.061013
2022-11-01 09:00:00,328.0,333.0,320.0,320.0,5867836.88467165,1917412820.8243651
2022-11-02 09:00:00,321.0,332.0,305.0,312.0,18426586.40142699,5886056604.623282
2022-11-03 09:00:00,312.0,322.0,310.0,317.0,6990446.1361597,2220612767.709546
2022-11-04 09:00:00,317.0,337.0,316.0,333.0,7889180.17815869,2565680025.7234387
2022-11-05 09:00:00,332.0,345.0,328.0,336.0,6801014.0454554,2289077720.4089174
2022-11-06 09:00:00,335.0,345.0,320.0,322.0,8550933.45792018,2871338138.8479095
2022-11-07 09:00:00,324.0,331.0,316.0,324.0,4691252.60309728,1521421590.4396594
2022-11-08 09:00:00,325.0,326.0,261.0,274.0,16421982.94403562,4860087581.686474
2022-11-09 09:00:00,275.0,282.0,201.0,209.0,20893302.22502182,5062192976.853617
2022-11-10 09:00:00,209.0,239.0,206.0,238.0,12433944.58044452,2791397970.7662907
2022-11-11 09:00:00,238.0,242.0,215.0,222.0,8736709.9629757,1983788506.6631994
2022-11-12 09:00:00,224.0,226.0,212.0,216.0,6558522.8305474,1434685327.5276043
2022-11-13 09:00:00,216.0,222.0,202.0,210.0,12389051.09435133,2607880244.9438186
2022-11-14 09:00:00,210.0,211.0,190.0,205.0,17515861.79781745,3505893534.1199274
2022-11-15 09:00:00,205.0,219.0,201.0,214.0,11736114.04355903,2468835019.9596586
2022-11-16 09:00:00,213.0,227.0,206.0,212.0,15610850.68478336,3346204466.887384
2022-11-17 09:00:00,211.0,213.0,206.0,210.0,4266913.1915053,898486466.9414334
2022-11-18 09:00:00,210.0,215.0,209.0,213.0,3542359.21170897,752778928.8501637
2022-11-19 09:00:00,214.0,236.0,213.0,222.0,24265905.28350042,5378152381.622571
2022-11-20 09:00:00,223.0,245.0,213.0,215.0,46505580.56134304,10570125083.05257
2022-11-21 09:00:00,215.0,231.0,206.0,218.0,29841982.44795402,6513246211.820926
2022-11-22 09:00:00,218.0,228.0,212.0,228.0,15700787.37936837,3474533630.6550527
2022-11-23 09:00:00,229.0,241.0,226.0,237.0,10449035.93042507,2419473585.8747826
2022-11-24 09:00:00,237.0,252.0,229.0,240.0,27953164.13803359,6729023765.707188
2022-11-25 09:00:00,240.0,240.0,227.0,238.0,7408689.04157004,1729481064.186598
2022-11-26 09:00:00,239.0,242.0,235.0,237.0,4143231.55822774,985663740.7226409
2022-11-27 09:00:00,237.0,239.0,230.0,232.0,4632388.23890831,1090143062.9451454
2022-11-28 09:00:00,231.0,234.0,221.0,229.0,4868986.78403415,1099788681.532104
2022-11-29 09:00:00,228.0,232.0,223.0,228.0,3642010.96714371,835504532.9841077
2022-11-30 09:00:00,230.0,303.0,230.0,276.0,425555263.3874952,119366801518.61652
2022-12-01 09:00:00,276.0,286.0,255.0,261.0,85294844.65748997,23131481400.018997
2022-12-02 09:00:00,262.0,262.0,245.0,251.0,24700617.40729781,6177154312.262251
2022-12-03 09:00:00,250.0,254.0,242.0,244.0,10091189.21336336,2503715924.3413663
2022-12-04 09:00:00,245.0,254.0,240.0,248.0,23645152.03200938,5782423804.165218
2022-12-05 09:00:00,248.0,249.0,238.0,241.0,15573626.40439862,3804547387.2317677
2022-12-06 09:00:00,241.0,245.0,240.0,245.0,8972407.46013883,2174194580.252167
2022-12-07 09:00:00,245.0,246.0,230.0,234.0,12331847.67990795,2910425955.064018
2022-12-08 09:00:00,233.0,240.0,231.0,240.0,6148741.80149922,1443742043.0316803
2022-12-09 09:00:00,240.0,242.0,235.0,240.0,6723474.6214247,1602638955.69084
2022-12-10 09:00:00,240.0,248.0,238.0,247.0,8515850.17840258,2070317533.6261272
2022-12-11 09:00:00,247.0,247.0,240.0,242.0,5505029.82436675,1344861381.1026266
2022-12-12 09:00:00,242.0,243.0,227.0,233.0,9393996.92136679,2181936339.402256
2022-12-13 09:00:00,232.0,233.0,218.0,231.0,10495158.72380699,2372335561.5566344
2022-12-14 09:00:00,232.0,239.0,223.0,225.0,10648223.76643781,2474551741.2325287
2022-12-15 09:00:00,225.0,230.0,222.0,225.0,6599533.53266082,1489404500.709478
2022-12-16 09:00:00,224.0,225.0,202.0,205.0,9910661.84907007,2112110396.6649246
2022-12-17 09:00:00,205.0,207.0,191.0,201.0,6693709.47107361,1325159036.7553089
2022-12-18 09:00:00,201.0,203.0,197.0,200.0,4012501.66987871,802617049.2371923
2022-12-19 09:00:00,201.0,201.0,184.0,188.0,6065199.38529054,1172135613.7481406
2022-12-20 09:00:00,188.0,198.0,186.0,196.0,5350412.26157945,1034784070.833345
2022-12-21 09:00:00,196.0,196.0,190.0,195.0,5243083.27371331,1015645626.5633703
2022-12-22 09:00:00,195.0,196.0,189.0,196.0,4377567.34440457,843321819.6723042
2022-12-23 09:00:00,194.0,198.0,193.0,197.0,3541324.04340695,691065754.024963
2022-12-24 09:00:00,197.0,201.0,195.0,197.0,5869114.44528999,1161189891.235013
2022-12-25 09:00:00,196.0,197.0,192.0,195.0,2756166.29770917,534985596.771457
2022-12-26 09:00:00,194.0,195.0,189.0,191.0,3248386.92374368,621839362.4942118
2022-12-27 09:00:00,190.0,194.0,185.0,189.0,8639253.83587787,1641975795.7608192
2022-12-28 09:00:00,189.0,189.0,178.0,183.0,4770726.62390449,874890345.5183641
2022-12-29 09:00:00,184.0,195.0,178.0,183.0,7807026.99221659,1431442411.711316
2022-12-30 09:00:00,182.0,183.0,175.0,180.0,4030197.54223141,723180819.0724709
2022-12-31 09:00:00,180.0,183.0,178.0,180.0,3148716.76329852,567201108.8998168
2023-01-01 09:00:00,181.0,182.0,179.0,181.0,1193306.30251762,215030845.21011978
2023-01-02 09:00:00,181.0,189.0,178.0,187.0,4186503.99279735,769243869.604216
2023-01-03 09:00:00,188.0,189.0,184.0,186.0,2032813.82739144,379195595.3186354
2023-01-04 09:00:00,187.0,194.0,186.0,193.0,4610951.45498272,877047883.7769578
2023-01-05 09:00:00,193.0,194.0,189.0,191.0,2602034.74850697,498701686.8554287
2023-01-06 09:00:00,190.0,193.0,183.0,192.0,3958399.87086512,740392777.3313385
2023-01-07 09:00:00,193.0,196.0,191.0,194.0,3191271.85508677,619130996.0680203
2023-01-08 09:00:00,194.0,199.0,191.0,199.0,3116172.18854608,602938054.0538574
2023-01-09 09:00:00,199.0,206.0,196.0,200.0,6460967.67356344,1296593257.9739258
2023-01-10 09:00:00,199.0,206.0,196.0,204.0,7252461.19417538,1458885734.5067546
2023-01-11 09:00:00,204.0,211.0,200.0,209.0,7685084.26187764,1569291348.3555958
2023-01-12 09:00:00,210.0,216.0,205.0,214.0,12959414.52245668,2725461196.5782857
2023-01-13 09:00:00,213.0,223.0,211.0,222.0,7643989.55973354,1648035677.0549605
2023-01-14 09:00:00,222.0,237.0,215.0,230.0,19771423.59197051,4477952006.39537
2023-01-15 09:00:00,230.0,250.0,220.0,238.0,51220134.9772779,12090675540.608555
2023-01-16 09:00:00,237.0,243.0,229.0,236.0,12234594.37284452,2892427566.011611
2023-01-17 09:00:00,236.0,263.0,231.0,241.0,32640369.89650432,8071289628.051473
2023-01-18 09:00:00,239.0,244.0,219.0,220.0,20055018.94916007,4686204674.457269
2023-01-19 09:00:00,220.0,245.0,220.0,235.0,36403400.45184774,8488177169.205908
2023-01-20 09:00:00,235.0,250.0,230.0,249.0,9983422.00875927,2374943058.812521
2023-01-21 09:00:00,248.0,256.0,242.0,246.0,18224438.72946659,4550848848.4574
2023-01-22 09:00:00,247.0,254.0,241.0,246.0,7837864.08079829,1947194298.7457259
2023-01-23 09:00:00,248.0,259.0,246.0,253.0,19165164.19681406,4824072499.073467
2023-01-24 09:00:00,254.0,377.0,253.0,275.0,947351049.3038949,317674845465.93054
2023-01-25 09:00:00,275.0,299.0,264.0,280.0,85157204.32949367,23497826338.988354
2023-01-26 09:00:00,279.0,283.0,269.0,278.0,25584099.36708109,7101358427.128047
2023-01-27 09:00:00,278.0,281.0,267.0,281.0,19025831.16221647,5196203994.187628
2023-01-28 09:00:00,281.0,282.0,270.0,274.0,12558857.31747888,3473858593.3934402
2023-01-29 09:00:00,275.0,280.0,270.0,279.0,10936414.8223192,3019378803.652842
2023-01-30 09:00:00,279.0,280.0,250.0,256.0,17208530.99330165,4539502610.727623
2023-01-31 09:00:00,256.0,260.0,247.0,257.0,10985148.30377466,2782763176.7508464
2023-02-01 09:00:00,257.0,276.0,254.0,272.0,85106857.60940982,22567601297.106483
2023-02-02 09:00:00,273.0,285.0,273.0,275.0,21684317.22951914,6021210790.123811
2023-02-03 09:00:00,275.0,290.0,270.0,286.0,20849986.95179344,5798558670.024059
2023-02-04 09:00:00,286.0,298.0,284.0,292.0,31091683.6367905,9036922514.813272
2023-02-05 09:00:00,292.0,309.0,271.0,285.0,43095683.27418427,12497056173.657377
2023-02-06 09:00:00,285.0,348.0,284.0,299.0,229620791.95779198,72803765883.33267
2023-02-07 09:00:00,299.0,302.0,285.0,300.0,28703878.16081053,8383064357.013197
2023-02-08 09:00:00,300.0,300.0,282.0,293.0,20732063.02061588,6087477028.749412
2023-02-09 09:00:00,293.0,297.0,265.0,272.0,28360390.50961314,8058749334.53918
2023-02-10 09:00:00,272.0,278.0,263.0,278.0,15833000.74843057,4277301064.241195
2023-02-11 09:00:00,278.0,282.0,272.0,281.0,5870483.413657,1623713502.0856173
2023-02-12 09:00:00,281.0,284.0,272.0,277.0,7655061.00778872,2127686041.6048357
2023-02-13 09:00:00,276.0,277.0,260.0,271.0,14504260.50730611,3904779378.3346214
2023-02-14 09:00:00,271.0,282.0,262.0,281.0,10158900.37028825,2764495839.570313
2023-02-15 09:00:00,281.0,303.0,278.0,302.0,21116443.51635537,6067726783.741283
2023-02-16 09:00:00,302.0,317.0,289.0,292.0,29376922.51763871,8927792665.926311
2023-02-17 09:00:00,293.0,318.0,290.0,315.0,26216517.83662497,8057771927.253182
2023-02-18 09:00:00,314.0,329.0,312.0,324.0,23792206.76430502,7653497226.511627
2023-02-19 09:00:00,324.0,331.0,315.0,329.0,13604102.11049528,4369154799.755866
2023-02-20 09:00:00,329.0,341.0,316.0,340.0,31176999.25281318,10296251003.995049
2023-02-21 09:00:00,341.0,367.0,321.0,330.0,54522002.34558948,18588967244.86042
2023-02-22 09:00:00,330.0,332.0,310.0,325.0,19837036.53877801,6303941178.360846
2023-02-23 09:00:00,325.0,328.0,315.0,326.0,12012762.00412882,3876277160.6842847
2023-02-24 09:00:00,326.0,338.0,319.0,333.0,30990433.90443572,10207394055.717766
2023-02-25 09:00:00,332.0,356.0,321.0,338.0,55318147.10378087,18582429880.634274
2023-02-26 09:00:00,337.0,338.0,326.0,336.0,13563250.08296834,4502251455.758587
2023-02-27 09:00:00,336.0,349.0,324.0,348.0,25288329.40502011,8544591569.558789
2023-02-28 09:00:00,349.0,349.0,328.0,331.0,17485994.21527982,5885725677.755262
2023-03-01 09:00:00,331.0,352.0,325.0,350.0,42157011.73103614,14428528499.094454
2023-03-02 09:00:00,349.0,350.0,328.0,334.0,23833768.68476519,7993775448.270716
2023-03-03 09:00:00,335.0,335.0,298.0,306.0,28519430.34705276,8743325249.626009
2023-03-04 09:00:00,306.0,309.0,289.0,294.0,9171274.17185525,2753330480.4891973
2023-03-05 09:00:00,294.0,305.0,292.0,298.0,9197085.50900403,2756800225.401346
2023-03-06 09:00:00,299.0,303.0,283.0,298.0,9410405.76557123,2749982403.5446424
2023-03-07 09:00:00,298.0,303.0,279.0,291.0,7730876.91969858,2258850749.8293643
2023-03-08 09:00:00,292.0,292.0,264.0,268.0,11776104.56525917,3242306691.379321
2023-03-09 09:00:00,268.0,277.0,253.0,257.0,9857753.96535523,2616926523.7639127
2023-03-10 09:00:00,257.0,261.0,243.0,260.0,11861615.71229275,2986704174.5384555
2023-03-11 09:00:00,260.0,265.0,240.0,253.0,8593262.47734533,2154328346.846753
2023-03-12 09:00:00,252.0,264.0,235.0,264.0,10162046.38534889,2510927681.3352804
2023-03-13 09:00:00,264.0,280.0,254.0,277.0,17704410.14206149,4718111812.936816
2023-03-14 09:00:00,277.0,296.0,269.0,287.0,16794767.85389618,4721501916.360304
2023-03-15 09:00:00,288.0,305.0,261.0,271.0,34707156.33913926,10069454128.317438
2023-03-16 09:00:00,271.0,278.0,265.0,275.0,10174651.52066898,2767357969.3423114
2023-03-17 09:00:00,275.0,291.0,272.0,291.0,15666793.87942437,4424990865.983044
2023-03-18 09:00:00,291.0,299.0,282.0,285.0,16829707.30173173,4923698856.874325
2023-03-19 09:00:00,284.0,322.0,284.0,312.0,80760203.53351986,24552545414.314346
2023-03-20 09:00:00,312.0,312.0,290.0,293.0,23998756.43540046,7194634780.42512
2023-03-21 09:00:00,293.0,295.0,273.0,289.0,16135407.0987214,4619313649.954454
2023-03-22 09:00:00,291.0,291.0,268.0,275.0,10174492.59734439,2871335185.5790806
2023-03-23 09:00:00,276.0,287.0,271.0,286.0,7232690.31942782,2012888018.1952531
2023-03-24 09:00:00,286.0,297.0,284.0,291.0,15658570.60644919,4555594425.042582
2023-03-25 09:00:00,291.0,295.0,281.0,284.0,5726039.61136858,1644261222.7033951
2023-03-26 09:00:00,283.0,289.0,280.0,283.0,3843764.046147,1092091538.5981123
2023-03-27 09:00:00,283.0,289.0,261.0,268.0,8866082.37702997,2429290349.467715
2023-03-28 09:00:00,268.0,281.0,261.0,274.0,21308583.62223391,5785227517.35247
2023-03-29 09:00:00,274.0,296.0,273.0,296.0,16290712.48545526,4667468246.353183
2023-03-30 09:00:00,296.0,296.0,282.0,288.0,17651913.84275973,5093062447.699319
2023-03-31 09:00:00,286.0,339.0,280.0,299.0,74304917.59655264,22948847625.725834
2023-04-01 09:00:00,300.0,444.0,295.0,371.0,1125513994.1259475,433111515720.2761
2023-04-02 09:00:00,371.0,426.0,345.0,351.0,437968404.45145607,170198055446.05902
2023-04-03 09:00:00,350.0,437.0,343.0,412.0,637964613.1387777,249145427424.55988
2023-04-04 09:00:00,412.0,543.0,404.0,513.0,1129767821.665171,549452437101.16797
2023-04-05 09:00:00,512.0,640.0,507.0,522.0,948244143.0633717,540143731648.0329
2023-04-06 09:00:00,523.0,524.0,447.0,465.0,218962984.08990976,104900518830.94994
2023-04-07 09:00:00,465.0,559.0,454.0,474.0,588455220.2574434,296876254632.861
2023-04-08 09:00:00,474.0,505.0,422.0,430.0,150006522.8732826,70730610575.96744
2023-04-09 09:00:00,430.0,447.0,408.0,423.0,92923472.36351143,39449404374.53046
2023-04-10 09:00:00,424.0,433.0,402.0,427.0,78207635.18108761,32620143142.817684
2023-04-11 09:00:00,428.0,428.0,410.0,416.0,31016720.33281475,12864401430.006039
2023-04-12 09:00:00,416.0,416.0,382.0,392.0,42640756.03026721,16787232123.747156
2023-04-13 09:00:00,393.0,405.0,381.0,398.0,23350785.68303328,9138926144.040497
2023-04-14 09:00:00,398.0,510.0,397.0,503.0,540329862.5408918,254938928168.37933
2023-04-15 09:00:00,503.0,515.0,477.0,480.0,174892035.76258695,86435583606.75038
2023-04-16 09:00:00,481.0,513.0,458.0,468.0,187847197.21154174,91446016534.72131
2023-04-17 09:00:00,469.0,471.0,441.0,449.0,39319793.12860995,17797446026.47811
2023-04-18 09:00:00,449.0,453.0,437.0,450.0,30350511.42294169,13543958096.383898
2023-04-19 09:00:00,449.0,450.0,411.0,418.0,37760333.31768806,16118709648.417307
2023-04-20 09:00:00,416.0,435.0,392.0,407.0,41744396.15050153,17294935232.50277
2023-04-21 09:00:00,407.0,421.0,380.0,390.0,38289436.3595028,15439678981.85298
2023-04-22 09:00:00,390.0,439.0,387.0,416.0,212975086.58094832,88606646503.24646
2023-04-23 09:00:00,417.0,419.0,389.0,394.0,27719706.86373515,11144481998.024694
2023-04-24 09:00:00,393.0,394.0,372.0,381.0,15728929.95618801,6045771163.433297
2023-04-25 09:00:00,381.0,395.0,362.0,388.0,20983437.39888484,7915117093.450107
2023-04-26 09:00:00,388.0,399.0,350.0,371.0,40750904.15020695,15499809554.995434
2023-04-27 09:00:00,371.0,421.0,368.0,395.0,185823148.5624971,74353490716.38078
2023-04-28 09:00:00,396.0,431.0,388.0,404.0,157854692.0499818,64878828416.40568
2023-04-29 09:00:00,404.0,404.0,394.0,403.0,18268397.48407958,7294821321.850237
2023-04-30 09:00:00,403.0,403.0,385.0,390.0,13469073.65579181,5293033332.636586
2023-05-01 09:00:00,390.0,391.0,364.0,370.0,14126637.61301243,5319232905.055996
2023-05-02 09:00:00,370.0,375.0,360.0,373.0,11745477.37421014,4298778646.630496
2023-05-03 09:00:00,374.0,392.0,356.0,386.0,18605609.66685401,6908393524.776478
2023-05-04 09:00:00,386.0,386.0,360.0,372.0,17702102.14309037,6617076860.404227
2023-05-05 09:00:00,371.0,386.0,366.0,381.0,32537022.49325312,12276557374.527794
2023-05-06 09:00:00,381.0,383.0,362.0,366.0,13242261.07431963,4907123803.022599
2023-05-07 09:00:00,366.0,367.0,356.0,358.0,8122542.49685473,2941673126.3207946
2023-05-08 09:00:00,357.0,363.0,323.0,327.0,19363120.23424159,6538251931.075079
2023-05-09 09:00:00,327.0,336.0,319.0,328.0,14088724.27964661,4586889122.118494
2023-05-10 09:00:00,327.0,383.0,324.0,358.0,163943586.50807938,59342098263.04605
2023-05-11 09:00:00,358.0,359.0,324.0,330.0,32511150.75007965,11056213861.800177
2023-05-12 09:00:00,330.0,344.0,314.0,342.0,27201793.77830325,8943955771.166039
2023-05-13 09:00:00,342.0,343.0,333.0,335.0,7534654.65251919,2539498441.563577
2023-05-14 09:00:00,335.0,352.0,330.0,346.0,23478682.28394681,8047565568.29447
2023-05-15 09:00:00,346.0,356.0,338.0,347.0,24105417.28872741,8383178399.110092
2023-05-16 09:00:00,347.0,368.0,340.0,361.0,56269651.13791724,20151445842.928905
2023-05-17 09:00:00,361.0,373.0,346.0,363.0,25588326.55724798,9186838441.29227
2023-05-18 09:00:00,363.0,363.0,350.0,355.0,11165097.25891052,3995906931.3329372
2023-05-19 09:00:00,355.0,356.0,346.0,352.0,7147900.56167179,2503931348.0828805
2023-05-20 09:00:00,352.0,353.0,346.0,352.0,4000964.77127182,1394315903.4272404
2023-05-21 09:00:00,351.0,352.0,336.0,340.0,7065192.44246062,2426081630.635318
2023-05-22 09:00:00,340.0,341.0,331.0,338.0,6889382.19661487,2308188830.071332
2023-05-23 09:00:00,338.0,344.0,333.0,342.0,7308155.84349517,2482011032.4354634
2023-05-24 09:00:00,342.0,342.0,316.0,325.0,13602890.1931787,4439203063.511674
2023-05-25 09:00:00,326.0,326.0,315.0,321.0,5852611.30313034,1876174392.8033762
2023-05-26 09:00:00,321.0,325.0,316.0,320.0,4942229.66642859,1582640535.5555968
2023-05-27 09:00:00,321.0,325.0,317.0,324.0,3070133.48415229,984921356.9333297
2023-05-28 09:00:00,324.0,338.0,321.0,333.0,7280627.72359965,2398034451.5453143
2023-05-29 09:00:00,334.0,336.0,327.0,332.0,5901109.50844762,1958300543.480247
2023-05-30 09:00:00,332.0,334.0,327.0,332.0,4707174.06164588,1557519283.002159
2023-05-31 09:00:00,332.0,335.0,315.0,320.0,10402171.23675674,3372120325.1656294
2023-06-01 09:00:00,320.0,321.0,312.0,314.0,4759333.11860604,1502763928.8128138
2023-06-02 09:00:00,314.0,321.0,310.0,319.0,3301525.70484324,1045651678.2543492
2023-06-03 09:00:00,320.0,324.0,316.0,320.0,2616351.4513071,836347215.9302112
2023-06-04 09:00:00,321.0,326.0,318.0,323.0,2654806.82883686,854090578.7919123
2023-06-05 09:00:00,323.0,323.0,287.0,297.0,11635431.17418937,3511139775.437404
2023-06-06 09:00:00,297.0,303.0,283.0,301.0,8264664.43921645,2417329251.195137
2023-06-07 09:00:00,301.0,301.0,286.0,287.0,6575221.57205579,1933764355.3460972
2023-06-08 09:00:00,288.0,291.0,282.0,287.0,5019568.17992671,1439167043.7374127
2023-06-09 09:00:00,288.0,292.0,282.0,286.0,10023686.57118283,2880606967.075403
2023-06-10 09:00:00,286.0,286.0,233.0,245.0,24528771.97161985,6069650757.790236
2023-06-11 09:00:00,245.0,248.0,240.0,245.0,6355594.96803348,1550163669.706734
2023-06-12 09:00:00,245.0,246.0,235.0,244.0,5981667.95816409,1439316736.8450716
2023-06-13 09:00:00,244.0,249.0,239.0,241.0,6044402.04297152,1473651660.7395468
2023-06-14 09:00:00,241.0,246.0,228.0,232.0,5878115.97302744,1392258265.4895916
2023-06-15 09:00:00,231.0,234.0,221.0,229.0,9290965.77352721,2115535386.3462818
2023-06-16 09:00:00,229.0,261.0,228.0,253.0,134616991.15700433,32744805649.431705
2023-06-17 09:00:00,252.0,260.0,247.0,256.0,54741198.22464852,13907960169.540955
2023-06-18 09:00:00,256.0,261.0,242.0,245.0,23432261.66035006,5958836823.43731
2023-06-19 09:00:00,245.0,249.0,242.0,245.0,6347374.76358096,1555996536.0903683
2023-06-20 09:00:00,247.0,265.0,246.0,264.0,26003006.27797622,6591655918.795031
2023-06-21 09:00:00,263.0,279.0,261.0,277.0,16152431.71388949,4339934140.734713
2023-06-22 09:00:00,277.0,285.0,268.0,273.0,16197341.71468662,4492447542.783955
2023-06-23 09:00:00,273.0,291.0,270.0,290.0,11653117.61556264,3265111644.328776
2023-06-24 09:00:00,290.0,301.0,285.0,294.0,16051524.20472939,4679973743.692776
2023-06-25 09:00:00,295.0,350.0,294.0,298.0,161838317.87008187,51348149465.000175
2023-06-26 09:00:00,297.0,298.0,280.0,284.0,20904714.51039167,6016940302.637957
2023-06-27 09:00:00,284.0,289.0,278.0,284.0,10398053.74902368,2940336853.239654
2023-06-28 09:00:00,283.0,284.0,264.0,267.0,9430256.20432976,2582455986.759951
2023-06-29 09:00:00,267.0,275.0,265.0,272.0,6969057.15060035,1883897243.9333606
2023-06-30 09:00:00,272.0,286.0,258.0,281.0,18642617.27618407,5136367621.172664
2023-07-01 09:00:00,282.0,302.0,274.0,301.0,14667965.72805718,4198906392.7009115
2023-07-02 09:00:00,301.0,306.0,282.0,292.0,13989146.98357806,4093411031.0444617
2023-07-03 09:00:00,291.0,300.0,287.0,297.0,8807501.74796838,2589054660.610869
2023-07-04 09:00:00,297.0,298.0,287.0,294.0,6272174.52731491,1840679929.1746223
2023-07-05 09:00:00,295.0,317.0,288.0,306.0,46323487.18421553,14029884079.20274
2023-07-06 09:00:00,306.0,306.0,281.0,285.0,24124226.25000537,7080509516.871468
2023-07-07 09:00:00,284.0,288.0,279.0,288.0,8971319.7712246,2541307179.3107967
2023-07-08 09:00:00,287.0,289.0,281.0,286.0,3951227.11380415,1128168917.3062735
2023-07-09 09:00:00,285.0,288.0,282.0,284.0,3669660.11087778,1045581274.6524695
2023-07-10 09:00:00,284.0,289.0,274.0,284.0,7509117.34472816,2098338884.6628942
2023-07-11 09:00:00,284.0,292.0,281.0,291.0,13380667.15391819,3816225340.284172
2023-07-12 09:00:00,291.0,304.0,289.0,302.0,22209038.37520115,6549480939.6533985
2023-07-13 09:00:00,303.0,304.0,287.0,300.0,30345839.08932523,8949007146.383633
2023-07-14 09:00:00,299.0,311.0,289.0,302.0,26254713.76316429,7884756067.726554
2023-07-15 09:00:00,302.0,320.0,299.0,313.0,39216414.31622887,12142770452.818718
2023-07-16 09:00:00,313.0,313.0,300.0,302.0,15956339.77637294,4870023110.54963
2023-07-17 09:00:00,303.0,328.0,301.0,320.0,110518483.2467269,35066871311.44116
2023-07-18 09:00:00,320.0,320.0,294.0,299.0,30968749.51710819,9438211442.6872
2023-07-19 09:00:00,299.0,302.0,293.0,297.0,12850506.99898729,3823633810.3422318
2023-07-20 09:00:00,296.0,302.0,293.0,297.0,11184653.11887106,3330097160.7203474
2023-07-21 09:00:00,297.0,302.0,296.0,299.0,6406820.20039126,1912142586.955495
2023-07-22 09:00:00,299.0,302.0,296.0,298.0,6255273.38722897,1868712855.1271002
2023-07-23 09:00:00,298.0,307.0,296.0,305.0,13087632.01000486,3952699044.535053
2023-07-24 09:00:00,306.0,306.0,281.0,285.0,17933034.49432296,5230958933.509778
2023-07-25 09:00:00,285.0,286.0,276.0,284.0,9072348.63688664,2539230092.486961
2023-07-26 09:00:00,284.0,286.0,276.0,281.0,7672929.15391502,2147212869.9844723
2023-07-27 09:00:00,281.0,289.0,280.0,287.0,4674056.25432704,1327798986.7710555
2023-07-28 09:00:00,288.0,292.0,283.0,292.0,6760903.64215051,1941002316.7576997
2023-07-29 09:00:00,292.0,296.0,288.0,295.0,9632884.3135893,2806951786.250714
2023-07-30 09:00:00,295.0,299.0,281.0,286.0,16297911.71714245,4745142032.255031
2023-07-31 09:00:00,286.0,299.0,284.0,287.0,15331882.729348,4452464399.189016
2023-08-01 09:00:00,287.0,293.0,277.0,292.0,8020817.58045171,2269687326.8538322
2023-08-02 09:00:00,292.0,292.0,281.0,283.0,11430775.80083513,3266956506.03996
2023-08-03 09:00:00,283.0,286.0,279.0,283.0,5218217.00321581,1473104977.4377184
2023-08-04 09:00:00,283.0,284.0,278.0,280.0,5163914.05062646,1451240392.8865747
2023-08-05 09:00:00,279.0,283.0,275.0,282.0,4395483.80125689,1223416165.432122
2023-08-06 09:00:00,282.0,287.0,278.0,279.0,3457803.96637419,973307055.2039069
2023-08-07 09:00:00,279.0,281.0,269.0,274.0,9195249.70839143,2546220184.2534986
2023-08-08 09:00:00,274.0,285.0,272.0,282.0,5912636.98385459,1650036791.9087663
2023-08-09 09:00:00,282.0,287.0,279.0,282.0,4197342.28826447,1187386304.9745264
2023-08-10 09:00:00,282.0,284.0,277.0,279.0,3787936.14739692,1059270546.239531
2023-08-11 09:00:00,280.0,283.0,278.0,279.0,2498714.27101592,700151533.2102753
2023-08-12 09:00:00,280.0,285.0,279.0,283.0,2449489.23591336,689558591.903637
2023-08-13 09:00:00,283.0,284.0,279.0,282.0,2659534.19938916,748593730.5689225
2023-08-14 09:00:00,282.0,285.0,278.0,282.0,4511534.33609636,1268544588.2122986
2023-08-15 09:00:00,282.0,282.0,267.0,270.0,6164829.87010852,1691187771.11905
2023-08-16 09:00:00,270.0,270.0,245.0,251.0,16512999.99962265,4263960299.9162655
2023-08-17 09:00:00,250.0,256.0,223.0,229.0,12010566.53230887,2861298054.8345942
2023-08-18 09:00:00,229.0,237.0,227.0,235.0,10033267.10256797,2327013250.9668093
2023-08-19 09:00:00,236.0,241.0,233.0,238.0,4295724.04454161,1015008265.2951945
2023-08-20 09:00:00,239.0,246.0,236.0,239.0,9090045.6075841,2184222969.1428394
2023-08-21 09:00:00,240.0,240.0,228.0,232.0,6194076.32450229,1443712569.3185275
2023-08-22 09:00:00,232.0,235.0,222.0,231.0,5726626.48325577,1305938230.436596
2023-08-23 09:00:00,231.0,237.0,228.0,234.0,3734796.32094292,863913546.6029782
2023-08-24 09:00:00,235.0,235.0,228.0,231.0,3051771.25798597,707254996.2578574
2023-08-25 09:00:00,231.0,232.0,225.0,231.0,5325177.25513569,1216001184.69027
2023-08-26 09:00:00,231.0,233.0,228.0,230.0,2281647.53821214,524605092.53334063
2023-08-27 09:00:00,230.0,233.0,228.0,230.0,1167887.26760945,268364369.75943568
2023-08-28 09:00:00,231.0,231.0,224.0,227.0,3506344.03236441,794325182.5952004
2023-08-29 09:00:00,228.0,239.0,221.0,237.0,6631188.36261612,1528061727.4425213
2023-08-30 09:00:00,237.0,238.0,230.0,234.0,2165783.3303374,506951339.18813205
2023-08-31 09:00:00,234.0,236.0,223.0,224.0,3815680.51548451,875819596.1459327
2023-09-01 09:00:00,224.0,226.0,216.0,218.0,4249741.555339,936913611.4537741
2023-09-02 09:00:00,218.0,219.0,214.0,218.0,4138864.99479583,894323400.2237418
2023-09-03 09:00:00,218.0,222.0,216.0,219.0,3605626.39266827,788024876.4160789
2023-09-04 09:00:00,219.0,222.0,215.0,217.0,4627014.20213123,1009516340.9455318
2023-09-05 09:00:00,218.0,224.0,215.0,221.0,3824192.03987028,834447107.506004
2023-09-06 09:00:00,222.0,227.0,219.0,225.0,3612633.20166126,806446880.0056546
2023-09-07 09:00:00,226.0,228.0,222.0,226.0,2099815.50792829,471215399.22640294
2023-09-08 09:00:00,227.0,229.0,223.0,225.0,2811843.58795924,635825210.8080094
2023-09-09 09:00:00,226.0,232.0,223.0,229.0,2840955.82444577,646499479.6176444
2023-09-10 09:00:00,230.0,230.0,218.0,222.0,3945110.13332738,879532197.3317944
2023-09-11 09:00:00,223.0,224.0,206.0,209.0,5791031.5584251,1234587207.755429
2023-09-12 09:00:00,210.0,217.0,208.0,210.0,4061789.08982661,860420675.5213687
2023-09-13 09:00:00,210.0,218.0,209.0,215.0,4737137.55317402,1013955024.1784297
2023-09-14 09:00:00,216.0,226.0,215.0,223.0,6404429.57536687,1407950672.5237894
2023-09-15 09:00:00,224.0,234.0,221.0,232.0,7312724.05349145,1659287235.0384336
2023-09-16 09:00:00,232.0,243.0,231.0,238.0,15746327.61481474,3730850550.431968
2023-09-17 09:00:00,238.0,238.0,222.0,224.0,7636485.73509621,1752523370.7393577
2023-09-18 09:00:00,225.0,233.0,221.0,227.0,4711466.16182281,1071799960.0260954
2023-09-19 09:00:00,228.0,232.0,224.0,231.0,4407323.31040319,1010696209.8588609
2023-09-20 09:00:00,231.0,246.0,226.0,244.0,11397423.9255451,2687783885.059711
2023-09-21 09:00:00,245.0,247.0,228.0,234.0,14277543.44712493,3376353991.138498
2023-09-22 09:00:00,234.0,244.0,234.0,243.0,15604761.9951235,3746655666.5407987
2023-09-23 09:00:00,243.0,244.0,239.0,243.0,7072292.55901175,1704349188.8304098
2023-09-24 09:00:00,243.0,251.0,235.0,236.0,14068859.13335756,3412394287.149249
2023-09-25 09:00:00,237.0,237.0,229.0,237.0,8584016.59942117,1996265900.1043997
2023-09-26 09:00:00,237.0,239.0,229.0,232.0,5346482.41885998,1248401131.991495
2023-09-27 09:00:00,233.0,236.0,230.0,234.0,5993123.02534089,1397142158.944448
2023-09-28 09:00:00,234.0,238.0,232.0,238.0,5218661.60720183,1224716499.9917307
2023-09-29 09:00:00,238.0,241.0,234.0,238.0,6488256.02090863,1538427531.9405978
2023-09-30 09:00:00,238.0,242.0,237.0,241.0,6954759.50579954,1665890117.8424952
2023-10-01 09:00:00,242.0,247.0,240.0,246.0,6179098.17493369,1501275913.070982
2023-10-02 09:00:00,246.0,248.0,236.0,238.0,9515393.22032913,2303008681.1266837
2023-10-03 09:00:00,238.0,244.0,232.0,234.0,9672523.06316747,2303843849.856824
2023-10-04 09:00:00,234.0,234.0,225.0,230.0,8388420.47860964,1922143659.834772
2023-10-05 09:00:00,231.0,231.0,227.0,228.0,5493944.36786205,1257577502.9290533
2023-10-06 09:00:00,229.0,235.0,228.0,234.0,6526885.34010538,1507050462.1291053
2023-10-07 09:00:00,235.0,236.0,233.0,235.0,3695041.03122888,866886027.3873752
2023-10-08 09:00:00,235.0,258.0,231.0,244.0,61521600.43239279,15202086613.447704
2023-10-09 09:00:00,244.0,244.0,227.0,230.0,25506338.90605996,5970695384.0778265
2023-10-10 09:00:00,231.0,235.0,225.0,228.0,9437008.36573999,2163062546.166748
2023-10-11 09:00:00,228.0,229.0,218.0,224.0,5869849.2911747,1312468832.5905206
2023-10-12 09:00:00,224.0,225.0,220.0,225.0,3670106.61291227,815010744.1401188
2023-10-13 09:00:00,225.0,234.0,224.0,231.0,7458343.11305241,1705947030.4938066
2023-10-14 09:00:00,232.0,235.0,230.0,234.0,4794713.8063148,1112903901.9487941
2023-10-15 09:00:00,234.0,247.0,231.0,241.0,36632978.68727282,8788968293.42623
2023-10-16 09:00:00,241.0,252.0,239.0,246.0,22944911.04968229,5634638071.960661
2023-10-17 09:00:00,246.0,251.0,241.0,248.0,17020768.3399533,4193709261.4280357
2023-10-18 09:00:00,248.0,248.0,238.0,238.0,9773968.6216704,2363851660.425416
2023-10-19 09:00:00,239.0,242.0,230.0,242.0,11381060.64301558,2673514346.9304757
2023-10-20 09:00:00,243.0,260.0,237.0,259.0,16001906.04995601,3970754050.2145414
2023-10-21 09:00:00,259.0,289.0,254.0,285.0,106136719.72122476,29337965936.183884
2023-10-22 09:00:00,285.0,297.0,259.0,270.0,67397769.71482062,18534811173.20449
2023-10-23 09:00:00,271.0,272.0,258.0,272.0,29032168.81071473,7662230256.446409
2023-10-24 09:00:00,272.0,277.0,260.0,269.0,31837722.92019296,8594571407.350876
2023-10-25 09:00:00,270.0,311.0,268.0,296.0,140836356.00199166,40820342156.50094
2023-10-26 09:00:00,297.0,297.0,273.0,284.0,46158443.61657806,13245292824.341066
2023-10-27 09:00:00,284.0,285.0,270.0,276.0,15338907.27772216,4229293262.5789223
2023-10-28 09:00:00,276.0,285.0,272.0,283.0,10660447.41722318,2982797925.912175
2023-10-29 09:00:00,283.0,295.0,278.0,291.0,18783907.23144163,5403907395.539876
2023-10-30 09:00:00,292.0,298.0,287.0,295.0,19073499.19271925,5590103094.070021
2023-10-31 09:00:00,295.0,330.0,281.0,304.0,174166868.06939825,54538872409.93169
2023-11-01 09:00:00,304.0,307.0,290.0,307.0,24309268.27230287,7234546632.639894
2023-11-02 09:00:00,307.0,307.0,292.0,301.0,23209492.26915882,6968468011.903283
2023-11-03 09:00:00,301.0,301.0,287.0,299.0,15257692.16439357,4462810955.061801
2023-11-04 09:00:00,299.0,308.0,297.0,307.0,18167917.53380066,5470594410.502888
2023-11-05 09:00:00,307.0,312.0,300.0,306.0,22250038.81702309,6819242362.992394
2023-11-06 09:00:00,307.0,315.0,297.0,314.0,16119343.95925506,4933320875.191947
2023-11-07 09:00:00,314.0,314.0,299.0,307.0,14547728.79344083,4467012691.978864
2023-11-08 09:00:00,308.0,321.0,306.0,317.0,32079320.63392008,10066626540.426775
2023-11-09 09:00:00,317.0,323.0,295.0,316.0,38473579.47418711,12035182895.32248
2023-11-10 09:00:00,317.0,326.0,308.0,325.0,22607132.62314033,7151529135.953725
2023-11-11 09:00:00,325.0,362.0,310.0,352.0,172809479.1664023,58998146934.69993
2023-11-12 09:00:00,353.0,453.0,331.0,394.0,659472109.8093468,268846905183.46344
2023-11-13 09:00:00,393.0,424.0,359.0,359.0,208148736.46151343,82628997455.59923
2023-11-14 09:00:00,360.0,364.0,333.0,344.0,50265266.25767915,17691337852.98384
2023-11-15 09:00:00,344.0,385.0,339.0,372.0,151428032.259226,55413676995.76571
2023-11-16 09:00:00,372.0,384.0,347.0,352.0,70462415.85855474,25784287860.094906
2023-11-17 09:00:00,352.0,367.0,341.0,363.0,27779020.31526021,9914161318.123114
2023-11-18 09:00:00,363.0,363.0,334.0,351.0,18645086.24771161,6499194774.647407
2023-11-19 09:00:00,351.0,352.0,340.0,349.0,16185979.65480447,5593174691.640495
2023-11-20 09:00:00,349.0,357.0,344.0,350.0,16112667.50701999,5661254185.484203
2023-11-21 09:00:00,351.0,364.0,316.0,317.0,50334538.15120119,17592400819.49178
2023-11-22 09:00:00,317.0,337.0,312.0,337.0,26856836.53669156,8675923666.439999
2023-11-23 09:00:00,337.0,349.0,330.0,341.0,38882892.95340306,13248500322.290627
2023-11-24 09:00:00,341.0,364.0,341.0,348.0,57133284.2531866,20079740703.202637
2023-11-25 09:00:00,348.0,351.0,339.0,350.0,15704422.39190368,5422502471.699334
2023-11-26 09:00:00,349.0,364.0,340.0,346.0,29314375.59294342,10268073820.586878
2023-11-27 09:00:00,346.0,347.0,325.0,334.0,19863102.83112127,6625947281.087756
2023-11-28 09:00:00,334.0,335.0,318.0,332.0,12719452.95903705,4153865400.1118727
2023-11-29 09:00:00,330.0,345.0,326.0,336.0,24981013.84781171,8371143120.556037
2023-11-30 09:00:00,337.0,344.0,332.0,338.0,24808690.98546774,8379703755.980487
2023-12-01 09:00:00,338.0,345.0,332.0,340.0,12513007.05079984,4237508682.6735735
2023-12-02 09:00:00,341.0,346.0,338.0,345.0,10272802.61757561,3509226712.317779
2023-12-03 09:00:00,346.0,349.0,339.0,348.0,11655269.10112598,4004005552.8106937
2023-12-04 09:00:00,348.0,363.0,341.0,363.0,31225715.72349395,11001931800.256634
2023-12-05 09:00:00,363.0,369.0,353.0,365.0,21744845.24838085,7840889773.30964
2023-12-06 09:00:00,366.0,371.0,352.0,365.0,21612163.83607839,7840202927.985588
2023-12-07 09:00:00,366.0,378.0,349.0,376.0,21177354.65169698,7717767789.340683
2023-12-08 09:00:00,377.0,387.0,365.0,385.0,16830185.87402916,6305402297.310003
2023-12-09 09:00:00,385.0,389.0,374.0,383.0,21766472.00080945,8342369990.362946
2023-12-10 09:00:00,383.0,386.0,365.0,379.0,15408160.50878237,5799272266.375671
2023-12-11 09:00:00,379.0,379.0,335.0,347.0,30034737.22011251,10562506921.829594
2023-12-12 09:00:00,348.0,355.0,340.0,349.0,15790924.19646139,5477808311.87566
2023-12-13 09:00:00,349.0,360.0,334.0,357.0,13115086.05953551,4516701507.649606
2023-12-14 09:00:00,357.0,367.0,346.0,361.0,10739959.98658617,3819350431.6711974
2023-12-15 09:00:00,362.0,362.0,345.0,346.0,9727662.77655294,3437232318.947011
2023-12-16 09:00:00,347.0,357.0,338.0,353.0,7262529.12685685,2531790864.8096485
2023-12-17 09:00:00,353.0,369.0,342.0,343.0,42452025.22588809,15207350653.239626
2023-12-18 09:00:00,345.0,348.0,314.0,338.0,19788916.86159778,6491334260.238553
2023-12-19 09:00:00,338.0,340.0,330.0,334.0,7717820.81847105,2590414436.0848546
2023-12-20 09:00:00,334.0,344.0,329.0,340.0,8405989.64437947,2830139919.9382033
2023-12-21 09:00:00,340.0,346.0,337.0,345.0,8362895.62733463,2859677249.759112
2023-12-22 09:00:00,345.0,361.0,340.0,360.0,15933234.75100938,5608493250.187456
2023-12-23 09:00:00,360.0,361.0,347.0,355.0,7678523.08967938,2712011583.635394
2023-12-24 09:00:00,355.0,360.0,343.0,347.0,12365931.08231657,4351729665.491778
2023-12-25 09:00:00,347.0,376.0,345.0,355.0,85892810.37172526,31199636805.96445
2023-12-26 09:00:00,356.0,359.0,339.0,352.0,27005187.37378768,9459882267.252232
2023-12-27 09:00:00,352.0,370.0,347.0,367.0,42879329.84671354,15462309340.01352
2023-12-28 09:00:00,367.0,370.0,348.0,353.0,18212708.79409837,6533264264.564813
2023-12-29 09:00:00,353.0,356.0,336.0,343.0,15640488.5727494,5416265284.126309
2023-12-30 09:00:00,344.0,345.0,336.0,340.0,6389239.00045629,2177282716.846665
2023-12-31 09:00:00,340.0,363.0,339.0,361.0,21700310.70695013,7588652258.143017
2024-01-01 09:00:00,361.0,364.0,347.0,363.0,15971782.22069657,5689231670.806218
2024-01-02 09:00:00,363.0,419.0,363.0,379.0,313926032.55907816,124887033547.49933
2024-01-03 09:00:00,379.0,381.0,316.0,347.0,69614865.42068785,24644401236.577183
2024-01-04 09:00:00,347.0,347.0,328.0,342.0,16264184.89904509,5481586584.382541
2024-01-05 09:00:00,342.0,345.0,317.0,327.0,16641285.27637123,5480205398.5595875
2024-01-06 09:00:00,326.0,338.0,310.0,331.0,19984201.19616283,6474235064.0510235
2024-01-07 09:00:00,332.0,336.0,307.0,312.0,16688301.48083521,5418970857.419118
2024-01-08 09:00:00,312.0,325.0,285.0,323.0,23778464.61355175,7176228830.127461
2024-01-09 09:00:00,323.0,324.0,298.0,310.0,15715752.06677768,4875799868.460728
2024-01-10 09:00:00,310.0,336.0,295.0,329.0,17712626.66799169,5581680163.286362
2024-01-11 09:00:00,329.0,343.0,324.0,339.0,17675775.86332865,5925219363.875087
2024-01-12 09:00:00,341.0,344.0,312.0,325.0,16808700.35734572,5624639668.8626375
2024-01-13 09:00:00,325.0,328.0,310.0,325.0,7003878.88743375,2242784317.0548058
2024-01-14 09:00:00,326.0,330.0,311.0,313.0,7290897.49542929,2349446050.200876
2024-01-15 09:00:00,313.0,328.0,312.0,328.0,9050927.22871971,2900079131.1288934
2024-01-16 09:00:00,327.0,343.0,321.0,333.0,43144041.15650771,14323558453.828419
2024-01-17 09:00:00,333.0,338.0,325.0,331.0,14119248.72006683,4688110184.934609
2024-01-18 09:00:00,331.0,336.0,314.0,319.0,10591096.95501301,3455832227.209495
2024-01-19 09:00:00,320.0,320.0,302.0,316.0,9698472.83273547,3025124564.6012635
2024-01-20 09:00:00,316.0,320.0,312.0,318.0,3417515.41263344,1079781047.3579392
2024-01-21 09:00:00,319.0,322.0,314.0,315.0,3435504.94893106,1093687543.7774563
2024-01-22 09:00:00,315.0,316.0,295.0,296.0,8605016.15477561,2627211619.2292595
2024-01-23 09:00:00,296.0,302.0,277.0,290.0,11335730.14329098,3260041500.3708987
2024-01-24 09:00:00,292.0,298.0,285.0,298.0,6638910.39103272,1936005301.3371367
2024-01-25 09:00:00,298.0,310.0,292.0,305.0,17078054.12391486,5126957038.056972
2024-01-26 09:00:00,304.0,320.0,297.0,311.0,13309558.56010684,4085143056.082225
2024-01-27 09:00:00,311.0,315.0,304.0,314.0,6874109.66159522,2129896629.772249
2024-01-28 09:00:00,314.0,315.0,302.0,304.8,4731799.79790067,1460889831.972206
2024-01-29 09:00:00,304.9,310.2,300.7,309.0,4657957.24892594,1424670556.6238222
2024-01-30 09:00:00,309.0,326.5,305.2,307.0,46211555.89781517,14708962713.395712
2024-01-31 09:00:00,306.5,312.0,296.5,299.0,12387196.53571717,3746068263.95067
2024-02-01 09:00:00,299.6,300.6,291.5,298.4,5800619.94821668,1710665422.2218583
2024-02-02 09:00:00,298.8,302.0,295.1,300.6,3984928.87755269,1188997331.3531868
2024-02-03 09:00:00,301.0,304.9,299.1,302.0,3028562.92619454,915131191.2931865
2024-02-04 09:00:00,302.1,302.6,292.9,293.0,2777974.26727,827079391.3563741
2024-02-05 09:00:00,293.0,296.8,289.0,294.0,4061460.99291723,1188563525.4458084
2024-02-06 09:00:00,293.8,296.0,290.6,291.9,1934879.19124911,567111585.3646683
2024-02-07 09:00:00,291.9,294.8,289.1,294.1,4488332.97076251,1307319555.8882322
2024-02-08 09:00:00,294.1,298.6,293.6,297.9,2807829.50119244,830799487.3227564
2024-02-09 09:00:00,297.9,310.5,297.4,307.1,7381709.76128573,2246502396.7173905
2024-02-10 09:00:00,307.1,312.7,298.6,303.7,6264952.88414966,1922393417.5803611
2024-02-11 09:00:00,303.0,305.5,300.7,302.5,6705629.97320744,2033127464.29114
2024-02-12 09:00:00,302.6,307.7,297.1,306.5,9444825.4565363,2858659322.4683604
2024-02-13 09:00:00,306.5,308.8,299.2,306.3,7471475.83572119,2270458926.385914
2024-02-14 09:00:00,306.1,314.3,302.0,313.0,6904397.18041805,2136842982.727298
2024-02-15 09:00:00,313.1,330.5,311.1,328.1,11177948.15967977,3594929556.1292706
2024-02-16 09:00:00,328.3,334.0,321.0,327.5,7644214.08439507,2512478322.7322607
2024-02-17 09:00:00,327.5,340.8,320.8,338.0,11106443.97696037,3667635716.6684194
2024-02-18 09:00:00,338.1,341.4,330.3,338.8,7048508.25824652,2363512847.5944734
2024-02-19 09:00:00,338.8,350.0,336.0,348.4,10780579.00269249,3716957535.9804373
2024-02-20 09:00:00,348.3,355.4,325.0,341.9,18310579.39163052,6258755500.780854
2024-02-21 09:00:00,341.9,344.0,323.2,333.0,13744269.24125086,4569222023.112418
2024-02-22 09:00:00,333.1,342.3,327.6,338.9,12454762.10843896,4181623208.9032297
2024-02-23 09:00:00,339.0,350.4,329.8,346.0,18815902.35188879,6438189375.626139
2024-02-24 09:00:00,346.0,355.0,336.9,350.4,11187537.54178606,3893038663.37691
2024-02-25 09:00:00,350.5,353.4,340.6,353.0,5933064.1579789,2062608516.0568671
2024-02-26 09:00:00,353.2,365.0,339.1,363.3,14455768.85023041,5113286248.690729
2024-02-27 09:00:00,363.3,378.8,355.6,373.5,15638003.01196246,5705342580.440684
2024-02-28 09:00:00,373.4,392.0,342.1,378.0,30908408.68097619,11576825051.448082
2024-02-29 09:00:00,378.0,416.0,369.2,405.1,44702714.35891114,17636170003.165947
2024-03-01 09:00:00,405.1,425.8,397.5,420.0,33390278.50337116,13809324995.985458
2024-03-02 09:00:00,420.7,446.0,412.9,438.2,39688294.47869572,16887763198.29327
2024-03-03 09:00:00,438.4,438.4,382.5,422.3,31205123.90490795,13000508690.20021
2024-03-04 09:00:00,422.4,502.0,415.0,455.5,191501582.414004,89099045518.76648
2024-03-05 09:00:00,454.1,473.8,397.2,425.5,73290155.78386442,32808097003.659344
2024-03-06 09:00:00,425.5,489.3,399.1,454.1,68866072.21130726,30038620786.23437
2024-03-07 09:00:00,454.2,469.9,445.0,467.5,32470599.30156864,14853641170.201326
2024-03-08 09:00:00,467.0,468.5,436.9,460.7,22515452.95357165,10234201845.03412
2024-03-09 09:00:00,460.3,482.0,450.6,478.9,30070036.38883115,14103141183.80732
2024-03-10 09:00:00,479.9,589.0,466.5,497.0,279457259.57195556,145148487032.00046
2024-03-11 09:00:00,497.0,505.0,455.0,503.8,66109486.27706376,32145774143.606174
2024-03-12 09:00:00,503.8,507.3,470.0,505.7,40305202.87888933,19834567651.035637
2024-03-13 09:00:00,504.7,538.9,496.7,538.5,51513050.98553765,26844490725.843575
2024-03-14 09:00:00,538.2,539.5,478.8,524.0,43624453.34606281,22549464497.58203
2024-03-15 09:00:00,524.0,530.4,455.0,491.9,39037427.24847789,18918701077.56473
2024-03-16 09:00:00,491.9,495.6,436.9,448.2,18916436.31330077,8896593013.227167
2024-03-17 09:00:00,450.6,457.0,413.3,453.3,19574488.01146018,8551889963.803278
2024-03-18 09:00:00,453.3,477.3,433.2,438.1,34290105.57748276,15811375539.569788
2024-03-19 09:00:00,439.2,447.8,387.8,395.0,24064598.52932565,9850754326.17525
2024-03-20 09:00:00,394.8,441.4,380.3,439.5,23629739.08978454,9672737788.093712
2024-03-21 09:00:00,439.5,463.0,433.1,447.7,37476965.88603969,16831681141.16971
2024-03-22 09:00:00,447.7,450.1,422.0,435.8,14967516.98909463,6546252785.861683
2024-03-23 09:00:00,435.9,444.5,429.4,435.6,5977926.97649167,2619856935.454173
2024-03-24 09:00:00,435.6,455.5,434.9,445.9,11612030.48525274,5174765314.839295
2024-03-25 09:00:00,446.1,473.5,444.5,471.9,21153825.36135314,9648630758.577482
2024-03-26 09:00:00,470.3,560.0,467.8,522.0,141036877.74305153,73089013876.51004
2024-03-27 09:00:00,521.9,523.9,485.5,507.4,35651269.35482335,17982165639.52151
2024-03-28 09:00:00,505.4,532.5,484.7,517.5,42129495.32263791,21310125076.40849
2024-03-29 09:00:00,518.0,518.0,494.6,512.3,17601648.00498456,8905879150.978653
2024-03-30 09:00:00,512.2,572.3,501.6,520.2,94173599.08378465,50927318219.6978
2024-03-31 09:00:00,520.2,521.4,503.0,512.1,24470673.83503236,12492724645.871862
2024-04-01 09:00:00,512.1,513.8,470.5,484.8,24593890.92669119,11992491345.358475
2024-04-02 09:00:00,484.0,484.7,444.0,455.0,21380449.383674,9797402245.691555
2024-04-03 09:00:00,453.8,462.5,435.0,448.0,11956742.27581963,5387446500.113042
2024-04-04 09:00:00,447.8,467.7,439.7,462.9,9807030.80647976,4445843895.742601
2024-04-05 09:00:00,462.9,463.8,436.5,450.0,8954595.80813133,4022151456.177433
2024-04-06 09:00:00,450.0,459.2,448.0,454.7,3570345.29027867,1621400692.902486
2024-04-07 09:00:00,454.5,464.9,453.1,460.3,4615663.9195641,2119574273.6645908
2024-04-08 09:00:00,460.3,488.0,446.8,484.0,11278549.07088789,5290573099.032913
2024-04-09 09:00:00,484.0,492.0,457.0,457.2,11028426.87302457,5208171438.963249
2024-04-10 09:00:00,457.6,463.5,438.7,452.9,7357131.3091758,3327297330.439504
2024-04-11 09:00:00,454.0,472.9,449.1,470.0,10486112.94827509,4822642615.2836685
2024-04-12 09:00:00,470.8,480.2,391.8,404.5,28221897.84044616,12327114280.93843
2024-04-13 09:00:00,404.5,406.3,307.7,346.0,34050931.09598116,12334601135.723763
2024-04-14 09:00:00,345.3,366.5,326.0,359.3,24836137.37988575,8564555128.177663
2024-04-15 09:00:00,359.3,373.4,333.1,342.0,18226140.82227183,6474819382.749383
2024-04-16 09:00:00,342.8,349.0,325.8,341.7,14193246.07159367,4784860317.375276
2024-04-17 09:00:00,341.0,345.0,324.0,331.4,7574517.18657012,2532268994.686604
2024-04-18 09:00:00,332.2,345.2,322.0,340.3,10393504.87528763,3487327774.092903
2024-04-19 09:00:00,339.7,351.3,319.3,338.8,12423339.85717122,4212273436.1844506
2024-04-20 09:00:00,338.8,363.0,335.0,361.9,8044309.44966894,2804260610.9409
2024-04-21 09:00:00,360.1,363.8,348.6,353.9,8234763.17950893,2950303104.99719
2024-04-22 09:00:00,353.9,367.2,352.8,365.6,8123642.46650674,2927398666.770681
2024-04-23 09:00:00,365.6,369.7,353.4,366.2,11004867.15307124,3967752906.6629043
2024-04-24 09:00:00,366.2,379.9,345.2,348.0,16516478.33965513,6060090125.573385
2024-04-25 09:00:00,348.0,352.1,334.5,345.0,9059565.87025594,3107300185.112121
2024-04-26 09:00:00,345.0,353.2,335.9,342.0,9639800.11534516,3327658602.2229066
2024-04-27 09:00:00,343.2,348.5,329.7,346.8,10010320.8310424,3406367151.443372
2024-04-28 09:00:00,346.8,354.6,332.9,333.5,8347514.65623889,2874717497.637691
2024-04-29 09:00:00,335.1,335.3,321.2,330.8,8516587.92129546,2790184298.38516
2024-04-30 09:00:00,330.7,334.8,302.7,311.0,12783591.80774124,4062181322.61405
2024-05-01 09:00:00,311.0,314.5,288.3,312.1,14501742.19694436,4362125132.413286
2024-05-02 09:00:00,311.8,318.3,298.4,313.9,5678621.76248444,1745483598.2579052
2024-05-03 09:00:00,314.5,328.6,311.8,325.0,7814364.25834367,2513286843.3188777
2024-05-04 09:00:00,325.2,330.8,320.6,323.3,5348248.48474792,1742191391.845526
2024-05-05 09:00:00,323.4,326.9,314.2,322.1,3743568.32888409,1198692141.1091583
2024-05-06 09:00:00,322.2,330.8,315.6,319.7,7197912.88013117,2323323282.653131
2024-05-07 09:00:00,319.7,325.4,315.2,315.4,3907463.18139375,1254672744.2745695
2024-05-08 09:00:00,316.0,321.4,308.4,315.7,6442662.66838108,2024254203.2264123
2024-05-09 09:00:00,315.7,322.5,307.0,321.0,5774089.80329941,1808149652.5222118
2024-05-10 09:00:00,320.2,325.1,305.1,308.2,6566587.71681795,2067662294.6634302
2024-05-11 09:00:00,308.2,313.2,303.6,305.3,4724803.81404339,1454107307.2074814
2024-05-12 09:00:00,305.2,307.4,299.1,299.6,6194434.9005543,1871187852.542953
2024-05-13 09:00:00,299.5,305.9,290.3,298.8,13139036.54167201,3932322475.8448133
2024-05-14 09:00:00,299.8,303.0,291.0,291.2,6937914.68855894,2061419639.4902549
2024-05-15 09:00:00,291.3,310.0,290.1,308.0,5869876.65102365,1764269389.3211174
2024-05-16 09:00:00,308.1,313.0,300.6,309.6,6277075.45254584,1935051584.680608
2024-05-17 09:00:00,309.6,323.0,305.9,320.4,3151471.1374283,992252100.7998857
2024-05-18 09:00:00,320.5,324.9,316.2,318.2,4569460.40253966,1462040478.8436804
2024-05-19 09:00:00,318.3,320.9,301.5,303.8,5953410.97148656,1846192840.9146185
2024-05-20 09:00:00,304.4,325.5,298.0,323.5,7066664.3922599,2188746290.201548
2024-05-21 09:00:00,323.4,330.0,318.2,324.8,6672819.93208438,2167902689.0639153
2024-05-22 09:00:00,324.8,325.9,314.4,318.6,5055649.29629283,1617382529.9983962
2024-05-23 09:00:00,318.9,322.9,300.1,311.7,6521123.80999329,2042626863.8010902
2024-05-24 09:00:00,312.5,315.6,305.9,313.9,3809290.99889882,1185207084.5771182
2024-05-25 09:00:00,313.9,320.3,312.5,320.2,2906309.61800827,922226991.3532219
2024-05-26 09:00:00,320.2,321.1,310.6,311.2,3599725.3335275,1132777418.288856
2024-05-27 09:00:00,311.2,322.0,308.7,319.2,3430072.00410818,1078588406.346682
2024-05-28 09:00:00,319.2,322.1,308.2,317.6,5721061.66543686,1800323709.0562243
2024-05-29 09:00:00,317.5,321.9,312.6,312.7,3912549.06920821,1240930690.9546576
2024-05-30 09:00:00,312.6,315.4,305.3,308.6,4899591.40434702,1518894413.4418795
2024-05-31 09:00:00,308.6,310.4,302.4,307.0,3384143.24591933,1038093296.1189153
2024-06-01 09:00:00,307.0,308.0,304.0,305.0,1477302.2282937,451230609.25398546
2024-06-02 09:00:00,305.0,310.0,300.3,302.7,1800787.07935213,550577935.409975
2024-06-03 09:00:00,302.7,306.0,290.5,292.3,7489777.54529516,2241754422.4613605
2024-06-04 09:00:00,291.2,300.6,288.6,299.7,5392350.22206874,1579714160.4233756
2024-06-05 09:00:00,300.5,302.9,298.7,301.3,3891757.12041973,1168813092.9018674
2024-06-06 09:00:00,301.3,303.0,295.0,299.0,2398746.75994424,719456504.74525
2024-06-07 09:00:00,299.0,312.0,275.3,285.6,10667539.78923949,3162637610.125798
2024-06-08 09:00:00,285.6,288.6,265.0,268.4,7465537.74240451,2063248323.4753456
2024-06-09 09:00:00,268.1,274.5,265.8,271.4,2359801.87833723,635352646.516363
2024-06-10 09:00:00,271.3,275.6,261.9,266.0,3820932.39880196,1024820379.7050431
2024-06-11 09:00:00,265.2,266.6,252.4,255.9,5777299.54343402,1496221731.299113
2024-06-12 09:00:00,256.9,269.9,249.3,266.1,3488549.27872987,911541432.593202
2024-06-13 09:00:00,266.1,268.0,255.1,256.8,2649972.58726737,696513963.2815686
2024-06-14 09:00:00,256.9,263.4,246.3,253.0,2813343.95291473,720576728.7672209
2024-06-15 09:00:00,252.4,258.7,249.8,256.8,1379949.50122555,350981438.175184
2024-06-16 09:00:00,257.5,257.6,250.0,255.4,2483454.71264193,630881240.480275
2024-06-17 09:00:00,254.6,255.3,215.0,218.3,17553969.35367638,4079150964.339046
2024-06-18 09:00:00,218.3,218.4,194.3,203.5,13461685.63959801,2737684190.1455245
2024-06-19 09:00:00,203.5,212.8,200.6,208.0,5105376.83042543,1061885969.9398874
2024-06-20 09:00:00,208.2,222.0,207.4,213.6,7068831.46603886,1518791298.5171778
2024-06-21 09:00:00,213.6,218.8,210.5,213.1,3152650.20802477,674785668.8239931
2024-06-22 09:00:00,213.1,215.9,210.0,215.6,1918750.78512587,408333678.57073474
2024-06-23 09:00:00,215.6,220.5,210.0,211.1,2014028.37473115,435712082.542912
2024-06-24 09:00:00,211.1,218.9,202.6,218.7,4826176.08922209,1013666206.7140036
2024-06-25 09:00:00,217.7,227.4,216.1,224.3,5289462.87272347,1172971688.9370537
2024-06-26 09:00:00,224.3,227.6,218.4,221.2,4409149.5093977,984076254.1670774
2024-06-27 09:00:00,221.2,230.3,217.0,229.7,2434131.24197453,546844319.243162
2024-06-28 09:00:00,229.6,230.0,219.2,220.0,2959347.27105493,669239033.6384029
2024-06-29 09:00:00,220.0,224.0,214.7,215.6,1491977.65791444,327139533.7950043
2024-06-30 09:00:00,215.6,227.0,213.5,226.3,2476645.79885644,545753518.2403821
2024-07-01 09:00:00,226.4,229.4,220.4,221.5,2036514.60159985,459466822.7773689
2024-07-02 09:00:00,221.5,227.6,220.2,225.2,1675869.58413593,375473583.85238737
2024-07-03 09:00:00,225.3,226.4,213.4,213.6,3922276.49434417,860286988.2872337
2024-07-04 09:00:00,213.9,215.3,192.5,193.5,5172512.60821287,1050127341.8333954
2024-07-05 09:00:00,194.1,194.2,169.9,189.9,9646128.85739792,1746608852.2999923
2024-07-06 09:00:00,189.5,200.3,187.1,199.6,4685361.87088677,905872499.2063881
2024-07-07 09:00:00,199.9,200.0,186.3,188.7,6215176.63673485,1208010002.0479262
2024-07-08 09:00:00,188.6,201.9,180.8,197.2,5472192.64653579,1061292579.504884
2024-07-09 09:00:00,197.2,204.9,194.5,204.9,4135337.95225001,825618652.8093804
2024-07-10 09:00:00,204.9,212.0,202.6,212.0,3590865.8595855,745006808.2672472
2024-07-11 09:00:00,212.0,214.9,202.0,203.3,4430772.06709,927453705.1436234
2024-07-12 09:00:00,203.3,207.7,201.3,204.0,4176036.44922693,853540850.0613955
2024-07-13 09:00:00,204.0,207.1,202.7,206.0,3024619.25550314,619519631.4895707
2024-07-14 09:00:00,206.0,212.5,203.1,208.6,3612817.00408775,745667037.2371087
2024-07-15 09:00:00,208.8,221.8,207.8,220.8,5422974.34001802,1148215255.6529865
2024-07-16 09:00:00,221.1,226.9,211.8,223.7,6219858.14955948,1366092028.5690308
2024-07-17 09:00:00,223.7,230.3,220.8,225.5,2808426.86083769,631647973.6510513
2024-07-18 09:00:00,225.5,232.2,221.0,226.3,3538052.81539735,806264036.6818914
2024-07-19 09:00:00,226.3,238.5,220.5,234.0,6189796.62344379,1426780863.790765
2024-07-20 09:00:00,234.0,237.5,230.1,232.9,3722745.49721706,870628577.8572083
2024-07-21 09:00:00,232.9,247.0,222.3,232.8,16042639.1951437,3784639458.8331246
2024-07-22 09:00:00,232.8,234.3,223.8,228.1,4340022.89287003,989375985.0377511
2024-07-23 09:00:00,228.2,231.0,217.0,218.2,6489386.37500394,1450928821.307221
2024-07-24 09:00:00,218.5,224.0,215.0,217.6,3416406.58509049,749170939.7988296
2024-07-25 09:00:00,217.7,218.9,205.8,216.3,3797937.82826935,805517729.089065
2024-07-26 09:00:00,216.5,230.0,214.5,229.7,5387825.29415648,1211410500.975565
2024-07-27 09:00:00,230.0,243.9,227.9,236.5,8829319.60858757,2094497200.4694474
2024-07-28 09:00:00,236.5,238.3,232.0,234.3,4153341.37228028,972393879.6989837
2024-07-29 09:00:00,234.6,237.2,228.4,232.7,4113487.04343991,960168308.9875798
2024-07-30 09:00:00,232.7,234.8,222.0,225.2,2578762.38943349,593026501.1276938
2024-07-31 09:00:00,225.4,227.5,213.6,214.0,4277613.93546045,944037628.654126
2024-08-01 09:00:00,214.0,215.3,196.6,210.8,4854075.91725053,1004437634.3199043
2024-08-02 09:00:00,210.2,211.3,196.6,199.7,3432891.87337492,698871743.7848761
2024-08-03 09:00:00,198.4,201.0,189.2,191.2,3064918.05053532,598120828.061215
2024-08-04 09:00:00,191.0,194.0,176.9,180.0,2867565.90356481,526767464.49401146
2024-08-05 09:00:00,180.0,181.5,152.1,173.3,11286623.73997484,1864249677.881689
2024-08-06 09:00:00,173.3,185.5,173.3,179.1,4927699.03856432,887015890.034038
2024-08-07 09:00:00,179.9,188.1,173.6,175.6,4296911.49670579,778024015.146606
2024-08-08 09:00:00,175.6,192.2,170.8,190.1,4581101.11588714,841990034.7742031
2024-08-09 09:00:00,190.3,191.6,186.3,190.7,3496864.36896995,661148203.6268609
2024-08-10 09:00:00,190.6,195.0,187.1,191.9,4245279.23643994,805815580.9698817
2024-08-11 09:00:00,191.9,192.3,175.5,178.2,10030238.37399628,1859167889.9892428
2024-08-12 09:00:00,178.2,186.0,174.0,183.2,6697548.29727608,1214220281.3853931
2024-08-13 09:00:00,182.8,187.5,179.0,185.6,5879536.71597954,1070047338.8784103
2024-08-14 09:00:00,185.2,186.6,176.2,178.1,4781367.50589101,867390683.4376917
2024-08-15 09:00:00,178.0,181.1,172.8,175.6,5285549.95811958,938105897.644261
2024-08-16 09:00:00,175.6,176.6,169.2,172.6,4116752.58801885,711040956.6737236
2024-08-17 09:00:00,172.5,175.0,171.1,174.1,1678847.62465777,289613438.4519798
2024-08-18 09:00:00,174.0,182.2,171.8,179.0,4478752.24091906,798130377.0748826
2024-08-19 09:00:00,179.0,183.0,175.0,181.8,4293198.06745912,765350908.7117962
2024-08-20 09:00:00,181.8,187.5,178.8,185.1,3486117.65482845,636778308.0713744
2024-08-21 09:00:00,184.8,192.9,183.5,191.8,2801487.71404988,528021856.8650632
2024-08-22 09:00:00,191.9,193.8,188.2,191.1,1849672.96475221,354213941.2873329
2024-08-23 09:00:00,191.5,200.5,191.5,199.9,3487173.88659598,679869341.595599
2024-08-24 09:00:00,199.9,204.3,197.3,200.0,2365550.73653229,474463581.24717987
2024-08-25 09:00:00,200.0,200.7,192.3,199.1,3272771.74721365,644107232.8386571
2024-08-26 09:00:00,198.0,199.2,184.7,185.0,4586078.90667342,874653811.9607494
2024-08-27 09:00:00,185.3,189.0,172.7,175.5,4477980.21138591,809499904.5186049
2024-08-28 09:00:00,175.5,181.3,169.7,174.3,4308782.43238465,748874860.7072952
2024-08-29 09:00:00,174.3,178.7,170.8,172.0,1914373.23369611,333041999.8832483
2024-08-30 09:00:00,172.2,173.3,165.5,170.4,3963677.37027589,672557354.6339992
2024-08-31 09:00:00,169.9,171.1,166.5,169.1,1056532.67994689,178626742.26179042
2024-09-01 09:00:00,169.0,169.0,161.0,162.0,2840218.60880218,469734327.5781839
2024-09-02 09:00:00,162.0,170.6,160.7,169.1,3426224.06140261,564281670.0538222
2024-09-03 09:00:00,169.5,172.3,163.1,163.1,2593734.52154877,435691867.79480386
2024-09-04 09:00:00,163.3,176.6,156.0,164.9,5051922.11979209,821769586.5665236
2024-09-05 09:00:00,164.9,165.8,158.6,159.5,2416275.13251616,391194890.41752714
2024-09-06 09:00:00,159.5,163.2,153.0,158.4,2686522.42184784,426021413.8436592
2024-09-07 09:00:00,158.4,162.0,157.3,160.4,804336.91375135,128172347.87214448
2024-09-08 09:00:00,160.4,164.9,159.2,163.6,1289482.03433429,208585134.80440328
2024-09-09 09:00:00,164.3,172.6,163.6,170.8,2332754.88115471,392243072.31379336
2024-09-10 09:00:00,170.8,174.9,169.0,173.2,1329750.94466577,228316988.5322451
2024-09-11 09:00:00,173.2,173.4,166.3,169.5,1579230.17241878,267947989.73798862
2024-09-12 09:00:00,169.7,175.6,169.5,175.2,1193157.65363007,205281748.91841188
2024-09-13 09:00:00,175.4,177.8,172.8,176.9,1670750.24051479,292064268.90487605
2024-09-14 09:00:00,176.3,177.7,172.4,173.3,1711935.28336706,298805582.5210183
2024-09-15 09:00:00,173.4,174.7,166.1,167.2,2813174.15115942,481084105.48799306
2024-09-16 09:00:00,167.1,168.6,163.3,164.7,4214464.6456059,697646163.0947106
2024-09-17 09:00:00,163.7,171.0,162.7,168.8,10418118.95781483,1750636212.2472582
2024-09-18 09:00:00,168.2,173.6,164.3,173.6,6273298.922861,1058471747.2013185
2024-09-19 09:00:00,173.1,201.1,172.8,188.4,88564602.40181808,16591922545.254854
2024-09-20 09:00:00,188.2,193.3,181.5,188.8,30286222.6591194,5670537715.42497
2024-09-21 09:00:00,188.8,199.1,186.4,198.9,18421680.60378953,3547726679.969126
2024-09-22 09:00:00,198.9,198.9,185.0,191.1,9911265.75607158,1889385454.0895326
2024-09-23 09:00:00,190.4,198.0,186.0,197.2,7390139.37103261,1431231289.5146275
2024-09-24 09:00:00,197.2,207.0,192.6,200.9,23263088.1501103,4636237309.43352
2024-09-25 09:00:00,201.2,205.4,197.6,202.2,11124674.7586102,2242797673.090626
2024-09-26 09:00:00,202.2,208.0,197.8,206.4,9558138.61464383,1949058366.249027
2024-09-27 09:00:00,205.9,210.7,203.7,209.6,5944010.21988109,1232346129.0455317
2024-09-28 09:00:00,209.6,212.6,200.0,202.3,9378409.82673738,1941616148.5689123
2024-09-29 09:00:00,202.5,205.2,199.6,202.4,5694104.47893628,1152440236.4299812
2024-09-30 09:00:00,202.9,203.9,191.0,192.5,6177652.52280377,1224407880.284704
2024-10-01 09:00:00,192.5,201.0,179.3,182.7,10689572.79087611,2064132493.8599944
2024-10-02 09:00:00,182.9,187.4,175.8,177.1,3605326.36171853,655821053.3974715
2024-10-03 09:00:00,177.6,181.0,171.7,175.4,4750907.60004815,835768172.3178238
2024-10-04 09:00:00,175.5,182.0,174.0,181.2,3652645.7020671,651300462.6545099
2024-10-05 09:00:00,181.8,197.0,181.0,187.2,19592416.78501105,3709121805.8977175
2024-10-06 09:00:00,187.3,194.9,184.9,191.6,12837522.38363547,2445087357.5241632
2024-10-07 09:00:00,191.6,194.0,186.1,186.5,7107960.0708859,1355634344.7366524
2024-10-08 09:00:00,187.4,189.9,184.6,185.9,5458503.56320347,1020731993.0466691
2024-10-09 09:00:00,186.6,190.7,180.2,182.2,5521940.49487939,1034006568.1069423
2024-10-10 09:00:00,182.4,185.0,177.3,183.7,3398178.04123301,619744284.7143934
2024-10-11 09:00:00,183.3,191.4,182.7,191.4,3615437.65300757,677559414.220219
2024-10-12 09:00:00,191.4,194.1,190.2,191.6,3333767.8253129,641493785.8973025
2024-10-13 09:00:00,191.1,194.3,185.5,193.0,7375670.27875671,1404965881.433296
2024-10-14 09:00:00,193.0,200.3,189.0,200.0,8175156.59059341,1593290263.897123
2024-10-15 09:00:00,200.0,208.1,190.0,198.0,30401065.22400579,6074821298.334329
2024-10-16 09:00:00,198.0,199.0,192.0,194.0,6266806.43288507,1221552642.298428
2024-10-17 09:00:00,194.0,195.0,186.0,188.0,7292100.21960615,1391667790.1098776
2024-10-18 09:00:00,188.0,197.0,187.0,196.0,3697840.0172019,705038909.2756293
2024-10-19 09:00:00,197.0,200.0,194.0,196.0,5296971.26276443,1042478225.471434
2024-10-20 09:00:00,196.0,202.0,194.0,202.0,6348202.3416205,1259549089.6410694
2024-10-21 09:00:00,201.0,204.0,192.0,194.0,7883541.18915964,1561871815.755741
2024-10-22 09:00:00,195.0,199.0,190.0,198.0,5144086.58165238,999118128.5558867
2024-10-23 09:00:00,198.0,199.0,185.0,188.0,7288761.83096325,1393249630.43377
2024-10-24 09:00:00,189.0,193.0,186.0,190.0,6859412.84088308,1298236352.118092
2024-10-25 09:00:00,190.0,191.0,178.1,181.0,4851649.88646632,903658447.1589929
2024-10-26 09:00:00,181.0,182.0,174.0,178.0,3832872.45117588,680062051.7495722
2024-10-27 09:00:00,177.0,181.0,175.0,180.0,2575269.20273589,457003384.722986
2024-10-28 09:00:00,180.0,182.0,174.0,180.0,4985824.42690666,884652370.4765341
2024-10-29 09:00:00,179.0,189.0,179.0,187.0,3509785.5778468,648536953.1858581
2024-10-30 09:00:00,188.0,191.0,183.0,186.0,3459130.08514955,647393873.543371
2024-10-31 09:00:00,186.0,188.0,176.0,179.0,3979332.24132164,724386746.4672557
2024-11-01 09:00:00,179.0,183.0,174.0,177.0,3178173.96657625,562786131.2445594
2024-11-02 09:00:00,176.0,179.0,171.0,174.0,3159713.29751642,549541303.7855207
2024-11-03 09:00:00,174.0,174.0,163.0,169.0,5759243.79115004,969904204.5376465
2024-11-04 09:00:00,169.0,171.0,161.0,164.0,2751479.81073051,458479982.4833363
2024-11-05 09:00:00,163.0,172.0,163.0,170.0,2633135.19586068,442583826.8354027
2024-11-06 09:00:00,170.0,184.0,169.0,183.0,7721256.18263019,1378617486.613266
2024-11-07 09:00:00,184.0,188.0,179.0,185.0,5650539.98319173,1037665028.8045822
2024-11-08 09:00:00,186.0,191.0,182.0,191.0,5464094.32480134,1016867017.0674983
2024-11-09 09:00:00,191.0,194.0,186.0,193.0,6285565.35393868,1191702620.4553597
2024-11-10 09:00:00,193.0,209.0,191.0,203.0,18212243.21574975,3638733676.8026977
2024-11-11 09:00:00,203.0,216.0,198.0,215.0,17858216.28996372,3706735904.853802
2024-11-12 09:00:00,215.0,231.0,204.0,218.0,42163054.28413119,9108729535.606277
2024-11-13 09:00:00,218.0,236.0,201.0,206.0,42551404.22909311,9224263277.618021
2024-11-14 09:00:00,206.0,217.0,198.0,203.0,22338559.63459709,4642124013.063317
2024-11-15 09:00:00,203.0,213.0,196.0,212.0,14203969.33278983,2905183948.6250434
2024-11-16 09:00:00,212.0,231.0,210.0,230.0,17489181.47947509,3850088531.439095
2024-11-17 09:00:00,230.0,231.0,215.0,220.0,11977403.47610098,2680978927.428565
2024-11-18 09:00:00,219.0,245.0,218.0,241.0,28284363.03822868,6575418071.725245
2024-11-19 09:00:00,241.0,244.0,232.0,239.0,15920124.5157401,3787364119.4618564
2024-11-20 09:00:00,239.0,239.0,220.0,226.0,15893033.72288053,3627141530.4358864
2024-11-21 09:00:00,226.0,237.0,218.0,235.0,13564012.99828616,3089164134.912697
2024-11-22 09:00:00,234.0,257.0,229.0,251.0,49361717.86006595,12095283629.149773
2024-11-23 09:00:00,251.0,268.0,244.0,266.0,23326976.39875489,5965370794.314655
2024-11-24 09:00:00,268.0,287.0,250.0,281.0,36192413.06606059,9825155696.216314
2024-11-25 09:00:00,280.0,288.0,267.0,279.0,33373911.2163648,9332641874.308514
2024-11-26 09:00:00,279.0,303.0,273.0,298.0,50727671.05898075,14664949803.45417
2024-11-27 09:00:00,298.0,306.0,286.0,306.0,23700041.74205596,6958828606.405717
2024-11-28 09:00:00,305.0,305.0,288.0,303.0,15634699.42203525,4640427715.07737
2024-11-29 09:00:00,303.0,325.0,290.0,320.0,24751236.79891422,7559852861.584934
2024-11-30 09:00:00,322.0,325.0,310.0,322.0,18028877.84567748,5706270317.076366
2024-12-01 09:00:00,321.0,333.0,310.0,329.0,18766399.82102201,6048876996.141789
2024-12-02 09:00:00,330.0,364.0,317.0,355.0,69831620.58322306,23800444222.88021
2024-12-03 09:00:00,354.0,410.0,203.0,391.0,130391549.71989094,47525243760.43957
2024-12-04 09:00:00,392.0,414.0,374.0,393.0,50434232.34861631,19941206819.16432
2024-12-05 09:00:00,393.0,397.0,362.0,375.0,32193246.21542555,12177468962.914167
2024-12-06 09:00:00,375.0,389.0,340.0,375.0,32073205.48172072,11916584850.186884
2024-12-07 09:00:00,375.0,402.0,368.0,384.0,56716347.12968701,21861632212.64507
2024-12-08 09:00:00,385.0,389.0,372.0,389.0,14827460.10061397,5637939692.451256
2024-12-09 09:00:00,388.0,390.0,285.0,319.0,50557359.7500176,17341700487.679764
2024-12-10 09:00:00,319.0,324.0,280.0,305.0,35459550.13397993,10778953242.614748
2024-12-11 09:00:00,307.0,327.0,290.0,323.0,18833046.56852007,5813549008.87706
2024-12-12 09:00:00,324.0,339.0,319.0,332.0,14642898.44456924,4838582976.653162
2024-12-13 09:00:00,333.0,335.0,322.0,330.0,10933304.00724153,3584849062.280375
2024-12-14 09:00:00,330.0,336.0,310.0,316.0,9796141.55960665,3177548790.6206446
2024-12-15 09:00:00,316.0,328.0,308.0,324.0,11078460.53267568,3512568407.7238474
2024-12-16 09:00:00,324.0,333.0,308.0,316.0,9832056.0572575,3141421479.1254973
2024-12-17 09:00:00,315.0,317.0,290.0,297.0,11345427.31089883,3472736630.982246
2024-12-18 09:00:00,299.0,301.0,264.0,267.0,16004739.91239541,4553592201.648058
2024-12-19 09:00:00,266.0,275.0,244.0,251.0,21914786.85312794,5729135560.378102
2024-12-20 09:00:00,252.0,261.0,224.0,259.0,31830561.86913877,7704227344.044773
2024-12-21 09:00:00,259.0,274.0,245.0,250.0,14639845.35241939,3795659288.0282726
2024-12-22 09:00:00,249.0,264.0,246.0,256.0,18932394.18850051,4832423047.462463
2024-12-23 09:00:00,256.0,276.0,250.0,271.0,16173139.86888614,4245797220.3516536
2024-12-24 09:00:00,271.0,291.0,265.0,285.0,22204019.32053638,6223248745.867514
2024-12-25 09:00:00,285.0,289.0,277.0,279.0,12378285.23653174,3491565817.4391146
2024-12-26 09:00:00,280.0,282.0,257.0,261.0,12830047.72101497,3392886805.7983446
2024-12-27 09:00:00,260.0,282.0,257.0,271.0,14846731.27230154,4024331113.152777
2024-12-28 09:00:00,271.0,285.0,269.0,284.0,9650340.54578444,2672098079.506929
2024-12-29 09:00:00,284.0,302.0,262.0,265.0,58119015.1981473,16779142671.566284
2024-12-30 09:00:00,267.0,291.0,263.0,284.0,53404016.13889919,14776970434.563745
2024-12-31 09:00:00,284.0,284.0,266.0,269.0,22531257.59199146,6124455296.375694
2025-01-01 09:00:00,270.0,283.0,262.0,278.0,10801465.50378571,2924083796.520557
2025-01-02 09:00:00,280.0,294.0,278.0,281.0,40803941.16184919,11684783662.585855
2025-01-03 09:00:00,281.0,295.0,278.0,294.0,10590948.75179503,3028315550.101341
2025-01-04 09:00:00,294.0,299.0,288.0,293.0,8338644.71427667,2449266331.4362216
2025-01-05 09:00:00,293.0,310.0,290.0,309.0,20133712.6746798,6026855568.282775
2025-01-06 09:00:00,308.0,322.0,301.0,315.0,14136308.68303936,4418953528.443122
2025-01-07 09:00:00,315.0,316.0,282.0,282.0,19639323.2584771,5872622862.544405
2025-01-08 09:00:00,282.0,291.0,268.0,288.0,26329692.9863747,7407740030.745832
2025-01-09 09:00:00,287.0,312.0,283.0,308.0,47413448.93386765,14214309851.528025
2025-01-10 09:00:00,308.0,309.0,292.0,300.0,26514024.42204425,7942951268.116887
2025-01-11 09:00:00,301.0,310.0,296.0,300.0,17327098.08126744,5242319335.914827
2025-01-12 09:00:00,300.0,306.0,288.0,292.0,13006579.56795591,3875401623.210546
2025-01-13 09:00:00,291.0,297.0,259.0,273.0,36318997.84152454,9949941057.634714
2025-01-14 09:00:00,273.0,284.0,268.0,282.0,8680573.25174705,2398559668.701154
2025-01-15 09:00:00,281.0,289.0,267.0,289.0,12853814.66275687,3579603570.4283786
2025-01-16 09:00:00,289.0,289.0,277.0,280.0,11166818.42927801,3152167851.972059
2025-01-17 09:00:00,280.0,294.0,280.0,292.0,16743767.24572482,4831086560.033083
2025-01-18 09:00:00,291.0,294.0,273.0,277.0,13313328.76109813,3747973464.7348456
2025-01-19 09:00:00,277.0,282.0,252.0,257.0,18785641.1959952,5006964169.800882
2025-01-20 09:00:00,257.0,275.0,248.0,256.0,19991488.79172749,5204931354.170012
2025-01-21 09:00:00,255.0,264.0,250.0,259.0,8164024.42869939,2081841211.2359974
2025-01-22 09:00:00,259.0,264.0,252.0,252.0,4742375.27367101,1221173758.7251134
2025-01-23 09:00:00,254.0,254.0,241.0,248.0,11598487.46084206,2869720780.4165907
2025-01-24 09:00:00,248.0,261.0,239.0,244.0,11106194.52915126,2729233906.9101586
2025-01-25 09:00:00,243.0,252.0,241.0,252.0,4611915.6817465,1142709846.3229017
2025-01-26 09:00:00,252.0,262.0,249.0,250.0,5814410.74108367,1490614250.5685828
2025-01-27 09:00:00,249.0,252.0,233.0,244.0,9055809.46539179,2178067015.199372
2025-01-28 09:00:00,243.0,246.0,230.0,232.0,4600230.75720044,1098019814.050665
2025-01-29 09:00:00,232.0,238.0,227.0,233.0,6445589.87982622,1494855386.8277242
2025-01-30 09:00:00,233.0,243.0,231.0,239.0,3383159.62236475,801989009.0803374
2025-01-31 09:00:00,239.0,247.0,236.0,241.0,4572741.2446503,1100911818.8059728
2025-02-01 09:00:00,240.0,246.0,226.0,230.0,5651238.98790915,1341473199.360894
2025-02-02 09:00:00,228.0,232.0,198.0,206.0,17843233.59678457,3859611354.852348
2025-02-03 09:00:00,206.0,215.0,174.0,211.0,23181834.46481165,4436755222.430831
2025-02-04 09:00:00,212.0,215.0,193.0,205.0,9880466.88174473,2005520696.585071
2025-02-05 09:00:00,204.0,206.0,197.0,200.0,6632604.3628708,1339527418.01308
2025-02-06 09:00:00,199.0,202.0,189.0,192.0,5550734.70796276,1087318542.8024678
2025-02-07 09:00:00,192.0,199.0,185.0,190.0,6233773.80121324,1197907449.8153374
2025-02-08 09:00:00,190.0,196.0,186.0,196.0,2900366.6890685,550780838.9053149
2025-02-09 09:00:00,196.0,201.0,188.0,193.0,6946788.58696039,1356249619.7763937
2025-02-10 09:00:00,193.0,198.0,188.0,197.0,5357287.56802474,1038619130.5972409
2025-02-11 09:00:00,197.0,205.0,191.0,195.0,6129192.54795201,1217819792.2233922
2025-02-12 09:00:00,195.0,206.0,189.0,205.0,8148569.29860444,1595391768.782945
2025-02-13 09:00:00,205.0,208.0,195.0,199.0,4995896.9226167,999087889.504317
2025-02-14 09:00:00,200.0,205.0,198.0,202.0,3183784.08095749,638120976.5719991
2025-02-15 09:00:00,202.0,202.0,196.0,198.0,2359215.13310545,469405524.8803383
2025-02-16 09:00:00,198.0,202.0,195.0,198.0,4260151.94971963,846358505.3268963
2025-02-17 09:00:00,197.0,207.0,195.0,199.0,12563709.20695653,2545679075.868728
2025-02-18 09:00:00,199.0,201.0,182.0,187.0,9769971.95795094,1855514389.71424
2025-02-19 09:00:00,187.0,192.0,185.0,190.0,3097934.20526395,583807600.0164542
2025-02-20 09:00:00,190.0,196.0,189.0,196.0,2388737.31940194,459615046.2411125
2025-02-21 09:00:00,195.0,201.0,187.0,189.0,4706192.32327185,913515308.248228
2025-02-22 09:00:00,189.0,200.0,188.0,200.0,5138299.08458694,999187763.4324777
2025-02-23 09:00:00,200.0,200.0,193.0,195.0,3245452.42406494,639073067.888967
2025-02-24 09:00:00,196.0,196.0,170.0,173.0,8930444.93563501,1620868900.976029
2025-02-25 09:00:00,173.0,178.0,161.0,176.0,8028054.65331994,1361363924.0444596
2025-02-26 09:00:00,176.0,178.0,167.0,174.0,4766104.49431605,826595589.107607
2025-02-27 09:00:00,173.0,180.0,170.0,175.0,5188367.9102021,908670137.9290812
2025-02-28 09:00:00,174.0,178.0,164.0,176.0,7367052.68146896,1249491019.1389668
2025-03-01 09:00:00,176.0,180.0,171.0,176.0,5821531.48799658,1020645599.2116466
2025-03-02 09:00:00,177.0,190.0,172.0,189.0,12547897.83441457,2275000873.3252096
2025-03-03 09:00:00,189.0,195.0,166.0,168.0,20998449.83149538,3851480617.654326
2025-03-04 09:00:00,167.0,169.0,155.0,164.0,8888247.23709648,1428281302.1252942
2025-03-05 09:00:00,165.0,168.0,160.0,168.0,5498812.21215669,904326276.190548
2025-03-06 09:00:00,167.0,171.0,164.0,166.0,6045505.60104265,1013876006.5039895
2025-03-07 09:00:00,167.0,169.0,159.0,163.0,5207858.97546584,854493856.8403417
2025-03-08 09:00:00,163.0,165.0,159.0,161.0,2491966.2506805,403984126.4329195
2025-03-09 09:00:00,161.0,163.0,145.0,147.0,7723593.48921437,1187473043.0783734
2025-03-10 09:00:00,147.0,156.0,137.0,139.0,9290876.09924255,1365036869.7996013
2025-03-11 09:00:00,140.0,149.0,132.0,146.0,6956391.73987143,974469696.3093364
2025-03-12 09:00:00,147.0,152.0,141.0,150.0,3654150.43899524,534522291.2557752
2025-03-13 09:00:00,150.0,158.0,144.0,147.0,10056138.34990329,1497637509.9522703
2025-03-14 09:00:00,146.0,155.0,146.0,152.0,3850198.9372571,574453963.2304555
2025-03-15 09:00:00,152.0,154.0,149.0,154.0,2312892.66810468,349496126.1934965
2025-03-16 09:00:00,153.0,154.0,146.0,147.0,4453511.11821442,665523205.2637744
2025-03-17 09:00:00,147.0,153.0,147.0,152.0,3357124.3225599,503158064.5129361
2025-03-18 09:00:00,151.0,155.0,149.0,155.0,4600172.30338831,698921265.60766
2025-03-19 09:00:00,155.0,157.0,153.0,156.0,5985377.5362177,925523715.7030295
2025-03-20 09:00:00,156.0,157.0,148.0,150.0,5241545.18732698,798669460.6555847
2025-03-21 09:00:00,149.0,151.0,147.0,148.0,3542129.67848744,526802296.2261128
2025-03-22 09:00:00,148.0,153.0,148.0,151.0,3983854.92685834,602150740.2042818
2025-03-23 09:00:00,152.0,152.0,147.0,150.0,3854121.24849783,579239043.7106504
2025-03-24 09:00:00,149.0,158.0,148.0,155.0,7088463.0379475,1093982239.5358505
2025-03-25 09:00:00,155.0,161.0,155.0,158.0,10859470.63537305,1716450468.9411163
2025-03-26 09:00:00,157.0,161.0,154.0,157.0,5344590.10440828,843457474.0931399
2025-03-27 09:00:00,157.0,159.0,154.0,156.0,3750550.0514885,586122045.5908307
2025-03-28 09:00:00,155.0,156.0,144.0,146.0,5542266.03615195,828021964.729794
2025-03-29 09:00:00,146.0,148.0,135.0,138.0,4889192.51818992,685650444.2161877
2025-03-30 09:00:00,138.0,142.0,136.0,139.0,4227507.77895396,591417349.986606
2025-03-31 09:00:00,139.0,142.0,134.0,139.0,5772348.87484595,799185803.7905445
2025-04-01 09:00:00,139.0,143.0,138.0,140.0,3775022.2724466,528788757.77296096
2025-04-02 09:00:00,140.0,140.0,126.0,129.0,9238101.73537172,1236333538.2044127
2025-04-03 09:00:00,129.0,132.0,121.0,128.0,14125332.57165793,1785166691.0833552
2025-04-04 09:00:00,128.0,131.0,123.0,128.0,16278141.8922973,2058244914.4780765
2025-04-05 09:00:00,128.0,129.0,123.0,125.0,3766260.67806838,472765469.3877972
2025-04-06 09:00:00,125.0,128.0,110.0,114.0,14917210.94816171,1789817448.2646866
2025-04-07 09:00:00,114.0,120.0,105.0,115.0,17436477.5417473,1971584021.4994318
2025-04-08 09:00:00,117.0,127.0,111.0,114.0,32559131.48794845,3836878979.1653543
2025-04-09 09:00:00,113.0,126.0,109.0,124.0,17706632.11854268,2086912795.7650654
2025-04-10 09:00:00,124.0,131.0,121.0,126.0,19079426.97489497,2404847795.748075
2025-04-11 09:00:00,126.0,138.0,124.0,129.0,40598064.62531885,5309840021.313519
2025-04-12 09:00:00,129.0,133.0,124.0,132.0,12907513.47475014,1670871752.3050222
2025-04-13 09:00:00,132.0,133.0,124.0,125.0,6480190.9142763,833324341.5276273
2025-04-14 09:00:00,125.0,129.0,122.0,125.0,7460414.15519328,936784973.2521852
2025-04-15 09:00:00,125.0,133.0,124.0,129.0,17017619.33157432,2183116220.0836716
2025-04-16 09:00:00,129.0,137.0,127.0,137.0,25743496.43676326,3409448594.1403885
2025-04-17 09:00:00,137.0,143.0,133.0,143.0,13436523.9929407,1847150991.731345
2025-04-18 09:00:00,143.0,146.0,139.0,141.0,10564640.44786938,1512214271.493925
2025-04-19 09:00:00,142.0,148.0,140.0,144.0,9962467.48647101,1442298042.6326244
2025-04-20 09:00:00,144.0,146.0,136.0,141.0,9389657.13428617,1321227576.4522598
2025-04-21 09:00:00,141.0,148.0,140.0,145.0,7660765.2835168,1107146289.3235285
2025-04-22 09:00:00,145.0,151.0,141.0,151.0,8239537.27879209,1201449890.3074253
2025-04-23 09:00:00,150.0,154.0,146.0,150.0,7368740.32856651,1107128604.358643
2025-04-24 09:00:00,150.0,153.0,144.0,153.0,5139050.63949337,763881296.7120746
2025-04-25 09:00:00,153.0,158.0,150.0,157.0,6606685.01864387,1020231344.8706907
2025-04-26 09:00:00,157.0,160.0,153.0,157.0,5740109.78504193,900938139.6026102
2025-04-27 09:00:00,157.0,159.0,150.0,151.0,4492246.42112746,690392578.1323068
2025-04-28 09:00:00,151.0,155.0,146.0,152.0,5915616.43396704,888566394.5959042
2025-04-29 09:00:00,152.0,155.0,148.0,150.0,5695832.0958894,867727495.889661
2025-04-30 09:00:00,149.0,152.0,145.0,150.0,3685009.13007036,550572067.8237526
2025-05-01 09:00:00,151.0,155.0,150.0,155.0,6061725.81254189,925517715.9955
2025-05-02 09:00:00,155.0,156.0,150.0,151.0,5215560.40703159,793539257.8638012
2025-05-03 09:00:00,150.0,152.0,141.0,143.0,3927527.46462622,571112220.2430515
2025-05-04 09:00:00,143.0,143.0,136.0,136.0,5358296.01281396,748123626.9595255
2025-05-05 09:00:00,138.0,195.0,134.0,176.0,239705922.674698,40833311415.41431
2025-05-06 09:00:00,176.0,178.0,137.0,144.0,173082759.2048185,27509329520.578926
2025-05-07 09:00:00,143.0,143.0,135.0,140.0,46453703.57897043,6402678981.044682
2025-05-08 09:00:00,140.0,149.0,138.0,148.0,28855229.09098466,4140171112.774931
2025-05-09 09:00:00,148.0,153.0,146.0,152.0,22158442.29694532,3313426526.9920278
2025-05-10 09:00:00,152.0,157.0,149.0,156.0,21303846.3436849,3254019365.350374
2025-05-11 09:00:00,157.0,158.0,148.0,152.0,21083979.62637976,3217715583.4036736
2025-05-12 09:00:00,151.0,160.0,149.0,158.0,27208445.06536218,4223872613.7424893
2025-05-13 09:00:00,157.0,162.0,150.0,161.0,14741555.95730228,2292941484.3658395
2025-05-14 09:00:00,161.0,163.0,153.0,154.0,12305890.47265608,1943088154.8115191
2025-05-15 09:00:00,153.0,159.0,146.0,158.0,20811721.69046853,3163857326.0009174
2025-05-16 09:00:00,159.0,163.0,153.0,154.0,17360895.64340948,2745738002.0219984
2025-05-17 09:00:00,153.0,154.0,147.0,148.0,7415375.96701762,1108769043.5717323
2025-05-18 09:00:00,148.0,156.0,145.0,152.0,11912071.45024346,1795816007.181759
2025-05-19 09:00:00,154.0,154.0,143.0,150.0,12665762.60402382,1868949429.36572
2025-05-20 09:00:00,150.0,153.0,148.0,151.0,5258627.66567451,792779287.5939057
2025-05-21 09:00:00,152.0,155.0,147.0,155.0,9090132.18249681,1369999043.8575249
2025-05-22 09:00:00,155.0,161.0,153.0,160.0,6305430.65787132,993615010.4917005
2025-05-23 09:00:00,159.0,162.0,152.0,155.0,9710475.70944691,1519775180.7044656
2025-05-24 09:00:00,154.0,165.0,153.0,162.0,13824908.01069913,2213318257.5656347
2025-05-25 09:00:00,162.0,163.0,156.0,160.0,8105488.39593539,1290896873.112197
2025-05-26 09:00:00,160.0,163.0,156.0,158.0,4840079.25925201,774500482.0472478
2025-05-27 09:00:00,158.0,162.0,154.0,160.0,3658147.98167532,579414534.3622562
2025-05-28 09:00:00,160.0,183.0,160.0,167.0,99651322.87283003,17077476570.763885
2025-05-29 09:00:00,166.0,180.0,161.0,177.0,26599720.23436631,4506250231.640675
2025-05-30 09:00:00,176.0,193.0,163.0,177.0,68587221.82439515,12253391787.670958
2025-05-31 09:00:00,178.0,186.0,161.0,169.0,48434573.02190458,8483778958.213828
2025-06-01 09:00:00,170.0,174.0,160.0,169.0,20569135.33933907,3413314591.9123716
2025-06-02 09:00:00,170.0,189.0,168.0,183.0,59535103.42411997,10641217157.924229
2025-06-03 09:00:00,182.0,205.0,178.0,187.0,105016984.13369279,19854226163.441147
2025-06-04 09:00:00,187.0,220.0,183.0,204.0,164773080.92248067,34267394898.054928
2025-06-05 09:00:00,203.0,212.0,186.0,197.0,81703090.52786233,16063541126.216959
2025-06-06 09:00:00,197.0,226.0,189.0,204.0,79819326.81603883,16776577512.392159
2025-06-07 09:00:00,204.0,224.0,203.0,215.0,63446629.1491951,13720539272.873568
2025-06-08 09:00:00,215.0,220.0,209.0,210.0,38251527.78816806,8193590902.755097
2025-06-09 09:00:00,210.0,245.0,208.0,241.0,89323516.53386302,20680170203.15082
2025-06-10 09:00:00,241.0,245.0,222.0,222.0,55988179.4824836,12853059985.580336
2025-06-11 09:00:00,222.0,256.0,222.0,232.0,124536738.9808628,29432711819.750317
2025-06-12 09:00:00,232.0,234.0,201.0,206.0,56346787.17266965,12137417632.518236
2025-06-13 09:00:00,206.0,209.0,186.0,189.0,34700072.80730828,6803485320.08732
2025-06-14 09:00:00,189.0,189.0,177.0,177.0,16318177.56532662,2984026513.3768044
2025-06-15 09:00:00,177.0,179.0,171.0,173.0,12755004.41399514,2240635635.19402
2025-06-16 09:00:00,172.0,178.0,168.0,172.0,30479848.28929839,5299921147.48056
2025-06-17 09:00:00,171.0,175.0,163.0,167.0,15826360.98181463,2685394066.4455695
2025-06-18 09:00:00,166.0,168.0,158.0,164.0,13791345.37063992,2244394692.1071677
2025-06-19 09:00:00,164.0,165.0,158.0,162.0,10853321.63409253,1754666300.4121704
2025-06-20 09:00:00,161.0,177.0,159.0,175.0,30365548.90913131,5148734364.132959
2025-06-21 09:00:00,175.0,175.0,160.0,164.0,15653027.64140177,2635652620.3943644
2025-06-22 09:00:00,163.0,173.0,160.0,167.0,29689789.48161714,4930532421.723357
2025-06-23 09:00:00,167.0,181.0,164.0,179.0,15675236.22351468,2687738381.474712
2025-06-24 09:00:00,179.0,181.0,174.0,180.0,12348252.72707905,2179113804.0418234
2025-06-25 09:00:00,180.0,181.0,170.0,170.0,10442448.71859418,1827417491.286222
2025-06-26 09:00:00,170.0,174.0,161.0,163.0,9141905.5545979,1536256308.2225769
2025-06-27 09:00:00,163.0,165.0,159.0,164.0,5367158.61550235,868763512.5589747
2025-06-28 09:00:00,164.0,177.0,162.0,174.0,14725746.76524428,2525340548.895753
2025-06-29 09:00:00,174.0,175.0,170.0,175.0,5977908.02458858,1028805092.2277153
2025-06-30 09:00:00,174.0,175.0,167.0,170.0,3666765.46265011,625666725.3329815
2025-07-01 09:00:00,171.0,171.0,161.0,164.0,4601752.0835656,761117862.2600092
2025-07-02 09:00:00,164.0,175.0,164.0,174.0,10935986.68014729,1846216961.322172
2025-07-03 09:00:00,173.0,175.0,168.0,170.0,5359227.85948897,923463959.7190368
2025-07-04 09:00:00,169.0,171.0,164.0,167.0,4151391.5006223,694762927.519319
2025-07-05 09:00:00,166.0,168.0,164.0,166.0,2974848.61257905,493116854.53155714
2025-07-06 09:00:00,166.0,167.0,163.0,165.0,3116100.37128854,513253268.1080972
2025-07-07 09:00:00,165.0,169.0,165.0,166.0,2754690.26729657,458401818.83901066
2025-07-08 09:00:00,167.0,169.0,165.0,168.0,3365035.14458072,559574773.4659625
2025-07-09 09:00:00,169.0,176.0,168.0,175.0,6066203.64912397,1047179550.112292
2025-07-10 09:00:00,174.0,181.0,170.0,180.0,10855098.01794723,1899399731.1034894
2025-07-11 09:00:00,179.0,186.0,175.0,178.0,11276905.9219319,2045807188.9166079
2025-07-12 09:00:00,178.0,188.0,176.0,187.0,9519409.51893084,1737616861.3386858
2025-07-13 09:00:00,187.0,188.0,181.0,185.0,7013763.55818438,1294963447.525584
2025-07-14 09:00:00,184.0,190.0,180.0,182.0,8790127.74021449,1632970415.5602112
2025-07-15 09:00:00,182.0,188.0,177.0,187.0,9759850.06142196,1780190295.198373
2025-07-16 09:00:00,187.0,191.0,185.0,189.0,5651996.72497293,1062002922.6744282
2025-07-17 09:00:00,189.0,192.0,185.0,190.0,6387766.904942,1204141097.5452542
2025-07-18 09:00:00,189.0,197.0,187.0,192.0,8892009.70284597,1715283018.7241488
2025-07-19 09:00:00,192.0,194.0,188.0,193.0,3741612.86962674,714671246.4117863
2025-07-20 09:00:00,193.0,204.0,192.0,202.0,7030816.35526905,1392665217.7254338
2025-07-21 09:00:00,202.0,209.0,199.0,207.0,7521837.65122257,1537599984.520351
2025-07-22 09:00:00,208.0,217.0,201.0,214.0,28152956.03404133,5930374672.721875
2025-07-23 09:00:00,214.0,216.0,197.0,207.0,11578783.15765006,2426294642.108226
2025-07-24 09:00:00,207.0,209.0,186.0,197.0,11269258.11686974,2229246072.976308
2025-07-25 09:00:00,198.0,203.0,191.0,203.0,5952522.88161991,1170508347.1740165
2025-07-26 09:00:00,203.0,204.0,197.0,200.0,2485253.97027621,501146427.08433414
2025-07-27 09:00:00,200.0,204.0,199.0,204.0,1384805.16362944,278521182.5048026
2025-07-28 09:00:00,204.0,209.0,192.0,194.0,5965800.44586309,1209411021.9393392
2025-07-29 09:00:00,193.0,197.0,188.0,191.0,3966666.18361256,763513848.2944976
2025-07-30 09:00:00,192.0,193.0,184.0,190.0,4691440.63311833,879561495.8632541
2025-07-31 09:00:00,190.0,194.0,181.0,182.0,2843250.17182251,537411547.0628957
2025-08-01 09:00:00,182.0,183.0,174.0,178.0,3515313.2437089,628237890.1323968
2025-08-02 09:00:00,178.0,180.0,170.0,173.0,2491150.7751973,434790974.7979728
2025-08-03 09:00:00,173.0,178.0,170.0,177.0,2094630.31397533,366774812.31686264
2025-08-04 09:00:00,177.0,186.0,176.0,186.0,1867258.85802527,337518786.2546765
2025-08-05 09:00:00,185.0,187.0,175.0,179.0,3538199.21419723,637390021.9439214
2025-08-06 09:00:00,178.0,180.0,174.0,179.0,2365748.48256583,419692801.4585918
2025-08-07 09:00:00,178.0,183.0,176.0,183.0,2897444.26873358,522376220.0417934
2025-08-08 09:00:00,183.0,186.0,182.0,185.0,4174978.11026798,766949896.6741261
2025-08-09 09:00:00,184.0,191.0,184.0,189.0,2594652.95161979,489404198.8865231
2025-08-10 09:00:00,189.0,192.0,182.0,187.0,2701673.04407817,503651545.92261565
2025-08-11 09:00:00,186.0,189.0,178.0,180.0,4370517.98617785,802861553.1346816
2025-08-12 09:00:00,180.0,191.0,177.0,190.0,5811698.02344621,1059015918.4179751
2025-08-13 09:00:00,190.0,195.0,188.0,194.0,4285561.45780219,822627901.3467841
2025-08-14 09:00:00,193.0,196.0,180.0,182.0,5055810.20854152,945566338.0665036
2025-08-15 09:00:00,183.0,188.0,176.0,182.0,7814314.68777877,1440739160.6544437
2025-08-16 09:00:00,182.0,190.0,182.0,188.0,2384047.45514769,439897883.9005711
2025-08-17 09:00:00,189.0,190.0,187.0,188.0,1670630.39442647,314986955.33444023
2025-08-18 09:00:00,188.0,188.0,177.0,180.0,3397382.90526701,612680752.9895864
2025-08-19 09:00:00,179.0,182.0,173.0,174.0,3601072.02303002,643260936.9661014
2025-08-20 09:00:00,174.0,181.0,174.0,179.0,3300389.25325372,584290551.8785691
2025-08-21 09:00:00,180.0,181.0,175.0,177.0,1715279.87282962,306599519.3663311
2025-08-22 09:00:00,177.0,189.0,170.0,189.0,4344195.13070577,776012548.8579378
2025-08-23 09:00:00,189.0,190.0,184.0,187.0,1389836.3625434,259454935.83004093
2025-08-24 09:00:00,187.0,192.0,181.0,187.0,2213670.46382719,412389022.82276267
2025-08-25 09:00:00,187.0,192.0,172.0,174.0,5254810.50868933,956325231.0297601
2025-08-26 09:00:00,174.0,184.0,173.0,182.0,2544827.99614781,455362868.8882669
2025-08-27 09:00:00,182.0,184.0,180.0,182.0,3567778.69938863,649838780.0652757
2025-08-28 09:00:00,182.0,187.0,180.0,186.0,2366411.08760954,435479423.5364336
2025-08-29 09:00:00,186.0,186.0,174.0,177.0,3156660.58830639,566079145.0435039
2025-08-30 09:00:00,178.0,179.0,175.0,179.0,1151669.42776615,204655411.59004334
2025-08-31 09:00:00,179.0,182.0,176.0,178.0,1368966.66011362,245313466.7645409
2025-09-01 09:00:00,177.0,180.0,170.0,174.0,2928453.88285132,513017173.1799797
2025-09-02 09:00:00,173.0,179.0,173.0,179.0,1815871.67861117,320048578.7309156
2025-09-03 09:00:00,179.0,180.0,177.0,180.0,921449.63741998,164801185.0868643
2025-09-04 09:00:00,180.0,181.0,175.0,177.0,1674889.76169313,295919116.4681423
2025-09-05 09:00:00,176.0,180.0,175.0,178.0,1793989.76107795,318759029.5073312
2025-09-06 09:00:00,179.0,179.0,175.0,176.0,663169.27554326,117148482.26892886
2025-09-07 09:00:00,175.0,178.0,175.0,177.0,1038049.2174637,183851551.73409218
2025-09-08 09:00:00,177.0,181.0,176.0,181.0,1956522.88328317,350541991.3580276
2025-09-09 09:00:00,181.0,186.0,176.0,185.0,5582790.50404938,1017170276.423334
2025-09-10 09:00:00,184.0,187.0,183.0,187.0,2855693.95716232,528470988.53192645
2025-09-11 09:00:00,187.0,188.0,183.0,187.0,2236026.76762162,414801886.42745876
2025-09-12 09:00:00,186.0,188.0,185.0,188.0,1736915.25888435,324283872.8764826
2025-09-13 09:00:00,188.0,191.0,187.0,189.0,2256453.24157422,426427469.2146592
2025-09-14 09:00:00,189.0,191.0,182.0,184.0,1603619.56378134,299240334.9484263
2025-09-15 09:00:00,184.0,185.0,176.0,179.0,2877952.25811258,520686733.6416452
2025-09-16 09:00:00,179.0,180.0,176.0,180.0,1496734.45120071,266108036.25758955
2025-09-17 09:00:00,179.0,185.0,177.0,183.0,1406876.22478372,252158768.10665086
2025-09-18 09:00:00,182.0,186.0,182.0,186.0,1520192.23090471,279572809.2353072
2025-09-19 09:00:00,185.0,187.0,178.0,178.0,1516122.12119536,275661039.8186015
2025-09-20 09:00:00,179.0,181.0,178.0,179.0,2046547.59952261,367900578.21979386
2025-09-21 09:00:00,180.0,181.0,177.0,177.0,1549609.18052991,277434982.9733755
2025-09-22 09:00:00,177.0,179.0,164.0,168.0,5232306.32256734,885415796.707644
2025-09-23 09:00:00,169.0,170.0,165.0,168.0,1969691.2943555,329980139.2944057
2025-09-24 09:00:00,168.0,171.0,164.0,167.0,1472710.43632888,247316213.0369282
2025-09-25 09:00:00,168.0,168.0,158.0,160.0,3316520.26959715,540030090.4380406
2025-09-26 09:00:00,160.0,166.0,160.0,166.0,2213837.50331626,359050156.5351207
2025-09-27 09:00:00,166.0,166.0,162.0,164.0,853687.2287923,139844430.75732622
2025-09-28 09:00:00,163.0,165.0,160.0,165.0,870672.80246666,141422029.58303362
2025-09-29 09:00:00,164.0,166.0,161.0,163.0,3642263.42171117,598579926.8533726
2025-09-30 09:00:00,163.0,163.0,153.0,160.0,3375710.34698955,538611783.5636909
2025-10-01 09:00:00,160.0,168.0,159.0,168.0,2734194.99425496,446308336.30069524
2025-10-02 09:00:00,168.0,171.0,167.0,171.0,996464.91837104,168994776.2151418
2025-10-03 09:00:00,170.0,174.0,168.0,173.0,1387779.74825776,236470463.7410699
2025-10-04 09:00:00,172.0,172.0,167.0,171.0,2068572.55706516,351569953.8502224
2025-10-05 09:00:00,170.0,174.0,168.0,171.0,1123483.77529132,192074086.33964434
2025-10-06 09:00:00,170.0,174.0,169.0,172.0,823915.721134,141377448.04395542
2025-10-07 09:00:00,173.0,174.0,167.0,168.0,1388172.9784816,236425113.62397736
2025-10-08 09:00:00,168.0,170.0,165.0,169.0,2261303.066707,378294860.6814071
2025-10-09 09:00:00,169.0,169.0,163.0,166.0,1745679.57992545,289395288.03808075
2025-10-10 09:00:00,166.0,168.0,125.0,139.0,8927709.9311245,1314178677.1326935
2025-10-11 09:00:00,136.0,145.0,125.0,128.0,7102277.45502383,941079732.6652248
2025-10-12 09:00:00,128.0,139.0,124.0,138.0,3124362.1063951,406464598.34836847
2025-10-13 09:00:00,138.0,158.0,137.0,154.0,9014153.66597154,1336542884.0199447
2025-10-14 09:00:00,154.0,154.0,139.0,148.0,6275244.51235072,914443967.8782567
2025-10-15 09:00:00,148.0,150.0,139.0,141.0,2783305.4680533,406723570.03900546
2025-10-16 09:00:00,141.0,143.0,134.0,136.0,2162893.52597198,302166652.6243557
2025-10-17 09:00:00,136.0,141.0,125.0,133.0,3474850.25623302,457676656.1763669
2025-10-18 09:00:00,133.0,135.0,132.0,133.0,1714536.37223417,228677921.0016395
2025-10-19 09:00:00,133.0,139.0,132.0,138.0,931942.61068474,126196002.01030226
2025-10-20 09:00:00,138.0,144.0,135.0,138.0,1603082.36929146,221871268.23234233
2025-10-21 09:00:00,137.0,142.0,133.0,135.0,3165295.96814222,430195751.5808039
2025-10-22 09:00:00,134.0,135.0,129.0,132.0,1805160.20302813,239109595.5082637
2025-10-23 09:00:00,131.0,135.0,131.0,134.0,917113.77016805,121528524.19292323
2025-10-24 09:00:00,134.0,137.0,133.0,135.0,991142.30979756,133648882.22472931
2025-10-25 09:00:00,134.0,136.0,133.0,134.0,780493.527666,104620173.19250494
2025-10-26 09:00:00,134.0,141.0,133.0,140.0,1291100.66412874,176091339.5131741
2025-10-27 09:00:00,140.0,141.0,135.0,137.0,1936507.37534682,266926952.04017806
2025-10-28 09:00:00,136.0,138.0,130.0,133.0,2783373.78269603,377545398.48855865
2025-10-29 09:00:00,132.0,134.0,127.0,130.0,3212954.85337219,420041560.72942835
2025-10-30 09:00:00,130.0,132.0,119.0,123.0,3992027.12972627,498223039.3186779
2025-10-31 09:00:00,122.0,124.0,121.0,124.0,1716640.519293,211259401.05793238
2025-11-01 09:00:00,124.0,128.0,123.0,127.0,1521992.92000061,191560571.3105811
2025-11-02 09:00:00,127.0,128.0,122.0,126.0,3511020.60878548,438382271.34534234
2025-11-03 09:00:00,125.0,126.0,109.0,112.0,7162578.37254065,834236139.2827429
2025-11-04 09:00:00,112.0,115.0,101.0,108.0,8023635.49305481,867331946.3616759
2025-11-05 09:00:00,107.0,114.0,100.0,113.0,7116414.60897485,759865986.0765457
2025-11-06 09:00:00,113.0,113.0,107.0,111.0,4098083.66121897,452792265.2829703
2025-11-07 09:00:00,111.0,130.0,111.0,126.0,6651567.89833412,777456460.7741814
2025-11-08 09:00:00,126.0,128.0,120.0,124.0,2217493.68277278,274411994.76267624
2025-11-09 09:00:00,124.0,125.0,118.0,123.0,2219652.56841686,269527155.0451143
2025-11-10 09:00:00,122.0,126.0,120.0,124.0,1865355.08777698,229830306.27907735
2025-11-11 09:00:00,124.0,126.0,118.0,120.0,8106180.48480848,996645251.4536963
2025-11-12 09:00:00,120.0,131.0,117.0,120.0,24014416.984874,2990622410.8018622
2025-11-13 09:00:00,120.0,126.0,110.0,116.0,28735705.53326888,3461173452.334401
2025-11-14 09:00:00,115.0,116.0,110.0,112.0,5223217.93787768,589925675.8112712
2025-11-15 09:00:00,112.0,116.0,112.0,115.0,2260536.68755095,258939866.33658162
2025-11-16 09:00:00,115.0,116.0,108.0,110.0,2755122.80010295,308489404.3011207
2025-11-17 09:00:00,111.0,114.0,107.0,109.0,4885446.40498114,539911063.6502326
2025-11-18 09:00:00,109.0,111.0,106.0,109.0,3403557.79545568,367850692.81302845
2025-11-19 09:00:00,109.0,111.0,102.0,107.0,2905271.29659433,310205272.6025253
2025-11-20 09:00:00,107.0,114.0,102.0,104.0,4505620.09910601,486845121.9024747
2025-11-21 09:00:00,104.0,107.0,90.8,95.9,16310075.3417764,1563789857.4982827
2025-11-22 09:00:00,95.9,99.0,92.9,97.5,5634176.03613565,540438396.3014454
2025-11-23 09:00:00,97.3,101.0,96.1,101.0,6374875.74989046,628848213.0167735
2025-11-24 09:00:00,100.0,105.0,99.5,104.0,4280948.2757458,434055860.25510955
2025-11-25 09:00:00,104.0,105.0,101.0,104.0,2754179.32290549,283441369.3574153
2025-11-26 09:00:00,104.0,105.0,101.0,105.0,2876358.92966446,295576213.4884247
2025-11-27 09:00:00,105.0,107.0,102.0,106.0,3939825.9095224,411347217.9040197
2025-11-28 09:00:00,105.0,106.0,102.0,104.0,4935880.62953891,516175519.61623186
2025-11-29 09:00:00,104.0,106.0,102.0,103.0,3076142.13198654,322210589.41617316
2025-11-30 09:00:00,102.0,105.0,101.0,104.0,3091821.71369436,319054080.9599707
2025-12-01 09:00:00,104.0,104.0,92.9,96.5,5819528.39336248,560315512.9320588
2025-12-02 09:00:00,96.4,103.0,95.1,102.0,3606837.75723807,355827520.0231401
2025-12-03 09:00:00,102.0,103.0,98.3,102.0,3709472.2674503,374568512.17923677
2025-12-04 09:00:00,101.0,103.0,98.5,100.0,1647567.85537395,165745578.73677462
2025-12-05 09:00:00,100.0,101.0,95.1,98.2,2818693.93418988,278191533.93625253
2025-12-06 09:00:00,97.8,101.0,97.3,100.0,1988601.04587262,196300471.1365095
2025-12-07 09:00:00,101.0,101.0,94.4,97.7,1448819.00835759,141586475.31353015
2025-12-08 09:00:00,97.6,101.0,97.3,98.1,2407444.84679672,237910277.85858157
2025-12-09 09:00:00,98.4,105.0,96.3,103.0,2545726.62137008,255898655.79069576
2025-12-10 09:00:00,103.0,104.0,99.9,101.0,1669059.90383814,168930931.9354845
2025-12-11 09:00:00,100.0,100.0,96.2,97.3,3627010.59751943,354675564.4500499
2025-12-12 09:00:00,97.8,98.7,94.0,96.7,2081421.70244634,201763352.24155754
2025-12-13 09:00:00,96.7,98.5,96.4,97.0,2308715.97563826,224817428.91702738
2025-12-14 09:00:00,97.1,97.1,91.8,92.4,3826182.12716162,359165532.8323014
2025-12-15 09:00:00,92.5,93.4,83.4,85.9,6214835.18011153,552086367.1669859
2025-12-16 09:00:00,85.9,86.0,82.2,83.1,7790557.60295427,655070829.3361038
2025-12-17 09:00:00,83.0,83.4,77.7,78.9,7257942.18580129,583660689.6603849
2025-12-18 09:00:00,78.7,80.4,73.5,75.0,4496337.69697573,345933206.29286945
2025-12-19 09:00:00,75.0,81.1,73.9,80.4,3088124.98180955,238788524.9085495
2025-12-20 09:00:00,80.3,83.0,80.1,81.6,2723591.19643318,221961871.4932771
2025-12-21 09:00:00,81.7,82.8,78.4,79.7,3540416.61008636,286963095.840811
2025-12-22 09:00:00,79.8,83.4,79.2,80.5,17423836.23197638,1417625875.8670623
2025-12-23 09:00:00,80.6,81.0,77.9,80.2,1909721.74214346,152038244.95502368
2025-12-24 09:00:00,80.2,80.4,77.3,78.4,2963182.7094362,232333060.1034721
2025-12-25 09:00:00,78.7,80.1,76.9,77.6,3492033.3616989,274164832.3598577
2025-12-26 09:00:00,77.6,79.3,76.5,77.0,2487601.20236715,193931561.64798665
2025-12-27 09:00:00,77.0,83.9,76.0,81.0,26063408.86362843,2083790460.7901251
2025-12-28 09:00:00,81.2,85.7,79.7,80.5,28943767.12701575,2389306172.9466524
2025-12-29 09:00:00,80.5,84.6,78.5,79.2,15716834.4260505,1278854707.0906858
2025-12-30 09:00:00,79.1,93.2,77.2,82.2,189549001.974929,16013981885.68025
2025-12-31 09:00:00,81.9,84.0,76.6,77.6,25488277.4139561,2042541514.5187232
2026-01-01 09:00:00,77.7,80.9,76.1,80.3,6853741.58121314,533204069.1514259
2026-01-02 09:00:00,80.1,84.1,77.1,83.6,6259226.0255411,506074574.852818
2026-01-03 09:00:00,83.6,84.4,81.4,83.2,3536650.00585096,292978122.6251365
2026-01-04 09:00:00,83.2,88.9,83.0,83.6,20793258.96247767,1763336781.447697
2026-01-05 09:00:00,83.6,85.7,81.5,85.1,7236985.15143889,604538892.5445547
2026-01-06 09:00:00,85.3,87.9,83.0,86.8,10422488.95978038,893666012.8928261
2026-01-07 09:00:00,86.9,90.0,84.7,86.3,17415575.07095696,1524333882.8711848
2026-01-08 09:00:00,86.1,93.8,83.3,87.3,33363071.84837238,2946900465.2691584
2026-01-09 09:00:00,87.1,90.6,85.9,87.8,13610354.27564844,1200294136.409181
2026-01-10 09:00:00,87.8,91.0,86.4,86.7,18199571.60709369,1607295505.4177654
2026-01-11 09:00:00,86.5,87.4,83.4,84.8,3426487.17587421,294324003.6486179
2026-01-12 09:00:00,84.8,86.0,82.3,83.6,7982916.00742632,671152245.522807
2026-01-13 09:00:00,83.8,89.6,83.6,88.4,16620427.86687294,1427867920.0643
2026-01-14 09:00:00,88.4,94.0,88.2,88.6,25358236.02449303,2298901505.967711
2026-01-15 09:00:00,88.6,89.3,84.6,86.0,4800513.35518079,417958470.7988396
2026-01-16 09:00:00,86.1,88.5,84.5,88.2,3835057.31385716,329631888.407526
2026-01-17 09:00:00,88.2,90.4,87.5,88.8,4030257.51711744,358019643.7060092
2026-01-18 09:00:00,88.7,89.5,84.2,84.2,3244606.06234136,284046719.13202393
2026-01-19 09:00:00,84.3,88.0,77.4,83.4,20279045.10371231,1710007524.1121638
2026-01-20 09:00:00,83.4,84.1,80.4,80.8,5431229.4371311,447028475.71253216
2026-01-21 09:00:00,80.8,83.5,79.3,81.3,2637592.37017874,214808771.96389803
2026-01-22 09:00:00,81.7,82.7,79.2,80.7,3010194.07653817,243808438.9884648
2026-01-23 09:00:00,80.7,82.2,79.8,80.6,3848157.66549884,311369653.99329305
2026-01-24 09:00:00,80.7,84.5,79.8,82.3,16928084.62026923,1392177260.0569093
2026-01-25 09:00:00,82.3,83.0,77.2,78.2,7288417.36798463,585771220.1177253
2026-01-26 09:00:00,78.5,80.9,78.0,79.5,9448254.37152548,751146266.6484438
2026-01-27 09:00:00,79.7,81.4,77.0,78.8,6353950.85725952,502784892.25894135
2026-01-28 09:00:00,78.9,79.0,77.0,77.5,3289584.80475079,255760313.8380509
2026-01-29 09:00:00,77.9,77.9,71.2,73.1,8357457.42284756,618802147.2415633
2026-01-30 09:00:00,73.0,73.1,69.8,72.2,4791187.1845129,340318789.99562246
2026-01-31 09:00:00,72.2,73.5,61.1,67.0,23294437.78415861,1611928903.0395105
2026-02-01 09:00:00,67.0,71.7,64.2,65.2,31777242.13117437,2162801330.4382625
2026-02-02 09:00:00,65.3,68.2,63.1,68.2,8767074.04417147,577178429.7690378
2026-02-03 09:00:00,68.2,69.5,64.7,67.0,6785555.52554645,456091456.1727487
2026-02-04 09:00:00,67.4,68.7,64.5,65.8,2928732.4124313,195497269.73802662
2026-02-05 09:00:00,66.0,68.2,54.3,55.3,23284251.58762795,1419183144.8796132
2026-02-06 09:00:00,55.7,62.1,50.9,62.0,12063541.79880206,685138184.9236645
2026-02-07 09:00:00,61.8,62.3,58.3,60.8,6640994.68546245,401866282.5024142
2026-02-08 09:00:00,60.8,61.0,58.7,58.7,2662026.34696988,159958895.6287359
2026-02-09 09:00:00,59.3,78.1,59.3,60.4,583341451.8896493,39105341392.95412
2026-02-10 09:00:00,60.4,60.4,57.1,58.1,50273676.18464642,2929937268.6255884
2026-02-11 09:00:00,58.0,58.4,54.8,58.2,18074687.04715629,1019287910.5270214
2026-02-12 09:00:00,58.1,59.3,56.3,58.3,11648007.2743396,677198297.0832285
2026-02-13 09:00:00,58.3,59.7,56.3,59.5,11297890.6968569,654428414.4997388
2026-02-14 09:00:00,59.7,62.6,59.3,62.0,13558130.70738452,822833179.7249564
2026-02-15 09:00:00,62.2,62.4,58.5,59.6,11595302.97015583,703014519.8030462
2026-02-16 09:00:00,59.6,60.2,58.4,59.4,7660620.73848298,453705892.380443
2026-02-17 09:00:00,59.4,62.1,58.4,59.8,9878205.43670878,590350494.2983912
2026-02-18 09:00:00,59.7,60.9,57.8,58.1,5383097.72769049,322073875.5226294
2026-02-19 09:00:00,58.0,58.1,55.2,56.3,6197243.90049756,351327125.0744493
2026-02-20 09:00:00,56.3,57.4,55.2,57.1,3032963.8306162,171293533.02549195
2026-02-21 09:00:00,57.2,59.5,57.2,57.8,12339322.91420647,720066925.6078318
2026-02-22 09:00:00,57.2,57.5,53.5,54.2,6203588.84318254,344501457.4992601
2026-02-23 09:00:00,54.5,54.5,51.5,52.0,5697261.77761165,300161508.4893853
2026-02-24 09:00:00,52.1,53.2,51.1,51.9,3718258.12059914,194074764.51173225
2026-02-25 09:00:00,51.9,56.2,51.9,54.6,3856223.25197905,208391002.597743
2026-02-26 09:00:00,54.7,55.3,52.4,53.5,2819988.31758426,152487800.2404818
2026-02-27 09:00:00,53.8,55.1,52.4,53.2,1455938.79977926,78632877.55120601
2026-02-28 09:00:00,53.4,54.5,50.0,54.4,6240692.37572024,322260417.29585934
2026-03-01 09:00:00,54.4,55.5,51.9,52.7,4307465.53107899,232854890.04075024
2026-03-02 09:00:00,53.0,59.0,51.1,53.0,152761910.38664344,8410995407.277407
2026-03-03 09:00:00,53.0,53.3,50.8,52.4,9262849.30804009,482357159.7913575
2026-03-04 09:00:00,52.4,54.8,51.1,53.7,7770473.02278367,411047106.52582663
2026-03-05 09:00:00,54.0,54.9,53.3,54.1,4871552.73960592,263767074.199184
2026-03-06 09:00:00,54.1,55.9,52.4,53.2,6040440.29803237,327410365.2281341
2026-03-07 09:00:00,53.2,53.2,51.0,51.2,3463278.12097052,181125360.379566
2026-03-08 09:00:00,51.2,51.4,49.6,49.7,4411866.74449524,223178395.7280733
2026-03-09 09:00:00,49.9,51.7,49.9,50.6,2145660.22537599,109699189.52692507
2026-03-10 09:00:00,50.8,52.3,50.7,51.0,8833498.35863694,453536437.6080837
2026-03-11 09:00:00,51.2,67.0,51.2,57.3,988161188.3149295,59795042695.62761
2026-03-12 09:00:00,57.2,57.2,53.7,54.4,107451764.27743897,5891109952.408935
2026-03-13 09:00:00,54.4,55.0,53.9,54.3,26603036.24184094,1448196564.6882539
2026-03-14 09:00:00,54.2,54.5,52.1,52.4,15932578.88035536,849433808.110176
2026-03-15 09:00:00,52.4,54.1,51.8,54.1,7501225.66628074,396664827.8070466
2026-03-16 09:00:00,54.1,55.8,53.8,55.7,14030936.70662859,765510529.9125998
2026-03-17 09:00:00,55.6,59.0,54.4,57.5,42751710.36762405,2420563671.198852
2026-03-18 09:00:00,57.5,57.5,54.5,56.1,18006256.14808201,1010325177.1475735
2026-03-19 09:00:00,55.9,55.9,53.6,54.4,3642628.95585415,198116807.44849217
2026-03-20 09:00:00,54.4,56.3,53.8,55.1,2840389.56910361,155476797.34279695
2026-03-21 09:00:00,54.9,56.0,53.0,53.3,3979745.29007145,217497963.1742012
2026-03-22 09:00:00,53.3,53.8,51.5,51.8,3288235.64447807,173460631.5264078
2026-03-23 09:00:00,51.8,55.1,51.5,53.9,3271566.17261979,173411792.7492446
2026-03-24 09:00:00,54.2,63.0,53.8,55.6,143792821.27181086,8319852816.374323
2026-03-25 09:00:00,55.6,56.5,54.1,54.9,17294426.9042981,953845005.8340964
2026-03-26 09:00:00,54.9,60.3,52.2,53.3,61217502.82824388,3429118134.001379
2026-03-27 09:00:00,53.3,54.7,51.6,51.8,10277961.07722509,543568864.3862597
2026-03-28 09:00:00,52.0,52.2,50.4,50.6,6158563.96573599,315369099.37838835
2026-03-29 09:00:00,50.9,51.1,49.3,49.6,5162404.2906993,259111715.12168548
2026-03-30 09:00:00,49.8,51.7,49.7,50.4,2703555.02194743,137358081.45582435
2026-03-31 09:00:00,50.5,51.5,49.8,51.2,4557039.12062462,230967344.8509077
2026-04-01 09:00:00,51.5,54.1,50.9,53.6,6850787.31897968,359545039.75118715
2026-04-02 09:00:00,53.7,54.1,51.5,53.5,8339432.93825895,440555058.722316
2026-04-03 09:00:00,53.5,63.0,52.8,57.5,97494786.14758988,5644009382.194832
2026-04-04 09:00:00,57.6,58.1,55.0,55.6,15546980.54295022,877519467.2494093
2026-04-05 09:00:00,55.5,55.8,53.4,54.5,5779812.64398946,315231321.889831
2026-04-06 09:00:00,54.5,55.2,53.5,54.1,6996384.65181347,379071746.6205189
2026-04-07 09:00:00,53.9,56.4,52.4,56.3,6493664.57124231,348214491.7853264
2026-04-08 09:00:00,56.3,56.4,54.0,54.4,3115945.12109385,171664926.1869459
2026-04-09 09:00:00,54.4,55.4,53.7,54.4,5796995.91222288,316340447.05269873
2026-04-10 09:00:00,54.4,55.3,53.6,54.8,6323850.77331134,344199559.98600256
2026-04-11 09:00:00,54.8,54.8,53.3,54.3,1955001.58362259,105904377.03890626
2026-04-12 09:00:00,54.3,55.4,51.9,52.1,9627962.78969547,516556638.0606925
2026-04-13 09:00:00,52.0,54.4,51.1,54.4,5412094.821931,281839926.7266139
2026-04-14 09:00:00,54.4,55.3,53.2,53.6,6790901.53588385,367588141.87238884
2026-04-15 09:00:00,53.5,56.8,53.5,56.6,4486532.50937174,248182042.9474748
2026-04-16 09:00:00,56.4,58.7,56.0,58.2,6364119.65207003,365571677.61963844
2026-04-17 09:00:00,58.2,59.9,56.1,59.1,6908997.42523345,400890797.90847075
2026-04-18 09:00:00,59.1,61.0,57.4,58.0,6389331.7545423,376512299.00603414
2026-04-19 09:00:00,57.7,57.9,55.2,55.5,3091104.24345741,175656085.37429968
2026-04-20 09:00:00,55.5,57.9,55.4,57.3,3168479.20079343,177705445.77561092
2026-04-21 09:00:00,57.3,57.4,55.5,56.7,1673755.92954261,94603944.75941388
2026-04-22 09:00:00,56.5,57.6,56.1,56.3,3055130.57550981,174452121.79308796
2026-04-23 09:00:00,56.2,56.5,53.7,56.5,5525241.4788908,305278582.3589516
2026-04-24 09:00:00,56.5,57.3,55.3,56.8,5744198.03530314,322146096.031361
2026-04-25 09:00:00,56.8,58.9,56.6,57.2,4810882.75543614,277785337.48707587
2026-04-26 09:00:00,57.1,60.0,56.7,57.5,11552373.93639281,673982044.9893012
2026-04-27 09:00:00,57.6,57.7,54.8,56.2,5583206.43726633,312961008.80403274
2026-04-28 09:00:00,56.2,56.2,54.9,55.7,1265301.81131235,70339616.7435469
2026-04-29 09:00:00,55.8,56.1,53.4,54.2,3429793.63222092,188367729.8868758
2026-04-30 09:00:00,54.2,54.6,53.2,53.5,1512996.81479609,81182460.81974871
2026-05-01 09:00:00,53.5,54.7,53.5,53.7,1405436.40028151,75992635.82031134
2026-05-02 09:00:00,53.8,54.6,53.4,54.5,1218977.54385028,65762475.44635187
2026-05-03 09:00:00,54.3,54.6,53.6,53.8,979321.61207756,52821223.94209588
2026-05-04 09:00:00,53.8,55.0,53.4,54.0,1819467.77061377,98666473.6605419
2026-05-05 09:00:00,54.0,56.4,53.9,55.8,3796404.46727427,211159213.6172485
2026-05-06 09:00:00,55.8,57.3,55.6,56.6,4380424.69051226,247244864.8079059
2026-05-07 09:00:00,56.7,57.5,55.7,57.4,2770028.42909481,156951570.67092428
2026-05-08 09:00:00,57.4,59.7,56.9,59.6,3129784.43626047,181316654.48628968
2026-05-09 09:00:00,59.7,60.2,58.3,58.5,2786800.43371937,165077152.39716396
2026-05-10 09:00:00,58.5,61.1,57.7,60.3,3855034.10191833,229505613.0702177
2026-05-11 09:00:00,60.3,61.4,58.9,60.9,4064994.03241583,245959226.37638637
2026-05-12 09:00:00,60.9,60.9,58.0,59.1,4678491.69046209,278768877.2624428
2026-05-13 09:00:00,59.0,60.3,57.0,57.7,3788401.17051779,219939327.67088693
2026-05-14 09:00:00,57.7,58.5,56.6,57.8,1624628.85098513,93385147.61101124
2026-05-15 09:00:00,57.8,58.2,54.6,55.4,4413361.53580684,248794574.18036497
2026-05-16 09:00:00,55.5,60.9,52.9,54.1,44329302.69150044,2505794070.788766
2026-05-17 09:00:00,54.1,54.7,52.0,53.1,2183622.43608,116935852.88616014
2026-05-18 09:00:00,53.0,53.5,52.1,53.2,2051474.21099621,108112052.61838156
2026-05-19 09:00:00,53.3,53.6,52.3,52.4,2571865.6378693,136215082.52997833
2026-05-20 09:00:00,52.3,53.7,52.1,53.1,897547.98816024,47203225.16234464
2026-05-21 09:00:00,53.1,55.8,53.1,55.3,3577394.5630528,194194931.85859072
2026-05-22 09:00:00,55.5,56.0,53.9,54.1,1583025.44411912,87325111.0555129
2026-05-23 09:00:00,54.2,57.3,53.5,56.9,11458228.95237823,637309807.6843896
2026-05-24 09:00:00,56.9,57.1,54.2,55.0,1323237.64792695,74424501.39824505
2026-05-25 09:00:00,55.0,56.4,54.7,55.0,629875.77750787,34931604.69624023
2026-05-26 09:00:00,55.2,55.2,53.5,53.8,1494582.95335874,81038390.76847596
2026-05-27 09:00:00,53.8,54.5,52.6,53.1,1260409.50601033,67399080.37544452
2026-05-28 09:00:00,53.2,56.8,50.9,53.7,26171539.82433245,1404075793.1475923
2026-05-29 09:00:00,53.8,56.4,53.0,56.4,4113449.75725673,223605352.02770904
2026-05-30 09:00:00,56.4,57.7,56.0,56.3,6957461.96380469,395342903.6302646
2026-05-31 09:00:00,56.3,57.2,54.9,56.1,2790222.85903164,156924975.26180863
2026-06-01 09:00:00,56.2,56.9,54.6,55.6,4155692.82218578,230524138.24599344
2026-06-02 09:00:00,55.7,55.8,51.3,52.1,4973339.03690582,267480242.30696696
2026-06-03 09:00:00,52.3,54.4,51.5,52.9,3339202.12433651,176879575.48578572
2026-06-04 09:00:00,52.9,53.2,48.4,49.4,7116552.23380278,357516151.70815444
2026-06-05 09:00:00,49.4,49.7,43.8,45.0,10495559.72145728,484371531.52996665
2026-06-06 09:00:00,45.1,45.6,41.7,44.3,4764708.42557351,207532930.9191625
2026-06-07 09:00:00,44.5,46.4,43.6,44.7,1693618.33575778,76351766.35373388
2026-06-08 09:00:00,44.7,46.1,43.7,45.1,1804660.04799368,81199203.71246251
2026-06-09 09:00:00,45.1,45.1,42.7,43.6,3068393.31065908,135367640.55147207
2026-06-10 09:00:00,43.5,43.9,41.5,42.1,3247654.72492072,138383465.92712998
2026-06-11 09:00:00,42.2,44.6,42.2,43.8,2718750.96120106,118595515.80284558
2026-06-12 09:00:00,43.9,44.3,42.9,44.3,2759690.26623064,120237457.74863234
2026-06-13 09:00:00,44.3,50.5,43.1,44.4,314885274.28240246,14963430709.880266
2026-06-14 09:00:00,44.4,44.4,42.0,43.7,20687699.18648169,896917370.7961385
2026-06-15 09:00:00,43.9,44.6,42.7,43.6,12590669.21591165,548715368.3454311
2026-06-16 09:00:00,43.8,44.6,43.0,44.2,6374164.16629997,278641939.8728512
2026-06-17 09:00:00,44.2,44.8,43.4,43.9,4391246.337774,193303038.40419888
2026-06-18 09:00:00,44.1,44.2,40.4,41.5,6820326.21743718,287157561.35053873
2026-06-19 09:00:00,41.4,43.2,41.0,42.2,5871023.73471818,247809026.53817087
2026-06-20 09:00:00,42.3,43.0,41.3,42.8,3208664.19479249,135315149.12908387
2026-06-21 09:00:00,42.9,43.1,41.1,41.2,2551144.25728683,107689056.16146995
2026-06-22 09:00:00,41.2,42.5,40.8,40.9,3676080.66561624,153044840.61020312
2026-06-23 09:00:00,40.9,41.2,39.0,39.8,7713731.95290651,310284438.11561394
2026-06-24 09:00:00,39.7,39.9,37.1,38.3,10894501.97672256,418065597.9935539
2026-06-25 09:00:00,38.5,38.5,36.2,37.4,8030560.27754253,299948343.90404844
2026-06-26 09:00:00,37.3,38.5,36.3,38.0,9694923.35245265,361747177.9093038
2026-06-27 09:00:00,38.1,39.2,37.5,37.5,6613329.32402807,254165682.57509425
2026-06-28 09:00:00,37.5,38.2,36.9,37.4,5235394.65364934,197598394.67669
2026-06-29 09:00:00,37.3,38.1,37.1,37.3,4506428.44386333,168957809.23091313
2026-06-30 09:00:00,37.2,44.7,36.2,36.4,163772304.31665194,6621647194.873584
2026-07-01 09:00:00,36.4,37.6,35.5,37.1,23730891.64291815,870581187.208468
2026-07-02 09:00:00,37.1,38.2,36.8,37.9,7892329.13453544,294274450.9917123
2026-07-03 09:00:00,37.8,39.1,37.6,39.0,3598753.51583744,137281959.16463703
2026-07-04 09:00:00,39.0,39.1,38.2,38.5,2705392.43558721,104137656.1564358
2026-07-05 09:00:00,38.5,38.6,37.6,38.0,3069962.28584126,117484238.50981113
2026-07-06 09:00:00,38.0,38.5,36.7,38.0,2617027.12688747,97689811.210038
2026-07-07 09:00:00,38.0,38.0,36.4,36.6,2698728.28029655,100175614.55353332
2026-07-08 09:00:00,36.7,36.8,35.4,36.2,1679375.82461601,60465958.98448977
2026-07-09 09:00:00,36.2,37.1,35.9,36.6,1987581.98946359,72366900.1600016
2026-07-10 09:00:00,36.7,37.7,36.5,37.4,1416932.39570694,52844415.20834497
2026-07-11 09:00:00,37.4,37.8,37.0,37.0,505116.99120499,18889365.72714176
2026-07-12 09:00:00,37.0,37.1,36.1,36.1,2032835.30321551,74540646.87312713
2026-07-13 09:00:00,36.1,36.4,34.9,35.1,2694064.14944388,95200116.58751576
2026-07-14 09:00:00,35.3,35.8,34.7,35.3,1652415.65838575,58266046.19392394
2026-07-15 09:00:00,35.5,36.2,35.1,35.5,1622437.00688595,57818025.85020879
2026-07-16 09:00:00,35.6,35.6,34.3,34.6,1889110.88863275,66140686.41560364
2026-07-17 09:00:00,34.5,34.9,34.1,34.4,2310299.13518475,79829261.38914663
2026-07-18 09:00:00,34.4,35.2,34.1,34.2,7363875.11663129,255812850.76642266
2026-07-19 09:00:00,34.2,34.4,33.7,33.7,3432091.76236804,116909897.35304593
2026-07-20 09:00:00,33.6,34.0,32.9,33.8,2751409.93556212,91614194.03099039
2026-07-21 09:00:00,33.8,35.0,33.7,34.6,4320459.1933163,149267198.3949826
2026-07-22 09:00:00,34.7,34.8,33.8,34.3,1414423.84015888,48332408.84984932
2026-07-23 09:00:00,34.4,34.4,33.5,33.5,1027780.7481422,34836887.78964564
2026-07-24 09:00:00,33.5,34.1,33.1,33.1,1889789.55144297,63237195.60596798
2026-07-25 09:00:00,33.1,33.7,32.9,33.4,1732102.88124888,57525264.7689778
2026-07-26 09:00:00,33.6,34.0,33.4,33.8,773437.07069595,26129667.68830988
2026-07-27 09:00:00,33.7,33.8,31.4,31.6,3689776.93460928,119814167.2500599
2026-07-28 09:00:00,31.6,31.8,30.8,30.9,2579508.09313365,80917470.62586884
2026-07-29 09:00:00,31.2,31.4,29.4,29.8,4219742.08743585,128622451.37150183
2026-07-30 09:00:00,29.8,32.4,29.5,30.1,34865975.8672928,1095696808.6919415
2026-07-31 09:00:00,30.1,31.0,30.1,30.8,6802625.55074988,207288489.57165328
2026-08-01 09:00:00,30.9,35.2,30.9,31.2,67318836.21727896,2223597355.425914
2026-08-02 09:00:00,31.3,31.5,30.4,30.7,6145509.05326714,189890136.29588276
2026-08-03 09:00:00,30.7,31.5,30.1,30.8,5628845.38931537,172743764.13308576
2026-08-04 09:00:00,30.8,31.1,30.4,30.5,2836055.19927465,87231958.87279652
2026-08-05 09:00:00,30.5,31.2,30.3,30.8,2652340.00003982,81835962.11098744
2026-08-06 09:00:00,30.8,32.2,30.5,32.0,4494347.71403076,140611057.3888108
2026-08-07 09:00:00,31.9,33.0,31.7,31.9,5423618.57848008,175406763.03744763
2026-08-08 09:00:00,32.0,32.5,31.8,32.3,1086288.90523829,34824467.76834876
2026-08-09 09:00:00,32.5,33.0,32.2,32.6,725321.1572912,23598930.53402582
2026-08-10 09:00:00,32.8,32.9,31.9,31.9,713018.80626243,23128992.20678121
2026-08-11 09:00:00,31.9,31.9,27.7,30.1,36754976.52663917,1067882651.5437365
2026-08-12 09:00:00,30.0,31.5,27.2,27.7,17180991.24222523,509688105.11568856
2026-08-13 09:00:00,27.7,27.7,26.5,26.7,10286247.9805201,278942900.19120395
2026-08-14 09:00:00,26.7,26.7,25.4,25.9,9738987.71544179,253750600.49017048
2026-08-15 09:00:00,25.9,27.5,25.9,26.4,5511522.94686892,147557050.86140963
2026-08-16 09:00:00,26.5,26.6,25.7,26.1,2314023.61126492,60929650.27739137
2026-08-17 09:00:00,26.2,26.4,25.2,25.2,3121001.81084728,80416957.41585103
2026-08-18 09:00:00,25.3,25.3,24.5,25.0,2510437.33592462,62586112.97465575
2026-08-19 09:00:00,25.1,25.9,24.2,25.5,3156810.96565028,79483380.49370074
2026-08-20 09:00:00,25.6,25.8,21.2,22.8,266765315.7195495,5910092899.387543
2026-08-21 09:00:00,22.7,24.4,21.9,24.2,106980532.187803,2468632184.1865115
2026-08-22 09:00:00,24.2,25.6,21.5,24.4,96585497.12857103,2326544944.3368173
2026-08-23 09:00:00,24.4,25.0,22.6,23.9,29825801.79107978,704867161.9636691
2026-08-24 09:00:00,23.9,24.1,22.5,23.3,36859235.83946515,847684540.9996903
2026-08-25 09:00:00,23.2,23.8,22.2,22.2,32180592.28891225,734870231.6123506
2026-08-26 09:00:00,22.3,22.5,20.3,21.1,72091691.9730285,1523254153.3217285
2026-08-27 09:00:00,21.3,21.3,19.3,20.1,82859825.74699113,1655576182.3126025
2026-08-28 09:00:00,20.1,22.2,17.3,18.5,206378624.2378333,3986088620.1937327
2026-08-29 09:00:00,18.6,19.0,18.0,18.5,51646946.76953835,956421031.4206336
2026-08-30 09:00:00,18.4,18.6,17.9,18.2,25222367.45720768,457806103.41335857
2026-08-31 09:00:00,18.1,25.9,17.6,19.6,848736261.4832312,17538446272.961708
2026-09-01 09:00:00,19.6,23.2,18.7,21.5,380817887.5797982,8264554846.264682
