,open,high,low,close,volume,value
2023-01-18 09:00:00,0.0117,0.016,0.0117,0.0139,15482665960616.355,233890925259.99445
2023-01-19 09:00:00,0.014,0.0147,0.0134,0.0143,2991115054143.4,41571215011.77047
2023-01-20 09:00:00,0.0143,0.0153,0.0141,0.0152,1409674978672.814,20400548322.026714
2023-01-21 09:00:00,0.0151,0.0156,0.0146,0.0147,1614832720205.766,24280726182.055614
2023-01-22 09:00:00,0.0147,0.0156,0.0144,0.015,971434014286.0873,14600477425.74087
2023-01-23 09:00:00,0.015,0.0153,0.0148,0.015,642735950425.077,9673965229.911291
2023-01-24 09:00:00,0.015,0.0152,0.0136,0.0141,783709145606.2113,11531370524.904352
2023-01-25 09:00:00,0.014,0.0148,0.0136,0.0146,606947330085.379,8559305984.293421
2023-01-26 09:00:00,0.0146,0.015,0.0143,0.0146,980310975718.4482,14368141403.180252
2023-01-27 09:00:00,0.0146,0.0149,0.0142,0.0147,383586003181.57654,5554568256.681015
2023-01-28 09:00:00,0.0147,0.0171,0.0147,0.015,3019596778420.326,46763463512.14697
2023-01-29 09:00:00,0.0149,0.0152,0.0148,0.015,730900968011.7198,10983733376.72849
2023-01-30 09:00:00,0.015,0.0152,0.0141,0.0145,904267162526.2831,13290265570.33729
2023-01-31 09:00:00,0.0144,0.0152,0.0143,0.0148,1326497135252.2332,19589240944.94096
2023-02-01 09:00:00,0.0148,0.0151,0.0142,0.0149,627697419522.7782,9211162062.256681
2023-02-02 09:00:00,0.0149,0.0168,0.0149,0.0152,1794241334419.1462,28048763554.649498
2023-02-03 09:00:00,0.0153,0.0162,0.0151,0.016,1456651052811.3203,22808058475.152283
2023-02-04 09:00:00,0.016,0.0259,0.0159,0.0186,16715710403410.139,318173213070.23114
2023-02-05 09:00:00,0.0185,0.0195,0.0175,0.018,6986513783530.076,130040869872.11636
2023-02-06 09:00:00,0.018,0.0188,0.0177,0.0181,2834556578803.297,51779124829.6749
2023-02-07 09:00:00,0.0181,0.0183,0.0175,0.0183,1761929464928.4612,31571523101.207047
2023-02-08 09:00:00,0.0183,0.0184,0.0173,0.0176,1222830836994.6555,21834370679.303333
2023-02-09 09:00:00,0.0175,0.0177,0.0154,0.0157,1844600691317.5813,30661338886.975945
2023-02-10 09:00:00,0.0157,0.0172,0.0155,0.0167,1904785159141.9868,30723877160.731102
2023-02-11 09:00:00,0.0168,0.0171,0.0161,0.0167,1265106338323.7402,20849159038.448193
2023-02-12 09:00:00,0.0167,0.0175,0.0163,0.0167,971755308179.1305,16325767119.051674
2023-02-13 09:00:00,0.0167,0.0169,0.0156,0.0163,1299375377120.0266,21198197674.45417
2023-02-14 09:00:00,0.0162,0.0166,0.0155,0.0166,1218118988463.8372,19637844922.74024
2023-02-15 09:00:00,0.0166,0.0178,0.0163,0.0176,1878695090657.7708,31812727047.647305
2023-02-16 09:00:00,0.0177,0.018,0.0163,0.0164,2069296427976.9827,35929479875.84655
2023-02-17 09:00:00,0.0165,0.0172,0.0163,0.0171,1153488225138.3098,19515956011.37269
2023-02-18 09:00:00,0.017,0.0173,0.0167,0.017,637978378619.9575,10880919485.373556
2023-02-19 09:00:00,0.017,0.018,0.0169,0.0173,1316368288178.4714,22912422458.74519
2023-02-20 09:00:00,0.0173,0.0177,0.0169,0.0174,1546043587463.528,26857846747.932293
2023-02-21 09:00:00,0.0174,0.0178,0.0168,0.0169,1855388050790.7737,31929978038.276886
2023-02-22 09:00:00,0.017,0.0172,0.0163,0.0172,1012329383342.5173,16901229661.881207
2023-02-23 09:00:00,0.0171,0.0186,0.0169,0.0172,4907306105227.813,86220588024.21878
2023-02-24 09:00:00,0.0172,0.0173,0.0165,0.0168,1866935488975.1362,31637634045.85728
2023-02-25 09:00:00,0.0167,0.0168,0.0161,0.0165,765735523148.0011,12636253134.997522
2023-02-26 09:00:00,0.0166,0.0175,0.0164,0.017,567620689713.416,9517426284.518484
2023-02-27 09:00:00,0.0171,0.0171,0.0165,0.0166,829526678226.3612,13975436398.508675
2023-02-28 09:00:00,0.0166,0.0168,0.0161,0.0161,696464780887.2454,11464367747.657293
2023-03-01 09:00:00,0.0162,0.0164,0.016,0.0162,505383328111.85864,8194561178.980091
2023-03-02 09:00:00,0.0162,0.0162,0.0156,0.0159,702577228935.421,11149891566.28065
2023-03-03 09:00:00,0.016,0.0161,0.0145,0.0152,876610297185.5403,13208763060.695797
2023-03-04 09:00:00,0.0152,0.0153,0.0145,0.0149,361956841060.24054,5415481656.668199
2023-03-05 09:00:00,0.0149,0.0151,0.0146,0.0149,268307378290.25778,3994829144.9940767
2023-03-06 09:00:00,0.0149,0.015,0.0145,0.0147,460201741591.8663,6749434536.686373
2023-03-07 09:00:00,0.0147,0.0151,0.0141,0.0148,804290818512.2023,11707974106.954424
2023-03-08 09:00:00,0.0148,0.0156,0.0143,0.0147,1389066410408.8281,20683395047.84483
2023-03-09 09:00:00,0.0147,0.0149,0.0135,0.0137,1266634432675.2905,18036802851.970516
2023-03-10 09:00:00,0.0137,0.014,0.0131,0.0139,1386197270810.6726,18774362868.74247
2023-03-11 09:00:00,0.0139,0.0143,0.0134,0.014,704058043231.6942,9685119999.958084
2023-03-12 09:00:00,0.014,0.0144,0.0134,0.0143,558046852258.6361,7739598972.328244
2023-03-13 09:00:00,0.0143,0.0147,0.0137,0.0145,1491619808450.7075,21314399113.76588
2023-03-14 09:00:00,0.0146,0.0154,0.0142,0.0148,1566430847828.8545,23073110217.72592
2023-03-15 09:00:00,0.0149,0.0151,0.0137,0.014,1067071847300.6608,15348324926.898657
2023-03-16 09:00:00,0.0139,0.0142,0.0136,0.014,666631072290.3763,9259479947.72218
2023-03-17 09:00:00,0.014,0.0148,0.0139,0.0147,873607675850.388,12527922405.710825
2023-03-18 09:00:00,0.0147,0.015,0.0142,0.0143,973180106049.5874,14268243669.56485
2023-03-19 09:00:00,0.0143,0.0148,0.0142,0.0146,738849464960.0212,10692193573.862516
2023-03-20 09:00:00,0.0145,0.0146,0.0139,0.0141,964098519627.2628,13781761713.615866
2023-03-21 09:00:00,0.014,0.0147,0.0137,0.0144,972011750007.0577,13834242756.677145
2023-03-22 09:00:00,0.0145,0.0147,0.0137,0.014,994310075604.3544,14234257838.747616
2023-03-23 09:00:00,0.014,0.0143,0.0139,0.0142,490381343645.10284,6928426248.850016
2023-03-24 09:00:00,0.0142,0.0144,0.014,0.0142,422688668062.493,5985384903.804689
2023-03-25 09:00:00,0.0142,0.0143,0.0139,0.0141,241371331712.03348,3404752265.2539635
2023-03-26 09:00:00,0.014,0.0142,0.014,0.0141,186022958000.19238,2618455097.023152
2023-03-27 09:00:00,0.0141,0.0146,0.0137,0.0138,1009083229199.8143,14230648615.033617
2023-03-28 09:00:00,0.0138,0.0139,0.0136,0.0139,411622423953.966,5642097113.46081
2023-03-29 09:00:00,0.0139,0.0144,0.0137,0.0142,624504468314.283,8802547856.872963
2023-03-30 09:00:00,0.0142,0.0143,0.0138,0.014,667861307727.3286,9362532749.799377
2023-03-31 09:00:00,0.014,0.0145,0.0139,0.0143,473272820690.8494,6682205029.701915
2023-04-01 09:00:00,0.0143,0.0153,0.0142,0.0148,832559370074.2524,12210615658.203499
2023-04-02 09:00:00,0.0147,0.0152,0.0142,0.0143,764656339172.7433,11271703177.68233
2023-04-03 09:00:00,0.0143,0.0154,0.014,0.0149,1582370503357.8525,23373603022.74729
2023-04-04 09:00:00,0.0148,0.0153,0.0146,0.0149,1013906640399.3489,15216778335.442749
2023-04-05 09:00:00,0.0149,0.0151,0.0146,0.0148,558570798019.523,8299719088.202927
2023-04-06 09:00:00,0.0148,0.0149,0.0143,0.0144,419770050412.92896,6107304865.353507
2023-04-07 09:00:00,0.0145,0.0146,0.0143,0.0144,274914684782.69147,3969583269.7098145
2023-04-08 09:00:00,0.0144,0.0146,0.0143,0.0145,161182910366.07285,2328452652.432124
2023-04-09 09:00:00,0.0145,0.0145,0.0143,0.0144,113396940278.64601,1632768300.6397595
2023-04-10 09:00:00,0.0144,0.0147,0.0143,0.0146,182908851589.49426,2641757211.724788
2023-04-11 09:00:00,0.0146,0.0148,0.0145,0.0146,219666021927.96448,3216345356.2453356
2023-04-12 09:00:00,0.0146,0.0147,0.014,0.0145,403142517107.44836,5816148688.947408
2023-04-13 09:00:00,0.0145,0.0148,0.0143,0.0146,226728158207.95602,3314085738.6637263
2023-04-14 09:00:00,0.0146,0.015,0.0144,0.0147,450528096565.82574,6643351250.485157
2023-04-15 09:00:00,0.0147,0.0153,0.0145,0.0152,294378326768.8152,4373395985.34896
2023-04-16 09:00:00,0.0152,0.0156,0.0149,0.0151,646837753995.0975,9869001734.482986
2023-04-17 09:00:00,0.0151,0.0153,0.0147,0.0149,614642945905.8126,9239572739.0079
2023-04-18 09:00:00,0.0149,0.0153,0.0147,0.015,351543859533.2212,5301829938.206954
2023-04-19 09:00:00,0.015,0.0152,0.0142,0.0144,657393365627.6559,9647577855.925652
2023-04-20 09:00:00,0.0144,0.0147,0.0139,0.0141,531770491455.86743,7619043244.2114725
2023-04-21 09:00:00,0.0141,0.0142,0.0135,0.0138,384388420055.9286,5341664236.475534
2023-04-22 09:00:00,0.0137,0.014,0.0135,0.0139,183183749981.2156,2518920328.3277965
2023-04-23 09:00:00,0.0139,0.014,0.0137,0.0138,96093771826.24265,1330842460.164634
2023-04-24 09:00:00,0.0138,0.0139,0.0136,0.0138,183452379780.9977,2517144140.5443673
2023-04-25 09:00:00,0.0137,0.014,0.0135,0.0139,188369198250.6765,2573987398.37509
2023-04-26 09:00:00,0.0139,0.0143,0.0132,0.0136,395994089231.06744,5465966953.083941
2023-04-27 09:00:00,0.0137,0.0139,0.0135,0.0137,163525360303.14844,2245278936.0566845
2023-04-28 09:00:00,0.0136,0.0138,0.0135,0.0136,116480497908.55028,1591760742.9741118
2023-04-29 09:00:00,0.0136,0.0138,0.0136,0.0138,91513389983.04901,1256241589.1490278
2023-04-30 09:00:00,0.0138,0.0138,0.0135,0.0135,123826912672.7588,1687608827.1856735
2023-05-01 09:00:00,0.0136,0.0136,0.0132,0.0133,232447621203.48013,3112571419.386097
2023-05-02 09:00:00,0.0134,0.0136,0.0132,0.0134,141756143953.76587,1891031254.433214
2023-05-03 09:00:00,0.0134,0.0136,0.0131,0.0134,164745385102.4752,2189540145.8060412
2023-05-04 09:00:00,0.0134,0.0135,0.0132,0.0132,104899459771.80203,1400591489.7039945
2023-05-05 09:00:00,0.0133,0.0134,0.0131,0.0133,209217650440.92038,2763486873.7242947
2023-05-06 09:00:00,0.0132,0.0133,0.0125,0.0127,383431198277.9092,4926406143.786758
2023-05-07 09:00:00,0.0127,0.0127,0.0125,0.0125,133474165531.80096,1680564090.7564392
2023-05-08 09:00:00,0.0125,0.0126,0.0113,0.012,462954337746.8552,5570169619.952661
2023-05-09 09:00:00,0.0119,0.0122,0.0117,0.0121,218498294923.4092,2601716943.1113544
2023-05-10 09:00:00,0.0122,0.0123,0.0118,0.0121,268738338304.30035,3237603786.80686
2023-05-11 09:00:00,0.0121,0.0121,0.0116,0.0118,167147663306.68384,1980988781.837453
2023-05-12 09:00:00,0.0118,0.012,0.0114,0.0119,215990338962.41006,2518291917.5696406
2023-05-13 09:00:00,0.012,0.012,0.0117,0.0118,65741219905.58574,781035850.8786684
2023-05-14 09:00:00,0.0119,0.012,0.0117,0.0118,80699334968.47417,959409964.0048348
2023-05-15 09:00:00,0.0118,0.012,0.0117,0.0118,88135207734.44916,1047775594.3759291
2023-05-16 09:00:00,0.0118,0.0119,0.0117,0.0118,97493616925.88228,1150793670.6679235
2023-05-17 09:00:00,0.0119,0.0119,0.0116,0.0117,261510824266.67004,3075217719.7104893
2023-05-18 09:00:00,0.0118,0.0119,0.0115,0.0117,250801188880.5534,2950037697.958197
2023-05-19 09:00:00,0.0117,0.0118,0.0116,0.0117,141798719521.27997,1658011811.100285
2023-05-20 09:00:00,0.0117,0.0118,0.0116,0.0117,76878919812.47289,898332779.4288061
2023-05-21 09:00:00,0.0117,0.0118,0.0114,0.0115,145132571055.6033,1681662469.0332658
2023-05-22 09:00:00,0.0115,0.0121,0.0113,0.0117,429605138183.3679,5050227055.066589
2023-05-23 09:00:00,0.0118,0.0123,0.0117,0.0119,310757074718.6697,3713972711.2501774
2023-05-24 09:00:00,0.0119,0.0119,0.0113,0.0114,292027592047.2301,3371483309.834258
2023-05-25 09:00:00,0.0114,0.0116,0.0112,0.0114,212536178620.09424,2418859733.1994658
2023-05-26 09:00:00,0.0115,0.0116,0.0113,0.0114,89942369471.84956,1025880477.043264
2023-05-27 09:00:00,0.0114,0.0116,0.0113,0.0115,60207805345.934685,689127125.8533709
2023-05-28 09:00:00,0.0115,0.0119,0.0114,0.0117,234016702864.4339,2738348831.626512
2023-05-29 09:00:00,0.0117,0.0119,0.0116,0.0116,97093528813.41664,1137321689.5171428
2023-05-30 09:00:00,0.0117,0.0118,0.0115,0.0115,121224366222.2061,1406348759.3964539
2023-05-31 09:00:00,0.0116,0.0116,0.0111,0.0114,283295159585.526,3213619695.9796395
2023-06-01 09:00:00,0.0115,0.0118,0.0113,0.0114,190173495783.48666,2182634533.4668636
2023-06-02 09:00:00,0.0113,0.0116,0.011,0.0114,355795194740.4931,4000808902.4540024
2023-06-03 09:00:00,0.0114,0.0115,0.0113,0.0113,65934884786.06547,750441439.3173201
2023-06-04 09:00:00,0.0113,0.0115,0.0113,0.0113,76794606553.54953,875278782.6064785
2023-06-05 09:00:00,0.0113,0.0115,0.0103,0.0106,470028545284.7821,5128795325.630002
2023-06-06 09:00:00,0.0106,0.0109,0.0104,0.0107,248808967471.27017,2649631989.6467257
2023-06-07 09:00:00,0.0107,0.0108,0.0103,0.0105,216837044609.78683,2278765690.3994007
2023-06-08 09:00:00,0.0104,0.0106,0.0103,0.0104,80972013412.76889,847622324.071396
2023-06-09 09:00:00,0.0105,0.0106,0.0103,0.0104,90981574663.32253,951042435.9384788
2023-06-10 09:00:00,0.0103,0.0105,0.0078,0.0091,2701969881797.312,23005915003.484585
2023-06-11 09:00:00,0.0091,0.0092,0.0086,0.0089,364985089271.6619,3249154298.725056
2023-06-12 09:00:00,0.0089,0.0089,0.0085,0.0088,294562138941.23975,2551879922.3774095
2023-06-13 09:00:00,0.0088,0.0091,0.0087,0.0089,211534345119.02017,1869018824.2318556
2023-06-14 09:00:00,0.0088,0.0091,0.0085,0.0086,240210158422.92395,2116565781.9875588
2023-06-15 09:00:00,0.0087,0.0089,0.0085,0.0088,166336994301.87482,1437493149.0930092
2023-06-16 09:00:00,0.0089,0.009,0.0087,0.0089,100349876196.41943,885165856.0907657
2023-06-17 09:00:00,0.0089,0.0092,0.0088,0.0091,79947130914.74684,720961735.8006691
2023-06-18 09:00:00,0.0092,0.0099,0.009,0.0094,660458382552.7452,6281039969.607593
2023-06-19 09:00:00,0.0095,0.0096,0.0092,0.0094,167051606243.00302,1570798660.2770307
2023-06-20 09:00:00,0.0095,0.0096,0.0091,0.0095,169066637705.61728,1582771017.990795
2023-06-21 09:00:00,0.0095,0.01,0.0094,0.0099,328939214710.60767,3209826351.1833963
2023-06-22 09:00:00,0.0099,0.0113,0.0098,0.0103,3000837303135.85,32168577732.934174
2023-06-23 09:00:00,0.0103,0.0108,0.0102,0.0105,664037403854.1486,6934977493.360171
2023-06-24 09:00:00,0.0105,0.0107,0.0102,0.0105,391449355914.17,4104573020.4652786
2023-06-25 09:00:00,0.0105,0.0107,0.0103,0.0104,226977308921.51373,2378174449.9671264
2023-06-26 09:00:00,0.0105,0.0105,0.0098,0.0101,296530562624.6853,3014064264.0971107
2023-06-27 09:00:00,0.0101,0.0102,0.0099,0.0101,159507513113.5036,1598573225.6480448
2023-06-28 09:00:00,0.0101,0.0101,0.0095,0.0097,209766863319.26376,2039658545.0387514
2023-06-29 09:00:00,0.0097,0.0099,0.0095,0.0098,113792334889.21962,1108465695.20256
2023-06-30 09:00:00,0.0098,0.0104,0.0097,0.0101,1159574764591.2654,11683665267.547855
2023-07-01 09:00:00,0.0101,0.0108,0.01,0.0102,1009733293490.5504,10364948458.069937
2023-07-02 09:00:00,0.0102,0.0103,0.0099,0.0102,257830037050.08258,2596612831.0165596
2023-07-03 09:00:00,0.0102,0.0103,0.0101,0.0103,153079422127.49713,1557968476.7550783
2023-07-04 09:00:00,0.0103,0.0104,0.01,0.0102,292610133264.71436,2985466490.686795
2023-07-05 09:00:00,0.0102,0.0103,0.0097,0.0099,273886684464.07977,2733071825.024309
2023-07-06 09:00:00,0.0099,0.0101,0.0095,0.0096,267181073160.14087,2621019761.719032
2023-07-07 09:00:00,0.0096,0.0097,0.0094,0.0097,117143370570.7339,1123076935.3200696
2023-07-08 09:00:00,0.0097,0.0103,0.0096,0.0101,244355447004.4677,2418899361.1687303
2023-07-09 09:00:00,0.0102,0.0103,0.01,0.0103,175961339876.07022,1783768068.9685683
2023-07-10 09:00:00,0.0103,0.0103,0.0098,0.01,335845778013.156,3351981131.5242534
2023-07-11 09:00:00,0.01,0.01,0.0098,0.0099,202045927194.42404,2001008429.6823719
2023-07-12 09:00:00,0.0099,0.01,0.0097,0.0099,176407409123.7878,1733431159.2215996
2023-07-13 09:00:00,0.0099,0.0103,0.0096,0.0101,604119521863.3994,6008227172.886867
2023-07-14 09:00:00,0.0101,0.0108,0.0099,0.0103,678057227440.8392,6940952521.31855
2023-07-15 09:00:00,0.0103,0.011,0.0101,0.0104,818076890789.1832,8657438568.624975
2023-07-16 09:00:00,0.0104,0.0105,0.0101,0.0101,240102355442.14832,2473353761.354296
2023-07-17 09:00:00,0.0101,0.0104,0.0098,0.01,402360697560.0055,4052261481.4115586
2023-07-18 09:00:00,0.01,0.0102,0.0098,0.01,222222195458.1057,2211681043.9587307
2023-07-19 09:00:00,0.01,0.0101,0.0098,0.0099,271108808681.68112,2702411489.6887684
2023-07-20 09:00:00,0.01,0.0103,0.0098,0.0099,414290184323.2319,4137967643.9521155
2023-07-21 09:00:00,0.0099,0.0104,0.0099,0.0102,296349701976.3108,3011440571.2002277
2023-07-22 09:00:00,0.0102,0.0103,0.01,0.0102,233703741032.9373,2363800516.522433
2023-07-23 09:00:00,0.0102,0.0103,0.01,0.0102,123205425609.1464,1248205357.816189
2023-07-24 09:00:00,0.0102,0.0105,0.0099,0.01,863935971992.2792,8780886250.886497
2023-07-25 09:00:00,0.01,0.0103,0.0099,0.0103,735407826579.3832,7437041607.9145355
2023-07-26 09:00:00,0.0103,0.0104,0.01,0.0102,390276508533.2166,3992358580.088149
2023-07-27 09:00:00,0.0102,0.0103,0.01,0.0102,151290684157.90283,1539902583.258627
2023-07-28 09:00:00,0.0102,0.0109,0.01,0.0106,765231054640.2902,7942674828.465695
2023-07-29 09:00:00,0.0106,0.0112,0.0105,0.011,282124745819.48846,3046309077.511536
2023-07-30 09:00:00,0.011,0.0114,0.0105,0.0106,397249237008.0235,4342402113.51657
2023-07-31 09:00:00,0.0108,0.0113,0.0106,0.0109,701626973467.8679,7749699604.317647
2023-08-01 09:00:00,0.011,0.011,0.0106,0.011,236153521299.30765,2543223762.5363865
2023-08-02 09:00:00,0.011,0.0111,0.0106,0.0107,181332157099.4234,1961059181.343026
2023-08-03 09:00:00,0.0107,0.0111,0.0106,0.0109,142647412804.48404,1542346380.249105
2023-08-04 09:00:00,0.0109,0.0117,0.0109,0.0114,543672004263.8416,6169133224.661994
2023-08-05 09:00:00,0.0115,0.0141,0.0114,0.0132,4898441021924.866,63596362703.559845
2023-08-06 09:00:00,0.0132,0.0136,0.0122,0.0125,2164373404599.3105,27903638708.408916
2023-08-07 09:00:00,0.0124,0.0126,0.0116,0.0118,866820363930.3235,10434909077.480066
2023-08-08 09:00:00,0.0119,0.0127,0.0117,0.0126,666383273536.7075,8094413895.083219
2023-08-09 09:00:00,0.0127,0.0134,0.0125,0.0127,1244428454722.9272,16066772962.224926
2023-08-10 09:00:00,0.0127,0.0136,0.0127,0.0132,909320652666.2319,11932017810.74744
2023-08-11 09:00:00,0.0132,0.0141,0.0129,0.014,937792992972.9518,12725823727.075394
2023-08-12 09:00:00,0.0141,0.0152,0.0139,0.0142,3134854029219.3135,45732672562.23933
2023-08-13 09:00:00,0.0143,0.0145,0.0135,0.0137,1102536638152.1821,15505566203.259813
2023-08-14 09:00:00,0.0137,0.0142,0.0132,0.0136,919628267105.2542,12674311536.376331
2023-08-15 09:00:00,0.0136,0.0143,0.0127,0.0134,1336267637082.579,18143430397.21382
2023-08-16 09:00:00,0.0134,0.0137,0.0123,0.0125,1378835708501.6013,18146571681.542564
2023-08-17 09:00:00,0.0126,0.0127,0.0107,0.0112,1485089619986.4214,17397262789.291214
2023-08-18 09:00:00,0.0112,0.012,0.011,0.0119,1054124619232.5958,12124844985.823914
2023-08-19 09:00:00,0.0119,0.012,0.0115,0.0117,472379503007.5155,5531669576.597391
2023-08-20 09:00:00,0.0117,0.0117,0.0112,0.0114,266939063572.75757,3065885952.531708
2023-08-21 09:00:00,0.0115,0.0115,0.0107,0.0109,382634172291.5473,4237899658.6817756
2023-08-22 09:00:00,0.0109,0.0111,0.0106,0.011,340320281805.0665,3685998896.6978116
2023-08-23 09:00:00,0.0109,0.0116,0.0109,0.0113,325844298440.2027,3674464599.619984
2023-08-24 09:00:00,0.0113,0.0114,0.011,0.0111,184404841332.48688,2058459108.0528295
2023-08-25 09:00:00,0.0111,0.0112,0.0108,0.011,184772896540.35846,2031094414.194962
2023-08-26 09:00:00,0.011,0.0112,0.011,0.011,72935379965.68315,810643051.3959078
2023-08-27 09:00:00,0.011,0.0111,0.0109,0.0109,152731751776.33914,1680666439.8432755
2023-08-28 09:00:00,0.0109,0.0113,0.0107,0.0111,243611581460.80844,2665362513.7732778
2023-08-29 09:00:00,0.0111,0.0115,0.0109,0.0113,427283145225.89764,4799572311.10021
2023-08-30 09:00:00,0.0113,0.0114,0.011,0.0111,129952724868.98299,1450349168.792934
2023-08-31 09:00:00,0.011,0.0112,0.0107,0.0109,240647052534.37106,2643377765.651797
2023-09-01 09:00:00,0.0109,0.011,0.0106,0.0108,162909855082.58566,1763003770.1770396
2023-09-02 09:00:00,0.0108,0.0109,0.0105,0.0106,113686892384.8736,1217460187.1960928
2023-09-03 09:00:00,0.0106,0.0107,0.0104,0.0104,96850923796.27664,1021396562.1910336
2023-09-04 09:00:00,0.0104,0.0106,0.0101,0.0102,173930478173.2049,1801814599.3167365
2023-09-05 09:00:00,0.0102,0.0105,0.0101,0.0104,151135542625.50714,1557934156.876701
2023-09-06 09:00:00,0.0104,0.0106,0.0103,0.0104,143879148616.9021,1499693163.4985778
2023-09-07 09:00:00,0.0105,0.0105,0.0103,0.0105,57637625834.669106,600099988.3780432
2023-09-08 09:00:00,0.0105,0.0105,0.0102,0.0103,125999191671.45091,1301512726.591729
2023-09-09 09:00:00,0.0104,0.0105,0.0103,0.0103,56654726826.37766,587804914.397172
2023-09-10 09:00:00,0.0103,0.0104,0.0099,0.0101,152519156164.07022,1541035098.843491
2023-09-11 09:00:00,0.0101,0.0101,0.0095,0.0096,212089525156.02075,2066372842.8051624
2023-09-12 09:00:00,0.0097,0.01,0.0096,0.0097,198227943811.3943,1944670165.9724162
2023-09-13 09:00:00,0.0097,0.01,0.0097,0.0098,108124216571.4311,1061456128.8318055
2023-09-14 09:00:00,0.0098,0.0101,0.0097,0.01,153826990919.10294,1520948077.609623
2023-09-15 09:00:00,0.01,0.0101,0.0099,0.0101,137303101813.79283,1372096498.584159
2023-09-16 09:00:00,0.0101,0.0103,0.0099,0.01,211521607755.71323,2129320107.8714583
2023-09-17 09:00:00,0.01,0.0101,0.0096,0.0097,178371135191.53558,1747825123.3529003
2023-09-18 09:00:00,0.0097,0.01,0.0096,0.0097,269292356950.47684,2647025353.9275985
2023-09-19 09:00:00,0.0098,0.01,0.0097,0.0099,188452510835.5094,1856806237.7382424
2023-09-20 09:00:00,0.01,0.0101,0.0098,0.0101,157226070523.68756,1559644626.330441
2023-09-21 09:00:00,0.0101,0.0102,0.0097,0.0098,185578579940.82892,1840757982.7824183
2023-09-22 09:00:00,0.0098,0.0099,0.0097,0.0098,61121590022.86698,600539088.8221679
2023-09-23 09:00:00,0.0099,0.0105,0.0098,0.0101,272041082017.15167,2741663879.863005
2023-09-24 09:00:00,0.0102,0.0102,0.0098,0.0098,192327300173.15024,1917949464.3195486
2023-09-25 09:00:00,0.0098,0.01,0.0097,0.0099,158042114457.47055,1557340362.332092
2023-09-26 09:00:00,0.0099,0.01,0.0098,0.0099,89525370488.93115,884368330.6400619
2023-09-27 09:00:00,0.0099,0.01,0.0098,0.0098,100533503094.97305,992512733.4342304
2023-09-28 09:00:00,0.0098,0.01,0.0098,0.0099,127757669306.29446,1265216201.486958
2023-09-29 09:00:00,0.01,0.0101,0.0098,0.01,200534416732.67612,1997462035.2893643
2023-09-30 09:00:00,0.01,0.0101,0.0099,0.01,84902309831.7685,847050250.0961385
2023-10-01 09:00:00,0.01,0.0102,0.0099,0.0102,228736935227.67813,2303486545.0813737
2023-10-02 09:00:00,0.0101,0.0103,0.0099,0.0099,302272377288.62256,3053700875.1521225
2023-10-03 09:00:00,0.01,0.0101,0.0098,0.0098,302963291082.98224,3009661525.444988
2023-10-04 09:00:00,0.0099,0.0099,0.0096,0.0099,205267287534.0878,2009064298.3853498
2023-10-05 09:00:00,0.0099,0.0099,0.0097,0.0098,161915174988.9464,1585761132.3029757
2023-10-06 09:00:00,0.0098,0.0099,0.0097,0.0098,143054990727.94617,1398939281.9461873
2023-10-07 09:00:00,0.0098,0.0099,0.0097,0.0098,151475290546.62997,1488584956.1291103
2023-10-08 09:00:00,0.0098,0.0099,0.0097,0.0098,92118928756.52762,902832408.4171945
2023-10-09 09:00:00,0.0098,0.0099,0.0092,0.0094,343699810861.20984,3268648831.2031403
2023-10-10 09:00:00,0.0094,0.0095,0.0093,0.0094,146386809185.13834,1378453770.9183352
2023-10-11 09:00:00,0.0094,0.0095,0.0091,0.0092,159071495535.8411,1476877663.5518434
2023-10-12 09:00:00,0.0092,0.0095,0.0092,0.0094,119827324689.17725,1116567486.8089192
2023-10-13 09:00:00,0.0094,0.0096,0.0093,0.0095,115758918236.98041,1089906672.2379625
2023-10-14 09:00:00,0.0095,0.0098,0.0095,0.0097,135750500075.5899,1309635998.8698387
2023-10-15 09:00:00,0.0097,0.0097,0.0094,0.0095,159174739056.75424,1522653304.7530558
2023-10-16 09:00:00,0.0095,0.0099,0.0095,0.0097,262135688991.65213,2535937821.6496687
2023-10-17 09:00:00,0.0097,0.0097,0.0093,0.0094,269167382320.82986,2546001349.0581446
2023-10-18 09:00:00,0.0094,0.0095,0.0091,0.0093,272540215981.54163,2535239302.858985
2023-10-19 09:00:00,0.0092,0.0094,0.0091,0.0093,217929946467.53265,2008996333.0557866
2023-10-20 09:00:00,0.0093,0.0095,0.0092,0.0093,190157337481.07135,1786026950.844993
2023-10-21 09:00:00,0.0093,0.0097,0.0093,0.0096,175118698474.4836,1662065469.8865054
2023-10-22 09:00:00,0.0096,0.0096,0.0094,0.0096,152719306517.08786,1452904661.6551309
2023-10-23 09:00:00,0.0096,0.0101,0.0095,0.01,538771217400.6752,5254793274.336625
2023-10-24 09:00:00,0.0101,0.0104,0.0098,0.0099,807584141622.0402,8102966431.784199
2023-10-25 09:00:00,0.01,0.0108,0.0098,0.0106,749552640092.4978,7704752890.837648
2023-10-26 09:00:00,0.0106,0.0112,0.0103,0.0106,993182977695.5962,10653408785.997475
2023-10-27 09:00:00,0.0106,0.0108,0.0103,0.0104,298394460884.1497,3147582124.2420382
2023-10-28 09:00:00,0.0104,0.0111,0.0104,0.0108,210275009830.62494,2233115808.6620874
2023-10-29 09:00:00,0.0108,0.0111,0.0106,0.0109,279848190418.80316,3024852213.647403
2023-10-30 09:00:00,0.0108,0.011,0.0106,0.0108,208164671166.16443,2248923776.080598
2023-10-31 09:00:00,0.0108,0.0109,0.0103,0.0106,332840787987.2513,3534214482.666908
2023-11-01 09:00:00,0.0106,0.0109,0.0103,0.0109,228993491279.40497,2414491291.068132
2023-11-02 09:00:00,0.0108,0.011,0.0105,0.0107,423941642364.60626,4566206680.692181
2023-11-03 09:00:00,0.0107,0.0107,0.0103,0.0106,256805435422.23615,2690254370.266557
2023-11-04 09:00:00,0.0106,0.0107,0.0105,0.0107,212587522452.91742,2251752094.256881
2023-11-05 09:00:00,0.0106,0.0112,0.0105,0.011,524731106518.4839,5725028730.837978
2023-11-06 09:00:00,0.011,0.0114,0.0107,0.0113,455557421983.1986,5033868730.019188
2023-11-07 09:00:00,0.0113,0.0114,0.0107,0.0109,442640790067.2725,4876362732.479257
2023-11-08 09:00:00,0.011,0.0111,0.0108,0.011,278241940757.1356,3055368760.831675
2023-11-09 09:00:00,0.011,0.0116,0.0108,0.0111,678373424989.7072,7623425751.713053
2023-11-10 09:00:00,0.0111,0.0115,0.0109,0.0114,612647278088.626,6851866036.204672
2023-11-11 09:00:00,0.0114,0.013,0.0113,0.0122,2227060042562.11,27314505539.18782
2023-11-12 09:00:00,0.0122,0.0122,0.0116,0.0119,373424456660.8103,4454425012.960695
2023-11-13 09:00:00,0.0119,0.0122,0.0114,0.0116,517338984494.63043,6122225827.415769
2023-11-14 09:00:00,0.0116,0.0117,0.0111,0.0113,414680139373.368,4724886038.738949
2023-11-15 09:00:00,0.0112,0.0118,0.011,0.0118,292809328406.1996,3339837604.845287
2023-11-16 09:00:00,0.0118,0.0124,0.0113,0.0115,940034639533.8547,11150236969.704535
2023-11-17 09:00:00,0.0115,0.0123,0.0114,0.0119,750825364734.6848,8869715323.840656
2023-11-18 09:00:00,0.0119,0.012,0.0113,0.0116,389016583811.9689,4517141704.3132515
2023-11-19 09:00:00,0.0115,0.0116,0.0112,0.0116,277757329653.4589,3166915193.741327
2023-11-20 09:00:00,0.0116,0.0116,0.0112,0.0114,271375287370.2569,3104088783.167958
2023-11-21 09:00:00,0.0113,0.0114,0.0104,0.0105,377771306045.9117,4146043239.8891644
2023-11-22 09:00:00,0.0104,0.011,0.0104,0.0109,271672275194.49512,2922044541.7518754
2023-11-23 09:00:00,0.0109,0.011,0.0107,0.0109,209174440000.4452,2273142636.4965367
2023-11-24 09:00:00,0.0109,0.0111,0.0108,0.0111,207001500691.0964,2275921073.836331
2023-11-25 09:00:00,0.011,0.0115,0.0109,0.0114,279407946527.51135,3130433425.0565825
2023-11-26 09:00:00,0.0114,0.0114,0.011,0.0111,279442579684.7226,3117090084.0126963
2023-11-27 09:00:00,0.0111,0.0117,0.0109,0.011,798627304851.4238,8935266075.274826
2023-11-28 09:00:00,0.0111,0.0112,0.0108,0.0111,430862413082.61804,4730176828.167588
2023-11-29 09:00:00,0.0111,0.0113,0.011,0.011,280840594943.7325,3123224782.789166
2023-11-30 09:00:00,0.011,0.0112,0.0109,0.0111,303878033200.2232,3354383462.6952767
2023-12-01 09:00:00,0.0112,0.0113,0.011,0.0113,299579203443.4959,3347004404.3025136
2023-12-02 09:00:00,0.0112,0.0114,0.0111,0.0113,221680886382.9297,2491903099.842735
2023-12-03 09:00:00,0.0113,0.0124,0.0112,0.0121,792766523452.6542,9385966259.01425
2023-12-04 09:00:00,0.0122,0.0129,0.0119,0.0125,1113642771992.024,13676616251.697256
2023-12-05 09:00:00,0.0125,0.0131,0.012,0.013,840849215460.9418,10543675129.367538
2023-12-06 09:00:00,0.013,0.0178,0.0128,0.0134,8165634468308.036,118886526876.27441
2023-12-07 09:00:00,0.0135,0.0136,0.0128,0.0134,1396914296036.9878,18602363110.803204
2023-12-08 09:00:00,0.0133,0.0143,0.0133,0.0139,2043258108419.9697,28111831631.054604
2023-12-09 09:00:00,0.0139,0.0143,0.0136,0.0138,1000605647799.8872,13993895555.629189
2023-12-10 09:00:00,0.0138,0.0144,0.0135,0.0141,1930148840188.2434,27056523113.685955
2023-12-11 09:00:00,0.0141,0.0146,0.0127,0.0131,2465447302587.699,33326626699.11876
2023-12-12 09:00:00,0.0131,0.0135,0.0129,0.0132,912282572759.6477,12054072920.82306
2023-12-13 09:00:00,0.0133,0.0137,0.0128,0.0135,615340158318.1647,8109009420.059499
2023-12-14 09:00:00,0.0136,0.0141,0.0133,0.0138,980877027528.2463,13465140266.672052
2023-12-15 09:00:00,0.0138,0.0138,0.0133,0.0134,670329988846.8903,9090992891.243635
2023-12-16 09:00:00,0.0133,0.0162,0.0131,0.0159,2021100446451.375,29943601233.272045
2023-12-17 09:00:00,0.016,0.0164,0.014,0.0141,3592320412287.0674,53803620004.94779
2023-12-18 09:00:00,0.0141,0.0144,0.013,0.0143,2741664784895.086,37466432592.47207
2023-12-19 09:00:00,0.0142,0.0144,0.0137,0.0138,1138302363830.4592,15992759136.381851
2023-12-20 09:00:00,0.0138,0.0143,0.0135,0.0139,1251226942569.2322,17440969574.646507
2023-12-21 09:00:00,0.014,0.0143,0.0138,0.0141,1001669036037.1355,14074396588.86531
2023-12-22 09:00:00,0.0142,0.0149,0.014,0.0147,1981016225943.3582,28613386012.290283
2023-12-23 09:00:00,0.0147,0.0154,0.0143,0.015,1471422720933.2937,21812700032.43216
2023-12-24 09:00:00,0.015,0.015,0.0142,0.0143,1282626989280.364,18886623609.53175
2023-12-25 09:00:00,0.0143,0.0148,0.0142,0.0146,1076155271926.8652,15618103315.384497
2023-12-26 09:00:00,0.0147,0.0147,0.0138,0.0143,1137314450882.8367,16241675431.581228
2023-12-27 09:00:00,0.0143,0.0146,0.0138,0.0146,1148574755272.3599,16356782556.135166
2023-12-28 09:00:00,0.0146,0.0148,0.014,0.0141,1182497531154.615,16990169971.164394
2023-12-29 09:00:00,0.0142,0.0143,0.0137,0.014,842101321824.1978,11821592755.04502
2023-12-30 09:00:00,0.014,0.0143,0.0139,0.014,494914239623.18896,6977303945.840131
2023-12-31 09:00:00,0.0141,0.0142,0.0139,0.014,481423727944.3265,6776402511.697478
2024-01-01 09:00:00,0.014,0.0143,0.0139,0.0142,493167473485.5247,6927502275.382636
2024-01-02 09:00:00,0.0142,0.0146,0.0141,0.0142,1027112540793.4265,14717473209.400578
2024-01-03 09:00:00,0.0142,0.0143,0.0107,0.0131,2482033162964.293,32653895247.51699
2024-01-04 09:00:00,0.0131,0.0141,0.0126,0.0135,1388059719778.568,18346499986.409172
2024-01-05 09:00:00,0.0134,0.0136,0.0128,0.0133,828380720991.6691,10906676651.270433
2024-01-06 09:00:00,0.0132,0.0133,0.0126,0.013,591343417086.1521,7651951633.660578
2024-01-07 09:00:00,0.013,0.0131,0.0119,0.0122,816019003336.0735,10322647744.785961
2024-01-08 09:00:00,0.0122,0.013,0.0113,0.013,1246821841951.2402,15109831710.653671
2024-01-09 09:00:00,0.0129,0.0135,0.0123,0.013,1280287724018.0762,16371708041.919697
2024-01-10 09:00:00,0.013,0.014,0.0122,0.0136,1475005885859.5256,19220559578.528736
2024-01-11 09:00:00,0.0136,0.0144,0.0133,0.0139,1617665158481.9163,22497944256.303406
2024-01-12 09:00:00,0.014,0.0142,0.013,0.0134,1123159655107.6821,15429181563.565426
2024-01-13 09:00:00,0.0134,0.0139,0.0128,0.0136,710885732926.9901,9536341884.092075
2024-01-14 09:00:00,0.0136,0.0138,0.0131,0.0132,571843670476.4691,7728008296.363267
2024-01-15 09:00:00,0.0132,0.0134,0.013,0.0132,636781698560.4066,8438968323.4289255
2024-01-16 09:00:00,0.0132,0.0134,0.013,0.0132,544894576550.6568,7204202158.768504
2024-01-17 09:00:00,0.0133,0.0134,0.013,0.013,502669242064.5903,6616117171.239988
2024-01-18 09:00:00,0.0131,0.0131,0.0125,0.0128,663276525467.0518,8545112708.91553
2024-01-19 09:00:00,0.0128,0.0129,0.0123,0.0129,745055174139.337,9411856492.26075
2024-01-20 09:00:00,0.0129,0.0137,0.0127,0.0133,690307507184.5791,9081383581.53805
2024-01-21 09:00:00,0.0133,0.0135,0.0128,0.0128,623495664067.7225,8203254598.178571
2024-01-22 09:00:00,0.0129,0.013,0.0123,0.0123,873712590322.7859,11029132394.57749
2024-01-23 09:00:00,0.0124,0.0126,0.0116,0.0123,1048415554811.977,12623914440.052973
2024-01-24 09:00:00,0.0123,0.0124,0.012,0.0123,453270786943.81104,5549421090.720579
2024-01-25 09:00:00,0.0122,0.0123,0.0121,0.0123,424685869760.9633,5182510074.999788
2024-01-26 09:00:00,0.0123,0.0126,0.0121,0.0125,518763302982.9315,6424504695.934724
2024-01-27 09:00:00,0.0125,0.0127,0.0123,0.0126,344224578613.5834,4311230574.212031
2024-01-28 09:00:00,0.0126,0.0128,0.0123,0.01239,448278017463.9637,5634627185.545739
2024-01-29 09:00:00,0.0124,0.01266,0.0123,0.01257,399273394930.58673,4971590548.074632
2024-01-30 09:00:00,0.01257,0.0129,0.01239,0.01243,515375704620.82056,6513882011.74523
2024-01-31 09:00:00,0.01243,0.01259,0.01225,0.01236,475884393998.5558,5912900492.383532
2024-02-01 09:00:00,0.01236,0.01244,0.01213,0.01242,299831199462.33624,3684785612.1426015
2024-02-02 09:00:00,0.01241,0.0125,0.01228,0.01247,252457575222.6673,3133973108.3993206
2024-02-03 09:00:00,0.01247,0.01264,0.01244,0.01256,231459420012.94586,2898582551.7121587
2024-02-04 09:00:00,0.01256,0.01259,0.01225,0.0123,252767395134.3259,3143526517.945263
2024-02-05 09:00:00,0.01228,0.01243,0.01214,0.01229,300686480218.58215,3694894249.8300447
2024-02-06 09:00:00,0.01229,0.0123,0.01214,0.01216,305507632581.2973,3730906065.772875
2024-02-07 09:00:00,0.01215,0.01238,0.01201,0.01232,346796485374.2843,4224368563.07372
2024-02-08 09:00:00,0.01232,0.013,0.01232,0.0126,2406466200942.8315,30371367897.935017
2024-02-09 09:00:00,0.01261,0.01288,0.01252,0.01269,1155559383300.2202,14703122698.70589
2024-02-10 09:00:00,0.01268,0.01288,0.01241,0.0127,572413337620.2628,7264596806.996755
2024-02-11 09:00:00,0.0127,0.01299,0.01266,0.01272,640642558448.7162,8187089383.504831
2024-02-12 09:00:00,0.01272,0.01297,0.01252,0.0129,641312218471.6351,8144340768.639119
2024-02-13 09:00:00,0.01291,0.01309,0.01266,0.01283,924480473501.0613,11911823083.704653
2024-02-14 09:00:00,0.01285,0.01329,0.01272,0.01321,764437449604.1245,9936665710.133726
2024-02-15 09:00:00,0.01322,0.01378,0.0132,0.01354,1223576279238.2295,16485814175.268284
2024-02-16 09:00:00,0.01357,0.01385,0.01338,0.01365,822951414683.3846,11220558871.052557
2024-02-17 09:00:00,0.01365,0.01368,0.01299,0.01332,842934799108.156,11238502973.716202
2024-02-18 09:00:00,0.01332,0.01354,0.01323,0.01343,655254391313.2522,8781838592.953247
2024-02-19 09:00:00,0.01343,0.01377,0.01342,0.01375,712184841793.9766,9661083142.09441
2024-02-20 09:00:00,0.01374,0.0138,0.01325,0.01349,891366423385.8428,12056554939.55869
2024-02-21 09:00:00,0.01349,0.01356,0.01306,0.01335,700709944472.2698,9309742168.6
2024-02-22 09:00:00,0.01333,0.01346,0.01313,0.01328,434247962846.5697,5785554904.19967
2024-02-23 09:00:00,0.01328,0.01341,0.0132,0.01327,522434608345.4823,6944794105.631981
2024-02-24 09:00:00,0.01327,0.01341,0.01304,0.01328,586526215924.9274,7764530623.5344925
2024-02-25 09:00:00,0.0133,0.01338,0.01321,0.01332,342288570803.83673,4543836981.192593
2024-02-26 09:00:00,0.01332,0.014,0.01297,0.01381,850494346393.1821,11406413288.501795
2024-02-27 09:00:00,0.01381,0.01574,0.01361,0.015,2798038873741.84,40766334096.3271
2024-02-28 09:00:00,0.01499,0.01725,0.01472,0.01643,6498515410329.837,102365146920.07764
2024-02-29 09:00:00,0.01643,0.02076,0.016,0.01763,18195669184118.82,347067498472.7375
2024-03-01 09:00:00,0.01763,0.0245,0.01747,0.02371,16229966226740.652,335055219949.43884
2024-03-02 09:00:00,0.02371,0.03298,0.0232,0.03142,58603373356010.38,1714145318168.9
2024-03-03 09:00:00,0.03141,0.03363,0.02668,0.03147,29649519379989.324,909607697936.2505
2024-03-04 09:00:00,0.03145,0.05265,0.02997,0.0503,55731877153584.375,2274208504545.9683
2024-03-05 09:00:00,0.0503,0.06467,0.0387,0.05061,92356073871183.3,4912785756370.493
2024-03-06 09:00:00,0.05063,0.05473,0.0429,0.04711,38275275103037.336,1881994926411.224
2024-03-07 09:00:00,0.0471,0.0493,0.04146,0.04445,19413333591840.355,869808345966.0511
2024-03-08 09:00:00,0.04445,0.05337,0.04334,0.04995,33107529748435.56,1619630567076.0615
2024-03-09 09:00:00,0.04994,0.05199,0.04739,0.04906,14869513325531.787,739438998028.9718
2024-03-10 09:00:00,0.04905,0.04989,0.04514,0.04658,8596968349117.83,411763267328.67334
2024-03-11 09:00:00,0.04659,0.04984,0.04262,0.04719,13088001132408.049,613013487762.5199
2024-03-12 09:00:00,0.04719,0.0491,0.04367,0.04564,6692614959094.204,309192353871.46387
2024-03-13 09:00:00,0.04565,0.0473,0.04494,0.04575,6516040006716.833,299890626556.17395
2024-03-14 09:00:00,0.04573,0.04944,0.04481,0.04624,15835400893122.236,748006424278.9562
2024-03-15 09:00:00,0.04624,0.04732,0.03982,0.04343,11438236140959.65,492899029522.786
2024-03-16 09:00:00,0.04346,0.0447,0.03511,0.03787,11981769904209.227,470766057903.538
2024-03-17 09:00:00,0.03787,0.04367,0.03536,0.04326,22434939942092.746,888409010732.3304
2024-03-18 09:00:00,0.04325,0.04344,0.03905,0.03936,11395487614961.768,468438843112.12885
2024-03-19 09:00:00,0.03937,0.04028,0.03612,0.03722,12431176809221.258,472171986715.7149
2024-03-20 09:00:00,0.03722,0.04122,0.03511,0.04088,11365966763640.115,433527782810.0654
2024-03-21 09:00:00,0.04088,0.04164,0.0384,0.03963,7127437577201.372,283580480220.1892
2024-03-22 09:00:00,0.03963,0.04142,0.03807,0.03908,6074748157480.063,240323940009.6681
2024-03-23 09:00:00,0.03908,0.04123,0.0384,0.03954,5959604978703.356,238203761785.82474
2024-03-24 09:00:00,0.03954,0.0412,0.03949,0.04041,5371150326611.4795,217026288696.0233
2024-03-25 09:00:00,0.0404,0.0433,0.03956,0.04081,9177487345851.742,378779372897.7882
2024-03-26 09:00:00,0.04082,0.045,0.04035,0.04374,12865805672184.797,554285799809.611
2024-03-27 09:00:00,0.04374,0.04589,0.04163,0.04346,10041338794677.43,439718186174.05023
2024-03-28 09:00:00,0.04342,0.04668,0.04284,0.04572,10402454072220.057,469048387763.4115
2024-03-29 09:00:00,0.0457,0.04591,0.0433,0.044,4781507941754.673,211471908780.264
2024-03-30 09:00:00,0.044,0.04423,0.04244,0.04289,2696344446138.937,116798271619.35432
2024-03-31 09:00:00,0.04289,0.04385,0.04261,0.04354,2024495036093.9214,87670401396.76906
2024-04-01 09:00:00,0.04353,0.04353,0.04,0.04121,3477833028789.2993,144418190773.60202
2024-04-02 09:00:00,0.04121,0.04122,0.03775,0.03876,4437756950348.264,173123303422.77994
2024-04-03 09:00:00,0.03876,0.0401,0.03735,0.03856,3534906806714.6333,138092397508.48813
2024-04-04 09:00:00,0.03856,0.04107,0.038,0.04024,2650352530144.3545,104635490720.00934
2024-04-05 09:00:00,0.04027,0.04027,0.03849,0.03894,2138259060430.3188,83732785457.75415
2024-04-06 09:00:00,0.03894,0.0399,0.03873,0.03946,1193424026782.568,46975796127.02705
2024-04-07 09:00:00,0.03947,0.0416,0.03935,0.04038,2941418267122.16,119592275279.19865
2024-04-08 09:00:00,0.04038,0.04189,0.0398,0.04094,2845819286897.6826,116132664375.00343
2024-04-09 09:00:00,0.04095,0.04199,0.03913,0.03957,3078660017752.0723,124664796483.46179
2024-04-10 09:00:00,0.03957,0.04045,0.0383,0.03998,2402602524870.7773,94809793546.72551
2024-04-11 09:00:00,0.04,0.04003,0.03911,0.03947,1399981739230.954,55396872765.57664
2024-04-12 09:00:00,0.03947,0.04018,0.03517,0.03685,3123618867533.472,117952290753.04831
2024-04-13 09:00:00,0.03685,0.03687,0.0284,0.03212,5707752062011.022,190618350308.63266
2024-04-14 09:00:00,0.03207,0.03486,0.0313,0.03422,7206070996225.182,237642296696.30017
2024-04-15 09:00:00,0.03421,0.03557,0.03219,0.03339,4119993377660.6436,139647759617.75153
2024-04-16 09:00:00,0.03338,0.03671,0.03149,0.034,6891542068843.144,231279741199.58533
2024-04-17 09:00:00,0.034,0.03465,0.0321,0.0329,3838551295436.854,127406514576.02382
2024-04-18 09:00:00,0.03295,0.03389,0.03156,0.03354,3258742611245.496,107033463873.43279
2024-04-19 09:00:00,0.03354,0.03447,0.03089,0.03348,4155738986647.745,136448013703.27274
2024-04-20 09:00:00,0.03347,0.03909,0.03323,0.0382,4819170668334.8125,175349211396.1097
2024-04-21 09:00:00,0.0382,0.04126,0.03737,0.03837,11209443881148.883,441501423917.4906
2024-04-22 09:00:00,0.03837,0.04018,0.03814,0.03914,4904603698702.851,192440781998.50977
2024-04-23 09:00:00,0.03915,0.04057,0.03795,0.03884,4146969868905.242,161532442497.10635
2024-04-24 09:00:00,0.03884,0.0398,0.0368,0.03734,4269979978368.8745,163726074313.94785
2024-04-25 09:00:00,0.03734,0.03825,0.0354,0.037,4306256703246.8276,157838912897.9831
2024-04-26 09:00:00,0.03697,0.03739,0.03599,0.03638,2625884236118.105,96324047060.58463
2024-04-27 09:00:00,0.0364,0.03655,0.03465,0.03573,2334152930310.839,82844040679.9663
2024-04-28 09:00:00,0.03573,0.03618,0.0346,0.0348,1713995972878.8252,60847890731.90881
2024-04-29 09:00:00,0.03481,0.03499,0.033,0.03454,3595758163586.1226,121979839136.94316
2024-04-30 09:00:00,0.0346,0.03553,0.03145,0.03216,5496179903523.184,181512708850.68002
2024-05-01 09:00:00,0.03215,0.03301,0.02911,0.03243,8202695347225.578,252169277630.5189
2024-05-02 09:00:00,0.03243,0.03308,0.03028,0.03206,5374414869375.034,171992819128.2464
2024-05-03 09:00:00,0.03205,0.03509,0.03185,0.03473,6042012746732.132,201936971842.79932
2024-05-04 09:00:00,0.03473,0.03724,0.03414,0.03542,5869311971901.623,209179646395.12253
2024-05-05 09:00:00,0.03541,0.03573,0.0341,0.03476,2674974441577.7817,93200584184.14415
2024-05-06 09:00:00,0.03476,0.03595,0.03357,0.0336,3634832535031.712,126118771204.01393
2024-05-07 09:00:00,0.0336,0.03408,0.03226,0.03238,2150127825200.6797,71593895046.7761
2024-05-08 09:00:00,0.03237,0.03276,0.03133,0.03165,2376680087566.4995,76159868747.44017
2024-05-09 09:00:00,0.03165,0.03318,0.03122,0.03277,1909814317969.4329,61270862447.8179
2024-05-10 09:00:00,0.03277,0.0329,0.03124,0.03166,1809256992188.8,58207537818.44746
2024-05-11 09:00:00,0.03166,0.03226,0.03149,0.03171,920953520301.9819,29302810997.897556
2024-05-12 09:00:00,0.03173,0.03199,0.0313,0.03142,683835750452.4663,21686156418.59213
2024-05-13 09:00:00,0.03143,0.03434,0.03033,0.03273,6715390739292.782,220622929090.0534
2024-05-14 09:00:00,0.03273,0.03425,0.03211,0.03232,4903159546869.749,161694018362.72266
2024-05-15 09:00:00,0.03238,0.0355,0.03217,0.03513,5250832402064.957,177251088631.06625
2024-05-16 09:00:00,0.03513,0.03595,0.0338,0.0342,4635787934024.221,161666673667.0174
2024-05-17 09:00:00,0.0342,0.0349,0.03366,0.0346,2376426720348.985,81585814453.22789
2024-05-18 09:00:00,0.0346,0.03493,0.034,0.03442,1688604181811.6648,58202833398.53886
2024-05-19 09:00:00,0.03442,0.03483,0.03292,0.03316,2006446003788.4702,67937903459.600876
2024-05-20 09:00:00,0.03316,0.0355,0.03267,0.03548,3342624709825.186,112871836502.52737
2024-05-21 09:00:00,0.03548,0.0365,0.03426,0.03613,5318715003483.555,187966937696.1755
2024-05-22 09:00:00,0.03611,0.03716,0.0345,0.03495,4363451745516.7485,155708806882.7511
2024-05-23 09:00:00,0.03495,0.03546,0.03282,0.03437,3254200050759.0273,111788990769.05829
2024-05-24 09:00:00,0.03437,0.0349,0.0331,0.03396,2338128808486.23,79528677184.7051
2024-05-25 09:00:00,0.03395,0.03509,0.03373,0.03482,1496077494881.5938,51557212698.89917
2024-05-26 09:00:00,0.03482,0.03493,0.03387,0.03391,1108866259865.596,38073288772.49832
2024-05-27 09:00:00,0.03391,0.03641,0.0339,0.03532,3833132735963.588,135566900973.944
2024-05-28 09:00:00,0.03532,0.0378,0.03403,0.03697,6306670607078.264,226690407950.56696
2024-05-29 09:00:00,0.03698,0.04062,0.03673,0.03825,11671411125477.758,451230495487.471
2024-05-30 09:00:00,0.03825,0.03959,0.0357,0.03603,6269726454126.064,234378870563.3936
2024-05-31 09:00:00,0.03603,0.03663,0.035,0.03563,2861599545280.9033,102896525321.986
2024-06-01 09:00:00,0.03563,0.03576,0.03515,0.03539,978659937744.4851,34668266626.44816
2024-06-02 09:00:00,0.03539,0.03562,0.03393,0.03453,1642599984599.4004,57216265326.319824
2024-06-03 09:00:00,0.03453,0.03523,0.034,0.03416,1860761023519.0771,64356922652.47567
2024-06-04 09:00:00,0.03416,0.03418,0.03251,0.03403,2248968349138.5127,75233257752.99258
2024-06-05 09:00:00,0.03405,0.03635,0.03381,0.03585,3889116437945.759,137985825793.7716
2024-06-06 09:00:00,0.03585,0.0362,0.03489,0.03507,1781462576071.7578,63459308546.87606
2024-06-07 09:00:00,0.03508,0.0353,0.03213,0.0335,2814130065131.1914,95980609857.94067
2024-06-08 09:00:00,0.03351,0.03402,0.03262,0.0329,1598911493497.4417,53248212341.98315
2024-06-09 09:00:00,0.03289,0.03327,0.03246,0.03302,980210560905.5587,32148069397.03886
2024-06-10 09:00:00,0.03302,0.03303,0.0318,0.03212,1404724554405.5369,45470625050.386444
2024-06-11 09:00:00,0.0321,0.03218,0.03,0.0307,2733243170434.5254,85017025092.30038
2024-06-12 09:00:00,0.03069,0.03262,0.02985,0.03124,3745296386074.7583,117396934896.2306
2024-06-13 09:00:00,0.03123,0.03124,0.02985,0.03001,1988475925201.497,60465548595.63423
2024-06-14 09:00:00,0.03,0.03094,0.02801,0.02892,3376854967014.6665,98894856611.79694
2024-06-15 09:00:00,0.02892,0.0297,0.02838,0.02942,1438596613478.7427,41969217871.033104
2024-06-16 09:00:00,0.02942,0.02978,0.0289,0.02957,807995078589.3997,23736464746.951797
2024-06-17 09:00:00,0.02958,0.02972,0.02626,0.02722,3664245735765.825,102225081997.56224
2024-06-18 09:00:00,0.02721,0.02739,0.02433,0.02548,4596703365624.813,116723046218.69814
2024-06-19 09:00:00,0.02548,0.0267,0.02526,0.02558,2811473624344.09,73148119304.7629
2024-06-20 09:00:00,0.02558,0.02672,0.02528,0.02558,2462594629561.281,63817728183.32579
2024-06-21 09:00:00,0.02558,0.02582,0.02462,0.02516,2104327560773.7737,52970121128.92545
2024-06-22 09:00:00,0.02517,0.0259,0.0249,0.02544,809236153157.4568,20584497979.527706
2024-06-23 09:00:00,0.02545,0.02572,0.02458,0.02473,976069244393.1132,24585131474.957085
2024-06-24 09:00:00,0.02473,0.02495,0.02317,0.02417,3213623017528.048,76832050905.98657
2024-06-25 09:00:00,0.02416,0.02569,0.02398,0.02508,2351048185648.001,58170903878.645584
2024-06-26 09:00:00,0.02508,0.02556,0.02417,0.02425,1519080278398.4114,37736503225.50454
2024-06-27 09:00:00,0.02426,0.02496,0.02379,0.02476,1500709105761.7026,36559874467.348434
2024-06-28 09:00:00,0.02476,0.02546,0.02374,0.02394,1626883151217.6853,39633472858.43425
2024-06-29 09:00:00,0.02394,0.02429,0.02377,0.02381,591559104451.3307,14213584332.331354
2024-06-30 09:00:00,0.02381,0.02445,0.0234,0.02421,1129992077763.2446,26946732075.665817
2024-07-01 09:00:00,0.0242,0.02469,0.02383,0.02401,1289535913037.594,31204667079.29627
2024-07-02 09:00:00,0.02402,0.02441,0.02386,0.02427,879950339650.3284,21216392258.845375
2024-07-03 09:00:00,0.02427,0.02454,0.0229,0.02324,1717791836132.4731,40543712853.44268
2024-07-04 09:00:00,0.02324,0.02337,0.02081,0.02093,3619229667524.9497,78893792728.46555
2024-07-05 09:00:00,0.02092,0.02155,0.01839,0.02144,6523691914247.422,128584467219.00276
2024-07-06 09:00:00,0.02143,0.02496,0.02089,0.02473,4369128468772.9004,99779689052.01068
2024-07-07 09:00:00,0.02473,0.02474,0.02186,0.022,4972208802903.645,115165109936.86736
2024-07-08 09:00:00,0.02204,0.02428,0.0211,0.02298,6374822838987.539,145713951829.09012
2024-07-09 09:00:00,0.02298,0.02354,0.02262,0.02313,2417814067646.105,55895847856.76333
2024-07-10 09:00:00,0.02313,0.02379,0.02277,0.02326,2003792957840.979,46785015024.697365
2024-07-11 09:00:00,0.02326,0.02395,0.02291,0.02299,2032303302541.1082,47494818562.859
2024-07-12 09:00:00,0.02298,0.02338,0.02234,0.02321,1664853466898.075,38032436691.90745
2024-07-13 09:00:00,0.0232,0.02439,0.02312,0.02394,2006715946576.4524,47842085572.476074
2024-07-14 09:00:00,0.02395,0.02494,0.02393,0.02475,2067334020271.1936,50392285236.777794
2024-07-15 09:00:00,0.02475,0.02726,0.02455,0.02709,3506062043577.0347,89703233629.16379
2024-07-16 09:00:00,0.02708,0.02849,0.02577,0.02704,9002997644774.266,244536524079.27185
2024-07-17 09:00:00,0.02703,0.02769,0.02594,0.02602,4279894710492.0137,114985100697.71294
2024-07-18 09:00:00,0.02602,0.0265,0.02366,0.02444,8913955830720.86,219961381317.50372
2024-07-19 09:00:00,0.02444,0.02536,0.02362,0.02486,5004578905886.967,122450397141.82704
2024-07-20 09:00:00,0.02486,0.02591,0.02451,0.02537,3554189287965.216,89466755632.82361
2024-07-21 09:00:00,0.02537,0.02573,0.024,0.02545,3006342201189.406,75497975591.18323
2024-07-22 09:00:00,0.02546,0.02556,0.02441,0.02457,2724761025408.5366,67757004557.14879
2024-07-23 09:00:00,0.02453,0.02484,0.02352,0.02385,2313024151059.313,55923974358.86916
2024-07-24 09:00:00,0.02385,0.0245,0.0232,0.02352,1843532206492.9333,44025272591.007645
2024-07-25 09:00:00,0.02352,0.02369,0.02228,0.02302,2375838367988.81,54173402781.785995
2024-07-26 09:00:00,0.02303,0.02375,0.02301,0.02368,1273726217490.3364,29892977101.970013
2024-07-27 09:00:00,0.02367,0.02456,0.02338,0.02364,2201005543687.021,52747723179.20909
2024-07-28 09:00:00,0.02363,0.02398,0.02329,0.02346,1121432355637.929,26405779021.82544
2024-07-29 09:00:00,0.02346,0.024,0.02315,0.02329,1620395291341.7954,38341459059.4628
2024-07-30 09:00:00,0.02329,0.0236,0.02248,0.02301,1426136063121.3474,33063492316.15467
2024-07-31 09:00:00,0.023,0.02328,0.0221,0.02227,1710278908877.6897,38893659184.98586
2024-08-01 09:00:00,0.02227,0.02246,0.02105,0.02217,1848184174193.135,40551452101.593124
2024-08-02 09:00:00,0.02218,0.02233,0.02057,0.02067,1912437815574.5515,40848504642.36116
2024-08-03 09:00:00,0.02066,0.02089,0.01956,0.02014,1995383047450.8179,40429355364.63755
2024-08-04 09:00:00,0.02014,0.02023,0.01851,0.01881,2557888644322.41,49421776902.30727
2024-08-05 09:00:00,0.01881,0.02023,0.01571,0.01906,9746812295573.988,172484890070.82895
2024-08-06 09:00:00,0.01907,0.02043,0.01874,0.01926,3977589256206.927,77866737757.35497
2024-08-07 09:00:00,0.01928,0.0198,0.0181,0.01832,2791104242704.8223,53265965640.40742
2024-08-08 09:00:00,0.01834,0.02017,0.018,0.02003,2678834279906.9556,51125455649.89306
2024-08-09 09:00:00,0.02003,0.02011,0.01926,0.01977,1844549853099.73,36315299207.21743
2024-08-10 09:00:00,0.01976,0.02009,0.01951,0.01983,880671737687.9531,17409469340.776516
2024-08-11 09:00:00,0.01983,0.02054,0.01872,0.01891,2097702891800.2275,41327893203.05092
2024-08-12 09:00:00,0.01891,0.01978,0.01863,0.01954,1961696970443.045,37805988067.28579
2024-08-13 09:00:00,0.01953,0.01966,0.01895,0.01939,1131554815457.546,21839285080.831
2024-08-14 09:00:00,0.01939,0.01955,0.0188,0.01912,1141667308502.874,21918739753.564037
2024-08-15 09:00:00,0.0191,0.01925,0.01844,0.01866,1037327542083.1638,19628296134.14735
2024-08-16 09:00:00,0.01869,0.01885,0.01813,0.01849,1044185267602.7013,19352443708.9336
2024-08-17 09:00:00,0.01849,0.0187,0.01835,0.01863,393273484375.7371,7289161287.444126
2024-08-18 09:00:00,0.01863,0.01887,0.01842,0.01845,469536924695.7537,8755831280.975739
2024-08-19 09:00:00,0.01845,0.0187,0.01795,0.01833,1187633377165.776,21656459847.03229
2024-08-20 09:00:00,0.01833,0.01903,0.01826,0.01866,1458293269360.681,27256346774.84084
2024-08-21 09:00:00,0.01865,0.01927,0.01846,0.01913,1176763803002.2715,22092550100.693916
2024-08-22 09:00:00,0.01913,0.01946,0.01882,0.0191,1030104905113.3109,19748150163.399952
2024-08-23 09:00:00,0.0191,0.02066,0.01907,0.02041,1623861941879.2363,32168200261.828873
2024-08-24 09:00:00,0.02041,0.02147,0.02018,0.0209,1679027840501.8804,34842063093.454216
2024-08-25 09:00:00,0.02089,0.02093,0.01969,0.0203,1638724335269.8176,33164650536.402527
2024-08-26 09:00:00,0.02031,0.02043,0.01934,0.01961,1639076739652.3228,32556861529.459843
2024-08-27 09:00:00,0.01961,0.0199,0.0184,0.01875,1631495311020.0015,31420106971.474754
2024-08-28 09:00:00,0.01875,0.01931,0.01838,0.01892,1279691777228.2517,24063546250.22866
2024-08-29 09:00:00,0.01892,0.01967,0.01886,0.01915,977399937677.194,18764836857.46514
2024-08-30 09:00:00,0.01915,0.01932,0.0187,0.01906,1046848332599.8828,19903306111.835213
2024-08-31 09:00:00,0.01905,0.01918,0.01871,0.01885,515112519877.6946,9742509236.113813
2024-09-01 09:00:00,0.01884,0.0189,0.01791,0.01797,997125314828.0496,18367609444.80391
2024-09-02 09:00:00,0.01798,0.01861,0.01791,0.01852,999519803227.6085,18193553478.90538
2024-09-03 09:00:00,0.01852,0.01878,0.01778,0.01784,977980618742.1765,17903949103.331997
2024-09-04 09:00:00,0.01784,0.01855,0.01707,0.01845,1411951070854.865,25169416003.02736
2024-09-05 09:00:00,0.01845,0.0185,0.0178,0.01793,999697474469.2765,18082276539.9543
2024-09-06 09:00:00,0.01793,0.01818,0.01694,0.01747,1674580829774.951,29583294929.56087
2024-09-07 09:00:00,0.01746,0.01773,0.01728,0.01749,645707590417.1674,11315583965.597908
2024-09-08 09:00:00,0.0175,0.01785,0.01742,0.01774,765493599283.1013,13469025982.813437
2024-09-09 09:00:00,0.01774,0.0186,0.01764,0.01834,1094903824169.456,19756789749.9618
2024-09-10 09:00:00,0.01833,0.0185,0.01805,0.01833,1000839589397.4679,18255263130.893574
2024-09-11 09:00:00,0.01833,0.01836,0.01757,0.0179,1248516758255.311,22385597862.311867
2024-09-12 09:00:00,0.0179,0.01821,0.01781,0.01819,1065167756172.6672,19184372919.64497
2024-09-13 09:00:00,0.01819,0.01888,0.018,0.01869,1434209247671.8513,26361624536.581135
2024-09-14 09:00:00,0.01869,0.01884,0.0183,0.01842,836941596593.7104,15518556636.928741
2024-09-15 09:00:00,0.01842,0.0186,0.01792,0.01805,810487884514.1519,14917017928.138805
2024-09-16 09:00:00,0.01805,0.01812,0.01758,0.01779,1041389253970.4531,18562139526.980026
2024-09-17 09:00:00,0.01777,0.01822,0.01761,0.0179,1023441869856.4572,18312832982.66512
2024-09-18 09:00:00,0.0179,0.01833,0.01752,0.01833,1397821787481.132,24954519378.33924
2024-09-19 09:00:00,0.01833,0.01945,0.01832,0.01881,2532695002896.324,47730996064.53773
2024-09-20 09:00:00,0.01882,0.01939,0.01851,0.01922,2013787665240.069,38353582194.82407
2024-09-21 09:00:00,0.01922,0.02001,0.0189,0.01998,1994289060390.9426,38744238621.30308
2024-09-22 09:00:00,0.01999,0.02016,0.01902,0.0194,1737533020756.9744,33958491972.21504
2024-09-23 09:00:00,0.0194,0.01983,0.01903,0.01933,1373461916430.6392,26733253968.15364
2024-09-24 09:00:00,0.01936,0.01985,0.01913,0.01966,1453244823969.7097,28328688168.398415
2024-09-25 09:00:00,0.01967,0.02105,0.01958,0.02041,4044973868717.4097,82389493836.0938
2024-09-26 09:00:00,0.02041,0.02549,0.01991,0.02458,14541177140877.422,335424935453.76886
2024-09-27 09:00:00,0.02458,0.02846,0.02444,0.02678,19911924825312.81,525691187862.05725
2024-09-28 09:00:00,0.02678,0.02825,0.02515,0.02581,11688492080433.002,310701085621.43616
2024-09-29 09:00:00,0.02581,0.0269,0.025,0.02534,6568169378738.852,170356570408.73163
2024-09-30 09:00:00,0.02536,0.02537,0.0231,0.02326,6136792994650.176,147966076883.12665
2024-10-01 09:00:00,0.02326,0.02462,0.02122,0.02205,10274820382500.115,237107579173.5658
2024-10-02 09:00:00,0.02205,0.02284,0.02153,0.02196,6554481587181.742,145474037916.30347
2024-10-03 09:00:00,0.02195,0.02255,0.0211,0.02184,4673356984861.007,102011458262.36385
2024-10-04 09:00:00,0.02184,0.02395,0.02163,0.02351,5806901428551.882,133946847697.60103
2024-10-05 09:00:00,0.02351,0.02432,0.02291,0.02362,3866601277738.17,91648480698.20609
2024-10-06 09:00:00,0.02362,0.02535,0.02312,0.0244,4805171475190.27,116552829417.54758
2024-10-07 09:00:00,0.0244,0.02525,0.02349,0.02354,5504755688019.068,134744696400.25151
2024-10-08 09:00:00,0.02353,0.02386,0.02305,0.02333,2392409972518.0664,56200517762.14384
2024-10-09 09:00:00,0.02334,0.02433,0.02275,0.02296,2749145021150.913,64728998402.7525
2024-10-10 09:00:00,0.02295,0.02335,0.02197,0.02285,2792570418763.4614,63786458491.956726
2024-10-11 09:00:00,0.02285,0.02446,0.02253,0.02387,3070064751451.1772,72124139077.19667
2024-10-12 09:00:00,0.02388,0.02446,0.02379,0.02401,2867693385692.89,69255385545.56157
2024-10-13 09:00:00,0.02401,0.02415,0.02315,0.02382,2145819424429.641,51049886628.63832
2024-10-14 09:00:00,0.02382,0.02539,0.02349,0.02512,3932833683447.467,95985329177.1397
2024-10-15 09:00:00,0.02512,0.02543,0.02389,0.02465,5884699743734.339,145115414030.11304
2024-10-16 09:00:00,0.02465,0.02591,0.02428,0.0252,5351645172303.5625,134642284493.70056
2024-10-17 09:00:00,0.0252,0.02536,0.02409,0.02479,2974452366158.305,73336914988.38065
2024-10-18 09:00:00,0.02479,0.02619,0.02468,0.02562,4955547287650.097,126837169674.53513
2024-10-19 09:00:00,0.02562,0.02655,0.02536,0.02599,4382974907202.615,114476055793.47493
2024-10-20 09:00:00,0.02599,0.02611,0.02518,0.02591,2116810771808.209,54221898048.25951
2024-10-21 09:00:00,0.02591,0.0263,0.02473,0.02513,3772141578129.2783,96682380474.87927
2024-10-22 09:00:00,0.02513,0.02553,0.02473,0.02499,2169536563726.8586,54439788610.899345
2024-10-23 09:00:00,0.025,0.0251,0.02373,0.02446,2109470319650.0225,51665960614.43925
2024-10-24 09:00:00,0.02446,0.02503,0.02407,0.02489,1811366951084.1973,44504378555.02206
2024-10-25 09:00:00,0.02489,0.02494,0.02259,0.02329,2096182710780.6196,50582658724.365036
2024-10-26 09:00:00,0.02329,0.02398,0.02303,0.0238,1273902925648.6926,29962962853.38364
2024-10-27 09:00:00,0.02383,0.02424,0.02356,0.02405,976735023650.9722,23320711511.950912
2024-10-28 09:00:00,0.02406,0.02558,0.02348,0.02539,3109245055538.434,75872608394.05324
2024-10-29 09:00:00,0.02539,0.0275,0.02521,0.02657,6444905378046.398,168538404657.3836
2024-10-30 09:00:00,0.02657,0.02698,0.02528,0.0256,4132071387648.8257,108049683782.41212
2024-10-31 09:00:00,0.02558,0.02672,0.02469,0.02498,4373873692114.9917,112544110036.34785
2024-11-01 09:00:00,0.02498,0.02531,0.02392,0.0246,3254330581458.127,80076551414.01666
2024-11-02 09:00:00,0.02459,0.0251,0.0242,0.02447,1285364080985.4941,31660730496.67379
2024-11-03 09:00:00,0.02445,0.0245,0.02259,0.02357,2395485219103.7686,56249718225.07347
2024-11-04 09:00:00,0.02357,0.02398,0.02285,0.02344,2128108696497.6501,50015706712.36729
2024-11-05 09:00:00,0.02345,0.0258,0.02344,0.02479,3914909218378.04,96747674929.4943
2024-11-06 09:00:00,0.02478,0.02737,0.02477,0.02632,10850042422484.238,282942544490.678
2024-11-07 09:00:00,0.02633,0.02685,0.02512,0.02631,4888139037640.283,127500439834.72295
2024-11-08 09:00:00,0.02631,0.02674,0.02575,0.02654,4418743119360.588,116424481864.62645
2024-11-09 09:00:00,0.02655,0.0284,0.02586,0.02838,5484147615181.704,147814831047.9732
2024-11-10 09:00:00,0.02839,0.03855,0.02784,0.03616,46081766710164.33,1569876183482.8225
2024-11-11 09:00:00,0.03614,0.03988,0.03385,0.03904,32862092889352.93,1224044817994.109
2024-11-12 09:00:00,0.03904,0.043,0.03455,0.03767,36290019841681.02,1413707916866.7227
2024-11-13 09:00:00,0.03767,0.03942,0.03327,0.03656,18846690244292.03,687401585548.9471
2024-11-14 09:00:00,0.03658,0.03793,0.0321,0.03331,10681929265107.543,383235989476.11554
2024-11-15 09:00:00,0.03333,0.03651,0.0321,0.03593,6986881774099.757,237901785337.37595
2024-11-16 09:00:00,0.03592,0.03687,0.03359,0.03461,7138021045242.434,250977536636.9846
2024-11-17 09:00:00,0.03461,0.03607,0.03263,0.03487,6128619378988.19,211765597283.59448
2024-11-18 09:00:00,0.0349,0.03608,0.03397,0.0349,6070502417044.694,212361899625.7459
2024-11-19 09:00:00,0.03494,0.03666,0.03439,0.03483,7594740167440.174,268670104071.7965
2024-11-20 09:00:00,0.03484,0.03486,0.03316,0.03379,4244061890170.612,144551841952.56305
2024-11-21 09:00:00,0.03378,0.03551,0.03269,0.03453,5166390488608.334,176198873685.24405
2024-11-22 09:00:00,0.03453,0.03595,0.03251,0.03515,7141832685315.421,247342893723.33493
2024-11-23 09:00:00,0.03515,0.03897,0.03448,0.03613,16036746395811.521,596614367311.3862
2024-11-24 09:00:00,0.03615,0.03976,0.03335,0.03584,13383256937660.104,490381374911.74207
2024-11-25 09:00:00,0.03585,0.03643,0.03408,0.03456,5477986505377.479,193663635186.10992
2024-11-26 09:00:00,0.03455,0.0353,0.03269,0.03409,4676673869205.892,159217817726.25668
2024-11-27 09:00:00,0.03409,0.03585,0.03353,0.03571,3175096789733.6177,109998380384.8156
2024-11-28 09:00:00,0.03572,0.03685,0.0349,0.03553,3709166075405.934,132438972912.60764
2024-11-29 09:00:00,0.03553,0.03639,0.03526,0.03603,4237781623157.106,152356025284.81583
2024-11-30 09:00:00,0.03603,0.0382,0.0356,0.03707,6623166541161.877,245254894207.6504
2024-12-01 09:00:00,0.03707,0.04611,0.03686,0.04254,45167571148642.29,1914513791291.6292
2024-12-02 09:00:00,0.04253,0.04535,0.03945,0.0418,18225019120024.57,769032059352.9622
2024-12-03 09:00:00,0.04179,0.04316,0.021,0.03994,17843692944757.41,688572269679.01
2024-12-04 09:00:00,0.03995,0.04657,0.03994,0.04644,13169345557092.705,567910459864.9336
2024-12-05 09:00:00,0.0464,0.04645,0.0421,0.04323,12343858447341.594,546653283944.79706
2024-12-06 09:00:00,0.04323,0.044,0.04089,0.04308,4782740579090.562,204545633084.24722
2024-12-07 09:00:00,0.04309,0.0462,0.04237,0.04454,5989723065506.536,263198847743.5531
2024-12-08 09:00:00,0.04454,0.04663,0.04375,0.04491,6034861820826.872,272491568541.4362
2024-12-09 09:00:00,0.04493,0.04502,0.035,0.03897,8010015618915.246,329486402661.57446
2024-12-10 09:00:00,0.03895,0.03971,0.03512,0.03886,7583532093696.094,285793386645.8956
2024-12-11 09:00:00,0.03886,0.04154,0.03677,0.04076,4038530585259.072,158480884481.19727
2024-12-12 09:00:00,0.04077,0.0423,0.0398,0.0402,3506128226347.53,144181031177.33447
2024-12-13 09:00:00,0.04022,0.04077,0.03932,0.04067,2216834948781.5728,88696131320.01767
2024-12-14 09:00:00,0.04067,0.04119,0.03865,0.03959,2638310041614.1987,105626863702.78044
2024-12-15 09:00:00,0.03959,0.0401,0.03872,0.03981,1958547403504.8628,77357334854.83522
2024-12-16 09:00:00,0.03981,0.04054,0.0385,0.0393,2553109913998.884,100763911575.42012
2024-12-17 09:00:00,0.0393,0.03989,0.03807,0.03855,2872687907111.1357,112301077363.95091
2024-12-18 09:00:00,0.03859,0.03876,0.03518,0.0355,2897429780207.1255,108061147185.88951
2024-12-19 09:00:00,0.03549,0.03663,0.03211,0.03266,4245185061756.806,147401159515.4115
2024-12-20 09:00:00,0.0327,0.03449,0.02845,0.034,6625815260121.802,206954896949.1527
2024-12-21 09:00:00,0.034,0.036,0.03233,0.03301,3559838440387.6543,121922620279.21141
2024-12-22 09:00:00,0.033,0.03363,0.03171,0.03272,1816532816289.3572,59537027364.10904
2024-12-23 09:00:00,0.03271,0.0344,0.03182,0.0339,1912145919885.3215,63117649633.52521
2024-12-24 09:00:00,0.0339,0.03525,0.03305,0.03493,1848429014001.2634,63212551794.43811
2024-12-25 09:00:00,0.03496,0.03586,0.03383,0.03399,2116530030219.0593,73325759158.51096
2024-12-26 09:00:00,0.03399,0.03445,0.03218,0.0325,1666238163734.1128,55039466544.068756
2024-12-27 09:00:00,0.03248,0.03355,0.03203,0.03268,1542322188664.032,50620290370.9064
2024-12-28 09:00:00,0.03268,0.03346,0.03237,0.0331,823126609521.2539,27028592249.921158
2024-12-29 09:00:00,0.0331,0.03348,0.03175,0.03182,1012189152428.9661,33104619044.852135
2024-12-30 09:00:00,0.03182,0.03245,0.03055,0.03143,1550242166666.9011,49028501689.45794
2024-12-31 09:00:00,0.03143,0.03262,0.03035,0.03161,1613503271479.1199,50717086833.9329
2025-01-01 09:00:00,0.03161,0.03248,0.03104,0.03242,1196741725718.0647,38003551351.99956
2025-01-02 09:00:00,0.03242,0.03413,0.0322,0.03402,1942174874449.8416,64647395892.23143
2025-01-03 09:00:00,0.03403,0.03629,0.03331,0.036,2542844486380.2163,88606591627.10945
2025-01-04 09:00:00,0.036,0.03676,0.0353,0.03589,2545660071785.693,91834424033.44185
2025-01-05 09:00:00,0.03587,0.03599,0.03469,0.03522,1531077404412.6897,53991435558.035355
2025-01-06 09:00:00,0.03526,0.03606,0.03456,0.03536,1568636567548.7466,55502341910.77485
2025-01-07 09:00:00,0.03536,0.03563,0.0325,0.03258,2253193128019.934,76831506055.06212
2025-01-08 09:00:00,0.03258,0.03288,0.031,0.03195,2062641186200.1133,66315328052.60052
2025-01-09 09:00:00,0.03193,0.03312,0.03105,0.03178,1769519855653.9436,56344592981.95671
2025-01-10 09:00:00,0.03178,0.03289,0.03172,0.03249,1251139526958.045,40507668405.43024
2025-01-11 09:00:00,0.03249,0.03397,0.0322,0.03326,1059356749315.7433,34872578917.83381
2025-01-12 09:00:00,0.03326,0.03327,0.03209,0.03243,772489208619.6442,25252230988.443836
2025-01-13 09:00:00,0.03243,0.03314,0.03017,0.03188,1795737038264.8984,56318426355.54647
2025-01-14 09:00:00,0.03188,0.03264,0.03167,0.03213,1170511168811.7354,37457158488.58851
2025-01-15 09:00:00,0.03213,0.03352,0.03104,0.03332,2382909373858.134,77018225766.80658
2025-01-16 09:00:00,0.03332,0.03344,0.03212,0.03234,2106021958118.1724,68967528674.78131
2025-01-17 09:00:00,0.03234,0.03686,0.03232,0.03546,6466449411800.74,228304873776.05408
2025-01-18 09:00:00,0.03547,0.03685,0.03336,0.03396,4424969756740.169,154531030782.43414
2025-01-19 09:00:00,0.03395,0.03457,0.03031,0.03107,5197115048419.413,168120471216.93433
2025-01-20 09:00:00,0.03106,0.033,0.03,0.03051,4185054961739.007,130933965177.4612
2025-01-21 09:00:00,0.03055,0.03245,0.02971,0.03102,4296693225997.886,132896244617.90535
2025-01-22 09:00:00,0.03102,0.03118,0.03004,0.03017,1490020193660.5261,45501693922.913574
2025-01-23 09:00:00,0.03017,0.03049,0.02939,0.03006,1769108659711.6013,52941703243.373276
2025-01-24 09:00:00,0.03006,0.03058,0.02923,0.02996,1695044453526.5486,50809557389.31021
2025-01-25 09:00:00,0.02996,0.03039,0.02965,0.02996,848531783574.4436,25472217350.689987
2025-01-26 09:00:00,0.02996,0.03013,0.029,0.02912,1319577015380.0437,39259587677.8979
2025-01-27 09:00:00,0.02914,0.02982,0.02692,0.02881,3020807036843.905,84816342392.08241
2025-01-28 09:00:00,0.02881,0.02926,0.02741,0.0277,1363719847771.2925,38941056274.95048
2025-01-29 09:00:00,0.0277,0.02865,0.02757,0.02811,1034813920942.017,29056107709.116985
2025-01-30 09:00:00,0.02811,0.02874,0.02792,0.02822,1250579465855.2002,35431458618.84297
2025-01-31 09:00:00,0.02823,0.02968,0.02806,0.02889,1692071229905.9473,48782094744.13817
2025-02-01 09:00:00,0.02889,0.02941,0.02724,0.02761,1260502738016.26,35992097866.82056
2025-02-02 09:00:00,0.02761,0.02799,0.02351,0.0245,3165641745743.4717,81749721296.14024
2025-02-03 09:00:00,0.0245,0.02656,0.02,0.02626,5962718337672.975,136744361416.2771
2025-02-04 09:00:00,0.02625,0.02658,0.02355,0.02478,2651401365206.594,65641387250.323105
2025-02-05 09:00:00,0.02481,0.02627,0.02432,0.02471,2457527309505.187,62191806567.12496
2025-02-06 09:00:00,0.02473,0.02508,0.0231,0.02332,1695213604196.9531,41044067634.143456
2025-02-07 09:00:00,0.02331,0.02413,0.02274,0.02342,1812414228647.56,42299194938.10946
2025-02-08 09:00:00,0.02342,0.02477,0.02318,0.0246,1174086011917.0386,28122806463.083584
2025-02-09 09:00:00,0.0246,0.02531,0.02341,0.02397,1266427641565.2217,31049655086.13079
2025-02-10 09:00:00,0.02396,0.02442,0.0234,0.02398,1067376241512.2922,25606585949.89907
2025-02-11 09:00:00,0.02398,0.02485,0.02362,0.02392,1336435737537.602,32356118762.78106
2025-02-12 09:00:00,0.02392,0.02618,0.02358,0.02567,1636010741567.1855,40122075315.58926
2025-02-13 09:00:00,0.02568,0.02578,0.0242,0.0246,1116053288120.1724,27741138215.48003
2025-02-14 09:00:00,0.02461,0.02574,0.0244,0.02512,1229118930802.19,30675545727.856678
2025-02-15 09:00:00,0.0251,0.02567,0.02455,0.0247,850775764034.0319,21355412422.915913
2025-02-16 09:00:00,0.02471,0.02475,0.02395,0.02416,700886842397.1298,17036173328.724865
2025-02-17 09:00:00,0.02416,0.02455,0.02326,0.02373,1001634711826.2516,23980248203.133686
2025-02-18 09:00:00,0.02373,0.02382,0.02247,0.02292,1142002129528.0405,26314931528.134533
2025-02-19 09:00:00,0.02292,0.0232,0.02258,0.02305,689203369497.7413,15782142921.250795
2025-02-20 09:00:00,0.02305,0.02316,0.02275,0.02305,659081326945.6975,15127385992.365797
2025-02-21 09:00:00,0.02305,0.02354,0.02213,0.0224,1127334235497.1665,25810327498.6662
2025-02-22 09:00:00,0.0224,0.02324,0.02225,0.02298,598626618553.2936,13567487122.20211
2025-02-23 09:00:00,0.02298,0.02322,0.02249,0.02268,564455036248.2295,12907362531.16993
2025-02-24 09:00:00,0.02271,0.02281,0.01952,0.01971,2476018840809.94,52163114914.53561
2025-02-25 09:00:00,0.0197,0.02084,0.01885,0.02058,3060925326136.51,60517129445.200836
2025-02-26 09:00:00,0.02058,0.0212,0.02014,0.02105,1249136697904.6997,25829787983.90415
2025-02-27 09:00:00,0.02104,0.02173,0.02071,0.02115,1156198714778.7168,24589631874.61959
2025-02-28 09:00:00,0.02116,0.02122,0.0194,0.02055,2118702109439.299,42394890492.462234
2025-03-01 09:00:00,0.02055,0.02107,0.01994,0.02035,1109401459606.7021,22721935662.89224
2025-03-02 09:00:00,0.02035,0.02294,0.02012,0.02289,2551924787520.1523,54832807163.33781
2025-03-03 09:00:00,0.02289,0.02299,0.01918,0.01949,2358431632850.101,49481019382.89809
2025-03-04 09:00:00,0.0195,0.01985,0.0184,0.01954,2056518630795.9346,39354069596.48871
2025-03-05 09:00:00,0.01956,0.02012,0.01926,0.01991,1189157543030.975,23399943455.61091
2025-03-06 09:00:00,0.01991,0.02055,0.01966,0.01996,1165771035149.7646,23380293440.795437
2025-03-07 09:00:00,0.01995,0.02045,0.01915,0.01962,1243912685012.7966,24696701545.17255
2025-03-08 09:00:00,0.01962,0.01982,0.01877,0.01893,875798577785.2329,16824259413.532804
2025-03-09 09:00:00,0.01892,0.01899,0.01721,0.01747,1925757095390.1646,34830432570.250145
2025-03-10 09:00:00,0.01748,0.01942,0.01717,0.01719,2838091870912.806,51632921413.012985
2025-03-11 09:00:00,0.01719,0.01824,0.01624,0.01791,2351249286739.827,40496677827.40078
2025-03-12 09:00:00,0.01791,0.01867,0.01747,0.01825,1225352015652.4707,22134797721.678555
2025-03-13 09:00:00,0.01827,0.01838,0.01754,0.01783,1017625895664.8721,18294424054.681232
2025-03-14 09:00:00,0.01785,0.01901,0.01776,0.01884,1041232484406.3444,19228493791.064095
2025-03-15 09:00:00,0.01884,0.01911,0.01863,0.01886,752606215268.7972,14161600376.37015
2025-03-16 09:00:00,0.01886,0.02034,0.01855,0.01933,1956651765251.6497,37772745617.6422
2025-03-17 09:00:00,0.01932,0.01999,0.01876,0.01896,1279696773167.4216,24645775308.41291
2025-03-18 09:00:00,0.01896,0.01898,0.01807,0.0184,923451104191.8092,17063807585.200748
2025-03-19 09:00:00,0.0184,0.01907,0.01826,0.01894,1051653344547.6354,19647259067.879265
2025-03-20 09:00:00,0.01896,0.01917,0.01867,0.01908,1053792701037.1049,19952885490.384403
2025-03-21 09:00:00,0.01909,0.01929,0.01846,0.01852,799151270780.9878,15057886670.69477
2025-03-22 09:00:00,0.01854,0.01916,0.01846,0.01897,642815815434.995,12078703319.76254
2025-03-23 09:00:00,0.01897,0.0194,0.0189,0.01909,657807154894.8429,12571791608.143597
2025-03-24 09:00:00,0.01909,0.02018,0.01887,0.01991,1423820187475.1934,27888289937.71474
2025-03-25 09:00:00,0.01992,0.02067,0.01973,0.02044,1632336419468.7866,32694752803.18706
2025-03-26 09:00:00,0.02044,0.02315,0.02032,0.02103,5178014572284.366,113526495718.6711
2025-03-27 09:00:00,0.02103,0.02175,0.0206,0.02069,2122377734748.7378,44934035087.60746
2025-03-28 09:00:00,0.02069,0.02075,0.01941,0.01973,1593163849960.9597,31778645811.669945
2025-03-29 09:00:00,0.01973,0.01995,0.01861,0.01892,1119901575624.1199,21505241562.28843
2025-03-30 09:00:00,0.01894,0.01924,0.0184,0.0186,990517756654.0157,18679895487.065525
2025-03-31 09:00:00,0.01861,0.01875,0.01784,0.01848,1249892506007.7148,22777068379.68913
2025-04-01 09:00:00,0.01848,0.01949,0.01848,0.01886,963501126964.4332,18276075210.22958
2025-04-02 09:00:00,0.01887,0.01924,0.0178,0.01794,1573176760369.946,28928594414.467525
2025-04-03 09:00:00,0.01797,0.01845,0.0176,0.01814,880037137303.2649,15895186639.354013
2025-04-04 09:00:00,0.01814,0.01843,0.01766,0.01811,1212283847724.381,21849560148.470577
2025-04-05 09:00:00,0.01811,0.0183,0.01791,0.01823,666416159860.7415,12086077571.25051
2025-04-06 09:00:00,0.01823,0.01827,0.01657,0.017,1526339595362.8223,26456569448.766994
2025-04-07 09:00:00,0.017,0.0176,0.01546,0.01705,2990961136288.692,49362501525.66164
2025-04-08 09:00:00,0.01705,0.01745,0.01582,0.01602,1646396521806.7847,27369015263.18995
2025-04-09 09:00:00,0.01602,0.01799,0.01551,0.01754,1787304254698.4,29659725324.76856
2025-04-10 09:00:00,0.01754,0.01795,0.01696,0.01719,1141863358589.1904,19981691048.85973
2025-04-11 09:00:00,0.01719,0.01798,0.01715,0.01777,887769135829.8887,15625195051.274746
2025-04-12 09:00:00,0.01777,0.01834,0.01755,0.01813,837696056252.1797,15054775294.53344
2025-04-13 09:00:00,0.01813,0.01824,0.01735,0.01751,867126422544.5795,15463466922.75204
2025-04-14 09:00:00,0.0175,0.018,0.01735,0.01743,994832307787.2911,17620728151.244896
2025-04-15 09:00:00,0.01745,0.01763,0.01705,0.01709,941492957975.6476,16301345194.755901
2025-04-16 09:00:00,0.01709,0.01736,0.01668,0.01717,1075143001599.6423,18299787953.80116
2025-04-17 09:00:00,0.01717,0.01739,0.01685,0.01705,746581702793.3982,12825898105.16831
2025-04-18 09:00:00,0.01704,0.01804,0.01687,0.01778,721747914048.6985,12560027789.531267
2025-04-19 09:00:00,0.01777,0.01793,0.01752,0.01781,542645776631.2359,9609861133.28595
2025-04-20 09:00:00,0.0178,0.01817,0.0175,0.01779,767240033699.8082,13683184019.479525
2025-04-21 09:00:00,0.01779,0.01835,0.01761,0.01783,1001023678570.2046,18077957394.724712
2025-04-22 09:00:00,0.01783,0.0197,0.01757,0.01945,1667007551474.0454,30886229814.350315
2025-04-23 09:00:00,0.01945,0.01987,0.01882,0.01947,1572493374349.7178,30618679155.355515
2025-04-24 09:00:00,0.01947,0.01982,0.01859,0.01978,1131995254037.7375,21727718099.893497
2025-04-25 09:00:00,0.01978,0.02058,0.01967,0.02043,1299686083029.947,26183689155.291046
2025-04-26 09:00:00,0.02044,0.02199,0.02025,0.02042,2366358855417.5625,49846191253.03609
2025-04-27 09:00:00,0.0204,0.02047,0.01936,0.01936,1079038886713.7452,21395947467.39114
2025-04-28 09:00:00,0.01936,0.02044,0.019,0.01979,1350315348004.1624,26658882926.50998
2025-04-29 09:00:00,0.0198,0.0201,0.01918,0.01941,973239244039.9965,19156274620.703754
2025-04-30 09:00:00,0.0194,0.01952,0.01847,0.01913,1038942947141.2634,19798926113.27041
2025-05-01 09:00:00,0.01913,0.01977,0.01905,0.01948,916770160397.8215,17843563770.298634
2025-05-02 09:00:00,0.01948,0.01974,0.019,0.01928,763564179916.3805,14761362128.819273
2025-05-03 09:00:00,0.01927,0.01929,0.0185,0.01862,734499890383.4196,13834729350.43395
2025-05-04 09:00:00,0.01862,0.01896,0.01813,0.01822,758898234742.5435,14078001163.18579
2025-05-05 09:00:00,0.01821,0.01847,0.0178,0.01807,724061100530.1654,13134579292.645624
2025-05-06 09:00:00,0.01807,0.01817,0.0175,0.0181,769984478605.5299,13732971080.114176
2025-05-07 09:00:00,0.01809,0.01834,0.01786,0.01818,599292381525.4618,10860592007.359798
2025-05-08 09:00:00,0.01818,0.0204,0.01804,0.02018,1529691649026.9019,29473745730.894855
2025-05-09 09:00:00,0.02018,0.02181,0.0198,0.02099,2735260591647.894,57216661597.41661
2025-05-10 09:00:00,0.021,0.02362,0.02075,0.02361,3323025894576.0005,73464069970.73505
2025-05-11 09:00:00,0.0236,0.02391,0.02168,0.02222,2588848186952.9614,58542021705.228485
2025-05-12 09:00:00,0.02222,0.02475,0.02128,0.02229,4718177207454.394,109670049965.60866
2025-05-13 09:00:00,0.02227,0.02321,0.02096,0.0229,2243651511981.409,49392323319.12561
2025-05-14 09:00:00,0.02289,0.0235,0.02192,0.02216,1703403138006.916,38491624342.39505
2025-05-15 09:00:00,0.02216,0.02238,0.02048,0.02085,1902127326419.7954,40498553147.72974
2025-05-16 09:00:00,0.02088,0.02143,0.02043,0.02065,932177751190.2316,19652738654.998783
2025-05-17 09:00:00,0.02065,0.02073,0.01994,0.0202,872894714275.7567,17644072966.19812
2025-05-18 09:00:00,0.0202,0.02167,0.02007,0.02119,1172313313936.9836,24515445817.942513
2025-05-19 09:00:00,0.02122,0.0214,0.01977,0.02057,1354800183428.3853,27446610068.152336
2025-05-20 09:00:00,0.02056,0.02095,0.02002,0.02056,771016103368.7335,15759405856.599922
2025-05-21 09:00:00,0.02056,0.02101,0.02003,0.02066,1128158471215.611,23195158648.151833
2025-05-22 09:00:00,0.02065,0.02153,0.0206,0.02153,1374905941901.7358,29042374472.34296
2025-05-23 09:00:00,0.02154,0.02215,0.01987,0.02002,2105864643734.9558,44400229561.64293
2025-05-24 09:00:00,0.02002,0.02037,0.01995,0.0201,681255739064.2292,13726400759.445766
2025-05-25 09:00:00,0.0201,0.02054,0.01956,0.0202,1040231528639.7181,20830153233.7929
2025-05-26 09:00:00,0.0202,0.02045,0.01978,0.02004,725082582872.4016,14588373535.588444
2025-05-27 09:00:00,0.02002,0.02032,0.01957,0.02009,765306536345.485,15323719454.023018
2025-05-28 09:00:00,0.02008,0.02016,0.01951,0.01997,858922334853.9667,17048851862.311546
2025-05-29 09:00:00,0.01997,0.02042,0.01935,0.01942,946417923723.3214,18869908118.09017
2025-05-30 09:00:00,0.01941,0.01951,0.01794,0.01806,1573511456628.343,29349956004.669662
2025-05-31 09:00:00,0.01806,0.01835,0.01737,0.01812,1182999824659.3928,21034477003.59695
2025-06-01 09:00:00,0.01812,0.01849,0.01781,0.01825,504634886030.8272,9160997227.249205
2025-06-02 09:00:00,0.01825,0.01855,0.01778,0.01846,584493834547.9392,10552592666.555216
2025-06-03 09:00:00,0.01847,0.01878,0.0181,0.01823,580231439868.8181,10707497637.69868
2025-06-04 09:00:00,0.01823,0.01839,0.0177,0.01779,586834526385.0448,10590897433.890688
2025-06-05 09:00:00,0.01777,0.01793,0.01666,0.01678,1096254119326.7926,19043360291.728832
2025-06-06 09:00:00,0.01678,0.0178,0.0161,0.01729,779225300839.4257,13293369696.032719
2025-06-07 09:00:00,0.01729,0.01785,0.01716,0.01768,349792541325.9781,6164334072.860144
2025-06-08 09:00:00,0.01768,0.01768,0.01715,0.01725,513602951493.0801,8934230967.646757
2025-06-09 09:00:00,0.01726,0.018,0.017,0.0179,776502156803.2943,13530652952.694084
2025-06-10 09:00:00,0.0179,0.01833,0.01761,0.01826,946126041956.0942,16976277569.125038
2025-06-11 09:00:00,0.01826,0.01868,0.01773,0.01786,810164818912.1718,14762452423.157001
2025-06-12 09:00:00,0.01787,0.01795,0.01677,0.01685,1072613519135.6631,18561752503.623287
2025-06-13 09:00:00,0.01685,0.01687,0.01589,0.01681,1589232157880.0112,25884840608.44448
2025-06-14 09:00:00,0.01682,0.01699,0.01649,0.01672,471830797985.21515,7922180911.607955
2025-06-15 09:00:00,0.01671,0.01688,0.01641,0.01663,456431173302.15967,7590365107.247922
2025-06-16 09:00:00,0.01665,0.0169,0.01629,0.01629,741657568701.7991,12377275803.752182
2025-06-17 09:00:00,0.01631,0.01658,0.0158,0.01613,941418558096.0662,15228161365.566298
2025-06-18 09:00:00,0.01614,0.01635,0.0158,0.01618,676247459374.7509,10888959218.690733
2025-06-19 09:00:00,0.01619,0.0163,0.0159,0.01605,454331994022.8983,7302314485.866063
2025-06-20 09:00:00,0.01606,0.01633,0.0155,0.01575,895694391132.4802,14232179701.128502
2025-06-21 09:00:00,0.01575,0.01591,0.01496,0.01523,1049878512775.711,16204734393.115736
2025-06-22 09:00:00,0.01523,0.01548,0.01403,0.01481,1733315206725.103,25572394535.625988
2025-06-23 09:00:00,0.01478,0.01615,0.01474,0.01603,975665150729.5283,14974131340.505604
2025-06-24 09:00:00,0.01606,0.01645,0.01585,0.01608,835105416393.4335,13430374508.440538
2025-06-25 09:00:00,0.01608,0.01619,0.01581,0.01598,575251766037.1921,9211008141.57994
2025-06-26 09:00:00,0.01598,0.01615,0.01534,0.0154,686153304117.5413,10773363326.740557
2025-06-27 09:00:00,0.0154,0.01564,0.01518,0.01556,446656009842.2169,6883312119.164283
2025-06-28 09:00:00,0.01556,0.01595,0.01549,0.01585,384897272032.7709,6028208867.625002
2025-06-29 09:00:00,0.01585,0.01636,0.01573,0.01618,463002110729.8731,7391110239.213444
2025-06-30 09:00:00,0.01621,0.01628,0.01545,0.01563,578947555140.9528,9126285185.899231
2025-07-01 09:00:00,0.01563,0.01566,0.01526,0.01535,516434836855.3443,7968218435.923357
2025-07-02 09:00:00,0.01535,0.01627,0.01527,0.01596,807843240987.6857,12709983949.400711
2025-07-03 09:00:00,0.01597,0.01645,0.01593,0.01616,775624646661.9476,12585768293.920435
2025-07-04 09:00:00,0.01616,0.01633,0.01537,0.01564,727476786018.9374,11511791422.17042
2025-07-05 09:00:00,0.01564,0.01585,0.01555,0.01569,306437626204.2458,4813449225.097534
2025-07-06 09:00:00,0.01569,0.01627,0.01556,0.0161,789937944500.1431,12609751272.728321
2025-07-07 09:00:00,0.0161,0.01625,0.01569,0.01591,655444228592.8732,10468028610.126858
2025-07-08 09:00:00,0.01591,0.0163,0.0158,0.01614,572889185823.8538,9217667856.984957
2025-07-09 09:00:00,0.01612,0.01699,0.01606,0.01679,786217290101.5833,12965360856.335918
2025-07-10 09:00:00,0.0168,0.01813,0.01665,0.01798,1570425518601.6526,27041589024.622112
2025-07-11 09:00:00,0.01798,0.01867,0.01749,0.01791,2388671647928.94,43482448457.367096
2025-07-12 09:00:00,0.01791,0.01832,0.01749,0.01794,1318961391676.754,23649082917.43515
2025-07-13 09:00:00,0.01795,0.01821,0.01778,0.01806,1196600078551.1118,21523182324.619236
2025-07-14 09:00:00,0.01807,0.01923,0.01797,0.01812,2190446234833.9182,40682726252.080605
2025-07-15 09:00:00,0.01813,0.01886,0.01738,0.01873,1724123728051.2654,31003059917.771736
2025-07-16 09:00:00,0.01873,0.0202,0.0184,0.01951,2276624982874.5605,43660128333.41724
2025-07-17 09:00:00,0.01951,0.02011,0.01893,0.01968,3024958165903.77,59388154615.59453
2025-07-18 09:00:00,0.01968,0.02155,0.01951,0.02007,7188166358949.104,148199413553.19632
2025-07-19 09:00:00,0.02007,0.02103,0.01956,0.02041,3313034412455.637,67756498902.69765
2025-07-20 09:00:00,0.0204,0.02148,0.02023,0.02117,2824201540019.6445,58898053848.84349
2025-07-21 09:00:00,0.02119,0.02165,0.02071,0.02111,3142579485170.337,66613896753.67008
2025-07-22 09:00:00,0.02111,0.02137,0.02011,0.02095,2606530778108.619,53914572508.10327
2025-07-23 09:00:00,0.02095,0.02096,0.0183,0.01892,2964439161895.2715,58220381536.252914
2025-07-24 09:00:00,0.01892,0.01922,0.01762,0.01854,2437588267998.6353,45102731582.890564
2025-07-25 09:00:00,0.01854,0.01923,0.01797,0.01919,1288346690260.4473,23807024978.103428
2025-07-26 09:00:00,0.01919,0.01936,0.01894,0.01908,797731880939.8099,15281671717.528883
2025-07-27 09:00:00,0.01908,0.0194,0.01901,0.0193,841029550450.6318,16144233187.494898
2025-07-28 09:00:00,0.01931,0.01949,0.0183,0.0184,1480055691249.931,28179905795.9001
2025-07-29 09:00:00,0.01838,0.0188,0.01786,0.01818,1019892406329.3716,18674394412.798306
2025-07-30 09:00:00,0.01818,0.01819,0.01739,0.0179,944975464853.4816,16825716298.53721
2025-07-31 09:00:00,0.0179,0.0182,0.0173,0.0173,775344034525.0303,13807617365.351501
2025-08-01 09:00:00,0.0173,0.0175,0.0165,0.0168,1331161332056.149,22619581447.757675
2025-08-02 09:00:00,0.0168,0.0171,0.0164,0.0165,814255310275.1678,13654485788.03157
2025-08-03 09:00:00,0.0166,0.0172,0.0163,0.0171,502379116762.77625,8480678268.742601
2025-08-04 09:00:00,0.0172,0.0175,0.017,0.0174,590213631526.1825,10186688228.907429
2025-08-05 09:00:00,0.0175,0.0176,0.0166,0.0169,716271626205.8364,12245989494.172361
2025-08-06 09:00:00,0.0169,0.0173,0.0166,0.0171,542405379181.07886,9198903712.448458
2025-08-07 09:00:00,0.0171,0.0178,0.0171,0.0178,680482413643.7025,11864264783.879387
2025-08-08 09:00:00,0.0178,0.0183,0.0175,0.0181,1077006550451.8767,19200383786.315052
2025-08-09 09:00:00,0.0181,0.0193,0.0181,0.0189,1281019917473.94,24038315976.82313
2025-08-10 09:00:00,0.0188,0.0192,0.0181,0.0187,929400524139.2163,17339121802.204823
2025-08-11 09:00:00,0.0187,0.0191,0.0177,0.0179,1018582556245.8761,18708775613.156673
2025-08-12 09:00:00,0.0179,0.0188,0.0175,0.0185,1059335417511.3362,19181255436.457153
2025-08-13 09:00:00,0.0185,0.0191,0.0183,0.0189,1391464939509.2083,26177966049.617325
2025-08-14 09:00:00,0.0189,0.0194,0.0175,0.0179,2095946101820.9043,38708293260.33921
2025-08-15 09:00:00,0.0179,0.0183,0.0175,0.018,991731586384.8059,17790480439.287827
2025-08-16 09:00:00,0.018,0.0182,0.0177,0.0181,428041889285.1153,7695048021.786167
2025-08-17 09:00:00,0.0181,0.0185,0.0179,0.0181,489473589992.6518,8899744867.73735
2025-08-18 09:00:00,0.0182,0.0182,0.0174,0.0177,919800473215.8185,16221945425.480429
2025-08-19 09:00:00,0.0177,0.0179,0.0168,0.0169,965521993474.4503,16697781537.63723
2025-08-20 09:00:00,0.0169,0.0176,0.0168,0.0176,767099897789.3121,13196860739.904934
2025-08-21 09:00:00,0.0175,0.0178,0.0172,0.0173,510984531424.55865,8915330331.3174
2025-08-22 09:00:00,0.0174,0.0186,0.0168,0.0184,1326470664316.3323,23648284692.8158
2025-08-23 09:00:00,0.0185,0.0185,0.0178,0.0184,699020888481.1459,12742668582.287834
2025-08-24 09:00:00,0.0183,0.0186,0.0176,0.018,810657769010.3134,14666797778.74854
2025-08-25 09:00:00,0.018,0.0182,0.0168,0.0171,1103310461086.3342,19238672867.852722
2025-08-26 09:00:00,0.0171,0.0177,0.0168,0.0176,571479548373.5444,9852988277.626476
2025-08-27 09:00:00,0.0175,0.0177,0.0173,0.0175,549583412900.5091,9615280989.363907
2025-08-28 09:00:00,0.0175,0.0177,0.0173,0.0177,544927216532.1446,9557888463.022438
2025-08-29 09:00:00,0.0177,0.0178,0.0168,0.0171,943549593059.3475,16218455167.393705
2025-08-30 09:00:00,0.0171,0.0174,0.0168,0.0173,543466396398.4898,9327584137.114664
2025-08-31 09:00:00,0.0173,0.0175,0.0169,0.017,444999918188.229,7678568869.467723
2025-09-01 09:00:00,0.017,0.0175,0.0166,0.0169,1027332345341.7761,17370797822.351917
2025-09-02 09:00:00,0.0169,0.0174,0.0168,0.0174,685495042266.482,11728216939.338488
2025-09-03 09:00:00,0.0174,0.0175,0.0171,0.0174,360112244207.95374,6225504618.03732
2025-09-04 09:00:00,0.0173,0.0174,0.0168,0.0171,456618874283.8447,7792191862.052728
2025-09-05 09:00:00,0.0171,0.0174,0.0169,0.0174,593953724008.7612,10207509557.470371
2025-09-06 09:00:00,0.0174,0.0174,0.017,0.0172,256314654833.88223,4413025231.102414
2025-09-07 09:00:00,0.0172,0.0175,0.0172,0.0174,423000719389.7383,7329753878.1696
2025-09-08 09:00:00,0.0175,0.018,0.0173,0.018,715901524762.9792,12649908937.280682
2025-09-09 09:00:00,0.0179,0.0183,0.0176,0.0179,873836401981.9133,15705142249.148598
2025-09-10 09:00:00,0.0179,0.0183,0.0178,0.0182,563054609277.883,10159250071.509586
2025-09-11 09:00:00,0.0182,0.0185,0.018,0.0185,758797880573.8313,13823379509.115675
2025-09-12 09:00:00,0.0185,0.0193,0.0184,0.0192,1186649431921.9983,22243393408.482464
2025-09-13 09:00:00,0.0193,0.0206,0.0191,0.0198,3798950090157.407,75421575484.05437
2025-09-14 09:00:00,0.0198,0.0198,0.0187,0.019,1448657052911.2253,27937875869.065773
2025-09-15 09:00:00,0.019,0.0192,0.018,0.0183,1461137287103.1643,26966648604.770267
2025-09-16 09:00:00,0.0182,0.0185,0.018,0.0183,599452249718.3035,10906107724.208256
2025-09-17 09:00:00,0.0183,0.0189,0.0179,0.0187,791415556694.3019,14466729070.43911
2025-09-18 09:00:00,0.0187,0.0189,0.0184,0.0187,851762367828.8307,15892788884.043045
2025-09-19 09:00:00,0.0187,0.0188,0.018,0.0181,776141635843.2242,14219410228.809366
2025-09-20 09:00:00,0.0181,0.0183,0.0179,0.0182,496460557163.3681,8986162643.962215
2025-09-21 09:00:00,0.0182,0.0182,0.0178,0.0179,534423071754.57117,9642160790.929907
2025-09-22 09:00:00,0.0179,0.0179,0.017,0.0174,1409595707462.3162,24382036506.98602
2025-09-23 09:00:00,0.0174,0.0175,0.0169,0.0173,629509111337.109,10874663788.478334
2025-09-24 09:00:00,0.0173,0.0175,0.017,0.0173,528087345129.4277,9134115876.51917
2025-09-25 09:00:00,0.0173,0.0173,0.0168,0.0169,778998303722.7291,13249661657.598787
2025-09-26 09:00:00,0.0169,0.0172,0.0167,0.0172,610032462110.0486,10353249086.372244
2025-09-27 09:00:00,0.0172,0.0172,0.0169,0.0171,289842291723.8254,4930186568.776585
2025-09-28 09:00:00,0.0171,0.0172,0.0167,0.0172,432448766694.94543,7328148511.951427
2025-09-29 09:00:00,0.0172,0.0172,0.0168,0.0171,511129037636.70886,8692920639.89419
2025-09-30 09:00:00,0.0171,0.0171,0.0167,0.0169,627136367206.2311,10568102392.455217
2025-10-01 09:00:00,0.0169,0.0176,0.0168,0.0176,779770505485.6307,13456347613.860836
2025-10-02 09:00:00,0.0176,0.018,0.0175,0.0179,907784678193.7806,16183031341.137619
2025-10-03 09:00:00,0.0179,0.0182,0.0175,0.018,746568377666.0974,13256558492.33984
2025-10-04 09:00:00,0.018,0.0181,0.0175,0.0178,425582375441.0799,7568463335.708459
2025-10-05 09:00:00,0.0178,0.0184,0.0175,0.0179,942552845334.8037,17017008692.29805
2025-10-06 09:00:00,0.0179,0.0185,0.0178,0.0184,604840783084.4656,10981319693.227882
2025-10-07 09:00:00,0.0184,0.0184,0.0175,0.0176,923525949062.7886,16604020681.280125
2025-10-08 09:00:00,0.0176,0.018,0.0175,0.0178,685733124073.641,12143808399.825321
2025-10-09 09:00:00,0.0178,0.0179,0.0173,0.0175,592743610526.7526,10403572981.67865
2025-10-10 09:00:00,0.0176,0.0177,0.0149,0.0153,2055807804596.3835,33664786615.027325
2025-10-11 09:00:00,0.0153,0.0164,0.0149,0.0153,1617260545966.4116,25118303439.71533
2025-10-12 09:00:00,0.0154,0.0164,0.015,0.0161,1305966292510.1223,20467909792.189163
2025-10-13 09:00:00,0.0162,0.0168,0.0159,0.0165,1142816796010.2283,18653774776.70195
2025-10-14 09:00:00,0.0166,0.0167,0.0155,0.0162,1072173128111.0807,17126195287.384605
2025-10-15 09:00:00,0.0162,0.0163,0.0156,0.0158,665955341794.0685,10666998036.868425
2025-10-16 09:00:00,0.0158,0.0159,0.0152,0.0153,893519964861.5524,13937849622.677551
2025-10-17 09:00:00,0.0153,0.0155,0.0141,0.015,1437727611919.673,21231525536.896378
2025-10-18 09:00:00,0.015,0.0152,0.0149,0.0152,544368001156.73596,8216308980.683597
2025-10-19 09:00:00,0.0152,0.0155,0.0149,0.0153,621551978512.2836,9454626799.476675
2025-10-20 09:00:00,0.0153,0.0155,0.0151,0.0153,688777547561.0116,10529139945.821232
2025-10-21 09:00:00,0.0153,0.0158,0.0149,0.0152,789881842092.7725,11991736872.87614
2025-10-22 09:00:00,0.0152,0.0152,0.0146,0.015,494038782116.4235,7395769858.80187
2025-10-23 09:00:00,0.015,0.0153,0.0148,0.0151,422181512867.6005,6357578110.779758
2025-10-24 09:00:00,0.0152,0.0154,0.015,0.0152,431320200061.47577,6563184467.068855
2025-10-25 09:00:00,0.0153,0.0153,0.0151,0.0152,215223051198.2491,3269210903.2381554
2025-10-26 09:00:00,0.0152,0.0158,0.015,0.0157,477642601352.54663,7355573015.186056
2025-10-27 09:00:00,0.0157,0.0158,0.0153,0.0154,516447152107.8019,8036170381.828315
2025-10-28 09:00:00,0.0154,0.0155,0.0149,0.015,553660617723.6167,8425284609.354767
2025-10-29 09:00:00,0.0151,0.0156,0.015,0.0152,529348222182.3553,8041508561.549563
2025-10-30 09:00:00,0.0152,0.0153,0.0143,0.0148,1149181032282.4956,17009699910.652372
2025-10-31 09:00:00,0.0148,0.0151,0.0147,0.0151,670104124122.6024,9948554395.348984
2025-11-01 09:00:00,0.0151,0.0153,0.0149,0.0152,420692263514.7854,6333475954.8314
2025-11-02 09:00:00,0.0152,0.0152,0.0148,0.015,282358276901.4134,4250060661.7647977
2025-11-03 09:00:00,0.015,0.0151,0.0135,0.0137,1518560788537.1138,21489245123.961033
2025-11-04 09:00:00,0.0137,0.014,0.0125,0.0134,1960715221454.2646,26158032970.69926
2025-11-05 09:00:00,0.0134,0.0138,0.0125,0.0138,1238209788259.6213,16305270595.729315
2025-11-06 09:00:00,0.0138,0.0138,0.0131,0.0135,648549017048.5421,8740787369.145777
2025-11-07 09:00:00,0.0135,0.0154,0.0134,0.015,1107476870664.2417,15919357638.048624
2025-11-08 09:00:00,0.015,0.0154,0.0144,0.0149,720733587066.5303,10801245086.801622
2025-11-09 09:00:00,0.0149,0.015,0.0143,0.0149,443679504477.2738,6530215574.352766
2025-11-10 09:00:00,0.0149,0.0152,0.0146,0.015,830911815103.9253,12403828248.323006
2025-11-11 09:00:00,0.015,0.0152,0.0144,0.0145,623115496207.9757,9201428801.500223
2025-11-12 09:00:00,0.0145,0.0149,0.0142,0.0143,488640725578.29443,7115890495.329612
2025-11-13 09:00:00,0.0144,0.0148,0.0138,0.0142,735667518994.8196,10535760659.529926
2025-11-14 09:00:00,0.0142,0.0142,0.0135,0.0137,729118668159.322,10094528445.124237
2025-11-15 09:00:00,0.0137,0.014,0.0136,0.0137,436125071883.4315,6017715827.652318
2025-11-16 09:00:00,0.0137,0.0139,0.013,0.0133,719511286866.8539,9611943845.119936
2025-11-17 09:00:00,0.0133,0.0137,0.0127,0.0129,757137079828.5923,9979247661.880707
2025-11-18 09:00:00,0.0128,0.0134,0.0126,0.0132,1037917681272.037,13486631504.382896
2025-11-19 09:00:00,0.0132,0.0133,0.0123,0.0128,884065959906.003,11296171601.213072
2025-11-20 09:00:00,0.0128,0.0132,0.0123,0.0123,865073555589.3861,10997414809.157999
2025-11-21 09:00:00,0.0123,0.0126,0.0114,0.0117,1673085481084.0696,19914748386.626175
2025-11-22 09:00:00,0.0118,0.0119,0.0114,0.0117,795841075856.9548,9264258761.096897
2025-11-23 09:00:00,0.0117,0.0122,0.0116,0.012,665908375619.7534,7980640607.982957
2025-11-24 09:00:00,0.012,0.0127,0.0118,0.0126,819917679071.6514,9980469790.653461
2025-11-25 09:00:00,0.0125,0.0133,0.0121,0.0131,779446692239.1449,9800283546.041845
2025-11-26 09:00:00,0.0132,0.0132,0.0124,0.0129,695169639811.6272,8920592083.996866
2025-11-27 09:00:00,0.0129,0.0133,0.0127,0.0132,503184407873.83,6507226559.316917
2025-11-28 09:00:00,0.0132,0.0137,0.013,0.0131,516049974146.7219,6843868855.940666
2025-11-29 09:00:00,0.0131,0.0132,0.0129,0.0131,273010351800.45575,3557308324.683383
2025-11-30 09:00:00,0.013,0.0131,0.0128,0.0128,227967256956.7445,2955665348.5089574
2025-12-01 09:00:00,0.0129,0.0129,0.0117,0.0119,917747845945.9757,11080508366.829538
2025-12-02 09:00:00,0.012,0.0128,0.0118,0.0126,667095319732.3363,8169754007.311779
2025-12-03 09:00:00,0.0126,0.0141,0.0125,0.0133,984188274437.7278,13139292978.165087
2025-12-04 09:00:00,0.0133,0.0134,0.0128,0.013,659916166390.9717,8638144904.397465
2025-12-05 09:00:00,0.013,0.0131,0.0122,0.0125,670325121791.0775,8472452518.047316
2025-12-06 09:00:00,0.0125,0.0129,0.0123,0.0126,483158401390.8342,6055858224.152158
2025-12-07 09:00:00,0.0126,0.0128,0.0122,0.0125,528121936619.7455,6637497642.810807
2025-12-08 09:00:00,0.0125,0.0129,0.0124,0.0128,402829319414.1505,5079832752.266994
2025-12-09 09:00:00,0.0127,0.0134,0.0125,0.013,708905626407.3739,9123081578.239017
2025-12-10 09:00:00,0.013,0.0133,0.0126,0.0127,566344323160.9158,7265807692.350355
2025-12-11 09:00:00,0.0127,0.0128,0.0122,0.0127,617427049847.7963,7674871603.438171
2025-12-12 09:00:00,0.0127,0.0127,0.012,0.0124,501422854386.11346,6227730572.358559
2025-12-13 09:00:00,0.0123,0.0126,0.0123,0.0125,269150009382.29614,3350121643.9389386
2025-12-14 09:00:00,0.0125,0.0125,0.012,0.0121,453670638751.6067,5531446401.259276
2025-12-15 09:00:00,0.0121,0.0124,0.0115,0.0118,831753302526.278,9918276414.412283
2025-12-16 09:00:00,0.0117,0.0119,0.0115,0.0118,757811379235.5203,8868293290.264042
2025-12-17 09:00:00,0.0117,0.012,0.0111,0.0113,841569733701.0629,9693488737.524933
2025-12-18 09:00:00,0.0113,0.0113,0.0104,0.0105,1611203433564.7703,17621129514.62692
2025-12-19 09:00:00,0.0105,0.0114,0.0104,0.0112,1022257035640.7776,11161831354.576511
2025-12-20 09:00:00,0.0112,0.0112,0.011,0.0111,408320027388.7542,4536756368.364608
2025-12-21 09:00:00,0.011,0.0111,0.0107,0.0109,552353238046.1118,6022279979.706966
2025-12-22 09:00:00,0.0109,0.0111,0.0107,0.0108,963866242492.3319,10464105697.047958
2025-12-23 09:00:00,0.0108,0.0109,0.0105,0.0107,600625503173.7817,6413770838.131431
2025-12-24 09:00:00,0.0107,0.0108,0.0103,0.0107,724934113867.2728,7604328175.291102
2025-12-25 09:00:00,0.0107,0.0108,0.0103,0.0105,513377229577.14197,5444954735.267491
2025-12-26 09:00:00,0.0105,0.0107,0.0103,0.0105,680125588289.2378,7126311100.22132
2025-12-27 09:00:00,0.0105,0.0109,0.0104,0.0108,601916619084.0256,6376315808.699891
2025-12-28 09:00:00,0.0108,0.0109,0.0106,0.0108,318212687600.73676,3411737015.6239204
2025-12-29 09:00:00,0.0108,0.011,0.0104,0.0105,782042432801.4934,8413916479.031611
2025-12-30 09:00:00,0.0105,0.0106,0.0103,0.0104,685184422817.2976,7148512193.223882
2025-12-31 09:00:00,0.0104,0.0104,0.01,0.0102,830185521114.7467,8508122832.505089
2026-01-01 09:00:00,0.0101,0.011,0.0101,0.0109,963163190097.3572,10085324471.41501
2026-01-02 09:00:00,0.0109,0.012,0.0106,0.0117,1590206081224.6016,17948074776.488792
2026-01-03 09:00:00,0.0118,0.0119,0.0113,0.0116,852173700166.2128,9891824772.92246
2026-01-04 09:00:00,0.0117,0.0136,0.0116,0.013,2218749219782.298,27969056462.082428
2026-01-05 09:00:00,0.013,0.0147,0.0125,0.0135,2722287976894.981,36358786594.45237
2026-01-06 09:00:00,0.0134,0.014,0.0128,0.0133,1470433796679.38,19740696919.902084
2026-01-07 09:00:00,0.0133,0.0135,0.0127,0.0128,1128618212092.482,14726168994.130106
2026-01-08 09:00:00,0.0127,0.013,0.0124,0.0128,693881439673.8817,8820065680.62758
2026-01-09 09:00:00,0.0129,0.0131,0.0126,0.0128,699079888440.06,8943870782.82882
2026-01-10 09:00:00,0.0128,0.0129,0.0126,0.0127,348125007449.5229,4434612565.146831
2026-01-11 09:00:00,0.0128,0.0129,0.0123,0.0125,435067893154.5165,5498597772.002771
2026-01-12 09:00:00,0.0125,0.0129,0.0122,0.0124,638326711531.2332,7985061982.587386
2026-01-13 09:00:00,0.0123,0.0134,0.0123,0.0131,838007951550.4017,10749410682.906094
2026-01-14 09:00:00,0.0131,0.0133,0.0127,0.0128,1313049576379.881,17024626483.736044
2026-01-15 09:00:00,0.0128,0.0129,0.0122,0.0124,912339094568.164,11451606665.995846
2026-01-16 09:00:00,0.0124,0.0127,0.012,0.0126,441194772989.2121,5472176089.676363
2026-01-17 09:00:00,0.0127,0.0127,0.0124,0.0125,357156190278.9249,4488238353.204725
2026-01-18 09:00:00,0.0125,0.0126,0.012,0.0121,586287380587.7726,7258723653.258324
2026-01-19 09:00:00,0.0121,0.0121,0.0111,0.0121,911571981873.3417,10667471747.20254
2026-01-20 09:00:00,0.012,0.0121,0.0114,0.0116,773683125409.1265,9041012900.03179
2026-01-21 09:00:00,0.0116,0.0121,0.0114,0.0119,843334165161.1389,9882332635.785671
2026-01-22 09:00:00,0.0118,0.012,0.0115,0.0117,493851215729.18555,5798319295.128327
2026-01-23 09:00:00,0.0116,0.0121,0.0115,0.0116,509167787522.039,5959202148.417559
2026-01-24 09:00:00,0.0116,0.0117,0.0114,0.0116,280460898650.421,3251544962.7791038
2026-01-25 09:00:00,0.0116,0.0116,0.011,0.0112,623860484509.3774,7055394044.807126
2026-01-26 09:00:00,0.0112,0.0114,0.0111,0.0113,654230916696.5994,7359500338.655997
2026-01-27 09:00:00,0.0113,0.0116,0.0111,0.0113,541532401466.2997,6105822790.981817
2026-01-28 09:00:00,0.0113,0.0115,0.0111,0.0113,490110486537.1998,5521248584.960999
2026-01-29 09:00:00,0.0112,0.0113,0.0105,0.0107,861512604819.4873,9352612044.781918
2026-01-30 09:00:00,0.0107,0.0109,0.0104,0.0108,875231138574.3721,9305280556.180708
2026-01-31 09:00:00,0.0108,0.0108,0.00924,0.0102,1829624235446.6013,18361702097.999554
2026-02-01 09:00:00,0.0102,0.0103,0.00957,0.00976,1398434201077.053,13939574826.5309
2026-02-02 09:00:00,0.00976,0.0104,0.00959,0.0103,1289731118354.7368,12797412822.566917
2026-02-03 09:00:00,0.0103,0.0104,0.00966,0.00992,1124114923642.9927,11264525266.315987
2026-02-04 09:00:00,0.0099,0.0101,0.00962,0.00977,979994358314.5839,9699308488.503538
2026-02-05 09:00:00,0.00979,0.00986,0.00818,0.0083,3640546922631.121,32643771454.021275
2026-02-06 09:00:00,0.0083,0.00952,0.00751,0.00941,2751594363447.6436,23776659829.171772
2026-02-07 09:00:00,0.00941,0.0095,0.00889,0.00936,1218706847022.5425,11230025643.167645
2026-02-08 09:00:00,0.00936,0.00936,0.00902,0.00909,786060707052.2833,7247121367.636084
2026-02-09 09:00:00,0.00908,0.00919,0.00873,0.00902,778668753618.2167,6979647014.452593
2026-02-10 09:00:00,0.00902,0.00907,0.00883,0.00893,510128103400.9185,4553385748.114273
2026-02-11 09:00:00,0.00893,0.009,0.00852,0.00874,877264850897.8369,7644222671.710278
2026-02-12 09:00:00,0.00874,0.00908,0.00873,0.00888,967483606274.9467,8608214998.862207
2026-02-13 09:00:00,0.00888,0.00939,0.00872,0.00926,902792140590.5607,8163565091.441705
2026-02-14 09:00:00,0.00925,0.0107,0.00922,0.0104,1082981448910.228,10582960941.989723
2026-02-15 09:00:00,0.0104,0.0106,0.00952,0.00972,1685558531779.933,16810205497.697584
2026-02-16 09:00:00,0.00972,0.00992,0.00954,0.00973,795556430716.4474,7758070640.0401
2026-02-17 09:00:00,0.00973,0.00979,0.00954,0.00964,550224066900.369,5318346174.747937
2026-02-18 09:00:00,0.00964,0.00968,0.00931,0.00935,552945040552.4673,5267001603.363643
2026-02-19 09:00:00,0.00935,0.00939,0.00905,0.00915,813609981530.4238,7492190688.843567
2026-02-20 09:00:00,0.00916,0.00961,0.0091,0.00946,852828390648.5151,7949114965.1412115
2026-02-21 09:00:00,0.00945,0.00974,0.00938,0.0094,647519644044.3529,6178994591.353852
2026-02-22 09:00:00,0.00938,0.00939,0.00903,0.00913,647511545383.2113,5934585343.22912
2026-02-23 09:00:00,0.00912,0.00916,0.00869,0.00886,1112731086695.406,9891546949.372446
2026-02-24 09:00:00,0.00887,0.00891,0.00861,0.00864,748275938785.8196,6528580175.570079
2026-02-25 09:00:00,0.00864,0.00939,0.0086,0.00897,1289528094311.1023,11528377792.54745
2026-02-26 09:00:00,0.00898,0.00904,0.00855,0.00864,1143012041937.2134,10060720501.75796
2026-02-27 09:00:00,0.00863,0.0088,0.00833,0.00846,1018553346156.4884,8727992129.647005
2026-02-28 09:00:00,0.00846,0.00852,0.00796,0.00843,1324892032024.8088,10850242936.296143
2026-03-01 09:00:00,0.00844,0.00866,0.00795,0.00808,1072086914837.3416,8874696576.22836
2026-03-02 09:00:00,0.00809,0.00845,0.00799,0.00805,1336299144427.9792,10941696515.774086
2026-03-03 09:00:00,0.00805,0.00819,0.00776,0.00804,1545460187143.9143,12284221766.51968
2026-03-04 09:00:00,0.00805,0.0085,0.00791,0.00825,1462264098898.9714,11984759829.440325
2026-03-05 09:00:00,0.00826,0.00835,0.00799,0.00811,737679085057.0172,6050998670.38896
2026-03-06 09:00:00,0.00811,0.00822,0.00786,0.008,662117012393.4517,5346556878.095611
2026-03-07 09:00:00,0.008,0.00803,0.00783,0.00788,382402231075.6982,3040056754.338297
2026-03-08 09:00:00,0.00787,0.00796,0.00777,0.00784,465703905651.22546,3650938122.0586734
2026-03-09 09:00:00,0.00784,0.00818,0.00783,0.00795,670570424176.2991,5360444986.009858
2026-03-10 09:00:00,0.00795,0.00884,0.00795,0.00827,2641453539370.7725,22344857443.154293
2026-03-11 09:00:00,0.00828,0.00863,0.00817,0.00837,1033556846526.1508,8663616475.592947
2026-03-12 09:00:00,0.00838,0.00886,0.00835,0.00865,1153957808861.7852,9967038972.117926
2026-03-13 09:00:00,0.00867,0.00923,0.00863,0.00874,1527257955419.3975,13568010668.323225
2026-03-14 09:00:00,0.00874,0.00885,0.00861,0.00868,501799599079.05133,4374339779.044537
2026-03-15 09:00:00,0.00868,0.00875,0.00854,0.00873,706618330135.3726,6094291732.026519
2026-03-16 09:00:00,0.00874,0.00942,0.00872,0.00911,1995171247031.8728,18049160271.96403
2026-03-17 09:00:00,0.0091,0.00922,0.00879,0.00895,1020984317364.1681,9187282750.50162
2026-03-18 09:00:00,0.00895,0.00917,0.00848,0.00866,1141185670254.3384,10005422891.22085
2026-03-19 09:00:00,0.00867,0.0087,0.00838,0.00864,747828053032.734,6392912549.219368
2026-03-20 09:00:00,0.00864,0.00926,0.00863,0.00892,1534501175881.812,13763139880.774763
2026-03-21 09:00:00,0.00892,0.0091,0.00877,0.0088,541763822707.30536,4853840129.128485
2026-03-22 09:00:00,0.00881,0.00886,0.0085,0.00857,649571548131.7415,5648028363.328109
2026-03-23 09:00:00,0.00857,0.00922,0.00856,0.00907,1566607098343.8367,14018132915.003134
2026-03-24 09:00:00,0.00907,0.00932,0.00894,0.00924,908686167067.7985,8285789972.838275
2026-03-25 09:00:00,0.00924,0.00935,0.00909,0.00916,828713123843.4098,7639139735.778339
2026-03-26 09:00:00,0.00916,0.00917,0.00883,0.00894,713673874953.6335,6405310264.504808
2026-03-27 09:00:00,0.00894,0.00899,0.0087,0.0088,527310663714.8717,4664261812.90812
2026-03-28 09:00:00,0.0088,0.00905,0.00868,0.00886,391208861966.4664,3462162701.690557
2026-03-29 09:00:00,0.00886,0.0089,0.00863,0.0088,410571236271.3683,3613731462.494303
2026-03-30 09:00:00,0.00881,0.00932,0.0088,0.009,1056978774128.335,9635513566.619738
2026-03-31 09:00:00,0.00901,0.00911,0.0089,0.009,637500376542.3761,5745650292.712678
2026-04-01 09:00:00,0.00901,0.00924,0.00891,0.00908,582739839793.233,5274805283.655893
2026-04-02 09:00:00,0.00909,0.00915,0.0088,0.0089,811760693444.304,7229516616.641103
2026-04-03 09:00:00,0.0089,0.00923,0.00885,0.00908,564454256012.5836,5126825943.528921
2026-04-04 09:00:00,0.00909,0.00918,0.00891,0.00907,552723723444.3248,4977841483.377297
2026-04-05 09:00:00,0.00908,0.00911,0.00882,0.00905,498649228063.36096,4450581658.849222
2026-04-06 09:00:00,0.00906,0.00921,0.00877,0.00881,921092686305.6409,8317273077.4659
2026-04-07 09:00:00,0.00881,0.00922,0.00872,0.00915,905937452024.6967,8052179975.152825
2026-04-08 09:00:00,0.00915,0.00917,0.00883,0.00884,581554491462.7999,5234090103.599097
2026-04-09 09:00:00,0.00884,0.00896,0.00869,0.00878,825774874676.3351,7246842891.814602
2026-04-10 09:00:00,0.00878,0.00898,0.00873,0.00886,572356096086.1102,5043673846.000736
2026-04-11 09:00:00,0.00886,0.00898,0.00877,0.00883,428002842216.5341,3786990249.4256907
2026-04-12 09:00:00,0.00883,0.00886,0.00857,0.00862,448270202322.9893,3889606067.4429984
2026-04-13 09:00:00,0.00861,0.00885,0.00855,0.00885,516247946957.60266,4479339068.392563
2026-04-14 09:00:00,0.00885,0.00888,0.00859,0.00864,582940773557.5775,5092342628.642461
2026-04-15 09:00:00,0.00863,0.00886,0.00862,0.0088,435238464861.7021,3796398969.230151
2026-04-16 09:00:00,0.00881,0.00941,0.00877,0.00922,964869930101.1215,8738421818.642944
2026-04-17 09:00:00,0.00923,0.0095,0.009,0.0093,932431451835.3971,8637891862.991581
2026-04-18 09:00:00,0.0093,0.00936,0.00894,0.009,611472927304.6869,5606300745.161288
2026-04-19 09:00:00,0.009,0.00906,0.00875,0.00878,519697080612.74384,4634908533.497723
2026-04-20 09:00:00,0.00878,0.00899,0.00878,0.0089,388280136074.9226,3452511396.444648
2026-04-21 09:00:00,0.00889,0.00907,0.00884,0.00902,501425497407.65485,4492527528.791753
2026-04-22 09:00:00,0.00902,0.0093,0.00898,0.00906,591010862445.7397,5424764273.332763
2026-04-23 09:00:00,0.00905,0.0092,0.00896,0.00915,489887756694.16266,4440855635.646267
2026-04-24 09:00:00,0.00914,0.00933,0.00908,0.00924,470048284609.4717,4329372260.226614
2026-04-25 09:00:00,0.00924,0.00931,0.00913,0.00921,404221689480.66925,3737376169.4207196
2026-04-26 09:00:00,0.0092,0.00927,0.00914,0.00922,288781573073.9448,2659292957.668796
2026-04-27 09:00:00,0.00921,0.00935,0.00902,0.00915,564239209639.4198,5165194226.213359
2026-04-28 09:00:00,0.00915,0.0092,0.00902,0.00912,370226451750.3664,3367322141.710964
2026-04-29 09:00:00,0.00912,0.00975,0.009,0.00922,1657731620709.978,15493809700.964794
2026-04-30 09:00:00,0.0092,0.0095,0.00918,0.00927,1011894420222.4133,9439978716.61364
2026-05-01 09:00:00,0.00927,0.0095,0.00927,0.0093,644271026808.9445,6053195120.839232
2026-05-02 09:00:00,0.0093,0.00939,0.00924,0.00931,306151050824.2863,2848592459.964999
2026-05-03 09:00:00,0.00931,0.00931,0.00913,0.00915,426934926077.1603,3930625034.5150123
2026-05-04 09:00:00,0.00915,0.00938,0.00909,0.00919,913279519245.5758,8414234105.667563
2026-05-05 09:00:00,0.00918,0.0095,0.00918,0.00939,743976037694.3824,6913509367.838691
2026-05-06 09:00:00,0.00938,0.00955,0.00928,0.00941,856031100929.8816,8063967025.29186
2026-05-07 09:00:00,0.0094,0.0094,0.00919,0.00924,562269452607.0878,5219638464.51186
2026-05-08 09:00:00,0.00924,0.00955,0.0092,0.0095,665022505152.2251,6233563540.658981
2026-05-09 09:00:00,0.0095,0.0096,0.00935,0.0094,640618463155.5231,6080094951.544316
2026-05-10 09:00:00,0.00939,0.00978,0.00932,0.00968,1184711421409.522,11310201004.289799
2026-05-11 09:00:00,0.00967,0.00984,0.00951,0.00971,779048850880.3301,7534232135.851721
2026-05-12 09:00:00,0.00971,0.00979,0.00937,0.00951,825932022048.5491,7927855951.662631
2026-05-13 09:00:00,0.00951,0.0097,0.00926,0.00932,681068006997.705,6449282251.933661
2026-05-14 09:00:00,0.00933,0.00956,0.00924,0.00942,742629001159.68,6963964840.36212
2026-05-15 09:00:00,0.00941,0.00946,0.009,0.00912,700735034775.0073,6468238655.0502615
2026-05-16 09:00:00,0.00911,0.00914,0.00873,0.00875,745928474837.3597,6622753129.254303
2026-05-17 09:00:00,0.00875,0.00878,0.00835,0.00856,702630569286.0228,6086754278.522056
2026-05-18 09:00:00,0.00856,0.00858,0.00835,0.00855,665348740359.5037,5631148891.88991
2026-05-19 09:00:00,0.00855,0.00862,0.00844,0.00848,370118002107.5704,3164476245.559924
2026-05-20 09:00:00,0.00848,0.00865,0.00844,0.00857,414638989258.1056,3537515182.5610023
2026-05-21 09:00:00,0.00858,0.00871,0.00854,0.00867,388884467490.3299,3351823191.317957
2026-05-22 09:00:00,0.00867,0.00878,0.00845,0.00848,386450874132.4439,3344463788.619708
2026-05-23 09:00:00,0.00848,0.00862,0.00824,0.0085,520465206434.6548,4366621328.354371
2026-05-24 09:00:00,0.0085,0.00852,0.00824,0.00837,406583429421.5189,3421022457.513209
2026-05-25 09:00:00,0.00837,0.00843,0.00825,0.00828,438451849367.33105,3663384756.4326715
2026-05-26 09:00:00,0.00827,0.00837,0.00814,0.0082,588104450197.6862,4834022568.743878
2026-05-27 09:00:00,0.0082,0.00823,0.00798,0.00801,714602376205.1279,5794151884.777892
2026-05-28 09:00:00,0.00801,0.00806,0.00773,0.00793,1046189867005.4956,8234451228.483622
2026-05-29 09:00:00,0.00793,0.00808,0.00783,0.00803,718754382219.4817,5719213112.217615
2026-05-30 09:00:00,0.00804,0.00825,0.00803,0.00815,550006025597.2069,4482171328.655968
2026-05-31 09:00:00,0.00814,0.0082,0.00799,0.00813,396154722582.723,3216201032.67576
2026-06-01 09:00:00,0.00814,0.00819,0.0079,0.00806,702560265695.0824,5643603077.332839
2026-06-02 09:00:00,0.00806,0.00809,0.00754,0.00767,1109856798769.868,8696731380.4276
2026-06-03 09:00:00,0.00767,0.00793,0.00761,0.00771,629793271647.8893,4896174674.089951
2026-06-04 09:00:00,0.0077,0.00776,0.00722,0.0074,1257937893548.083,9370731985.327934
2026-06-05 09:00:00,0.00741,0.00743,0.00675,0.00694,1634787823223.362,11559480629.079435
2026-06-06 09:00:00,0.00695,0.00704,0.00656,0.00695,888156220939.3209,6041578084.712049
2026-06-07 09:00:00,0.00695,0.0073,0.00691,0.00712,608318668847.3746,4328686284.304013
2026-06-08 09:00:00,0.00712,0.00719,0.007,0.0071,469516833445.1069,3333070804.5193567
2026-06-09 09:00:00,0.00709,0.00711,0.00689,0.00701,472817452702.2468,3311091320.1677837
2026-06-10 09:00:00,0.00701,0.00718,0.00687,0.00695,703588422157.0654,4930132829.167174
2026-06-11 09:00:00,0.00695,0.00734,0.00695,0.00724,386218484051.9338,2755725333.506904
2026-06-12 09:00:00,0.00724,0.00744,0.0072,0.00733,394703055401.6472,2886846967.796828
2026-06-13 09:00:00,0.00731,0.00768,0.0073,0.00758,379385797068.8782,2839877511.2039948
2026-06-14 09:00:00,0.00759,0.00763,0.00735,0.0076,430449308048.29376,3225993784.3489327
2026-06-15 09:00:00,0.0076,0.0078,0.00748,0.0076,677065228600.9541,5142994373.271351
2026-06-16 09:00:00,0.0076,0.00765,0.00739,0.00747,563391164947.6705,4243691030.8964877
2026-06-17 09:00:00,0.00748,0.00758,0.00737,0.00746,349840471247.49774,2613691021.7334194
2026-06-18 09:00:00,0.00747,0.0075,0.00702,0.0072,535811847767.6043,3893359380.566778
2026-06-19 09:00:00,0.0072,0.00725,0.00707,0.00718,335341406520.90735,2398720170.3858223
2026-06-20 09:00:00,0.00719,0.00722,0.00705,0.00718,331078920366.026,2361320797.9602017
2026-06-21 09:00:00,0.00718,0.00718,0.00699,0.00701,297303919445.6373,2103263176.8042173
2026-06-22 09:00:00,0.00701,0.00718,0.00697,0.00701,479971491714.27,3388992578.698125
2026-06-23 09:00:00,0.00701,0.00704,0.00675,0.00689,653988012969.932,4498254381.943146
2026-06-24 09:00:00,0.00688,0.00695,0.00643,0.00665,941048818029.7202,6301942563.27281
2026-06-25 09:00:00,0.00665,0.00676,0.00621,0.00645,1099448742672.3264,7145591363.628634
2026-06-26 09:00:00,0.00646,0.00649,0.00618,0.00644,983147701593.9374,6250043780.1174555
2026-06-27 09:00:00,0.00644,0.00666,0.00638,0.0064,378877631584.97766,2453658954.437276
2026-06-28 09:00:00,0.0064,0.00643,0.00622,0.00632,465360051872.1991,2949850698.8008327
2026-06-29 09:00:00,0.00631,0.00656,0.00624,0.00644,595439765122.3595,3798763149.232677
2026-06-30 09:00:00,0.00645,0.00648,0.00633,0.00638,441403816365.98315,2831754173.41257
2026-07-01 09:00:00,0.00638,0.00664,0.0063,0.00651,473843964024.964,3069174375.660614
2026-07-02 09:00:00,0.0065,0.00662,0.00639,0.00649,545474341710.47455,3553769138.5552144
2026-07-03 09:00:00,0.00649,0.00677,0.0064,0.0067,704328986902.36,4609388218.083935
2026-07-04 09:00:00,0.0067,0.0069,0.00658,0.00671,517331168304.18085,3461212453.7813463
2026-07-05 09:00:00,0.00671,0.00671,0.00646,0.00665,502182093242.2057,3298203203.614796
2026-07-06 09:00:00,0.00665,0.00671,0.00642,0.00661,491387241696.37756,3221399143.1299663
2026-07-07 09:00:00,0.00661,0.00677,0.00647,0.00657,494771577456.21045,3250315158.4418664
2026-07-08 09:00:00,0.00658,0.0066,0.00619,0.00641,726410627134.7018,4617896762.973845
2026-07-09 09:00:00,0.0064,0.00645,0.0063,0.0064,315856699262.37634,2017286318.6325464
2026-07-10 09:00:00,0.00639,0.00656,0.00636,0.00655,266326661201.82327,1728744987.5286808
2026-07-11 09:00:00,0.00655,0.00661,0.00641,0.00644,273958406505.57654,1792183421.7991478
2026-07-12 09:00:00,0.00643,0.00646,0.00629,0.00631,394061415414.51953,2512957693.1283913
2026-07-13 09:00:00,0.00631,0.00641,0.00607,0.00617,837097400024.2426,5200785493.239308
2026-07-14 09:00:00,0.00617,0.00629,0.00608,0.00621,645404581208.4438,3975536865.676538
2026-07-15 09:00:00,0.0062,0.0064,0.00617,0.00622,496032698158.08716,3101114571.597793
2026-07-16 09:00:00,0.00622,0.00623,0.00605,0.00607,544135586520.96155,3335835679.275276
2026-07-17 09:00:00,0.00607,0.00617,0.00601,0.00611,501779525698.5921,3053599096.58103
2026-07-18 09:00:00,0.0061,0.00623,0.00609,0.00611,697173218388.5012,4288622553.577041
2026-07-19 09:00:00,0.00611,0.00616,0.00606,0.00608,355009902276.875,2167803682.1224527
2026-07-20 09:00:00,0.00608,0.00623,0.00604,0.0062,569808285008.7145,3503348028.3329067
2026-07-21 09:00:00,0.0062,0.00629,0.00618,0.00624,462537411373.48254,2887957426.405235
2026-07-22 09:00:00,0.00624,0.00627,0.00617,0.00622,384895324178.0811,2390751144.0598955
2026-07-23 09:00:00,0.00622,0.00623,0.00602,0.00608,543383881319.8303,3323411644.2046394
2026-07-24 09:00:00,0.00607,0.00615,0.006,0.00612,607597057515.3478,3682068098.1584063
2026-07-25 09:00:00,0.00612,0.00756,0.0061,0.00718,4613197053718.421,32281331897.72725
2026-07-26 09:00:00,0.00718,0.0085,0.00711,0.00774,10628274177222.186,83339967231.90875
2026-07-27 09:00:00,0.00773,0.00784,0.00704,0.00706,2964601174076.9385,22006731403.757538
2026-07-28 09:00:00,0.00706,0.00708,0.00665,0.00672,1492553523153.862,10152729104.751919
2026-07-29 09:00:00,0.00672,0.007,0.00651,0.00664,1840633947395.926,12420764352.490713
2026-07-30 09:00:00,0.00664,0.00677,0.0065,0.00668,960605727212.1447,6342072741.711959
2026-07-31 09:00:00,0.00668,0.00691,0.00657,0.00677,1008290694427.8809,6780113782.740323
2026-08-01 09:00:00,0.00676,0.00742,0.00675,0.00694,3066889779424.5024,21813095998.320225
2026-08-02 09:00:00,0.00695,0.00728,0.00692,0.00703,1120545867928.4304,7955674135.454102
2026-08-03 09:00:00,0.00702,0.00719,0.00687,0.00708,948103571745.142,6615327190.7347555
2026-08-04 09:00:00,0.00709,0.00719,0.007,0.00709,576362767023.4819,4091684190.381541
2026-08-05 09:00:00,0.00709,0.0071,0.00689,0.00696,500498491469.30426,3494100038.3567495
2026-08-06 09:00:00,0.00696,0.00701,0.0066,0.00665,896284196192.906,6052628970.772729
2026-08-07 09:00:00,0.00664,0.00665,0.00643,0.00651,598335158248.9344,3912373993.9035864
2026-08-08 09:00:00,0.00651,0.00662,0.00649,0.0065,361703269483.02997,2367421478.4090357
2026-08-09 09:00:00,0.00651,0.00662,0.00644,0.00648,416495389892.7467,2713610946.026298
2026-08-10 09:00:00,0.00648,0.00669,0.00632,0.00638,613951641803.6268,4009056062.7643657
2026-08-11 09:00:00,0.00637,0.00639,0.00623,0.00634,553649469574.3517,3503447920.646203
2026-08-12 09:00:00,0.00634,0.00637,0.00615,0.0062,487754144770.62604,3064398842.754682
2026-08-13 09:00:00,0.00621,0.00641,0.00615,0.00627,604691494305.842,3801802952.150891
2026-08-14 09:00:00,0.00629,0.00661,0.00626,0.00653,918180043549.3446,5872094393.18064
2026-08-15 09:00:00,0.00654,0.00656,0.00634,0.00637,332151322959.8777,2149442719.3837113
2026-08-16 09:00:00,0.00637,0.00641,0.00619,0.00629,421619153088.30475,2667946916.4164352
2026-08-17 09:00:00,0.00629,0.00636,0.00622,0.00629,478609815449.3958,3007150948.6540256
2026-08-18 09:00:00,0.00631,0.00631,0.00614,0.00621,596853505360.4172,3705450774.2246637
2026-08-19 09:00:00,0.00621,0.00652,0.00618,0.00652,877155991630.931,5528690812.663031
2026-08-20 09:00:00,0.00652,0.00692,0.00648,0.0068,1419898270307.568,9549191528.52101
2026-08-21 09:00:00,0.00681,0.00852,0.00677,0.0081,2872523736879.3076,21579855415.842655
2026-08-22 09:00:00,0.0081,0.00854,0.00721,0.00747,4252161758777.0317,33468624222.462975
2026-08-23 09:00:00,0.00746,0.00766,0.00715,0.00763,1427553813661.7034,10639005785.065432
2026-08-24 09:00:00,0.00763,0.00763,0.00733,0.00753,1399288334523.4373,10478815788.82153
2026-08-25 09:00:00,0.00752,0.00791,0.00724,0.00733,1404999733235.6023,10714031053.485687
2026-08-26 09:00:00,0.00733,0.00748,0.00712,0.00746,824332401568.7646,6044146461.686416
2026-08-27 09:00:00,0.00745,0.00762,0.0073,0.00751,878503098841.6223,6537412935.514316
2026-08-28 09:00:00,0.00751,0.0076,0.00705,0.00719,826365367913.3025,6036618513.1571455
2026-08-29 09:00:00,0.00719,0.00721,0.00705,0.00716,499286897755.6037,3558290828.0780582
2026-08-30 09:00:00,0.00716,0.00725,0.00681,0.00689,632378586237.7477,4469215443.017802
2026-08-31 09:00:00,0.00689,0.00701,0.00685,0.00699,779037867681.176,5415586711.310769
2026-09-01 09:00:00,0.00698,0.00714,0.00697,0.00714,161839431710.23288,1139130791.7131433
