,open,high,low,close,volume,value
2021-10-15 09:00:00,1350.0,5000.0,1350.0,2035.0,980542626.5540147,2263465221287.422
2021-10-16 09:00:00,2040.0,2125.0,1825.0,1860.0,245414138.09745592,469715161556.7277
2021-10-17 09:00:00,1855.0,1910.0,1750.0,1800.0,81078080.87848818,149446396136.74463
2021-10-18 09:00:00,1800.0,2005.0,1770.0,1825.0,161100299.2867206,305228379556.3349
2021-10-19 09:00:00,1830.0,1895.0,1765.0,1800.0,37588437.62638869,68914505409.23274
2021-10-20 09:00:00,1805.0,1885.0,1765.0,1860.0,25331920.03976904,45826558640.77209
2021-10-21 09:00:00,1855.0,1975.0,1820.0,1845.0,34090154.53238032,64569178246.56737
2021-10-22 09:00:00,1845.0,1930.0,1840.0,1860.0,25872720.58292985,48648126981.72544
2021-10-23 09:00:00,1860.0,2085.0,1830.0,2000.0,72389198.77643324,144692095460.5123
2021-10-24 09:00:00,2005.0,2010.0,1890.0,1920.0,31044737.88162248,60513714251.78062
2021-10-25 09:00:00,1925.0,2060.0,1900.0,2035.0,29585709.1823917,58960058651.817764
2021-10-26 09:00:00,2035.0,2250.0,2000.0,2105.0,93315531.06220587,200148865639.1017
2021-10-27 09:00:00,2105.0,2365.0,1920.0,2155.0,282796902.4225889,616779204068.8601
2021-10-28 09:00:00,2160.0,2640.0,2155.0,2580.0,199790554.12401214,470438200131.08124
2021-10-29 09:00:00,2580.0,2815.0,2335.0,2430.0,161959141.11985874,407074209410.65204
2021-10-30 09:00:00,2435.0,2440.0,2180.0,2225.0,75081602.60793997,172146045273.6453
2021-10-31 09:00:00,2225.0,2370.0,2135.0,2285.0,90936294.57797147,205337286719.16827
2021-11-01 09:00:00,2285.0,2335.0,2185.0,2270.0,33037375.45262024,74623413906.39072
2021-11-02 09:00:00,2265.0,2315.0,2195.0,2275.0,29493362.19186715,66286954836.29023
2021-11-03 09:00:00,2275.0,2535.0,2260.0,2420.0,83120295.07206623,199735689272.46338
2021-11-04 09:00:00,2420.0,2425.0,2270.0,2305.0,26552759.22882178,62266168355.302505
2021-11-05 09:00:00,2305.0,2355.0,2260.0,2310.0,20118169.69429259,46304371973.98821
2021-11-06 09:00:00,2310.0,2330.0,2240.0,2290.0,14407894.86948037,32904958433.717186
2021-11-07 09:00:00,2290.0,2320.0,2265.0,2285.0,10298296.90567972,23591693579.38045
2021-11-08 09:00:00,2285.0,2370.0,2255.0,2285.0,26305849.80544089,60504623695.238525
2021-11-09 09:00:00,2290.0,2300.0,2155.0,2175.0,29557248.66332886,65886343832.46656
2021-11-10 09:00:00,2175.0,2260.0,1970.0,2085.0,32208576.54540489,69025010019.40791
2021-11-11 09:00:00,2080.0,2175.0,2035.0,2130.0,13690031.93620745,28799344459.334618
2021-11-12 09:00:00,2135.0,2150.0,2020.0,2090.0,16474383.04276874,34333373760.882774
2021-11-13 09:00:00,2090.0,2155.0,2065.0,2120.0,13871962.27156674,29154223703.579315
2021-11-14 09:00:00,2120.0,2195.0,2060.0,2100.0,15195060.42719803,32165333248.572575
2021-11-15 09:00:00,2100.0,2125.0,2065.0,2070.0,15776319.38827725,33021360404.726788
2021-11-16 09:00:00,2070.0,2075.0,1880.0,1925.0,30554044.82594994,60065078214.43766
2021-11-17 09:00:00,1920.0,2050.0,1840.0,2005.0,21510461.02938067,41266945230.3898
2021-11-18 09:00:00,2000.0,2045.0,1820.0,1850.0,21767008.94485695,42385833323.79838
2021-11-19 09:00:00,1850.0,2015.0,1825.0,2000.0,13425917.125143,25904877336.367218
2021-11-20 09:00:00,2005.0,2080.0,1945.0,2055.0,10403657.41870395,20915512826.78987
2021-11-21 09:00:00,2050.0,2060.0,1990.0,1995.0,7321446.72982245,14758493321.298264
2021-11-22 09:00:00,1995.0,2020.0,1905.0,1950.0,8774604.20543093,17143006396.698524
2021-11-23 09:00:00,1955.0,2195.0,1925.0,2175.0,20129837.34595397,41493101031.1342
2021-11-24 09:00:00,2180.0,2270.0,2080.0,2120.0,22743508.44097458,49147843340.73799
2021-11-25 09:00:00,2120.0,2405.0,2090.0,2395.0,38751745.70626725,87986749244.18213
2021-11-26 09:00:00,2390.0,2455.0,2065.0,2095.0,37847832.1870805,83513082839.69641
2021-11-27 09:00:00,2095.0,2215.0,2040.0,2070.0,18578590.80795881,39637141275.114235
2021-11-28 09:00:00,2070.0,2120.0,1955.0,2090.0,15763862.05409931,31828995507.32679
2021-11-29 09:00:00,2090.0,2290.0,2055.0,2275.0,13379697.48442032,28614892614.211575
2021-11-30 09:00:00,2275.0,2340.0,2125.0,2210.0,22013053.59200015,49045463912.96739
2021-12-01 09:00:00,2210.0,2600.0,2200.0,2490.0,68263397.09987734,166883717653.33517
2021-12-02 09:00:00,2495.0,2765.0,2425.0,2650.0,110881615.07846574,289358417170.0263
2021-12-03 09:00:00,2650.0,2985.0,2585.0,2890.0,136089363.7797947,381305141761.6411
2021-12-04 09:00:00,2880.0,2945.0,1970.0,2495.0,178470830.5416676,439316087688.33966
2021-12-05 09:00:00,2495.0,2815.0,2380.0,2575.0,162925143.52110803,421222697758.87933
2021-12-06 09:00:00,2575.0,2870.0,2155.0,2835.0,144130828.59095052,349362116406.35254
2021-12-07 09:00:00,2840.0,3140.0,2745.0,2930.0,154526363.16162112,453159298143.965
2021-12-08 09:00:00,2930.0,3205.0,2780.0,3000.0,171697587.60470584,516329503912.5297
2021-12-09 09:00:00,3005.0,3025.0,2600.0,2610.0,111338011.95805378,313285868131.4842
2021-12-10 09:00:00,2610.0,2850.0,2530.0,2670.0,190184774.06299075,513126614564.63354
2021-12-11 09:00:00,2665.0,2690.0,2565.0,2660.0,63539505.42636935,166997484364.51508
2021-12-12 09:00:00,2665.0,2670.0,2535.0,2585.0,35414585.08082167,91728141260.22069
2021-12-13 09:00:00,2585.0,2595.0,2225.0,2285.0,80122692.34076004,190026077045.4819
2021-12-14 09:00:00,2280.0,2415.0,2135.0,2410.0,77359647.11433154,175869883767.0106
2021-12-15 09:00:00,2410.0,2800.0,2290.0,2685.0,97951753.82996596,246696427308.7649
2021-12-16 09:00:00,2680.0,2770.0,2585.0,2600.0,60331686.06591449,161596694127.1487
2021-12-17 09:00:00,2605.0,2730.0,2440.0,2675.0,58055334.67732043,150205139780.61484
2021-12-18 09:00:00,2675.0,2810.0,2575.0,2780.0,42839341.31733512,116031925673.34386
2021-12-19 09:00:00,2780.0,2855.0,2710.0,2780.0,34561254.19508912,95833688671.066
2021-12-20 09:00:00,2775.0,2800.0,2545.0,2640.0,51430561.77835106,135858731008.10088
2021-12-21 09:00:00,2640.0,2965.0,2590.0,2915.0,76856323.79281025,216633970785.32135
2021-12-22 09:00:00,2920.0,3265.0,2910.0,3095.0,124579563.36758041,386896130125.15234
2021-12-23 09:00:00,3095.0,3320.0,3060.0,3245.0,117590799.62689285,374640420295.7759
2021-12-24 09:00:00,3240.0,3250.0,2970.0,3025.0,55681229.89952048,174861397408.65204
2021-12-25 09:00:00,3020.0,3245.0,2980.0,3195.0,35755672.07306741,110893884088.4814
2021-12-26 09:00:00,3195.0,3510.0,3175.0,3475.0,112485295.95318311,378662772864.29694
2021-12-27 09:00:00,3480.0,3545.0,3300.0,3315.0,52662432.28733087,180568552484.30447
2021-12-28 09:00:00,3320.0,3320.0,3010.0,3055.0,65014430.67481906,206293893337.72888
2021-12-29 09:00:00,3055.0,3195.0,2945.0,3045.0,78638560.49006619,241429445500.806
2021-12-30 09:00:00,3045.0,3150.0,2955.0,3105.0,46123218.75172451,140620222457.40015
2021-12-31 09:00:00,3100.0,3250.0,3000.0,3095.0,35570785.33699408,110822945206.73932
2022-01-01 09:00:00,3095.0,3180.0,3055.0,3125.0,19833587.19112536,61795629274.28019
2022-01-02 09:00:00,3125.0,3140.0,3050.0,3100.0,21716974.95241242,66930456885.07249
2022-01-03 09:00:00,3100.0,3100.0,2905.0,2975.0,27430404.67516018,82626211905.51508
2022-01-04 09:00:00,2975.0,3045.0,2880.0,2895.0,30261841.07178127,89596222171.87619
2022-01-05 09:00:00,2890.0,2980.0,2550.0,2700.0,37541656.20597612,104956309468.43646
2022-01-06 09:00:00,2705.0,2825.0,2560.0,2785.0,42912780.15407902,114977248168.95392
2022-01-07 09:00:00,2785.0,2800.0,2530.0,2550.0,39352680.45428902,103767699307.32077
2022-01-08 09:00:00,2550.0,2650.0,2400.0,2490.0,32761998.86313548,82881089626.61687
2022-01-09 09:00:00,2490.0,2665.0,2450.0,2610.0,21010778.28165598,53156241143.36096
2022-01-10 09:00:00,2610.0,2655.0,2365.0,2545.0,41706193.9341076,104349115150.79951
2022-01-11 09:00:00,2545.0,2905.0,2495.0,2890.0,56908612.08798661,153350115247.46936
2022-01-12 09:00:00,2890.0,3000.0,2825.0,2915.0,40945075.28930202,118199759160.75749
2022-01-13 09:00:00,2910.0,2985.0,2750.0,2760.0,44155569.76384321,127033789942.09688
2022-01-14 09:00:00,2760.0,2850.0,2660.0,2830.0,31031668.64912452,85435427428.51349
2022-01-15 09:00:00,2830.0,2900.0,2800.0,2850.0,17873901.96075895,50975124870.71042
2022-01-16 09:00:00,2850.0,2875.0,2780.0,2815.0,15088645.63914207,42643778347.18923
2022-01-17 09:00:00,2820.0,2975.0,2645.0,2705.0,50053868.50302696,142356653767.11465
2022-01-18 09:00:00,2705.0,2730.0,2530.0,2570.0,38080529.61521041,99588792961.63054
2022-01-19 09:00:00,2570.0,2600.0,2425.0,2455.0,35101738.54739936,88084694340.16798
2022-01-20 09:00:00,2455.0,2635.0,2385.0,2400.0,33420246.801419,83515309661.30688
2022-01-21 09:00:00,2400.0,2465.0,2065.0,2120.0,80641758.51222908,183378732500.09207
2022-01-22 09:00:00,2120.0,2165.0,1800.0,1905.0,92506036.61905238,180774964793.85873
2022-01-23 09:00:00,1900.0,2050.0,1860.0,1980.0,54750029.574209,106927633458.52908
2022-01-24 09:00:00,1975.0,1980.0,1625.0,1840.0,162160367.17360657,282929201226.2182
2022-01-25 09:00:00,1845.0,1955.0,1715.0,1895.0,58862213.04459345,106203311800.85777
2022-01-26 09:00:00,1890.0,2215.0,1860.0,1945.0,100939947.5386378,202300079720.468
2022-01-27 09:00:00,1950.0,2045.0,1845.0,1960.0,68836280.78956527,134159855973.74365
2022-01-28 09:00:00,1960.0,2095.0,1945.0,2070.0,58271563.15780658,117516662573.88094
2022-01-29 09:00:00,2065.0,2155.0,2040.0,2100.0,33470276.8154047,70369781821.57611
2022-01-30 09:00:00,2100.0,2120.0,1965.0,2000.0,33371716.17710599,68258561413.10075
2022-01-31 09:00:00,2005.0,2040.0,1895.0,2020.0,29540254.90674021,57878143864.68912
2022-02-01 09:00:00,2020.0,2065.0,1995.0,2040.0,27734336.98976192,56233987673.001625
2022-02-02 09:00:00,2035.0,2060.0,1890.0,1895.0,39372297.02605795,77892283752.9314
2022-02-03 09:00:00,1895.0,1920.0,1825.0,1905.0,26144450.89660859,49037743057.506775
2022-02-04 09:00:00,1910.0,2070.0,1885.0,2070.0,31859738.71948775,62560325139.15911
2022-02-05 09:00:00,2070.0,2150.0,2045.0,2100.0,37870468.34256835,79694865734.47952
2022-02-06 09:00:00,2105.0,2165.0,2035.0,2130.0,34442083.33557362,72491468705.83672
2022-02-07 09:00:00,2130.0,2530.0,2075.0,2465.0,104353449.80986421,241236872535.40805
2022-02-08 09:00:00,2460.0,2500.0,2280.0,2370.0,64882070.65037159,154960356429.50372
2022-02-09 09:00:00,2375.0,2490.0,2310.0,2460.0,30223577.42819308,72179054878.0854
2022-02-10 09:00:00,2460.0,2470.0,2290.0,2320.0,41621895.19391498,99084225368.19885
2022-02-11 09:00:00,2315.0,2330.0,2050.0,2105.0,43348758.0170176,95534309090.18283
2022-02-12 09:00:00,2105.0,2145.0,2005.0,2080.0,30717154.27633507,63699412649.747856
2022-02-13 09:00:00,2075.0,2110.0,2020.0,2035.0,14212994.55298439,29514708706.2963
2022-02-14 09:00:00,2030.0,2055.0,1950.0,2020.0,24953040.27425534,49627429676.3744
2022-02-15 09:00:00,2015.0,2270.0,2005.0,2260.0,26775983.90144755,57301483548.00823
2022-02-16 09:00:00,2260.0,2275.0,2130.0,2230.0,25039158.70272774,55144953402.282036
2022-02-17 09:00:00,2230.0,2260.0,2010.0,2030.0,29037300.42152413,62175778845.42274
2022-02-18 09:00:00,2030.0,2085.0,1940.0,1960.0,25300477.18228117,50968236095.373505
2022-02-19 09:00:00,1955.0,2000.0,1905.0,1995.0,17728273.58573967,34705406886.90884
2022-02-20 09:00:00,2000.0,2000.0,1830.0,1860.0,24487225.86342091,46227443706.06794
2022-02-21 09:00:00,1860.0,1960.0,1715.0,1725.0,43026709.25324897,79591342040.10803
2022-02-22 09:00:00,1730.0,1795.0,1660.0,1780.0,32614872.73697326,56439086777.31352
2022-02-23 09:00:00,1780.0,1930.0,1750.0,1755.0,33947246.16665699,62505237541.38627
2022-02-24 09:00:00,1755.0,1835.0,1560.0,1765.0,80777653.38494058,134349067447.40706
2022-02-25 09:00:00,1765.0,1915.0,1715.0,1885.0,38790982.44886659,69842890676.7532
2022-02-26 09:00:00,1885.0,1935.0,1840.0,1860.0,19497674.42620017,36694653916.82363
2022-02-27 09:00:00,1860.0,1890.0,1755.0,1785.0,26278918.50458078,47807788825.329704
2022-02-28 09:00:00,1785.0,1955.0,1745.0,1950.0,27252867.33612558,50272188170.9025
2022-03-01 09:00:00,1950.0,2015.0,1895.0,1960.0,34849926.78977304,68085126023.74688
2022-03-02 09:00:00,1960.0,2060.0,1915.0,1990.0,35799117.46299643,71342427278.09366
2022-03-03 09:00:00,1990.0,2010.0,1895.0,1935.0,17924833.60682229,35015072152.85713
2022-03-04 09:00:00,1930.0,1940.0,1805.0,1830.0,16826885.95532583,31506593231.186146
2022-03-05 09:00:00,1825.0,1870.0,1795.0,1860.0,9692604.47874059,17767406315.354946
2022-03-06 09:00:00,1860.0,1875.0,1785.0,1785.0,8548351.85823487,15593593002.704855
2022-03-07 09:00:00,1790.0,1850.0,1720.0,1765.0,16474609.03600322,29282899850.951042
2022-03-08 09:00:00,1765.0,1830.0,1750.0,1805.0,9656000.18532836,17374243975.494682
2022-03-09 09:00:00,1805.0,1905.0,1800.0,1850.0,16179655.4801299,30170633308.971447
2022-03-10 09:00:00,1850.0,1865.0,1750.0,1780.0,17341764.38511143,31027811400.423183
2022-03-11 09:00:00,1780.0,1830.0,1750.0,1755.0,13836101.61928885,24711039714.30196
2022-03-12 09:00:00,1755.0,1785.0,1745.0,1750.0,7587795.91323032,13385732223.835495
2022-03-13 09:00:00,1745.0,1765.0,1700.0,1710.0,7801848.82109582,13564926102.709538
2022-03-14 09:00:00,1710.0,1730.0,1665.0,1710.0,11374514.67462932,19329738039.413403
2022-03-15 09:00:00,1710.0,1740.0,1665.0,1700.0,8545199.21020444,14504162455.728907
2022-03-16 09:00:00,1700.0,1800.0,1685.0,1795.0,12811990.7577982,22225824909.78381
2022-03-17 09:00:00,1795.0,1830.0,1755.0,1775.0,10718251.3998267,19152801911.438225
2022-03-18 09:00:00,1775.0,1830.0,1745.0,1820.0,8067029.27257983,14357090747.31612
2022-03-19 09:00:00,1820.0,1870.0,1820.0,1860.0,8865065.92358396,16381766942.773317
2022-03-20 09:00:00,1850.0,1865.0,1790.0,1795.0,7793955.7830165,14206376368.895178
2022-03-21 09:00:00,1795.0,1825.0,1775.0,1795.0,9151835.77728845,16447937445.069233
2022-03-22 09:00:00,1790.0,1860.0,1785.0,1835.0,12032965.96196769,22039259623.073944
2022-03-23 09:00:00,1835.0,1895.0,1825.0,1890.0,12617475.2974765,23439442951.158657
2022-03-24 09:00:00,1895.0,1980.0,1870.0,1955.0,19380972.68967384,37379287409.60926
2022-03-25 09:00:00,1955.0,2000.0,1910.0,1920.0,12415639.51607353,24278103087.97875
2022-03-26 09:00:00,1925.0,1955.0,1900.0,1950.0,8224013.4353567,15877464182.375704
2022-03-27 09:00:00,1950.0,2030.0,1925.0,2025.0,12477403.10420711,24572215367.584236
2022-03-28 09:00:00,2025.0,2085.0,2000.0,2005.0,16306663.75264293,33222421275.699177
2022-03-29 09:00:00,2005.0,2125.0,1955.0,2020.0,22975646.80674233,47097725373.11388
2022-03-30 09:00:00,2020.0,2070.0,1960.0,2025.0,16222539.6945312,32650206681.76687
2022-03-31 09:00:00,2025.0,2105.0,1980.0,1995.0,22220143.4991336,45447799514.56032
2022-04-01 09:00:00,1995.0,2085.0,1935.0,2060.0,16980280.30503246,34029059700.90351
2022-04-02 09:00:00,2055.0,2100.0,2020.0,2050.0,17651521.6737245,36494708840.11535
2022-04-03 09:00:00,2045.0,2080.0,2005.0,2065.0,14517679.20630176,29772519263.075676
2022-04-04 09:00:00,2060.0,2070.0,1980.0,2030.0,15243397.89563195,30864492470.24928
2022-04-05 09:00:00,2030.0,2050.0,1970.0,1975.0,11746481.31069583,23566147326.012436
2022-04-06 09:00:00,1980.0,2030.0,1785.0,1795.0,30144149.11204821,57706954508.85459
2022-04-07 09:00:00,1790.0,1885.0,1770.0,1875.0,12811407.88445053,23365240952.060856
2022-04-08 09:00:00,1870.0,1905.0,1790.0,1805.0,9889225.25781511,18402082902.674557
2022-04-09 09:00:00,1805.0,1835.0,1790.0,1825.0,4846303.83420898,8792359637.968405
2022-04-10 09:00:00,1830.0,1850.0,1785.0,1790.0,4007197.72432636,7287801711.904417
2022-04-11 09:00:00,1790.0,1805.0,1675.0,1695.0,11348824.31934215,19677819278.568405
2022-04-12 09:00:00,1695.0,1855.0,1675.0,1765.0,14176113.24895355,25082556263.287453
2022-04-13 09:00:00,1760.0,1805.0,1725.0,1785.0,7420518.97627596,13153656554.734358
2022-04-14 09:00:00,1785.0,1810.0,1705.0,1730.0,7475635.66215047,13162863917.788073
2022-04-15 09:00:00,1730.0,1760.0,1720.0,1750.0,4217920.48038832,7336099304.604898
2022-04-16 09:00:00,1750.0,1760.0,1715.0,1740.0,3075676.70766961,5350777193.444606
2022-04-17 09:00:00,1740.0,1745.0,1685.0,1695.0,4212148.87384687,7230269572.318788
2022-04-18 09:00:00,1690.0,1785.0,1630.0,1770.0,24568644.36913702,42223068212.978355
2022-04-19 09:00:00,1765.0,1800.0,1730.0,1765.0,17586021.45074416,31059017038.31114
2022-04-20 09:00:00,1770.0,1820.0,1745.0,1765.0,22920817.01068453,40905155614.88167
2022-04-21 09:00:00,1760.0,1815.0,1700.0,1735.0,15406648.01735553,27346232283.7203
2022-04-22 09:00:00,1730.0,1890.0,1720.0,1755.0,47322574.33408454,85728128779.0361
2022-04-23 09:00:00,1755.0,1770.0,1690.0,1725.0,10559178.36466562,18261823655.312897
2022-04-24 09:00:00,1725.0,1735.0,1680.0,1695.0,6521128.65130627,11117755100.763681
2022-04-25 09:00:00,1695.0,1705.0,1610.0,1700.0,12879132.69390936,21273625087.914528
2022-04-26 09:00:00,1700.0,1705.0,1575.0,1595.0,12067027.56135883,19761638933.282097
2022-04-27 09:00:00,1595.0,1640.0,1580.0,1605.0,6603793.47993674,10615364936.792118
2022-04-28 09:00:00,1600.0,1625.0,1570.0,1585.0,8435915.5109046,13451172771.539194
2022-04-29 09:00:00,1580.0,1590.0,1460.0,1475.0,12725065.12650341,19436670396.82297
2022-04-30 09:00:00,1475.0,1510.0,1350.0,1360.0,13046828.81063826,18715364718.991196
2022-05-01 09:00:00,1360.0,1440.0,1310.0,1410.0,11276885.65422044,15589893565.892786
2022-05-02 09:00:00,1415.0,1435.0,1340.0,1380.0,7962431.33457759,11078791492.083178
2022-05-03 09:00:00,1385.0,1435.0,1365.0,1390.0,7767502.78384545,10885833922.428759
2022-05-04 09:00:00,1390.0,1500.0,1380.0,1495.0,9658392.20731887,13887436704.958647
2022-05-05 09:00:00,1490.0,1515.0,1350.0,1385.0,11820381.36843675,16862698900.423428
2022-05-06 09:00:00,1385.0,1400.0,1320.0,1360.0,7702636.93365281,10495355087.23703
2022-05-07 09:00:00,1365.0,1390.0,1315.0,1335.0,5354654.71520879,7260992822.2077675
2022-05-08 09:00:00,1335.0,1350.0,1265.0,1280.0,8666693.5440509,11259722231.260881
2022-05-09 09:00:00,1280.0,1305.0,1080.0,1105.0,23167478.40784275,27118424760.600883
2022-05-10 09:00:00,1105.0,1305.0,1060.0,1180.0,36421650.55137785,44148197477.90009
2022-05-11 09:00:00,1185.0,1210.0,870.0,941.0,50773803.91987956,52621959874.1972
2022-05-12 09:00:00,942.0,978.0,707.0,814.0,57859728.23027123,46880714959.41618
2022-05-13 09:00:00,814.0,992.0,799.0,894.0,39124406.47729135,35833651513.98117
2022-05-14 09:00:00,893.0,957.0,822.0,913.0,22580188.47948835,20115830434.05909
2022-05-15 09:00:00,913.0,970.0,874.0,970.0,12599233.46905127,11495921339.63289
2022-05-16 09:00:00,969.0,969.0,876.0,892.0,13421090.20338406,12176283893.371264
2022-05-17 09:00:00,893.0,948.0,888.0,937.0,12680631.49446911,11649836367.747787
2022-05-18 09:00:00,937.0,948.0,806.0,811.0,18190419.52357716,15840263201.101816
2022-05-19 09:00:00,810.0,859.0,786.0,842.0,15974007.35299986,13115182237.787136
2022-05-20 09:00:00,842.0,871.0,801.0,822.0,11845449.17308648,9935842492.745003
2022-05-21 09:00:00,824.0,850.0,806.0,838.0,5166410.43256913,4278247011.172816
2022-05-22 09:00:00,838.0,876.0,830.0,870.0,9254168.27119353,7912596739.840889
2022-05-23 09:00:00,871.0,894.0,816.0,825.0,12167117.21104333,10590501927.299452
2022-05-24 09:00:00,825.0,852.0,781.0,846.0,10375866.72018261,8474707760.48289
2022-05-25 09:00:00,846.0,855.0,805.0,829.0,8776594.90793177,7267100939.617538
2022-05-26 09:00:00,829.0,844.0,750.0,773.0,13731321.15283917,10874728915.497595
2022-05-27 09:00:00,773.0,781.0,725.0,739.0,13707984.37967871,10300783231.58455
2022-05-28 09:00:00,741.0,761.0,734.0,752.0,6126269.66818093,4580343302.543769
2022-05-29 09:00:00,752.0,765.0,735.0,762.0,5561228.28856821,4176037283.64346
2022-05-30 09:00:00,760.0,826.0,756.0,821.0,11362336.24956826,9032153542.402998
2022-05-31 09:00:00,820.0,861.0,810.0,830.0,15294501.82153398,12705739723.679289
2022-06-01 09:00:00,830.0,841.0,752.0,765.0,20621957.99675493,16537920808.458246
2022-06-02 09:00:00,765.0,784.0,752.0,780.0,11442386.88494177,8753640189.288198
2022-06-03 09:00:00,780.0,782.0,734.0,751.0,9732491.74182306,7357149603.4660845
2022-06-04 09:00:00,751.0,765.0,736.0,759.0,4718979.24398009,3543465969.476366
2022-06-05 09:00:00,758.0,768.0,745.0,761.0,6263822.70713683,4714789052.9632
2022-06-06 09:00:00,760.0,826.0,757.0,798.0,19244689.96628995,15478978594.318623
2022-06-07 09:00:00,799.0,799.0,747.0,781.0,11068917.08337935,8457216424.163899
2022-06-08 09:00:00,781.0,799.0,769.0,776.0,7560591.33166876,5894690444.156481
2022-06-09 09:00:00,775.0,827.0,769.0,807.0,11249562.81422649,8967511527.508188
2022-06-10 09:00:00,807.0,842.0,769.0,773.0,31956563.76093611,25921884780.883167
2022-06-11 09:00:00,771.0,784.0,695.0,706.0,17796013.49753348,13144803852.38225
2022-06-12 09:00:00,707.0,713.0,648.0,648.0,15820676.58879287,10645340357.063751
2022-06-13 09:00:00,649.0,657.0,538.0,561.0,27939729.32367469,16217508694.666862
2022-06-14 09:00:00,561.0,585.0,518.0,542.0,30718731.45221004,16868418577.25822
2022-06-15 09:00:00,542.0,569.0,481.0,569.0,48410063.00805284,25083535998.026237
2022-06-16 09:00:00,569.0,576.0,495.0,504.0,29602162.37659304,15760797797.39125
2022-06-17 09:00:00,504.0,534.0,495.0,527.0,14551432.01323801,7534071680.851328
2022-06-18 09:00:00,527.0,536.0,437.0,459.0,41636776.2573255,19878091720.257435
2022-06-19 09:00:00,459.0,498.0,430.0,497.0,40181840.84970738,18448619127.910007
2022-06-20 09:00:00,497.0,531.0,467.0,518.0,31429008.82710486,15909410787.44342
2022-06-21 09:00:00,518.0,585.0,509.0,546.0,41433551.17111379,23198972016.229786
2022-06-22 09:00:00,546.0,618.0,518.0,597.0,37956330.93625816,21843440713.312046
2022-06-23 09:00:00,597.0,745.0,596.0,731.0,161026380.30498448,107370290175.78122
2022-06-24 09:00:00,732.0,813.0,730.0,788.0,127103785.65356101,98806559918.97444
2022-06-25 09:00:00,789.0,816.0,738.0,778.0,41567360.5225002,32458101700.714687
2022-06-26 09:00:00,779.0,810.0,727.0,729.0,22338079.26201201,17354708715.5671
2022-06-27 09:00:00,729.0,773.0,679.0,694.0,27077399.18434419,19725998526.40273
2022-06-28 09:00:00,694.0,745.0,660.0,670.0,32960949.30365922,23006194471.06298
2022-06-29 09:00:00,671.0,736.0,665.0,677.0,64686696.18927673,44983255321.807045
2022-06-30 09:00:00,678.0,743.0,602.0,640.0,91327421.48240757,63214232619.01021
2022-07-01 09:00:00,641.0,650.0,595.0,613.0,32901732.74271916,20563510002.87501
2022-07-02 09:00:00,614.0,655.0,594.0,652.0,15804575.9510755,9791369787.213326
2022-07-03 09:00:00,653.0,653.0,597.0,609.0,23542903.89306414,14597637381.115526
2022-07-04 09:00:00,609.0,647.0,594.0,643.0,20022812.18195086,12350205254.42992
2022-07-05 09:00:00,643.0,706.0,638.0,676.0,83779543.65064996,56630002760.35592
2022-07-06 09:00:00,675.0,695.0,649.0,688.0,32062876.6146432,21668771109.31044
2022-07-07 09:00:00,689.0,746.0,672.0,733.0,28245305.95537155,19974063833.258297
2022-07-08 09:00:00,732.0,807.0,725.0,793.0,53647170.98997193,40830850437.449554
2022-07-09 09:00:00,793.0,799.0,761.0,769.0,21547101.17789181,16699552013.210201
2022-07-10 09:00:00,769.0,770.0,725.0,748.0,17782465.2847809,13294117480.56549
2022-07-11 09:00:00,748.0,792.0,706.0,748.0,40009017.99347948,30080028232.111393
2022-07-12 09:00:00,747.0,787.0,713.0,714.0,56806448.25816711,43067001221.347115
2022-07-13 09:00:00,714.0,851.0,693.0,843.0,93781891.20740625,71450487585.53972
2022-07-14 09:00:00,842.0,945.0,813.0,937.0,253328011.30840188,219823835809.74927
2022-07-15 09:00:00,936.0,967.0,895.0,930.0,170764247.86643147,158436206547.01486
2022-07-16 09:00:00,930.0,979.0,905.0,958.0,70786820.79392652,66446835771.59966
2022-07-17 09:00:00,958.0,1040.0,943.0,994.0,86057499.43691088,85801666413.0832
2022-07-18 09:00:00,994.0,1280.0,981.0,1260.0,213688570.25943515,250119200552.06744
2022-07-19 09:00:00,1260.0,1280.0,1160.0,1220.0,116739019.60183185,141777520555.25467
2022-07-20 09:00:00,1215.0,1255.0,1080.0,1095.0,76301346.34361017,89417376152.92061
2022-07-21 09:00:00,1095.0,1225.0,1050.0,1185.0,108571315.99573626,124235790491.88524
2022-07-22 09:00:00,1190.0,1225.0,1120.0,1125.0,68974152.685688,81541966543.53677
2022-07-23 09:00:00,1125.0,1175.0,1085.0,1155.0,41588755.32354769,46950358962.39343
2022-07-24 09:00:00,1150.0,1195.0,1120.0,1165.0,26870260.69196096,30979186380.911816
2022-07-25 09:00:00,1160.0,1170.0,1035.0,1035.0,34852063.9183669,38316087307.2212
2022-07-26 09:00:00,1040.0,1045.0,970.0,1045.0,46615614.6606666,46908184038.13717
2022-07-27 09:00:00,1040.0,1185.0,1020.0,1180.0,99382276.69287217,108570516641.53728
2022-07-28 09:00:00,1175.0,1275.0,1125.0,1225.0,153637084.74054354,181732772789.61746
2022-07-29 09:00:00,1225.0,1305.0,1195.0,1240.0,141477327.41224095,177816438351.7126
2022-07-30 09:00:00,1235.0,1290.0,1210.0,1230.0,41695045.04805658,51899777550.09975
2022-07-31 09:00:00,1230.0,1345.0,1205.0,1225.0,98245030.15162776,125317731238.20186
2022-08-01 09:00:00,1225.0,1250.0,1170.0,1185.0,39168363.17862821,47292618671.85226
2022-08-02 09:00:00,1185.0,1205.0,1125.0,1170.0,29072074.49847355,33868362209.660526
2022-08-03 09:00:00,1170.0,1235.0,1150.0,1195.0,26056375.16702053,31220454333.663174
2022-08-04 09:00:00,1190.0,1220.0,1175.0,1195.0,22616803.45259897,27030612711.195133
2022-08-05 09:00:00,1195.0,1240.0,1190.0,1230.0,26606935.61443399,32281086527.678253
2022-08-06 09:00:00,1230.0,1245.0,1200.0,1210.0,15078188.92674558,18441375793.98538
2022-08-07 09:00:00,1210.0,1225.0,1190.0,1205.0,10896136.61941546,13144446207.721844
2022-08-08 09:00:00,1205.0,1255.0,1200.0,1220.0,18088270.10214456,22218157027.07531
2022-08-09 09:00:00,1220.0,1235.0,1165.0,1195.0,18662064.02617391,22470292345.037952
2022-08-10 09:00:00,1190.0,1245.0,1170.0,1240.0,20778504.86953634,25196081997.784477
2022-08-11 09:00:00,1235.0,1265.0,1220.0,1225.0,32394745.6763239,40265751295.64256
2022-08-12 09:00:00,1220.0,1245.0,1210.0,1240.0,14738628.27824675,18086167916.238
2022-08-13 09:00:00,1235.0,1375.0,1230.0,1365.0,56749580.35408356,74999444623.28883
2022-08-14 09:00:00,1370.0,1400.0,1320.0,1340.0,28169268.45062835,38404886720.89516
2022-08-15 09:00:00,1340.0,1375.0,1260.0,1285.0,19910281.78947894,26065746094.227802
2022-08-16 09:00:00,1285.0,1295.0,1245.0,1260.0,18703949.90533832,23843376714.765858
2022-08-17 09:00:00,1260.0,1290.0,1190.0,1195.0,24553821.86838081,30371759847.04772
2022-08-18 09:00:00,1195.0,1225.0,1175.0,1180.0,12029210.49074427,14494943048.13256
2022-08-19 09:00:00,1175.0,1180.0,1050.0,1060.0,37972823.3578226,41865897203.00363
2022-08-20 09:00:00,1060.0,1125.0,1050.0,1090.0,17709017.31667367,19302879631.294212
2022-08-21 09:00:00,1090.0,1135.0,1070.0,1125.0,14567913.61826693,16088986934.184578
2022-08-22 09:00:00,1125.0,1130.0,1060.0,1105.0,16826840.62351101,18331723300.623123
2022-08-23 09:00:00,1105.0,1135.0,1080.0,1130.0,21503632.03357599,23961931395.459763
2022-08-24 09:00:00,1135.0,1140.0,1095.0,1105.0,11375341.66168074,12700792837.252468
2022-08-25 09:00:00,1105.0,1130.0,1100.0,1115.0,11680731.35782859,12993677644.806751
2022-08-26 09:00:00,1115.0,1150.0,1040.0,1055.0,27893761.82272108,30516572871.48563
2022-08-27 09:00:00,1055.0,1125.0,1045.0,1115.0,25777015.00987829,28204147653.37674
2022-08-28 09:00:00,1110.0,1150.0,1075.0,1080.0,12719164.65807699,14223941390.588985
2022-08-29 09:00:00,1080.0,1130.0,1050.0,1115.0,15302737.40818911,16641375107.524729
2022-08-30 09:00:00,1115.0,1160.0,1085.0,1120.0,14444080.79771635,16233737281.29325
2022-08-31 09:00:00,1120.0,1170.0,1120.0,1140.0,13125783.62173722,14967842619.513292
2022-09-01 09:00:00,1140.0,1230.0,1130.0,1215.0,27530733.33429248,32235226260.91956
2022-09-02 09:00:00,1210.0,1255.0,1190.0,1200.0,23988645.15348913,29239000204.43256
2022-09-03 09:00:00,1200.0,1235.0,1200.0,1230.0,7292197.88223609,8851803237.814547
2022-09-04 09:00:00,1230.0,1240.0,1205.0,1230.0,8438597.20420664,10306536503.708023
2022-09-05 09:00:00,1230.0,1245.0,1190.0,1215.0,8523780.57830886,10357094282.753807
2022-09-06 09:00:00,1215.0,1265.0,1135.0,1140.0,18836558.03042711,22801244156.969997
2022-09-07 09:00:00,1140.0,1185.0,1115.0,1165.0,10611570.86813851,12146036138.273317
2022-09-08 09:00:00,1165.0,1185.0,1140.0,1175.0,11069756.03439736,12899736621.789925
2022-09-09 09:00:00,1175.0,1235.0,1170.0,1225.0,11302833.27073984,13676497001.182186
2022-09-10 09:00:00,1225.0,1255.0,1205.0,1240.0,10218195.09167535,12536456848.702368
2022-09-11 09:00:00,1240.0,1260.0,1210.0,1225.0,9991311.23173941,12320572195.96254
2022-09-12 09:00:00,1230.0,1290.0,1210.0,1275.0,24637076.60836338,30872395778.3809
2022-09-13 09:00:00,1275.0,1295.0,1180.0,1195.0,30644056.79447248,37856890512.6627
2022-09-14 09:00:00,1190.0,1215.0,1170.0,1210.0,13540161.52443665,16178942368.226469
2022-09-15 09:00:00,1205.0,1230.0,1160.0,1175.0,14106063.33891261,16758048639.373003
2022-09-16 09:00:00,1175.0,1175.0,1115.0,1140.0,12978867.73345832,14850457475.48929
2022-09-17 09:00:00,1140.0,1165.0,1135.0,1160.0,5106707.7931934,5865989155.35592
2022-09-18 09:00:00,1165.0,1170.0,1055.0,1070.0,12072400.72614819,13443563152.395836
2022-09-19 09:00:00,1070.0,1100.0,1030.0,1080.0,13815811.06671533,14685405734.418505
2022-09-20 09:00:00,1080.0,1090.0,1035.0,1035.0,8732405.74814183,9250494684.466276
2022-09-21 09:00:00,1035.0,1100.0,995.0,1010.0,15112643.29908117,15624688699.658634
2022-09-22 09:00:00,1010.0,1085.0,1005.0,1070.0,14204999.37025826,14961626165.202497
2022-09-23 09:00:00,1070.0,1125.0,1040.0,1115.0,12887562.130363,13864150232.81387
2022-09-24 09:00:00,1110.0,1120.0,1080.0,1090.0,7907064.9018956,8733678433.084639
2022-09-25 09:00:00,1085.0,1100.0,1055.0,1060.0,7748663.00500904,8378123202.499636
2022-09-26 09:00:00,1065.0,1095.0,1045.0,1085.0,9237045.31297831,9888111218.549671
2022-09-27 09:00:00,1080.0,1135.0,1045.0,1070.0,14389785.28699112,15656814035.660145
2022-09-28 09:00:00,1065.0,1085.0,1030.0,1080.0,7660781.85433018,8111864587.047224
2022-09-29 09:00:00,1080.0,1095.0,1055.0,1090.0,8027105.44819332,8641672533.029799
2022-09-30 09:00:00,1095.0,1135.0,1090.0,1115.0,10527093.47033479,11706450418.42273
2022-10-01 09:00:00,1115.0,1125.0,1095.0,1105.0,3566395.30253252,3966941661.609052
2022-10-02 09:00:00,1105.0,1135.0,1100.0,1115.0,4937492.55383528,5504113156.17348
2022-10-03 09:00:00,1110.0,1165.0,1100.0,1155.0,7109411.0515685,8072833831.980204
2022-10-04 09:00:00,1150.0,1210.0,1150.0,1190.0,9296316.98798056,11005246098.567253
2022-10-05 09:00:00,1190.0,1235.0,1170.0,1215.0,13236727.98666904,15841858257.239883
2022-10-06 09:00:00,1210.0,1225.0,1180.0,1190.0,5315807.32087985,6368206949.148444
2022-10-07 09:00:00,1185.0,1205.0,1165.0,1180.0,7631160.99544742,9092710668.606466
2022-10-08 09:00:00,1180.0,1190.0,1155.0,1160.0,3640909.9234967,4270226525.9772234
2022-10-09 09:00:00,1160.0,1185.0,1155.0,1170.0,4619260.13656789,5405867621.58809
2022-10-10 09:00:00,1170.0,1210.0,1160.0,1165.0,11257167.94246082,13368918329.310873
2022-10-11 09:00:00,1170.0,1170.0,1125.0,1135.0,8711139.78090664,10005769157.456543
2022-10-12 09:00:00,1135.0,1150.0,1120.0,1120.0,4077568.33189319,4628820333.586913
2022-10-13 09:00:00,1120.0,1130.0,1030.0,1120.0,14504518.11578394,15624806421.150469
2022-10-14 09:00:00,1120.0,1180.0,1110.0,1145.0,8614385.64049397,9917959854.9654
2022-10-15 09:00:00,1145.0,1170.0,1135.0,1145.0,3333415.78624036,3830576680.0656643
2022-10-16 09:00:00,1140.0,1165.0,1140.0,1145.0,2284621.25674496,2623214249.394759
2022-10-17 09:00:00,1145.0,1220.0,1145.0,1215.0,12534330.54808304,14857205717.915901
2022-10-18 09:00:00,1210.0,1260.0,1195.0,1240.0,21367082.06571223,26326799474.21023
2022-10-19 09:00:00,1240.0,1270.0,1215.0,1225.0,17190649.19617291,21384058892.74736
2022-10-20 09:00:00,1220.0,1225.0,1170.0,1170.0,13264759.01656726,15889801084.718124
2022-10-21 09:00:00,1175.0,1200.0,1125.0,1200.0,14355141.38160692,16665377845.914646
2022-10-22 09:00:00,1195.0,1210.0,1175.0,1200.0,4826540.52476624,5752460921.837079
2022-10-23 09:00:00,1200.0,1295.0,1180.0,1285.0,9445874.65341417,11668369171.609251
2022-10-24 09:00:00,1285.0,1305.0,1255.0,1285.0,17341573.43634478,22235421255.652996
2022-10-25 09:00:00,1290.0,1340.0,1255.0,1305.0,14589698.24971942,18849021027.854122
2022-10-26 09:00:00,1300.0,1365.0,1300.0,1310.0,18160093.90371259,24139874270.873234
2022-10-27 09:00:00,1310.0,1330.0,1260.0,1270.0,12150030.0684338,15787622841.499517
2022-10-28 09:00:00,1270.0,1330.0,1260.0,1325.0,7652387.69709719,9903259387.729078
2022-10-29 09:00:00,1325.0,1340.0,1300.0,1310.0,9954896.17856562,13122537157.46994
2022-10-30 09:00:00,1305.0,1330.0,1265.0,1280.0,7298507.95364321,9449880151.939245
2022-10-31 09:00:00,1280.0,1305.0,1255.0,1270.0,11467480.23767978,14622540394.437658
2022-11-01 09:00:00,1265.0,1275.0,1225.0,1230.0,6303106.588947,7893144971.1899
2022-11-02 09:00:00,1225.0,1285.0,1190.0,1240.0,15512259.09047744,19052987123.50346
2022-11-03 09:00:00,1240.0,1390.0,1235.0,1355.0,48645256.73659694,65365190305.348495
2022-11-04 09:00:00,1350.0,1660.0,1350.0,1630.0,168776534.18446305,262847601455.10617
2022-11-05 09:00:00,1630.0,1800.0,1610.0,1660.0,86980285.4060434,148256297800.93713
2022-11-06 09:00:00,1655.0,1700.0,1580.0,1600.0,19412037.05121159,31599598485.945198
2022-11-07 09:00:00,1600.0,1805.0,1590.0,1770.0,79625338.89191005,136143240401.17424
2022-11-08 09:00:00,1765.0,1795.0,1390.0,1510.0,159462088.61787122,253145601365.98712
2022-11-09 09:00:00,1505.0,1560.0,1110.0,1180.0,139073553.66453832,184382058559.97995
2022-11-10 09:00:00,1180.0,1620.0,1155.0,1595.0,167058034.65501273,236808245632.9872
2022-11-11 09:00:00,1595.0,1850.0,1350.0,1485.0,221424424.27948612,336438408393.888
2022-11-12 09:00:00,1480.0,1490.0,1290.0,1315.0,73760182.9186832,99905632303.52003
2022-11-13 09:00:00,1315.0,1355.0,1200.0,1225.0,76533305.02898225,97609307040.4803
2022-11-14 09:00:00,1225.0,1320.0,1120.0,1255.0,111547191.15932089,138287231444.19333
2022-11-15 09:00:00,1255.0,1325.0,1235.0,1280.0,59357085.25375747,76112893593.66597
2022-11-16 09:00:00,1280.0,1310.0,1210.0,1240.0,38915338.09440025,48972137910.206436
2022-11-17 09:00:00,1240.0,1255.0,1190.0,1210.0,21571507.46973731,26242711944.855488
2022-11-18 09:00:00,1210.0,1240.0,1200.0,1220.0,16725596.31924865,20421645554.1823
2022-11-19 09:00:00,1215.0,1220.0,1180.0,1215.0,14364818.88330908,17203068556.175606
2022-11-20 09:00:00,1210.0,1215.0,1120.0,1130.0,23038795.78739923,26992861925.166023
2022-11-21 09:00:00,1125.0,1150.0,1085.0,1125.0,25041515.85181957,27968145189.495304
2022-11-22 09:00:00,1125.0,1215.0,1095.0,1180.0,42132293.86201638,48974114393.45479
2022-11-23 09:00:00,1180.0,1215.0,1165.0,1195.0,23595940.95903033,28044523130.26718
2022-11-24 09:00:00,1195.0,1230.0,1145.0,1165.0,19230574.34640756,22769369606.585186
2022-11-25 09:00:00,1165.0,1165.0,1120.0,1160.0,10690335.31964409,12258764693.74006
2022-11-26 09:00:00,1160.0,1195.0,1155.0,1165.0,10651025.83597886,12532485664.520422
2022-11-27 09:00:00,1165.0,1190.0,1160.0,1165.0,8922285.48027123,10475014746.68422
2022-11-28 09:00:00,1160.0,1170.0,1115.0,1135.0,10317302.55965658,11712461765.641293
2022-11-29 09:00:00,1135.0,1155.0,1120.0,1145.0,7859049.31393266,8982818140.68137
2022-11-30 09:00:00,1140.0,1280.0,1140.0,1260.0,19781746.98559064,23885736843.03072
2022-12-01 09:00:00,1265.0,1280.0,1230.0,1230.0,21979291.22971077,27486988937.46037
2022-12-02 09:00:00,1230.0,1270.0,1205.0,1265.0,16457944.45295012,20256103140.692368
2022-12-03 09:00:00,1265.0,1275.0,1215.0,1225.0,7645537.9797668,9494811832.01497
2022-12-04 09:00:00,1220.0,1240.0,1215.0,1240.0,5561318.86168766,6826959374.215692
2022-12-05 09:00:00,1240.0,1265.0,1210.0,1225.0,10234244.91282482,12670891426.668283
2022-12-06 09:00:00,1220.0,1230.0,1205.0,1230.0,5483626.25041996,6696570091.5387125
2022-12-07 09:00:00,1225.0,1230.0,1165.0,1205.0,8716249.96921413,10370596960.800316
2022-12-08 09:00:00,1205.0,1240.0,1190.0,1235.0,5744494.88697328,6943049260.9261875
2022-12-09 09:00:00,1235.0,1245.0,1210.0,1210.0,4950061.63729531,6071294008.220896
2022-12-10 09:00:00,1215.0,1220.0,1200.0,1215.0,4192458.41863982,5071988390.543336
2022-12-11 09:00:00,1215.0,1215.0,1185.0,1195.0,3247769.67812462,3907977051.842161
2022-12-12 09:00:00,1190.0,1210.0,1165.0,1205.0,5209308.80075147,6157779910.828316
2022-12-13 09:00:00,1205.0,1235.0,1160.0,1205.0,13889493.68654071,16747337361.44214
2022-12-14 09:00:00,1200.0,1225.0,1175.0,1180.0,7945579.87255893,9545847372.990088
2022-12-15 09:00:00,1180.0,1190.0,1155.0,1165.0,6100691.91626412,7151681567.168204
2022-12-16 09:00:00,1160.0,1175.0,1045.0,1065.0,12146463.44430375,13518011458.833351
2022-12-17 09:00:00,1070.0,1085.0,1030.0,1080.0,7339449.15406612,7791513533.737928
2022-12-18 09:00:00,1085.0,1095.0,1065.0,1080.0,3368255.59113092,3636191383.8346357
2022-12-19 09:00:00,1080.0,1090.0,1000.0,1020.0,8153498.30863987,8487815269.346711
2022-12-20 09:00:00,1020.0,1060.0,1010.0,1045.0,7131152.40922417,7424873817.026355
2022-12-21 09:00:00,1045.0,1050.0,1025.0,1035.0,5500390.53622789,5703168934.956119
2022-12-22 09:00:00,1040.0,1040.0,1005.0,1035.0,6032749.29696164,6183292505.3876505
2022-12-23 09:00:00,1040.0,1050.0,1025.0,1045.0,4163428.77482191,4321668565.267339
2022-12-24 09:00:00,1045.0,1045.0,1035.0,1040.0,1755737.86713477,1825399703.69872
2022-12-25 09:00:00,1040.0,1040.0,1020.0,1030.0,2748379.61171666,2835039546.4982643
2022-12-26 09:00:00,1030.0,1050.0,1025.0,1040.0,3184705.00118851,3288282462.015646
2022-12-27 09:00:00,1045.0,1050.0,1020.0,1025.0,5304424.14649606,5501596667.366513
2022-12-28 09:00:00,1025.0,1035.0,985.0,997.0,9361990.90116177,9384344911.921917
2022-12-29 09:00:00,997.0,1005.0,977.0,991.0,7130608.04418557,7064404091.047215
2022-12-30 09:00:00,991.0,995.0,948.0,966.0,8739565.85741976,8436252768.691839
2022-12-31 09:00:00,967.0,981.0,956.0,966.0,3111237.04179356,3010104908.260167
2023-01-01 09:00:00,965.0,972.0,953.0,967.0,2738983.1176326,2632678704.5632925
2023-01-02 09:00:00,966.0,1005.0,953.0,993.0,7253880.04505541,7133111567.724305
2023-01-03 09:00:00,992.0,1010.0,990.0,999.0,4718080.78361762,4708618509.179879
2023-01-04 09:00:00,999.0,1045.0,997.0,1035.0,8921383.2714932,9150268914.900629
2023-01-05 09:00:00,1030.0,1040.0,1000.0,1010.0,7688159.79954483,7842215371.555159
2023-01-06 09:00:00,1010.0,1020.0,983.0,1015.0,9928812.92430169,9926540195.757204
2023-01-07 09:00:00,1015.0,1035.0,1010.0,1025.0,5934242.10079905,6074378561.631949
2023-01-08 09:00:00,1025.0,1070.0,1015.0,1060.0,6329147.17884316,6554200843.175866
2023-01-09 09:00:00,1060.0,1100.0,1055.0,1065.0,17481545.305049,18881839614.086426
2023-01-10 09:00:00,1065.0,1085.0,1045.0,1075.0,9948010.07036797,10605505817.352787
2023-01-11 09:00:00,1075.0,1130.0,1065.0,1115.0,11511444.15501633,12521904860.579384
2023-01-12 09:00:00,1115.0,1160.0,1085.0,1150.0,21530010.6656736,24197604650.462383
2023-01-13 09:00:00,1145.0,1175.0,1125.0,1165.0,23951529.11037666,27496145383.442364
2023-01-14 09:00:00,1165.0,1305.0,1155.0,1230.0,59171659.37692453,72210985871.51244
2023-01-15 09:00:00,1235.0,1240.0,1175.0,1215.0,23034063.84030901,27825869253.335308
2023-01-16 09:00:00,1220.0,1300.0,1200.0,1265.0,35244631.2341504,43958612001.41395
2023-01-17 09:00:00,1265.0,1290.0,1235.0,1235.0,24582833.51841997,30923833731.460526
2023-01-18 09:00:00,1235.0,1260.0,1155.0,1165.0,22569499.58932588,27463312316.549076
2023-01-19 09:00:00,1165.0,1190.0,1145.0,1190.0,14279247.07186129,16720520424.515356
2023-01-20 09:00:00,1185.0,1270.0,1170.0,1265.0,14130604.8111113,17108548248.50111
2023-01-21 09:00:00,1265.0,1295.0,1230.0,1235.0,17165119.02840121,21692784133.579826
2023-01-22 09:00:00,1235.0,1285.0,1220.0,1250.0,14362636.94278598,17923961866.040287
2023-01-23 09:00:00,1250.0,1270.0,1220.0,1240.0,14129745.11619599,17656803338.448395
2023-01-24 09:00:00,1240.0,1305.0,1180.0,1195.0,27801651.16897291,34811959646.775406
2023-01-25 09:00:00,1195.0,1265.0,1165.0,1240.0,16999782.22638759,20454622364.217163
2023-01-26 09:00:00,1235.0,1420.0,1230.0,1420.0,68331401.84329683,91343577100.48016
2023-01-27 09:00:00,1415.0,1490.0,1335.0,1450.0,49423814.01793357,68959850297.46819
2023-01-28 09:00:00,1450.0,1475.0,1380.0,1445.0,20003858.51208483,28609818963.589783
2023-01-29 09:00:00,1440.0,1510.0,1420.0,1470.0,19108976.51748522,28027421110.70366
2023-01-30 09:00:00,1470.0,1475.0,1340.0,1365.0,18963041.02240828,26563828743.532497
2023-01-31 09:00:00,1370.0,1410.0,1345.0,1395.0,14110244.27489592,19442785003.89383
2023-02-01 09:00:00,1390.0,1510.0,1340.0,1490.0,20128268.83062704,28386760441.74421
2023-02-02 09:00:00,1495.0,1590.0,1480.0,1485.0,38504034.22865644,59211679602.212296
2023-02-03 09:00:00,1485.0,1570.0,1465.0,1560.0,21412425.28150945,32317173220.697136
2023-02-04 09:00:00,1560.0,1615.0,1535.0,1580.0,12962401.09790584,20269443950.5053
2023-02-05 09:00:00,1580.0,1590.0,1485.0,1520.0,17976639.59986665,27590350061.09612
2023-02-06 09:00:00,1520.0,1570.0,1480.0,1525.0,11853602.64416502,18074904064.5063
2023-02-07 09:00:00,1525.0,1615.0,1520.0,1610.0,15358028.45209573,24126342530.711235
2023-02-08 09:00:00,1610.0,1720.0,1595.0,1670.0,24882582.96371667,40947739220.17422
2023-02-09 09:00:00,1665.0,1715.0,1570.0,1590.0,42039280.84737435,69489611400.81204
2023-02-10 09:00:00,1590.0,1700.0,1565.0,1600.0,35545209.33042793,58154765856.30095
2023-02-11 09:00:00,1600.0,1630.0,1585.0,1620.0,13035712.80460373,20950038217.417984
2023-02-12 09:00:00,1620.0,1685.0,1590.0,1600.0,18326691.57591665,30120164677.042614
2023-02-13 09:00:00,1605.0,1615.0,1485.0,1545.0,23522550.52661423,36243255262.58027
2023-02-14 09:00:00,1545.0,1635.0,1490.0,1630.0,30152288.15734975,47013611733.4344
2023-02-15 09:00:00,1630.0,1715.0,1600.0,1705.0,19946022.67768844,32874600814.832283
2023-02-16 09:00:00,1705.0,1885.0,1695.0,1775.0,42790312.31623468,76286664240.82254
2023-02-17 09:00:00,1775.0,1985.0,1775.0,1970.0,48789552.2985464,91903630365.48012
2023-02-18 09:00:00,1970.0,2020.0,1905.0,1920.0,28380669.92181891,56129036586.20571
2023-02-19 09:00:00,1915.0,1985.0,1905.0,1915.0,18503776.50393634,35998785645.47585
2023-02-20 09:00:00,1910.0,1940.0,1860.0,1890.0,18778764.97785114,35728882805.363525
2023-02-21 09:00:00,1890.0,1935.0,1775.0,1805.0,18797550.50676666,34781909645.574326
2023-02-22 09:00:00,1810.0,1840.0,1720.0,1830.0,16760909.53832264,29774217689.65112
2023-02-23 09:00:00,1835.0,1850.0,1750.0,1780.0,12717465.13903014,22836829358.65174
2023-02-24 09:00:00,1780.0,1785.0,1665.0,1685.0,14886984.73541582,25704437988.701683
2023-02-25 09:00:00,1685.0,1705.0,1605.0,1670.0,11667570.18670484,19406502474.910175
2023-02-26 09:00:00,1670.0,1725.0,1645.0,1705.0,10367231.98448405,17511011140.591846
2023-02-27 09:00:00,1710.0,1730.0,1625.0,1650.0,18047714.62070771,30179174861.4066
2023-02-28 09:00:00,1640.0,1650.0,1590.0,1605.0,11961913.00596162,19461111102.035
2023-03-01 09:00:00,1605.0,1665.0,1590.0,1650.0,12062608.66238428,19740129799.55286
2023-03-02 09:00:00,1650.0,1650.0,1575.0,1625.0,11722276.42439968,18825092199.77552
2023-03-03 09:00:00,1625.0,1630.0,1515.0,1550.0,15033414.92520719,23290847954.269203
2023-03-04 09:00:00,1555.0,1570.0,1470.0,1510.0,8892237.6826411,13525796994.0479
2023-03-05 09:00:00,1510.0,1545.0,1490.0,1520.0,7155925.10186657,10902688777.107912
2023-03-06 09:00:00,1520.0,1530.0,1485.0,1505.0,7710088.30628727,11596847202.509195
2023-03-07 09:00:00,1500.0,1560.0,1485.0,1530.0,14706681.21846482,22374439169.76154
2023-03-08 09:00:00,1535.0,1540.0,1395.0,1405.0,16459709.70084859,24113408269.46637
2023-03-09 09:00:00,1405.0,1465.0,1345.0,1380.0,20369974.92735683,28518299843.75519
2023-03-10 09:00:00,1380.0,1440.0,1290.0,1435.0,31583289.74359543,43082881716.403786
2023-03-11 09:00:00,1430.0,1475.0,1340.0,1430.0,20804341.06591761,29188089314.377243
2023-03-12 09:00:00,1430.0,1530.0,1395.0,1525.0,24524617.38849439,35678187315.98483
2023-03-13 09:00:00,1520.0,1575.0,1450.0,1570.0,37886564.67253298,57411654984.68044
2023-03-14 09:00:00,1565.0,1630.0,1495.0,1575.0,47644898.68096369,74737204843.70036
2023-03-15 09:00:00,1580.0,1615.0,1445.0,1485.0,28786211.57238182,44513076786.71408
2023-03-16 09:00:00,1490.0,1540.0,1470.0,1530.0,11017184.06614401,16584116680.289293
2023-03-17 09:00:00,1530.0,1620.0,1515.0,1610.0,18907524.81713753,29846347993.76848
2023-03-18 09:00:00,1610.0,1650.0,1550.0,1560.0,18714744.64801011,30203199483.314415
2023-03-19 09:00:00,1555.0,1610.0,1545.0,1555.0,15781039.44126858,24858268950.393017
2023-03-20 09:00:00,1555.0,1565.0,1475.0,1485.0,18194989.00912235,27696239782.12064
2023-03-21 09:00:00,1485.0,1550.0,1440.0,1525.0,19484351.51161998,29323214407.097904
2023-03-22 09:00:00,1525.0,1540.0,1450.0,1475.0,20604209.08918824,31010108745.271156
2023-03-23 09:00:00,1480.0,1515.0,1450.0,1495.0,14163598.05387447,20966660069.009743
2023-03-24 09:00:00,1495.0,1515.0,1445.0,1470.0,13649585.53356184,20198678225.454906
2023-03-25 09:00:00,1470.0,1485.0,1430.0,1440.0,8024955.70726807,11702487185.298819
2023-03-26 09:00:00,1440.0,1490.0,1430.0,1465.0,6858924.38790404,10002633270.32481
2023-03-27 09:00:00,1465.0,1475.0,1365.0,1395.0,13674869.83169162,19360102012.212788
2023-03-28 09:00:00,1395.0,1455.0,1365.0,1435.0,9635018.5099244,13493041249.670305
2023-03-29 09:00:00,1435.0,1510.0,1430.0,1485.0,11674004.45368564,17291489010.085236
2023-03-30 09:00:00,1480.0,1505.0,1435.0,1445.0,10480892.08693585,15393734778.254564
2023-03-31 09:00:00,1445.0,1485.0,1425.0,1475.0,7067358.27866385,10263825196.857473
2023-04-01 09:00:00,1470.0,1490.0,1455.0,1470.0,5185476.80636632,7617409959.4971895
2023-04-02 09:00:00,1470.0,1480.0,1435.0,1455.0,5517421.97162804,8063056725.818583
2023-04-03 09:00:00,1450.0,1480.0,1425.0,1455.0,7271885.93313312,10565292758.438883
2023-04-04 09:00:00,1450.0,1520.0,1445.0,1505.0,7228064.59635069,10717804069.077824
2023-04-05 09:00:00,1500.0,1535.0,1485.0,1505.0,9010046.12055417,13613116886.641127
2023-04-06 09:00:00,1505.0,1510.0,1465.0,1475.0,6462642.14367291,9578585101.697687
2023-04-07 09:00:00,1470.0,1485.0,1455.0,1470.0,4577007.75885643,6713591801.505416
2023-04-08 09:00:00,1465.0,1480.0,1460.0,1460.0,2403485.50655048,3532984876.370455
2023-04-09 09:00:00,1460.0,1470.0,1435.0,1450.0,3408779.4869104,4954707032.621326
2023-04-10 09:00:00,1455.0,1480.0,1440.0,1475.0,3580414.13773133,5216258448.396947
2023-04-11 09:00:00,1470.0,1495.0,1465.0,1475.0,7147671.15536885,10596364988.205969
2023-04-12 09:00:00,1475.0,1485.0,1440.0,1465.0,7799321.20507666,11407229013.995579
2023-04-13 09:00:00,1465.0,1505.0,1455.0,1495.0,8092408.62586083,12049095619.629196
2023-04-14 09:00:00,1490.0,1560.0,1490.0,1520.0,17582237.947922,26887812143.941338
2023-04-15 09:00:00,1515.0,1555.0,1500.0,1535.0,8246524.68956453,12600080803.83365
2023-04-16 09:00:00,1535.0,1550.0,1510.0,1545.0,6380784.13468274,9754554701.608635
2023-04-17 09:00:00,1540.0,1550.0,1510.0,1520.0,8908038.35843609,13607649011.05611
2023-04-18 09:00:00,1515.0,1555.0,1495.0,1525.0,8672200.20920143,13270828348.667595
2023-04-19 09:00:00,1525.0,1545.0,1420.0,1445.0,14551524.42119082,21588268015.52226
2023-04-20 09:00:00,1445.0,1455.0,1385.0,1400.0,8633720.51864147,12286505030.586718
2023-04-21 09:00:00,1395.0,1410.0,1330.0,1350.0,8241694.85745894,11335669251.527885
2023-04-22 09:00:00,1345.0,1375.0,1335.0,1370.0,5175094.18427483,7023318780.993125
2023-04-23 09:00:00,1370.0,1380.0,1330.0,1335.0,4577730.26577891,6212565279.988248
2023-04-24 09:00:00,1340.0,1365.0,1305.0,1320.0,7249290.70962394,9652280328.374144
2023-04-25 09:00:00,1320.0,1365.0,1275.0,1345.0,11066384.00504558,14454265639.72219
2023-04-26 09:00:00,1345.0,1405.0,1280.0,1320.0,12863559.94773802,17338088002.432434
2023-04-27 09:00:00,1315.0,1375.0,1310.0,1355.0,6968771.92930862,9349145966.17473
2023-04-28 09:00:00,1350.0,1360.0,1315.0,1335.0,5453214.62948961,7280756517.424457
2023-04-29 09:00:00,1330.0,1365.0,1325.0,1340.0,3924244.40008382,5267940925.246268
2023-04-30 09:00:00,1335.0,1350.0,1305.0,1315.0,3443406.9313115,4581598571.425017
2023-05-01 09:00:00,1315.0,1325.0,1275.0,1290.0,5859744.59284543,7642275410.425427
2023-05-02 09:00:00,1290.0,1315.0,1275.0,1310.0,4602108.29867262,5947105345.216835
2023-05-03 09:00:00,1305.0,1360.0,1285.0,1340.0,6123619.62653568,8100616217.264185
2023-05-04 09:00:00,1340.0,1345.0,1310.0,1315.0,3554210.95171701,4721805025.692248
2023-05-05 09:00:00,1315.0,1345.0,1305.0,1325.0,3915504.53836163,5179360230.240257
2023-05-06 09:00:00,1320.0,1335.0,1280.0,1310.0,5128543.75000629,6676294315.447535
2023-05-07 09:00:00,1310.0,1315.0,1285.0,1295.0,2448371.84387368,3187383618.8188815
2023-05-08 09:00:00,1290.0,1295.0,1195.0,1210.0,7027220.25486075,8722064209.928467
2023-05-09 09:00:00,1210.0,1220.0,1170.0,1180.0,9623600.96125254,11471684486.972921
2023-05-10 09:00:00,1180.0,1215.0,1145.0,1180.0,11315044.84355934,13338087194.178913
2023-05-11 09:00:00,1175.0,1180.0,1130.0,1140.0,7238482.52834053,8329004968.745892
2023-05-12 09:00:00,1140.0,1185.0,1105.0,1170.0,9534776.58659049,10851381781.968847
2023-05-13 09:00:00,1170.0,1175.0,1150.0,1155.0,3623147.97369828,4216688127.985093
2023-05-14 09:00:00,1155.0,1175.0,1140.0,1160.0,3015596.17450716,3495511773.190627
2023-05-15 09:00:00,1160.0,1185.0,1145.0,1160.0,4440885.89323153,5182560515.568633
2023-05-16 09:00:00,1155.0,1165.0,1130.0,1145.0,5973920.95659076,6837768760.203863
2023-05-17 09:00:00,1140.0,1210.0,1135.0,1190.0,8505295.34431642,9911304225.719332
2023-05-18 09:00:00,1185.0,1200.0,1140.0,1175.0,7196885.5203479,8450584101.097393
2023-05-19 09:00:00,1175.0,1185.0,1160.0,1170.0,3141557.41768008,3678699552.9943566
2023-05-20 09:00:00,1175.0,1185.0,1160.0,1180.0,1202776.85029477,1408701443.158795
2023-05-21 09:00:00,1180.0,1185.0,1150.0,1150.0,2286786.78114501,2676541372.779087
2023-05-22 09:00:00,1150.0,1175.0,1135.0,1165.0,3417734.09969002,3940434086.1752787
2023-05-23 09:00:00,1165.0,1195.0,1160.0,1190.0,2891947.7035993,3407124286.619594
2023-05-24 09:00:00,1185.0,1190.0,1150.0,1175.0,3251419.70542147,3800608317.7749357
2023-05-25 09:00:00,1175.0,1210.0,1150.0,1190.0,5978620.06120266,7074113538.262306
2023-05-26 09:00:00,1190.0,1300.0,1190.0,1220.0,15319923.08936213,18952166396.990807
2023-05-27 09:00:00,1220.0,1235.0,1215.0,1225.0,3291670.11362175,4039052913.563144
2023-05-28 09:00:00,1225.0,1270.0,1225.0,1255.0,4924505.49683658,6112759079.053297
2023-05-29 09:00:00,1250.0,1270.0,1205.0,1215.0,5523113.52701208,6818603258.816855
2023-05-30 09:00:00,1210.0,1225.0,1180.0,1200.0,6203939.68480479,7475646467.907323
2023-05-31 09:00:00,1200.0,1205.0,1175.0,1195.0,3961551.86851871,4712058971.595397
2023-06-01 09:00:00,1190.0,1205.0,1170.0,1190.0,4200541.1134086,4999797968.409852
2023-06-02 09:00:00,1185.0,1210.0,1175.0,1195.0,3128254.17955155,3736310590.5452676
2023-06-03 09:00:00,1190.0,1200.0,1185.0,1195.0,1792560.4562053,2135734272.800996
2023-06-04 09:00:00,1190.0,1200.0,1180.0,1185.0,2495079.69428882,2971628125.000526
2023-06-05 09:00:00,1185.0,1185.0,1100.0,1110.0,8251765.87010902,9434612741.327335
2023-06-06 09:00:00,1115.0,1115.0,1040.0,1085.0,13442497.5232785,14501228570.752901
2023-06-07 09:00:00,1090.0,1090.0,1005.0,1015.0,13014689.68382264,13616844765.590998
2023-06-08 09:00:00,1015.0,1035.0,1000.0,1035.0,6748613.79791512,6865732466.390324
2023-06-09 09:00:00,1030.0,1040.0,948.0,955.0,11435644.97731767,11372141640.02295
2023-06-10 09:00:00,955.0,955.0,732.0,809.0,65703670.20872708,52930394743.65779
2023-06-11 09:00:00,809.0,873.0,784.0,841.0,25278274.56855704,20982642388.35432
2023-06-12 09:00:00,840.0,865.0,820.0,846.0,14710735.294814,12355287471.60217
2023-06-13 09:00:00,846.0,883.0,821.0,843.0,10198342.15293548,8673362047.933819
2023-06-14 09:00:00,843.0,864.0,801.0,811.0,6408206.07755879,5348656611.429757
2023-06-15 09:00:00,812.0,825.0,733.0,773.0,14301561.52220742,11126543675.31982
2023-06-16 09:00:00,773.0,785.0,735.0,773.0,12936889.03477821,9825753503.705402
2023-06-17 09:00:00,774.0,832.0,768.0,804.0,17297004.41866067,13997652053.985771
2023-06-18 09:00:00,804.0,811.0,779.0,780.0,7046648.04917064,5609514323.809332
2023-06-19 09:00:00,781.0,814.0,775.0,804.0,4585376.43118075,3622165289.4981155
2023-06-20 09:00:00,803.0,826.0,779.0,825.0,7024926.16336068,5642543898.466089
2023-06-21 09:00:00,824.0,886.0,820.0,873.0,16332691.29318181,13954596059.519299
2023-06-22 09:00:00,872.0,930.0,856.0,859.0,22047853.99572956,19749367756.73777
2023-06-23 09:00:00,859.0,915.0,859.0,896.0,13415052.84141408,11919860896.737675
2023-06-24 09:00:00,896.0,916.0,860.0,872.0,17078836.8136404,15248365973.340546
2023-06-25 09:00:00,872.0,948.0,863.0,883.0,27924813.55463421,25088413987.81774
2023-06-26 09:00:00,882.0,885.0,847.0,856.0,11695664.31873502,10130221480.047089
2023-06-27 09:00:00,856.0,890.0,853.0,875.0,8774318.02025604,7682754630.356773
2023-06-28 09:00:00,875.0,877.0,807.0,816.0,11228639.81308687,9455865797.356865
2023-06-29 09:00:00,815.0,858.0,813.0,832.0,8905188.30615615,7445472736.941211
2023-06-30 09:00:00,832.0,890.0,812.0,880.0,25674150.72548318,22078654355.12267
2023-07-01 09:00:00,880.0,904.0,862.0,903.0,15443916.60255348,13681385975.471527
2023-07-02 09:00:00,903.0,914.0,877.0,906.0,12236259.16297058,10916895363.888777
2023-07-03 09:00:00,906.0,953.0,900.0,945.0,16213990.89419092,14912881524.936037
2023-07-04 09:00:00,945.0,949.0,912.0,919.0,10394848.97335118,9675386368.329033
2023-07-05 09:00:00,919.0,932.0,873.0,890.0,12424083.17050401,11209831947.121006
2023-07-06 09:00:00,888.0,925.0,863.0,881.0,15022389.96799735,13447330107.928408
2023-07-07 09:00:00,880.0,901.0,872.0,899.0,6548858.06314174,5811728284.130739
2023-07-08 09:00:00,897.0,911.0,891.0,902.0,6013003.0644584,5417600036.51277
2023-07-09 09:00:00,901.0,927.0,898.0,910.0,10069129.55110879,9199447500.45789
2023-07-10 09:00:00,909.0,986.0,886.0,966.0,27994004.44054504,26312367166.820354
2023-07-11 09:00:00,966.0,986.0,963.0,976.0,17798459.69880759,17319044905.624584
2023-07-12 09:00:00,976.0,995.0,939.0,948.0,12247463.27141225,11814384848.445333
2023-07-13 09:00:00,948.0,1130.0,929.0,1080.0,61622557.72504298,62991340685.20064
2023-07-14 09:00:00,1085.0,1175.0,1000.0,1040.0,34236483.22957653,37262813083.99695
2023-07-15 09:00:00,1040.0,1055.0,1020.0,1030.0,11060300.64716735,11484086811.59494
2023-07-16 09:00:00,1025.0,1035.0,986.0,989.0,7012274.22262128,7083506798.479838
2023-07-17 09:00:00,989.0,1015.0,969.0,1000.0,10378881.44346624,10300795255.207527
2023-07-18 09:00:00,1000.0,1010.0,942.0,950.0,8979166.58692079,8692694224.75116
2023-07-19 09:00:00,950.0,973.0,938.0,955.0,9604378.81311784,9188090762.802355
2023-07-20 09:00:00,954.0,1030.0,954.0,994.0,23086248.3443407,22986197505.74193
2023-07-21 09:00:00,994.0,1015.0,981.0,998.0,9937218.41978636,9888723682.126616
2023-07-22 09:00:00,998.0,1010.0,966.0,974.0,6594176.63070515,6529064642.458982
2023-07-23 09:00:00,974.0,992.0,959.0,982.0,6599501.53624531,6427111922.236443
2023-07-24 09:00:00,981.0,986.0,928.0,946.0,8088265.98295984,7698622573.119385
2023-07-25 09:00:00,945.0,947.0,911.0,920.0,8616334.5800853,8027186122.9701605
2023-07-26 09:00:00,920.0,988.0,904.0,935.0,28995570.54049303,27228177890.012985
2023-07-27 09:00:00,934.0,952.0,925.0,930.0,11536518.75227425,10835126878.990843
2023-07-28 09:00:00,930.0,934.0,912.0,920.0,8059149.09845077,7442357967.760403
2023-07-29 09:00:00,919.0,936.0,915.0,928.0,5112139.91182016,4719195102.252566
2023-07-30 09:00:00,927.0,929.0,890.0,902.0,7914721.65536498,7245122835.729003
2023-07-31 09:00:00,902.0,915.0,869.0,893.0,5926735.60006964,5334147300.012562
2023-08-01 09:00:00,893.0,915.0,867.0,913.0,7334985.37677777,6498429581.925794
2023-08-02 09:00:00,912.0,916.0,890.0,896.0,5101910.18096543,4619173313.955122
2023-08-03 09:00:00,896.0,902.0,876.0,880.0,3990676.65842089,3551697415.981758
2023-08-04 09:00:00,879.0,895.0,872.0,878.0,4557861.90893909,4022928704.903492
2023-08-05 09:00:00,878.0,887.0,869.0,883.0,3489645.64328099,3060561735.931414
2023-08-06 09:00:00,883.0,895.0,881.0,884.0,2550378.1374211,2264226965.968159
2023-08-07 09:00:00,884.0,912.0,863.0,881.0,5870639.38453696,5211744752.718011
2023-08-08 09:00:00,881.0,915.0,879.0,908.0,6054777.18392933,5441162894.406107
2023-08-09 09:00:00,908.0,926.0,905.0,915.0,6712895.04030247,6145750209.794279
2023-08-10 09:00:00,914.0,950.0,904.0,910.0,6890384.12547572,6328251427.305132
2023-08-11 09:00:00,909.0,918.0,902.0,910.0,3222780.04781954,2933787210.459508
2023-08-12 09:00:00,909.0,912.0,885.0,910.0,2686685.12027037,2430619133.514689
2023-08-13 09:00:00,910.0,921.0,901.0,903.0,1636740.90688621,1486512478.2782345
2023-08-14 09:00:00,904.0,915.0,896.0,908.0,2407240.52607993,2182054664.109505
2023-08-15 09:00:00,907.0,911.0,853.0,864.0,6430053.93469929,5644257975.905332
2023-08-16 09:00:00,862.0,864.0,827.0,847.0,8710579.76847383,7372901188.7670355
2023-08-17 09:00:00,846.0,851.0,770.0,786.0,13275990.73846844,10761136263.51993
2023-08-18 09:00:00,787.0,802.0,772.0,794.0,7475392.32709619,5878493605.639844
2023-08-19 09:00:00,795.0,811.0,791.0,798.0,4095597.60639882,3278665443.6095605
2023-08-20 09:00:00,798.0,803.0,784.0,795.0,4131088.98331268,3277308512.0763307
2023-08-21 09:00:00,795.0,797.0,755.0,764.0,4791851.36563494,3709305005.795365
2023-08-22 09:00:00,765.0,767.0,726.0,753.0,11320974.52902211,8421951957.217884
2023-08-23 09:00:00,753.0,774.0,745.0,757.0,6593695.36797188,4990235809.864077
2023-08-24 09:00:00,757.0,760.0,734.0,745.0,3804314.56449274,2844082158.430948
2023-08-25 09:00:00,744.0,754.0,729.0,743.0,6517200.7035067,4807401660.849375
2023-08-26 09:00:00,743.0,747.0,740.0,746.0,1403184.96791253,1043113283.9760302
2023-08-27 09:00:00,746.0,771.0,741.0,755.0,2904845.6659919,2192223708.769978
2023-08-28 09:00:00,753.0,768.0,739.0,761.0,7820753.33256348,5922161796.400544
2023-08-29 09:00:00,761.0,861.0,747.0,802.0,27993655.92899293,22541032838.53351
2023-08-30 09:00:00,802.0,805.0,772.0,782.0,8586836.52553687,6750802686.815616
2023-08-31 09:00:00,782.0,800.0,747.0,750.0,10873023.61536721,8413634966.294519
2023-09-01 09:00:00,751.0,756.0,732.0,740.0,5470683.87520806,4072319017.5048633
2023-09-02 09:00:00,740.0,746.0,730.0,736.0,3074614.85038163,2274270063.258004
2023-09-03 09:00:00,736.0,745.0,733.0,736.0,2244825.00239278,1653977042.658181
2023-09-04 09:00:00,737.0,753.0,733.0,752.0,3156660.89791301,2343108985.7904778
2023-09-05 09:00:00,751.0,772.0,747.0,759.0,3692329.53559549,2804201130.407914
2023-09-06 09:00:00,759.0,775.0,741.0,759.0,3709082.46938039,2805156248.235768
2023-09-07 09:00:00,759.0,767.0,749.0,755.0,5416990.97274062,4108490608.6357584
2023-09-08 09:00:00,755.0,757.0,730.0,741.0,7314633.25707322,5431352281.199356
2023-09-09 09:00:00,741.0,741.0,734.0,736.0,2375877.2736932,1751589972.834757
2023-09-10 09:00:00,736.0,736.0,703.0,714.0,7254005.39427636,5213398413.557875
2023-09-11 09:00:00,714.0,714.0,674.0,686.0,8070160.68428074,5586649094.248815
2023-09-12 09:00:00,687.0,704.0,681.0,688.0,6027667.87466324,4168479717.556507
2023-09-13 09:00:00,688.0,710.0,685.0,696.0,4811711.33833598,3347596533.1621466
2023-09-14 09:00:00,695.0,714.0,695.0,708.0,4141277.19489874,2918252523.8159103
2023-09-15 09:00:00,706.0,720.0,697.0,715.0,4290317.04248786,3037145297.972554
2023-09-16 09:00:00,714.0,722.0,710.0,716.0,3790765.67706245,2711211976.16561
2023-09-17 09:00:00,717.0,717.0,694.0,698.0,2992352.32833881,2102561677.3765612
2023-09-18 09:00:00,698.0,720.0,691.0,708.0,4782774.30798936,3384413331.1163135
2023-09-19 09:00:00,707.0,732.0,701.0,730.0,4347798.40764366,3127926867.7917204
2023-09-20 09:00:00,730.0,738.0,720.0,727.0,3567795.81320126,2599793316.975512
2023-09-21 09:00:00,727.0,735.0,703.0,705.0,4039126.96964812,2906127593.0421886
2023-09-22 09:00:00,704.0,710.0,698.0,705.0,2591990.95245486,1825616431.9425104
2023-09-23 09:00:00,705.0,709.0,703.0,706.0,2069324.25442401,1459848479.2507434
2023-09-24 09:00:00,705.0,711.0,693.0,694.0,4223615.68752176,2972304046.1636763
2023-09-25 09:00:00,695.0,703.0,687.0,701.0,3911446.27049276,2716726702.945741
2023-09-26 09:00:00,700.0,712.0,689.0,693.0,3051915.48986484,2143380976.0460083
2023-09-27 09:00:00,692.0,704.0,685.0,689.0,7905224.07664047,5477419251.0045
2023-09-28 09:00:00,689.0,710.0,687.0,704.0,4794791.64873601,3348004314.711587
2023-09-29 09:00:00,703.0,715.0,700.0,711.0,4116898.60427246,2912950397.142336
2023-09-30 09:00:00,711.0,728.0,711.0,723.0,4210041.72276468,3028089334.997924
2023-10-01 09:00:00,722.0,775.0,720.0,769.0,9281184.10305649,6948604020.10012
2023-10-02 09:00:00,768.0,770.0,741.0,744.0,7381975.98438969,5608248210.385037
2023-10-03 09:00:00,744.0,795.0,743.0,767.0,25692288.7957762,19856792002.890255
2023-10-04 09:00:00,767.0,816.0,746.0,762.0,24813377.21047197,19448194322.727535
2023-10-05 09:00:00,761.0,768.0,739.0,739.0,8627612.34546625,6527859691.086279
2023-10-06 09:00:00,740.0,772.0,739.0,762.0,6070016.68440827,4591894634.371431
2023-10-07 09:00:00,763.0,802.0,762.0,765.0,13626960.16779848,10612600721.029274
2023-10-08 09:00:00,764.0,771.0,755.0,763.0,4692102.82542413,3579316220.8631163
2023-10-09 09:00:00,761.0,762.0,712.0,722.0,7495869.91786434,5510740713.654566
2023-10-10 09:00:00,721.0,730.0,699.0,706.0,5093649.10466828,3637239991.0239096
2023-10-11 09:00:00,706.0,713.0,692.0,703.0,4489405.21876033,3151125411.5136294
2023-10-12 09:00:00,703.0,707.0,687.0,696.0,5414284.85780666,3774830818.6380405
2023-10-13 09:00:00,696.0,719.0,696.0,709.0,3438095.88678698,2421246801.347972
2023-10-14 09:00:00,708.0,717.0,707.0,710.0,1994870.03357233,1419374961.2864163
2023-10-15 09:00:00,709.0,714.0,700.0,704.0,3231242.29994851,2281345259.56767
2023-10-16 09:00:00,704.0,737.0,701.0,725.0,9564188.64902472,6861339876.478974
2023-10-17 09:00:00,724.0,727.0,703.0,708.0,3679473.32447773,2632131329.1125183
2023-10-18 09:00:00,708.0,713.0,697.0,699.0,3835616.29858091,2705143322.6381197
2023-10-19 09:00:00,698.0,708.0,690.0,703.0,3734756.88436752,2606434172.319667
2023-10-20 09:00:00,702.0,738.0,698.0,727.0,7737150.28114153,5574006708.048765
2023-10-21 09:00:00,726.0,786.0,722.0,774.0,14365212.79877937,10940831463.796728
2023-10-22 09:00:00,773.0,823.0,754.0,818.0,12248711.04652869,9566710122.656652
2023-10-23 09:00:00,818.0,860.0,808.0,850.0,18518712.93754745,15418846924.592047
2023-10-24 09:00:00,850.0,885.0,830.0,841.0,13837221.93505379,11870840041.701096
2023-10-25 09:00:00,841.0,875.0,830.0,850.0,12713702.74437083,10873827132.419819
2023-10-26 09:00:00,849.0,887.0,833.0,856.0,12029298.37446386,10388024411.21673
2023-10-27 09:00:00,856.0,856.0,818.0,827.0,5096846.8825232,4270112315.527296
2023-10-28 09:00:00,827.0,853.0,826.0,844.0,5275785.9643306,4449970729.299158
2023-10-29 09:00:00,843.0,872.0,835.0,867.0,6083594.31058594,5205255419.379231
2023-10-30 09:00:00,867.0,882.0,853.0,882.0,7887132.20407129,6863219981.481598
2023-10-31 09:00:00,881.0,895.0,841.0,865.0,12331837.01018431,10764085637.327044
2023-11-01 09:00:00,865.0,909.0,846.0,907.0,13050678.72135966,11370931703.159391
2023-11-02 09:00:00,907.0,935.0,876.0,899.0,14947036.33945938,13572761141.230614
2023-11-03 09:00:00,899.0,911.0,870.0,904.0,11298970.00348097,10072869971.212465
2023-11-04 09:00:00,904.0,915.0,891.0,908.0,6623423.0875346,5967306626.401293
2023-11-05 09:00:00,908.0,938.0,902.0,930.0,9920998.21663434,9151805103.678387
2023-11-06 09:00:00,929.0,984.0,919.0,983.0,14523497.18216366,13746954726.044374
2023-11-07 09:00:00,982.0,999.0,936.0,995.0,12678289.87070829,12311355075.363878
2023-11-08 09:00:00,995.0,1075.0,981.0,1045.0,16606216.41265396,16998022164.99808
2023-11-09 09:00:00,1045.0,1160.0,1045.0,1150.0,20774232.19838447,22664658581.703407
2023-11-10 09:00:00,1150.0,1170.0,1090.0,1130.0,15059012.1091829,16983152651.243528
2023-11-11 09:00:00,1130.0,1135.0,1070.0,1080.0,12418686.80067424,13595989292.435122
2023-11-12 09:00:00,1080.0,1235.0,1035.0,1200.0,22379674.11319417,25491588696.104515
2023-11-13 09:00:00,1195.0,1280.0,1155.0,1190.0,21854474.77526309,26268592011.882164
2023-11-14 09:00:00,1190.0,1325.0,1150.0,1240.0,43038965.08001256,53612704024.292404
2023-11-15 09:00:00,1235.0,1290.0,1190.0,1230.0,26568751.64847237,32859846896.975433
2023-11-16 09:00:00,1230.0,1265.0,1130.0,1145.0,25575971.97696655,30871962990.433655
2023-11-17 09:00:00,1145.0,1180.0,1075.0,1125.0,16001455.41481296,18099032428.46913
2023-11-18 09:00:00,1120.0,1125.0,1050.0,1120.0,7085807.36878342,7721621743.019908
2023-11-19 09:00:00,1120.0,1145.0,1090.0,1140.0,7012646.18180523,7862371667.512633
2023-11-20 09:00:00,1135.0,1155.0,1085.0,1090.0,10166576.82626898,11371826025.890612
2023-11-21 09:00:00,1090.0,1100.0,980.0,987.0,18200333.20039304,18885224519.800476
2023-11-22 09:00:00,986.0,1050.0,984.0,1035.0,11703595.67107173,11950670596.765217
2023-11-23 09:00:00,1030.0,1050.0,1025.0,1035.0,6460948.47609266,6702077125.775524
2023-11-24 09:00:00,1035.0,1065.0,1010.0,1025.0,14009968.18038756,14522092343.980356
2023-11-25 09:00:00,1025.0,1045.0,1015.0,1045.0,10489443.4340905,10828902528.685324
2023-11-26 09:00:00,1040.0,1050.0,1005.0,1020.0,11034345.96803524,11393044068.007504
2023-11-27 09:00:00,1020.0,1030.0,987.0,1005.0,10114876.21641285,10169750851.937954
2023-11-28 09:00:00,1000.0,1015.0,979.0,1000.0,8783067.19161145,8738370441.341717
2023-11-29 09:00:00,1000.0,1035.0,995.0,1020.0,10340115.9610756,10477794240.21729
2023-11-30 09:00:00,1015.0,1045.0,1005.0,1025.0,9832685.48461779,10084613869.908655
2023-12-01 09:00:00,1020.0,1070.0,1010.0,1070.0,9237441.12947308,9649884941.67163
2023-12-02 09:00:00,1065.0,1100.0,1060.0,1090.0,10630880.64596876,11466892662.075867
2023-12-03 09:00:00,1085.0,1105.0,1070.0,1095.0,9090350.63081638,9873642906.031818
2023-12-04 09:00:00,1095.0,1125.0,1065.0,1100.0,21856177.8320631,23921313115.959763
2023-12-05 09:00:00,1105.0,1115.0,1065.0,1115.0,18557634.52286901,20231746965.0938
2023-12-06 09:00:00,1115.0,1170.0,1105.0,1135.0,26928982.45680647,30526447558.97496
2023-12-07 09:00:00,1135.0,1175.0,1110.0,1155.0,24255794.35007495,27765926350.069435
2023-12-08 09:00:00,1155.0,1240.0,1155.0,1235.0,33321765.61052499,39743914217.30243
2023-12-09 09:00:00,1235.0,1290.0,1205.0,1215.0,37406381.08406067,46740839272.95694
2023-12-10 09:00:00,1220.0,1270.0,1195.0,1265.0,22151475.05479081,27348921244.838326
2023-12-11 09:00:00,1260.0,1290.0,1120.0,1165.0,40298803.29629561,48087636215.93974
2023-12-12 09:00:00,1160.0,1245.0,1155.0,1230.0,27384360.10590986,32777620249.267742
2023-12-13 09:00:00,1230.0,1245.0,1155.0,1225.0,20853947.49826114,25054780386.369297
2023-12-14 09:00:00,1225.0,1240.0,1185.0,1205.0,15565468.76403083,18856740288.497116
2023-12-15 09:00:00,1210.0,1210.0,1160.0,1165.0,11315539.93673413,13405094871.48617
2023-12-16 09:00:00,1160.0,1200.0,1145.0,1165.0,7461086.16800011,8737104623.760086
2023-12-17 09:00:00,1165.0,1170.0,1115.0,1120.0,9300020.41105661,10634504160.71567
2023-12-18 09:00:00,1120.0,1130.0,1030.0,1095.0,20954778.26731521,22519163309.544792
2023-12-19 09:00:00,1095.0,1120.0,1035.0,1055.0,29554981.8163549,31612540882.763096
2023-12-20 09:00:00,1055.0,1090.0,1030.0,1055.0,50686999.43532427,53723474024.72232
2023-12-21 09:00:00,1055.0,1115.0,1045.0,1110.0,44943225.72321608,48336007763.46261
2023-12-22 09:00:00,1110.0,1190.0,1100.0,1190.0,86293914.11572693,98834889428.30975
2023-12-23 09:00:00,1190.0,1200.0,1130.0,1165.0,40647281.98581545,46966856843.7187
2023-12-24 09:00:00,1165.0,1180.0,1125.0,1140.0,36266889.40279401,41821077293.04037
2023-12-25 09:00:00,1140.0,1225.0,1120.0,1210.0,35097564.38080983,41025890858.96325
2023-12-26 09:00:00,1210.0,1380.0,1150.0,1365.0,81277799.90729819,101604981784.31548
2023-12-27 09:00:00,1365.0,1460.0,1315.0,1380.0,84246003.1470198,117726538621.05803
2023-12-28 09:00:00,1380.0,1425.0,1320.0,1340.0,41273879.90649579,56613327680.70958
2023-12-29 09:00:00,1340.0,1355.0,1275.0,1305.0,29022160.41589486,38151615786.59953
2023-12-30 09:00:00,1305.0,1325.0,1270.0,1280.0,15319705.80580431,19855566369.207577
2023-12-31 09:00:00,1280.0,1350.0,1265.0,1310.0,17616824.46200704,23094519368.707752
2024-01-01 09:00:00,1310.0,1360.0,1295.0,1355.0,15207060.31123247,20136446786.12266
2024-01-02 09:00:00,1350.0,1375.0,1295.0,1300.0,24735596.56089062,33082283442.30247
2024-01-03 09:00:00,1300.0,1325.0,1030.0,1175.0,58707125.03565776,70880170634.02545
2024-01-04 09:00:00,1175.0,1200.0,1125.0,1185.0,24619119.01596954,28683581266.66766
2024-01-05 09:00:00,1185.0,1195.0,1115.0,1150.0,20155676.6738664,23086729758.51135
2024-01-06 09:00:00,1150.0,1150.0,1075.0,1120.0,15780399.73931763,17496632984.497375
2024-01-07 09:00:00,1120.0,1145.0,1065.0,1075.0,14371962.38537455,16052068616.12593
2024-01-08 09:00:00,1080.0,1135.0,991.0,1130.0,37050399.81874306,39558889149.4174
2024-01-09 09:00:00,1130.0,1135.0,1050.0,1090.0,26489554.67529986,28794410523.358154
2024-01-10 09:00:00,1090.0,1255.0,1080.0,1225.0,54187605.65988502,62422384565.023964
2024-01-11 09:00:00,1225.0,1315.0,1205.0,1275.0,78631531.53912592,99200989167.63539
2024-01-12 09:00:00,1275.0,1300.0,1160.0,1200.0,43043346.01583427,53606522197.01692
2024-01-13 09:00:00,1195.0,1220.0,1145.0,1215.0,16715364.56847191,19930899809.839046
2024-01-14 09:00:00,1215.0,1215.0,1150.0,1155.0,14239801.82905362,16939316781.206915
2024-01-15 09:00:00,1150.0,1195.0,1145.0,1165.0,15885170.08784556,18600988005.30418
2024-01-16 09:00:00,1160.0,1185.0,1140.0,1160.0,16060420.23694384,18691933009.660126
2024-01-17 09:00:00,1160.0,1170.0,1105.0,1120.0,18101180.20269261,20650147201.80751
2024-01-18 09:00:00,1120.0,1130.0,1075.0,1095.0,17696576.49957073,19564544983.75655
2024-01-19 09:00:00,1090.0,1100.0,1030.0,1060.0,27350536.08425165,29109498500.780334
2024-01-20 09:00:00,1060.0,1090.0,1035.0,1090.0,14599698.9900046,15542371610.678385
2024-01-21 09:00:00,1090.0,1115.0,1075.0,1085.0,10211336.23837522,11152249856.528967
2024-01-22 09:00:00,1085.0,1095.0,1020.0,1035.0,18326257.68153795,19312318834.807343
2024-01-23 09:00:00,1035.0,1055.0,959.0,1010.0,30129454.47221117,30032494270.389854
2024-01-24 09:00:00,1010.0,1030.0,985.0,1020.0,13654914.27001574,13703877717.69924
2024-01-25 09:00:00,1020.0,1020.0,990.0,1010.0,8811239.56555126,8856409133.007673
2024-01-26 09:00:00,1015.0,1050.0,1000.0,1045.0,9234039.31167817,9503488145.363382
2024-01-27 09:00:00,1040.0,1090.0,1040.0,1090.0,9599983.29853461,10178309397.364115
2024-01-28 09:00:00,1085.0,1115.0,1070.0,1087.0,10301236.89560526,11289800913.124306
2024-01-29 09:00:00,1087.0,1114.0,1065.0,1110.0,9180233.67229502,9996577564.542795
2024-01-30 09:00:00,1110.0,1123.0,1085.0,1096.0,11725181.73326898,12957943200.386591
2024-01-31 09:00:00,1097.0,1146.0,1076.0,1087.0,23760103.30491405,26444569563.427383
2024-02-01 09:00:00,1085.0,1121.0,1057.0,1114.0,10407907.4804885,11278398769.889578
2024-02-02 09:00:00,1114.0,1128.0,1095.0,1099.0,9160535.54511113,10162841380.315758
2024-02-03 09:00:00,1099.0,1108.0,1077.0,1083.0,4985994.53027754,5437887281.266037
2024-02-04 09:00:00,1082.0,1086.0,1063.0,1068.0,4557685.72809115,4895873597.3570175
2024-02-05 09:00:00,1068.0,1091.0,1052.0,1077.0,6250374.06635172,6709221800.664321
2024-02-06 09:00:00,1075.0,1118.0,1071.0,1103.0,7093375.52864076,7741550323.070116
2024-02-07 09:00:00,1103.0,1139.0,1081.0,1134.0,8886320.86009628,9833291408.100487
2024-02-08 09:00:00,1133.0,1158.0,1124.0,1142.0,9270491.79525963,10572479422.415768
2024-02-09 09:00:00,1141.0,1160.0,1131.0,1150.0,11031744.76549844,12659139546.301481
2024-02-10 09:00:00,1150.0,1175.0,1128.0,1147.0,8510459.44496343,9818849085.431963
2024-02-11 09:00:00,1147.0,1165.0,1127.0,1131.0,7814959.85752691,8970259280.83656
2024-02-12 09:00:00,1130.0,1188.0,1113.0,1179.0,13216399.90512781,15134614718.4174
2024-02-13 09:00:00,1179.0,1190.0,1145.0,1158.0,14612405.47817795,17098680042.684893
2024-02-14 09:00:00,1158.0,1208.0,1145.0,1206.0,13166313.51508348,15616501171.355402
2024-02-15 09:00:00,1205.0,1246.0,1192.0,1223.0,17390937.06311517,21170145435.21767
2024-02-16 09:00:00,1222.0,1324.0,1213.0,1315.0,23212972.37199681,29553011066.453007
2024-02-17 09:00:00,1315.0,1330.0,1248.0,1286.0,18080491.63122902,23301021786.344597
2024-02-18 09:00:00,1287.0,1382.0,1268.0,1380.0,14583699.7120872,19262432077.34447
2024-02-19 09:00:00,1380.0,1399.0,1353.0,1381.0,18206429.77908964,25035005069.500347
2024-02-20 09:00:00,1382.0,1428.0,1318.0,1412.0,20988995.20343996,28735843922.622616
2024-02-21 09:00:00,1412.0,1436.0,1282.0,1328.0,23423263.81470267,31515623722.546024
2024-02-22 09:00:00,1328.0,1466.0,1288.0,1385.0,24699919.62070109,33819053725.45969
2024-02-23 09:00:00,1384.0,1402.0,1329.0,1377.0,16103080.30860439,22092483543.274784
2024-02-24 09:00:00,1378.0,1437.0,1357.0,1372.0,12475618.49929398,17353869766.302616
2024-02-25 09:00:00,1373.0,1384.0,1332.0,1375.0,10713692.24276199,14486888942.125183
2024-02-26 09:00:00,1376.0,1466.0,1334.0,1451.0,24311726.07928441,34151286647.282837
2024-02-27 09:00:00,1451.0,1480.0,1410.0,1417.0,22425551.69753155,32412864553.762344
2024-02-28 09:00:00,1418.0,1475.0,1366.0,1420.0,35127481.18454455,50110371210.9306
2024-02-29 09:00:00,1422.0,1491.0,1397.0,1409.0,41889585.75471306,60673460792.48197
2024-03-01 09:00:00,1409.0,1452.0,1408.0,1441.0,22453513.25179546,32226176855.70222
2024-03-02 09:00:00,1440.0,1537.0,1435.0,1526.0,36365910.65105794,54281864951.260185
2024-03-03 09:00:00,1526.0,1570.0,1423.0,1521.0,34157055.86494315,51396375095.6947
2024-03-04 09:00:00,1521.0,1612.0,1502.0,1604.0,40998793.78986276,63524483952.73641
2024-03-05 09:00:00,1604.0,1634.0,1419.0,1487.0,55757795.41548656,86646426356.77727
2024-03-06 09:00:00,1487.0,1580.0,1396.0,1579.0,34850368.47596701,51958884565.27944
2024-03-07 09:00:00,1579.0,1654.0,1551.0,1631.0,26737642.49829044,42840106881.25699
2024-03-08 09:00:00,1631.0,1654.0,1559.0,1593.0,23221008.72924748,37476908884.76717
2024-03-09 09:00:00,1593.0,1624.0,1571.0,1624.0,14547335.18190407,23187994304.839695
2024-03-10 09:00:00,1624.0,1759.0,1609.0,1740.0,31878547.42343215,54093075784.338196
2024-03-11 09:00:00,1738.0,1743.0,1651.0,1727.0,29271717.28089477,49738958262.462944
2024-03-12 09:00:00,1727.0,1741.0,1622.0,1682.0,30990090.64238223,51932900706.21736
2024-03-13 09:00:00,1681.0,1834.0,1661.0,1808.0,56690426.28932567,100575176912.55922
2024-03-14 09:00:00,1808.0,1843.0,1666.0,1756.0,35572452.09436626,62577197807.956474
2024-03-15 09:00:00,1756.0,1771.0,1555.0,1658.0,32510776.26038359,53569410606.65251
2024-03-16 09:00:00,1658.0,1686.0,1501.0,1542.0,20309320.75960362,32848248360.452335
2024-03-17 09:00:00,1542.0,1604.0,1466.0,1592.0,16944032.03691357,25987068723.790558
2024-03-18 09:00:00,1592.0,1592.0,1495.0,1509.0,13462070.09400598,20830402350.572933
2024-03-19 09:00:00,1512.0,1519.0,1357.0,1392.0,24360177.16706785,34503820782.178665
2024-03-20 09:00:00,1391.0,1502.0,1345.0,1488.0,23146102.98463806,33024062029.135506
2024-03-21 09:00:00,1487.0,1488.0,1425.0,1453.0,14329586.12991167,20871585783.4814
2024-03-22 09:00:00,1454.0,1469.0,1401.0,1432.0,10849201.32379033,15583969063.054163
2024-03-23 09:00:00,1434.0,1455.0,1401.0,1428.0,8125320.96157398,11638713598.805716
2024-03-24 09:00:00,1427.0,1463.0,1420.0,1455.0,7205082.05718705,10394468473.176556
2024-03-25 09:00:00,1454.0,1505.0,1443.0,1487.0,12303984.58694849,18140426769.54125
2024-03-26 09:00:00,1486.0,1518.0,1473.0,1497.0,16826200.85980357,25230375615.31003
2024-03-27 09:00:00,1498.0,1542.0,1436.0,1453.0,22672426.72955585,33653458786.47996
2024-03-28 09:00:00,1455.0,1462.0,1424.0,1432.0,14584618.32343529,21040754897.09099
2024-03-29 09:00:00,1433.0,1433.0,1402.0,1417.0,14359395.17314415,20374813254.74292
2024-03-30 09:00:00,1417.0,1432.0,1403.0,1408.0,8994117.75763915,12746310131.575933
2024-03-31 09:00:00,1408.0,1429.0,1403.0,1424.0,7034650.79860263,9973214362.86141
2024-04-01 09:00:00,1423.0,1429.0,1342.0,1370.0,15977212.07499586,22105240184.146442
2024-04-02 09:00:00,1370.0,1370.0,1300.0,1321.0,13853247.07055254,18358619817.93163
2024-04-03 09:00:00,1321.0,1341.0,1284.0,1309.0,9548266.9308004,12552707545.939058
2024-04-04 09:00:00,1309.0,1334.0,1282.0,1318.0,11017488.3795194,14430109332.344576
2024-04-05 09:00:00,1318.0,1320.0,1261.0,1284.0,9378673.05893565,12084758330.393362
2024-04-06 09:00:00,1285.0,1305.0,1278.0,1293.0,4417796.35823268,5710717510.004283
2024-04-07 09:00:00,1291.0,1320.0,1287.0,1307.0,5005309.87000497,6510683874.9591875
2024-04-08 09:00:00,1306.0,1351.0,1276.0,1349.0,12371310.94006793,16307147515.026443
2024-04-09 09:00:00,1349.0,1355.0,1288.0,1290.0,11851966.66227833,15671863500.393673
2024-04-10 09:00:00,1292.0,1299.0,1239.0,1267.0,11768949.77471504,14922587799.481436
2024-04-11 09:00:00,1267.0,1277.0,1240.0,1261.0,9645296.93616485,12129211522.8955
2024-04-12 09:00:00,1261.0,1274.0,1100.0,1140.0,22299314.91351264,26433489325.671864
2024-04-13 09:00:00,1140.0,1145.0,910.9,992.0,30955683.74179287,32367115112.462654
2024-04-14 09:00:00,991.5,1084.0,960.8,1070.0,18905995.28937114,19221238488.99022
2024-04-15 09:00:00,1070.0,1116.0,1040.0,1077.0,12978536.87055775,14050728573.646544
2024-04-16 09:00:00,1077.0,1098.0,1022.0,1055.0,10750786.84059469,11361523622.899136
2024-04-17 09:00:00,1055.0,1069.0,987.9,996.5,11510600.29722185,11739274133.235674
2024-04-18 09:00:00,996.5,1022.0,962.8,997.0,13693418.51379233,13603264810.823362
2024-04-19 09:00:00,997.0,1011.0,919.9,984.5,22905607.8810462,22275000005.826286
2024-04-20 09:00:00,984.5,1081.0,976.2,1077.0,11292054.80427789,11516176861.621964
2024-04-21 09:00:00,1076.0,1090.0,1028.0,1043.0,9285888.64703719,9852309222.126764
2024-04-22 09:00:00,1042.0,1089.0,1038.0,1079.0,10095618.05415551,10781112972.1236
2024-04-23 09:00:00,1079.0,1088.0,1038.0,1055.0,8352903.21561829,8860644242.24544
2024-04-24 09:00:00,1055.0,1099.0,1016.0,1026.0,19484074.39510508,20804132752.26837
2024-04-25 09:00:00,1026.0,1048.0,999.9,1037.0,13914786.90041191,14243626206.813303
2024-04-26 09:00:00,1034.0,1053.0,1007.0,1014.0,9225780.18155492,9493254019.548815
2024-04-27 09:00:00,1014.0,1059.0,985.0,1057.0,8426488.20362531,8561711206.433531
2024-04-28 09:00:00,1056.0,1080.0,1029.0,1034.0,8203215.38215894,8664652357.253986
2024-04-29 09:00:00,1035.0,1051.0,987.9,1009.0,10455528.91979604,10564552272.924145
2024-04-30 09:00:00,1009.0,1020.0,937.2,957.9,12716389.28183934,12308467710.01455
2024-05-01 09:00:00,958.1,994.5,894.3,988.0,16659024.81625672,15670510189.950695
2024-05-02 09:00:00,989.3,1025.0,951.2,1013.0,9404044.14461345,9338882082.007668
2024-05-03 09:00:00,1012.0,1049.0,1012.0,1039.0,8063554.60283205,8303237005.277929
2024-05-04 09:00:00,1039.0,1046.0,1020.0,1032.0,6486320.69638508,6708085851.922317
2024-05-05 09:00:00,1032.0,1042.0,1011.0,1032.0,3930307.06010558,4037521527.740729
2024-05-06 09:00:00,1032.0,1090.0,998.2,998.6,16425782.94105418,17170391015.967165
2024-05-07 09:00:00,998.6,1008.0,970.0,975.4,11954570.00210673,11858355579.22431
2024-05-08 09:00:00,975.4,984.4,943.4,954.5,12585371.8414,12088334668.22202
2024-05-09 09:00:00,954.5,975.8,941.1,971.8,6786801.94869214,6510624762.415321
2024-05-10 09:00:00,971.7,979.6,937.0,948.4,7646764.07862647,7337550023.238407
2024-05-11 09:00:00,949.0,968.6,948.5,953.1,4757702.26339137,4564983929.061454
2024-05-12 09:00:00,952.6,963.3,943.7,945.4,3071257.76767677,2931613698.3542852
2024-05-13 09:00:00,945.4,953.9,911.9,928.5,8266274.56738692,7720183556.071164
2024-05-14 09:00:00,928.2,933.4,910.0,914.2,5069844.75642853,4662874929.109559
2024-05-15 09:00:00,914.1,957.2,904.7,955.1,8193026.30651967,7663443468.21569
2024-05-16 09:00:00,955.1,974.0,930.0,965.6,7165199.64595848,6812507729.446214
2024-05-17 09:00:00,965.0,995.4,960.0,986.7,6613635.08733072,6475378140.243344
2024-05-18 09:00:00,986.6,1000.0,984.2,987.3,4086906.91049239,4052169396.7245474
2024-05-19 09:00:00,987.3,990.0,945.0,949.7,5390642.42693809,5206040928.989697
2024-05-20 09:00:00,950.9,1031.0,940.3,1024.0,11138553.3631151,10980345024.389448
2024-05-21 09:00:00,1022.0,1040.0,994.0,1009.0,16413208.99022629,16755498383.832636
2024-05-22 09:00:00,1007.0,1014.0,965.7,997.0,11443496.11584163,11365853835.1225
2024-05-23 09:00:00,997.7,1053.0,974.0,1039.0,25509044.95018094,26009388446.385414
2024-05-24 09:00:00,1038.0,1055.0,986.0,1007.0,14346712.19866055,14605705126.506334
2024-05-25 09:00:00,1006.0,1020.0,1002.0,1013.0,6025223.70690785,6098372576.8902445
2024-05-26 09:00:00,1013.0,1018.0,998.1,999.3,6535393.31071731,6579121110.919124
2024-05-27 09:00:00,999.3,1038.0,996.0,1030.0,9794382.29138806,9923315821.91301
2024-05-28 09:00:00,1027.0,1037.0,1002.0,1013.0,10260743.72782525,10455325989.07498
2024-05-29 09:00:00,1013.0,1032.0,992.8,993.7,13187194.06531041,13302222054.673206
2024-05-30 09:00:00,993.3,1003.0,962.9,969.7,9360236.09440494,9188709461.972357
2024-05-31 09:00:00,969.4,986.0,957.8,972.5,6442044.70498143,6250472446.939363
2024-06-01 09:00:00,972.5,983.5,968.1,978.0,2679683.54889305,2614247099.9789734
2024-06-02 09:00:00,977.5,987.7,964.6,966.7,3179047.15627982,3106272346.0746365
2024-06-03 09:00:00,966.7,989.5,957.6,982.5,5712972.12631929,5595623103.119061
2024-06-04 09:00:00,981.3,992.9,970.6,988.9,4006345.70662237,3933702067.906475
2024-06-05 09:00:00,988.4,1004.0,983.3,1003.0,4941205.88019968,4897782189.669229
2024-06-06 09:00:00,1001.0,1027.0,990.0,1006.0,7669972.79366919,7726384969.174764
2024-06-07 09:00:00,1006.0,1011.0,929.0,943.0,17264397.80061834,16811529726.017456
2024-06-08 09:00:00,942.9,945.2,908.0,921.4,10547868.54431701,9787484248.31017
2024-06-09 09:00:00,921.4,926.6,908.4,921.9,4994989.66257069,4584865795.318573
2024-06-10 09:00:00,921.8,933.9,891.0,909.2,6984462.1004278,6329219095.673246
2024-06-11 09:00:00,908.8,912.1,866.0,876.5,8712002.3100322,7765983526.153265
2024-06-12 09:00:00,876.5,912.3,856.3,905.9,7923434.19058851,7046341290.65402
2024-06-13 09:00:00,905.9,908.3,852.0,857.2,6426554.68111555,5624682328.605732
2024-06-14 09:00:00,857.2,867.9,819.7,842.8,7764442.50819277,6554285660.019335
2024-06-15 09:00:00,842.5,876.8,839.8,874.0,3140213.14678005,2690307814.958182
2024-06-16 09:00:00,874.0,889.9,856.0,874.9,3849061.74992377,3361778606.9630947
2024-06-17 09:00:00,874.9,876.0,811.7,822.1,8578191.72154153,7234460183.0506315
2024-06-18 09:00:00,823.0,827.1,745.0,784.0,12963546.3903815,10077833879.13818
2024-06-19 09:00:00,784.0,819.9,779.7,813.7,4213183.2197197,3394671428.8439274
2024-06-20 09:00:00,812.9,840.0,803.9,811.0,4525060.28616299,3725641427.5704746
2024-06-21 09:00:00,812.0,822.0,800.0,802.2,3208470.05908446,2604308775.551158
2024-06-22 09:00:00,802.2,812.3,793.1,808.0,2216200.81351189,1780452186.0447774
2024-06-23 09:00:00,807.6,825.2,788.9,791.4,2131235.54280145,1722700146.600647
2024-06-24 09:00:00,792.3,800.5,756.3,796.0,5986192.2415316,4670694062.161043
2024-06-25 09:00:00,796.0,814.2,788.0,803.1,5044196.60337678,4055653816.57258
2024-06-26 09:00:00,801.9,807.3,773.8,779.9,4933648.84255707,3883443971.519693
2024-06-27 09:00:00,779.3,804.9,766.1,797.7,5118707.09120163,4012230099.818569
2024-06-28 09:00:00,797.7,804.0,778.6,778.9,3337152.78512884,2645581190.553152
2024-06-29 09:00:00,779.0,793.0,771.0,771.4,1653876.05290496,1291655971.4260516
2024-06-30 09:00:00,771.4,792.7,766.2,786.1,2698578.46623606,2092411563.2774637
2024-07-01 09:00:00,786.0,798.2,778.1,783.1,4123730.00705888,3260562860.540535
2024-07-02 09:00:00,783.9,807.7,781.1,802.9,3702978.24678125,2942244946.538931
2024-07-03 09:00:00,802.3,806.4,748.2,753.7,7560162.31531339,5845208858.062531
2024-07-04 09:00:00,753.7,758.7,704.5,708.6,9663190.19457235,7017800301.354451
2024-07-05 09:00:00,708.0,708.3,617.7,669.8,23492884.78948822,15300975967.586077
2024-07-06 09:00:00,669.8,722.6,662.1,719.9,5266569.5324251,3620691123.0840425
2024-07-07 09:00:00,719.2,719.8,675.0,678.7,3929626.81399516,2750202815.310995
2024-07-08 09:00:00,679.2,730.9,658.6,712.9,6520416.54833912,4555481882.012934
2024-07-09 09:00:00,711.9,724.0,700.2,709.6,5392986.8151981,3823997459.8991184
2024-07-10 09:00:00,709.1,729.4,700.1,727.6,4842529.39920235,3469618895.015477
2024-07-11 09:00:00,727.6,739.2,702.8,704.5,5076032.43795795,3664477723.0329833
2024-07-12 09:00:00,704.5,717.9,694.9,714.0,3624199.8154236,2558327714.573688
2024-07-13 09:00:00,713.8,750.8,712.4,743.7,5021572.7156839,3665245316.2455106
2024-07-14 09:00:00,743.9,751.6,728.5,746.2,6509369.39211278,4819391735.5172415
2024-07-15 09:00:00,746.9,773.1,743.4,771.6,10876418.06092852,8229870955.740551
2024-07-16 09:00:00,772.0,774.8,728.1,759.3,14008974.35219963,10577025461.127768
2024-07-17 09:00:00,759.0,783.2,753.8,754.0,9327320.83187855,7169170111.008159
2024-07-18 09:00:00,753.9,769.6,719.8,727.1,17857816.09356521,13247295213.263132
2024-07-19 09:00:00,727.1,746.2,710.3,743.7,14064983.73891388,10240401778.66682
2024-07-20 09:00:00,743.7,760.6,738.9,759.7,10291559.48813812,7712977868.508353
2024-07-21 09:00:00,759.7,766.8,735.5,764.2,9478981.33003817,7147434619.264981
2024-07-22 09:00:00,764.2,772.3,737.7,742.2,9649148.66909525,7285911729.345995
2024-07-23 09:00:00,742.0,780.5,731.9,746.9,22210971.71784723,16789554892.040314
2024-07-24 09:00:00,746.2,756.2,720.0,725.5,10902143.32878294,8076742748.501348
2024-07-25 09:00:00,725.4,728.2,678.0,699.3,13481992.49892198,9451265421.028597
2024-07-26 09:00:00,699.3,720.7,698.8,719.1,5426439.26615877,3863514251.6406465
2024-07-27 09:00:00,719.1,730.9,711.1,718.6,6118122.28787439,4407608679.153405
2024-07-28 09:00:00,718.6,726.2,706.7,711.7,4316548.74391337,3086218049.255358
2024-07-29 09:00:00,711.7,729.3,710.9,715.4,7959392.20916239,5734760846.800946
2024-07-30 09:00:00,714.2,735.2,702.5,708.6,6472062.34304741,4664634972.278967
2024-07-31 09:00:00,708.6,725.5,691.7,694.1,7599665.29980619,5381294258.411838
2024-08-01 09:00:00,694.4,708.8,658.8,690.5,11313209.1873758,7755253379.876259
2024-08-02 09:00:00,690.7,695.0,649.9,660.1,8670136.85164221,5787744529.076737
2024-08-03 09:00:00,660.1,667.5,627.0,644.1,7305287.72640957,4738762489.009428
2024-08-04 09:00:00,644.0,647.4,585.0,594.3,11107703.49987188,6803059137.1457205
2024-08-05 09:00:00,594.4,597.8,490.6,554.0,31364121.50773637,16799240043.753586
2024-08-06 09:00:00,554.5,597.0,554.0,583.8,10173522.87721657,5925096118.2839155
2024-08-07 09:00:00,583.0,594.8,552.2,558.2,11119131.90248668,6377616512.420649
2024-08-08 09:00:00,558.2,607.8,550.1,605.0,10381426.38660602,5993422727.290904
2024-08-09 09:00:00,605.0,606.7,583.0,594.3,7781137.39034147,4625231584.927982
2024-08-10 09:00:00,594.0,606.5,589.0,599.9,3672241.10428097,2196227611.4699645
2024-08-11 09:00:00,598.9,613.0,566.5,567.7,7308391.31612369,4341276400.313259
2024-08-12 09:00:00,568.5,605.5,566.2,597.9,7350105.22146921,4319333680.211291
2024-08-13 09:00:00,597.9,598.5,577.1,590.3,5190560.29076579,3047467975.2262254
2024-08-14 09:00:00,590.3,595.4,570.5,595.1,5396430.53451908,3151070452.2046547
2024-08-15 09:00:00,594.9,605.5,560.0,565.0,8426277.218783,4886502023.67279
2024-08-16 09:00:00,565.0,569.0,549.1,565.0,6084847.21108713,3409198531.1965356
2024-08-17 09:00:00,564.6,572.0,560.6,571.3,1672180.87344637,945038782.081087
2024-08-18 09:00:00,571.1,581.6,566.9,573.3,2894668.7484863,1662102273.8289173
2024-08-19 09:00:00,573.1,590.4,570.0,590.3,4541200.23599666,2629125524.552108
2024-08-20 09:00:00,589.8,639.3,588.3,631.7,9599145.55521696,5878360837.0915985
2024-08-21 09:00:00,630.5,720.0,621.8,712.0,27584424.98663688,18814101249.21092
2024-08-22 09:00:00,712.0,732.1,698.0,721.6,21434591.39426768,15365202839.746645
2024-08-23 09:00:00,721.0,736.7,702.2,718.8,12933629.29167167,9277468127.739824
2024-08-24 09:00:00,718.8,776.5,711.7,763.4,17792646.2832617,13120002346.900824
2024-08-25 09:00:00,763.0,769.6,702.0,706.2,29680983.20512334,21510602378.177597
2024-08-26 09:00:00,706.2,709.0,675.0,675.4,12012668.55695038,8317024056.593493
2024-08-27 09:00:00,675.4,689.7,629.9,634.2,11479460.39923203,7623333534.366983
2024-08-28 09:00:00,634.7,636.7,582.4,596.9,31729733.5694253,19280743987.294598
2024-08-29 09:00:00,596.9,604.5,565.1,578.6,31195845.81055647,18397159886.87364
2024-08-30 09:00:00,578.7,584.0,547.7,572.7,24352742.34526344,13828735322.93607
2024-08-31 09:00:00,572.7,580.2,568.1,572.0,9662834.13460219,5546997784.557529
2024-09-01 09:00:00,571.9,572.6,543.9,550.9,16228593.461595,9068554307.232595
2024-09-02 09:00:00,550.5,568.9,545.2,564.0,14656267.96053064,8123672132.649956
2024-09-03 09:00:00,564.0,575.0,547.4,548.3,11824065.14620877,6615648201.200351
2024-09-04 09:00:00,548.2,553.1,520.1,549.4,16855180.81952285,9006315468.001772
2024-09-05 09:00:00,549.4,553.0,515.0,519.8,11521763.73178088,6128039651.597246
2024-09-06 09:00:00,519.8,523.9,490.1,499.1,16897679.88860699,8494918333.175814
2024-09-07 09:00:00,499.4,511.7,497.4,502.4,5910651.10713051,2986627711.796101
2024-09-08 09:00:00,502.5,513.6,500.2,509.6,3500102.65748914,1768650813.492685
2024-09-09 09:00:00,509.6,524.1,501.8,520.5,6372143.89357927,3271484556.8085313
2024-09-10 09:00:00,520.5,528.0,512.7,525.2,7613021.19633024,3945652353.0851946
2024-09-11 09:00:00,525.5,526.4,500.1,505.8,10113272.48258128,5138059521.863404
2024-09-12 09:00:00,505.8,515.0,503.3,511.9,10184782.0843276,5190859867.051365
2024-09-13 09:00:00,511.2,602.8,505.0,550.7,119304335.89400424,67350690600.1301
2024-09-14 09:00:00,549.9,569.5,536.0,544.5,35478288.52473163,19728049250.58284
2024-09-15 09:00:00,545.0,547.9,521.7,525.0,18506755.13526664,9959202050.123987
2024-09-16 09:00:00,525.0,530.0,504.0,507.8,16544706.66670164,8482503782.599997
2024-09-17 09:00:00,507.0,524.5,504.5,513.5,12903864.46630613,6635669051.147099
2024-09-18 09:00:00,513.0,521.8,503.0,521.8,10203494.05972383,5206123819.68202
2024-09-19 09:00:00,521.8,538.1,519.8,532.0,15791580.12761931,8356398432.801894
2024-09-20 09:00:00,531.2,548.0,524.1,538.2,22814329.0156323,12257847771.85086
2024-09-21 09:00:00,538.2,550.2,530.4,549.2,16120962.82459527,8689281573.329657
2024-09-22 09:00:00,549.2,549.2,526.0,537.0,13546417.92637836,7292460469.648969
2024-09-23 09:00:00,536.3,546.5,527.0,543.2,13015316.75439671,7026981373.294975
2024-09-24 09:00:00,543.0,546.5,535.0,544.0,14291806.28098821,7734523406.973444
2024-09-25 09:00:00,544.0,559.5,537.6,547.3,20049346.09236522,10985354275.285772
2024-09-26 09:00:00,547.2,568.7,538.6,562.0,20265053.02977463,11282246247.087973
2024-09-27 09:00:00,562.0,581.0,560.0,573.0,19752739.18512591,11271695243.085094
2024-09-28 09:00:00,572.9,577.5,551.2,558.3,17043857.76873281,9599736632.996962
2024-09-29 09:00:00,558.4,559.8,545.0,553.8,12665852.23344392,7014154852.59029
2024-09-30 09:00:00,553.3,553.7,520.7,524.5,19786385.09756639,10629880895.37648
2024-10-01 09:00:00,525.0,536.3,491.1,504.4,23097752.91233427,11877993815.13639
2024-10-02 09:00:00,504.4,517.7,496.3,503.0,14550750.76780033,7368303921.004336
2024-10-03 09:00:00,502.9,511.5,496.0,511.1,9982618.51281069,5026837284.510021
2024-10-04 09:00:00,509.4,522.0,506.6,518.9,8530804.31748051,4385762925.486397
2024-10-05 09:00:00,518.8,521.9,509.5,514.5,6228480.41364949,3219092562.968442
2024-10-06 09:00:00,514.4,518.5,509.7,513.6,5572345.10460428,2865524442.759043
2024-10-07 09:00:00,513.8,522.9,503.9,505.3,9359576.1226643,4820450328.665796
2024-10-08 09:00:00,505.3,513.9,503.0,509.1,6343478.48892628,3216949006.280152
2024-10-09 09:00:00,509.2,514.4,493.6,498.9,7502032.46174122,3783139851.521262
2024-10-10 09:00:00,498.3,502.0,491.1,501.2,7420353.66531278,3693200493.1115284
2024-10-11 09:00:00,501.4,507.8,498.3,504.9,8032036.55878579,4049433508.8267884
2024-10-12 09:00:00,505.1,507.3,500.1,501.9,8956601.3359415,4509511961.743339
2024-10-13 09:00:00,501.9,501.9,488.6,495.0,12620481.56289538,6259168079.002408
2024-10-14 09:00:00,495.0,507.0,490.0,505.0,18005871.5284465,9026334270.722755
2024-10-15 09:00:00,504.0,509.0,491.0,502.0,23449340.71821091,11775275085.567646
2024-10-16 09:00:00,502.0,510.0,498.0,504.0,17575407.37581591,8830867399.644377
2024-10-17 09:00:00,503.0,506.0,495.0,499.0,12751385.2606594,6377227192.505281
2024-10-18 09:00:00,498.0,504.0,497.0,504.0,10568870.87350634,5292331973.961683
2024-10-19 09:00:00,503.0,515.0,503.0,507.0,12485852.85001258,6357305663.891571
2024-10-20 09:00:00,507.0,525.0,503.0,524.0,14140404.04776734,7266398914.609103
2024-10-21 09:00:00,523.0,529.0,505.0,510.0,15276126.02064796,7879874280.277515
2024-10-22 09:00:00,509.0,513.0,501.0,506.0,10293792.92375761,5208974103.436301
2024-10-23 09:00:00,506.0,506.0,483.7,492.0,16320124.03280003,8081670720.517242
2024-10-24 09:00:00,493.0,498.0,488.0,493.0,11287016.59427487,5556358974.687417
2024-10-25 09:00:00,491.0,493.0,445.0,454.0,32828427.24882497,15537782349.10494
2024-10-26 09:00:00,454.0,462.0,449.0,461.0,12337878.72290933,5609045413.347388
2024-10-27 09:00:00,461.0,464.0,455.0,462.0,5256004.28680136,2417959716.201687
2024-10-28 09:00:00,461.0,463.0,438.0,455.0,19054092.33665882,8570969991.054302
2024-10-29 09:00:00,455.0,470.0,451.0,469.0,18086600.57083781,8361075275.653579
2024-10-30 09:00:00,468.0,469.0,458.0,462.0,14393784.14373059,6667059600.017198
2024-10-31 09:00:00,462.0,466.0,443.0,447.0,15274034.32008935,6912180257.042013
2024-11-01 09:00:00,449.0,453.0,435.0,445.0,13163717.63491039,5835819554.797307
2024-11-02 09:00:00,445.0,450.0,436.0,440.0,9499541.31315015,4199222089.2840147
2024-11-03 09:00:00,440.0,441.0,409.0,420.0,24814317.21958399,10507539914.675482
2024-11-04 09:00:00,420.0,424.0,399.0,406.0,19800014.1179025,8130950261.170725
2024-11-05 09:00:00,406.0,428.0,405.0,421.0,10646901.10809462,4449375006.552854
2024-11-06 09:00:00,421.0,462.0,421.0,460.0,29972386.43185481,13282817833.800222
2024-11-07 09:00:00,460.0,482.0,454.0,476.0,25052431.46281386,11776426220.390017
2024-11-08 09:00:00,476.0,566.0,468.0,548.0,105607670.23280399,55473872435.4278
2024-11-09 09:00:00,548.0,555.0,520.0,535.0,37390475.53140248,20023617993.606426
2024-11-10 09:00:00,536.0,584.0,528.0,563.0,60091024.00932179,33526699614.800446
2024-11-11 09:00:00,563.0,602.0,550.0,601.0,54987224.45243434,31651279933.834778
2024-11-12 09:00:00,601.0,637.0,544.0,571.0,72980090.97964703,42624204586.85581
2024-11-13 09:00:00,571.0,580.0,514.0,533.0,46739641.07222068,25333874207.132256
2024-11-14 09:00:00,533.0,545.0,500.0,508.0,35040794.96137018,18362792094.630325
2024-11-15 09:00:00,508.0,533.0,497.0,524.0,39376593.10378437,20252824914.666027
2024-11-16 09:00:00,527.0,614.0,520.0,597.0,105400196.38461088,59841500819.44442
2024-11-17 09:00:00,597.0,671.0,553.0,566.0,94488830.20856647,56471842048.78591
2024-11-18 09:00:00,564.0,660.0,556.0,643.0,86562590.70516297,52520552734.24427
2024-11-19 09:00:00,643.0,645.0,600.0,608.0,51384611.9706959,31665270269.983177
2024-11-20 09:00:00,610.0,650.0,587.0,611.0,104472098.27063932,64927793112.10707
2024-11-21 09:00:00,611.0,644.0,592.0,634.0,96851182.45449719,60191075225.62297
2024-11-22 09:00:00,634.0,688.0,599.0,685.0,133099749.04074469,86211615878.82314
2024-11-23 09:00:00,685.0,839.0,673.0,796.0,213325708.52555045,162737574086.08063
2024-11-24 09:00:00,796.0,873.0,714.0,802.0,155674983.42562586,122794416958.62845
2024-11-25 09:00:00,803.0,855.0,745.0,764.0,118020231.39111505,93938938986.85847
2024-11-26 09:00:00,764.0,786.0,692.0,740.0,91973937.35752738,68107144904.1392
2024-11-27 09:00:00,740.0,812.0,718.0,807.0,76654504.39331034,59078270604.809654
2024-11-28 09:00:00,808.0,808.0,766.0,785.0,51362820.01041136,40229472299.264015
2024-11-29 09:00:00,786.0,816.0,775.0,805.0,51835252.19948838,41029815493.33098
2024-11-30 09:00:00,805.0,855.0,796.0,830.0,73473001.15615423,60024523226.27271
2024-12-01 09:00:00,830.0,848.0,806.0,830.0,65490834.24144819,53917424105.34544
2024-12-02 09:00:00,830.0,919.0,800.0,919.0,149836886.0493291,128421228235.8227
2024-12-03 09:00:00,919.0,1100.0,571.0,980.0,319782861.6978932,307684454412.4411
2024-12-04 09:00:00,979.0,1068.0,978.0,1000.0,122102802.16828145,123723019259.03369
2024-12-05 09:00:00,1001.0,1014.0,935.0,964.0,88272727.49518563,86434599684.30066
2024-12-06 09:00:00,965.0,1007.0,912.0,995.0,73834430.65820792,71380721099.19667
2024-12-07 09:00:00,994.0,1003.0,962.0,975.0,33366815.50350489,32757511645.889915
2024-12-08 09:00:00,975.0,988.0,951.0,982.0,29447921.0216119,28637209140.930435
2024-12-09 09:00:00,982.0,982.0,764.0,832.0,91533222.22248659,80975807953.802
2024-12-10 09:00:00,833.0,863.0,761.0,832.0,69361037.91896456,56387298736.01734
2024-12-11 09:00:00,831.0,901.0,786.0,891.0,34277326.95117846,29030614882.289932
2024-12-12 09:00:00,891.0,948.0,881.0,890.0,43473173.40963612,39741564061.410904
2024-12-13 09:00:00,890.0,902.0,868.0,885.0,26700413.81882036,23634701365.151554
2024-12-14 09:00:00,885.0,896.0,841.0,864.0,24918007.91111162,21701467564.19119
2024-12-15 09:00:00,865.0,884.0,841.0,882.0,20437775.15856911,17633349791.02517
2024-12-16 09:00:00,883.0,898.0,850.0,859.0,29205814.17656599,25411288309.024582
2024-12-17 09:00:00,860.0,871.0,815.0,829.0,32809254.78156081,27846163116.298447
2024-12-18 09:00:00,830.0,836.0,758.0,762.0,36910339.33070539,29583767359.012634
2024-12-19 09:00:00,762.0,789.0,700.0,718.0,43699138.60658019,32809795838.378944
2024-12-20 09:00:00,719.0,765.0,630.0,754.0,53144047.69817237,36729497103.564064
2024-12-21 09:00:00,754.0,786.0,707.0,719.0,29700661.58309842,22084713633.93631
2024-12-22 09:00:00,719.0,741.0,701.0,721.0,16236528.25840997,11746971165.372803
2024-12-23 09:00:00,721.0,762.0,701.0,755.0,20936089.44224351,15269512684.679453
2024-12-24 09:00:00,755.0,801.0,739.0,787.0,22550580.24276354,17335305623.961143
2024-12-25 09:00:00,787.0,790.0,760.0,767.0,16525411.61032774,12798367236.636007
2024-12-26 09:00:00,767.0,775.0,713.0,717.0,17925393.25082888,13199032942.444239
2024-12-27 09:00:00,717.0,750.0,707.0,723.0,17229873.23912222,12577420747.333033
2024-12-28 09:00:00,725.0,738.0,712.0,730.0,10544303.32138188,7604963565.757309
2024-12-29 09:00:00,730.0,733.0,687.0,695.0,12434627.24498556,8850184525.423573
2024-12-30 09:00:00,695.0,710.0,670.0,687.0,16394865.04111559,11344622592.378006
2024-12-31 09:00:00,687.0,708.0,663.0,674.0,13205375.5331532,9034244941.662092
2025-01-01 09:00:00,674.0,712.0,667.0,705.0,10685647.20100914,7341227000.332891
2025-01-02 09:00:00,706.0,735.0,704.0,720.0,12618204.50121892,9085798004.217255
2025-01-03 09:00:00,720.0,772.0,709.0,764.0,18430414.294114,13652742019.67087
2025-01-04 09:00:00,764.0,782.0,753.0,772.0,16339430.66228632,12542616367.225058
2025-01-05 09:00:00,772.0,776.0,746.0,760.0,12780870.4721406,9716827893.442099
2025-01-06 09:00:00,761.0,787.0,750.0,771.0,17877410.54978216,13719313960.387194
2025-01-07 09:00:00,771.0,773.0,700.0,702.0,23512874.95285595,17315750455.99562
2025-01-08 09:00:00,703.0,712.0,668.0,694.0,22129547.05823282,15288048987.740534
2025-01-09 09:00:00,695.0,700.0,670.0,678.0,17157171.98819951,11757309286.72305
2025-01-10 09:00:00,678.0,701.0,675.0,689.0,14813095.87130405,10176831452.405035
2025-01-11 09:00:00,689.0,695.0,679.0,688.0,9484137.80792975,6502740895.170652
2025-01-12 09:00:00,688.0,695.0,670.0,677.0,9212747.14292749,6299222528.080623
2025-01-13 09:00:00,677.0,689.0,628.0,661.0,25203982.40878748,16462741844.14187
2025-01-14 09:00:00,662.0,682.0,655.0,677.0,10648547.55350066,7108188144.703018
2025-01-15 09:00:00,677.0,716.0,663.0,716.0,18159947.052975,12494036894.135956
2025-01-16 09:00:00,716.0,719.0,691.0,694.0,19362389.18196397,13626081517.325012
2025-01-17 09:00:00,696.0,760.0,695.0,744.0,22056099.99141341,16288236462.202795
2025-01-18 09:00:00,744.0,757.0,701.0,720.0,19490485.78983316,14122068965.064758
2025-01-19 09:00:00,720.0,750.0,669.0,681.0,31681535.17718391,22349908418.041283
2025-01-20 09:00:00,679.0,727.0,652.0,664.0,32673474.90968415,22452367507.686802
2025-01-21 09:00:00,664.0,688.0,645.0,673.0,20543043.76716034,13727215629.746737
2025-01-22 09:00:00,672.0,676.0,657.0,662.0,10785912.07774907,7202791169.555475
2025-01-23 09:00:00,661.0,670.0,645.0,660.0,12699734.77305426,8302941441.5754595
2025-01-24 09:00:00,660.0,669.0,641.0,649.0,12196229.6613039,7987834951.742372
2025-01-25 09:00:00,649.0,659.0,644.0,653.0,7311663.55269552,4759818239.143561
2025-01-26 09:00:00,653.0,676.0,651.0,662.0,8158446.64518471,5383770277.818907
2025-01-27 09:00:00,662.0,669.0,607.0,631.0,20783559.3795574,13120238400.721018
2025-01-28 09:00:00,629.0,634.0,598.0,603.0,10950028.50526731,6745235127.145563
2025-01-29 09:00:00,604.0,618.0,595.0,606.0,8753618.50228143,5317352451.204532
2025-01-30 09:00:00,606.0,635.0,602.0,619.0,9503274.41042552,5898035122.373612
2025-01-31 09:00:00,620.0,640.0,616.0,623.0,14557448.30747835,9134288486.174845
2025-02-01 09:00:00,623.0,633.0,579.0,587.0,12898610.85568992,7831804485.342895
2025-02-02 09:00:00,587.0,602.0,513.0,527.0,25486566.3706182,14283054570.622982
2025-02-03 09:00:00,527.0,546.0,430.0,533.0,46061306.16260762,22343384063.277096
2025-02-04 09:00:00,534.0,538.0,480.0,492.0,19335719.77974482,9644835839.119183
2025-02-05 09:00:00,492.0,507.0,483.0,488.0,11436640.81434023,5674188155.788305
2025-02-06 09:00:00,488.0,499.0,462.0,467.0,15070325.4381875,7204078854.301011
2025-02-07 09:00:00,466.0,499.0,451.0,464.0,16640644.21064749,7813808399.930963
2025-02-08 09:00:00,463.0,478.0,458.0,477.0,7644405.1857837,3558988260.2303567
2025-02-09 09:00:00,477.0,489.0,452.0,464.0,11608281.84227351,5503266086.391493
2025-02-10 09:00:00,466.0,475.0,451.0,474.0,10546780.63516049,4900950383.094361
2025-02-11 09:00:00,475.0,496.0,465.0,469.0,11770212.91453922,5671176067.317005
2025-02-12 09:00:00,468.0,503.0,457.0,498.0,11711562.94360821,5553451706.628838
2025-02-13 09:00:00,498.0,501.0,473.0,479.0,10336568.97390378,5000496731.091647
2025-02-14 09:00:00,480.0,494.0,476.0,486.0,11568112.43415441,5581129342.600116
2025-02-15 09:00:00,485.0,494.0,477.0,480.0,8190778.16347859,3982154516.484094
2025-02-16 09:00:00,480.0,500.0,474.0,494.0,12231181.55643523,5985410916.466701
2025-02-17 09:00:00,494.0,504.0,474.0,481.0,14598437.75971867,7146955845.455667
2025-02-18 09:00:00,482.0,484.0,441.0,455.0,22491977.42792039,10330918773.769773
2025-02-19 09:00:00,455.0,461.0,445.0,451.0,11844067.18458903,5361451166.954208
2025-02-20 09:00:00,451.0,460.0,445.0,455.0,13218109.95311924,5955887192.601135
2025-02-21 09:00:00,456.0,466.0,427.0,434.0,24263921.72834234,10839015483.307707
2025-02-22 09:00:00,435.0,442.0,431.0,439.0,15197783.82172067,6618061714.090509
2025-02-23 09:00:00,439.0,441.0,425.0,435.0,10342790.1580352,4495749636.84762
2025-02-24 09:00:00,435.0,437.0,381.0,387.0,33756822.6609743,13793446040.01344
2025-02-25 09:00:00,386.0,402.0,360.0,397.0,37402262.21913818,14211875281.96173
2025-02-26 09:00:00,397.0,410.0,386.0,399.0,20305442.37343818,8113466500.337587
2025-02-27 09:00:00,401.0,421.0,394.0,407.0,14562144.90029667,5943282229.508388
2025-02-28 09:00:00,407.0,407.0,380.0,401.0,17657537.83081158,6909784588.542236
2025-03-01 09:00:00,402.0,425.0,395.0,421.0,10007009.65750654,4066752120.516476
2025-03-02 09:00:00,421.0,462.0,411.0,459.0,22317019.60752208,9794539156.059704
2025-03-03 09:00:00,459.0,460.0,377.0,384.0,26319997.30168652,11036661309.780045
2025-03-04 09:00:00,384.0,389.0,346.0,373.0,34494811.16105615,12605707301.039669
2025-03-05 09:00:00,372.0,386.0,367.0,381.0,14919140.42980439,5620356377.261633
2025-03-06 09:00:00,381.0,387.0,367.0,371.0,13656841.96415684,5170610410.9778805
2025-03-07 09:00:00,371.0,376.0,355.0,361.0,14188568.74355495,5179341472.908434
2025-03-08 09:00:00,360.0,370.0,354.0,367.0,8816927.13052021,3171112087.211436
2025-03-09 09:00:00,367.0,369.0,327.0,332.0,22545674.50001031,7804390486.699536
2025-03-10 09:00:00,332.0,345.0,300.0,305.0,33818151.06948605,10993039158.673412
2025-03-11 09:00:00,306.0,324.0,286.0,317.0,27937201.03514034,8508561222.796492
2025-03-12 09:00:00,319.0,332.0,311.0,321.0,13130227.40898032,4205154339.5697837
2025-03-13 09:00:00,321.0,325.0,307.0,312.0,9388023.16419474,2972679750.937702
2025-03-14 09:00:00,312.0,322.0,311.0,317.0,10328382.32289486,3272448482.215015
2025-03-15 09:00:00,316.0,323.0,316.0,322.0,6994000.60787887,2232238333.450231
2025-03-16 09:00:00,321.0,324.0,305.0,310.0,11924522.9727931,3749750364.9217606
2025-03-17 09:00:00,310.0,323.0,309.0,313.0,14325700.11502467,4521453888.690995
2025-03-18 09:00:00,313.0,314.0,300.0,310.0,16358198.91416415,5008970088.343474
2025-03-19 09:00:00,310.0,325.0,307.0,323.0,16850892.73064212,5319890536.7344675
2025-03-20 09:00:00,323.0,325.0,310.0,313.0,11846084.70091251,3757531169.8705583
2025-03-21 09:00:00,312.0,316.0,302.0,305.0,14341579.28198682,4411143900.061664
2025-03-22 09:00:00,305.0,314.0,304.0,311.0,10006935.37911494,3099800422.0017757
2025-03-23 09:00:00,310.0,316.0,309.0,314.0,9349387.21520762,2919474259.7168627
2025-03-24 09:00:00,313.0,328.0,309.0,323.0,15103236.10606413,4845552263.43344
2025-03-25 09:00:00,323.0,339.0,320.0,338.0,13659660.15981493,4490319489.715235
2025-03-26 09:00:00,338.0,363.0,336.0,345.0,26261795.67726301,9202734033.162952
2025-03-27 09:00:00,345.0,360.0,340.0,342.0,19602080.53280851,6834873983.927644
2025-03-28 09:00:00,341.0,342.0,309.0,317.0,22257150.21292159,7175319483.301133
2025-03-29 09:00:00,317.0,318.0,295.0,303.0,21154309.9027598,6447401341.998596
2025-03-30 09:00:00,303.0,311.0,299.0,305.0,10747204.51748753,3285588534.1713376
2025-03-31 09:00:00,305.0,312.0,297.0,302.0,14144316.63622712,4278451860.1877975
2025-04-01 09:00:00,302.0,308.0,296.0,299.0,21111925.69301607,6376648288.403006
2025-04-02 09:00:00,299.0,299.0,271.0,277.0,35499318.6486506,10203942798.78745
2025-04-03 09:00:00,277.0,283.0,265.0,280.0,26411024.61712265,7249801200.324144
2025-04-04 09:00:00,281.0,285.0,275.0,281.0,13245895.81649887,3708823720.351462
2025-04-05 09:00:00,280.0,282.0,275.0,277.0,6424760.0898341,1791342184.214796
2025-04-06 09:00:00,277.0,279.0,250.0,256.0,21328664.37637182,5600295489.929356
2025-04-07 09:00:00,256.0,267.0,228.0,259.0,38681713.13087611,9532042122.621399
2025-04-08 09:00:00,259.0,269.0,248.0,251.0,12159098.22234211,3149124634.0900617
2025-04-09 09:00:00,251.0,278.0,244.0,275.0,17838597.01860126,4661720665.7722435
2025-04-10 09:00:00,275.0,276.0,260.0,268.0,11565623.07117719,3105766005.994119
2025-04-11 09:00:00,270.0,274.0,264.0,266.0,9996660.86645573,2691315270.430957
2025-04-12 09:00:00,266.0,279.0,264.0,276.0,11282335.25002917,3060721897.9521217
2025-04-13 09:00:00,276.0,282.0,263.0,265.0,13827286.08273627,3782290360.881835
2025-04-14 09:00:00,266.0,272.0,262.0,265.0,13470571.80472212,3589926736.2910943
2025-04-15 09:00:00,265.0,271.0,262.0,263.0,8201708.62106226,2178848518.787493
2025-04-16 09:00:00,262.0,269.0,255.0,259.0,14080636.84865719,3693115589.429233
2025-04-17 09:00:00,260.0,267.0,257.0,263.0,11183221.39973014,2920241252.368092
2025-04-18 09:00:00,263.0,276.0,262.0,273.0,7080314.74738252,1909706147.522427
2025-04-19 09:00:00,272.0,279.0,272.0,276.0,6367763.62818073,1753286618.0578945
2025-04-20 09:00:00,276.0,278.0,270.0,275.0,10494588.22399445,2882515454.2714143
2025-04-21 09:00:00,275.0,294.0,275.0,287.0,15193450.27064436,4301683069.957001
2025-04-22 09:00:00,287.0,321.0,282.0,315.0,50403042.45384732,15536587072.313387
2025-04-23 09:00:00,315.0,326.0,311.0,317.0,17593962.13993845,5568709458.308012
2025-04-24 09:00:00,317.0,386.0,308.0,354.0,126354628.27465194,45407716582.96894
2025-04-25 09:00:00,354.0,364.0,344.0,360.0,41235347.47465034,14596043794.979826
2025-04-26 09:00:00,360.0,367.0,350.0,354.0,19416516.52916698,6950583732.651079
2025-04-27 09:00:00,354.0,363.0,341.0,346.0,21331203.89165579,7516772548.625236
2025-04-28 09:00:00,346.0,357.0,332.0,345.0,16401574.09875258,5649906363.18306
2025-04-29 09:00:00,344.0,352.0,337.0,341.0,11174495.75107645,3856315741.3652987
2025-04-30 09:00:00,341.0,349.0,326.0,342.0,13326708.81424043,4508923151.542179
2025-05-01 09:00:00,343.0,355.0,342.0,345.0,10255292.36269903,3570439323.4841795
2025-05-02 09:00:00,346.0,350.0,336.0,342.0,8613682.42275275,2959311529.126394
2025-05-03 09:00:00,343.0,343.0,326.0,331.0,7769899.9418807,2601303269.922468
2025-05-04 09:00:00,331.0,335.0,326.0,330.0,6435030.68574854,2125980487.2551122
2025-05-05 09:00:00,329.0,335.0,315.0,319.0,10901269.90010053,3534424349.400935
2025-05-06 09:00:00,318.0,321.0,295.0,310.0,15286694.79409877,4713219672.328815
2025-05-07 09:00:00,309.0,315.0,305.0,310.0,9163503.96201718,2840309176.651547
2025-05-08 09:00:00,311.0,359.0,308.0,352.0,18958165.02352454,6374835792.554215
2025-05-09 09:00:00,352.0,369.0,346.0,353.0,21058787.02816904,7488114482.754692
2025-05-10 09:00:00,353.0,382.0,351.0,380.0,28806488.78284761,10484423617.811325
2025-05-11 09:00:00,380.0,383.0,354.0,357.0,28434858.94592648,10468460890.54028
2025-05-12 09:00:00,357.0,378.0,349.0,361.0,31802563.67599384,11626129018.511835
2025-05-13 09:00:00,361.0,370.0,345.0,363.0,20401377.31864896,7240858541.486669
2025-05-14 09:00:00,363.0,371.0,349.0,351.0,19495022.58751311,7035867300.881743
2025-05-15 09:00:00,351.0,355.0,325.0,331.0,19376998.22428455,6549148559.073734
2025-05-16 09:00:00,332.0,346.0,330.0,337.0,10609595.15734676,3601621389.7834663
2025-05-17 09:00:00,337.0,338.0,322.0,330.0,8257634.69587514,2715105517.039751
2025-05-18 09:00:00,329.0,346.0,325.0,341.0,8015938.57227297,2695598087.31762
2025-05-19 09:00:00,342.0,344.0,323.0,329.0,9671294.31240002,3183928677.710014
2025-05-20 09:00:00,329.0,335.0,320.0,327.0,9761724.6247682,3190988526.857333
2025-05-21 09:00:00,326.0,339.0,323.0,337.0,11694422.1635541,3840878042.033568
2025-05-22 09:00:00,337.0,351.0,337.0,348.0,10739829.97618205,3710794310.918897
2025-05-23 09:00:00,349.0,355.0,326.0,329.0,15781880.84944643,5394707492.952811
2025-05-24 09:00:00,329.0,336.0,324.0,326.0,5118742.11322943,1687576142.2416792
2025-05-25 09:00:00,326.0,330.0,318.0,329.0,6049217.56026764,1951452124.2584221
2025-05-26 09:00:00,329.0,332.0,317.0,322.0,5294279.86916061,1727503803.1283112
2025-05-27 09:00:00,321.0,328.0,314.0,318.0,8069991.07244055,2590487734.131461
2025-05-28 09:00:00,319.0,324.0,311.0,320.0,8213026.84774903,2609246123.6539793
2025-05-29 09:00:00,320.0,329.0,313.0,313.0,9801753.15727385,3142718735.156453
2025-05-30 09:00:00,314.0,318.0,290.0,292.0,14348267.6470848,4369095264.833775
2025-05-31 09:00:00,293.0,308.0,284.0,303.0,8434403.4580897,2481596018.046815
2025-06-01 09:00:00,303.0,306.0,297.0,303.0,3452796.39704026,1043654402.4480823
2025-06-02 09:00:00,303.0,308.0,297.0,306.0,5547106.19499949,1671202384.9093475
2025-06-03 09:00:00,306.0,309.0,297.0,301.0,6521459.38340188,1981948551.9932528
2025-06-04 09:00:00,301.0,305.0,295.0,295.0,5883962.80236038,1766663074.2802365
2025-06-05 09:00:00,296.0,301.0,273.0,278.0,14103560.45003836,4073327433.6952667
2025-06-06 09:00:00,278.0,314.0,275.0,299.0,15826022.95578378,4704854237.602983
2025-06-07 09:00:00,299.0,304.0,295.0,296.0,8266883.29255928,2472495035.3339396
2025-06-08 09:00:00,296.0,297.0,288.0,290.0,4931371.46365197,1437876685.1498575
2025-06-09 09:00:00,290.0,299.0,285.0,299.0,6276003.64072521,1829374506.8572714
2025-06-10 09:00:00,298.0,311.0,294.0,308.0,9905709.05016292,2998658816.1118984
2025-06-11 09:00:00,309.0,329.0,301.0,318.0,20002797.04506375,6321514165.710178
2025-06-12 09:00:00,318.0,321.0,289.0,291.0,17620710.53188926,5349323959.049357
2025-06-13 09:00:00,291.0,291.0,266.0,284.0,20891342.59017963,5764399010.219526
2025-06-14 09:00:00,283.0,284.0,272.0,277.0,5650776.81489564,1574520378.1496375
2025-06-15 09:00:00,277.0,279.0,271.0,276.0,6247869.47085817,1722802421.5811136
2025-06-16 09:00:00,276.0,285.0,272.0,275.0,9471316.4037665,2647176539.0071273
2025-06-17 09:00:00,275.0,279.0,269.0,270.0,8974038.6210108,2456633826.398478
2025-06-18 09:00:00,270.0,274.0,253.0,264.0,15793820.30101311,4159938662.939438
2025-06-19 09:00:00,264.0,267.0,257.0,260.0,7813830.43572406,2047550696.94607
2025-06-20 09:00:00,260.0,266.0,251.0,255.0,12816847.82520143,3316785900.3021154
2025-06-21 09:00:00,255.0,262.0,235.0,242.0,15870102.71412103,3946251110.881544
2025-06-22 09:00:00,242.0,246.0,229.0,241.0,20603918.86174894,4901055581.859474
2025-06-23 09:00:00,241.0,255.0,233.0,252.0,22350820.84188226,5453539638.413525
2025-06-24 09:00:00,252.0,256.0,247.0,253.0,20505656.5848254,5142594992.434606
2025-06-25 09:00:00,253.0,255.0,243.0,244.0,16748570.64507681,4182414539.761392
2025-06-26 09:00:00,244.0,248.0,234.0,237.0,13751307.27183669,3315055780.8239436
2025-06-27 09:00:00,238.0,243.0,235.0,240.0,8778210.36741996,2096747284.7834845
2025-06-28 09:00:00,240.0,245.0,239.0,244.0,5202036.47246273,1255345925.553556
2025-06-29 09:00:00,244.0,255.0,242.0,251.0,11813506.82851868,2931968643.068042
2025-06-30 09:00:00,251.0,258.0,246.0,256.0,15783957.37809054,3970098659.107101
2025-07-01 09:00:00,256.0,257.0,241.0,243.0,14941880.26609947,3730358667.9278607
2025-07-02 09:00:00,243.0,259.0,240.0,254.0,15904098.67895563,3972383426.186279
2025-07-03 09:00:00,255.0,262.0,252.0,255.0,13236061.24728134,3409482246.1346645
2025-07-04 09:00:00,255.0,257.0,242.0,246.0,15914119.26792014,3965427694.9062743
2025-07-05 09:00:00,246.0,252.0,245.0,250.0,7446416.70310192,1840328290.2722473
2025-07-06 09:00:00,250.0,253.0,246.0,250.0,6935483.25334484,1727021269.5871122
2025-07-07 09:00:00,250.0,255.0,248.0,254.0,9483382.71651953,2390465699.0046167
2025-07-08 09:00:00,253.0,267.0,250.0,262.0,8380285.33586142,2160615723.767556
2025-07-09 09:00:00,263.0,283.0,261.0,283.0,32596224.52061119,8936744175.457027
2025-07-10 09:00:00,283.0,302.0,277.0,296.0,20547673.41702266,5882287679.208471
2025-07-11 09:00:00,297.0,324.0,292.0,309.0,28181829.44144907,8717844905.983164
2025-07-12 09:00:00,309.0,321.0,300.0,308.0,15449896.13918399,4812916885.279625
2025-07-13 09:00:00,308.0,318.0,306.0,317.0,12785103.1619652,4013085228.5880857
2025-07-14 09:00:00,317.0,332.0,311.0,314.0,25945728.54216908,8361266861.132555
2025-07-15 09:00:00,314.0,320.0,291.0,320.0,21016152.62109062,6456411011.213298
2025-07-16 09:00:00,320.0,325.0,313.0,316.0,27061945.55690302,8621102065.21612
2025-07-17 09:00:00,317.0,326.0,308.0,322.0,30195071.64592966,9615289600.175123
2025-07-18 09:00:00,322.0,345.0,317.0,322.0,49824384.37596499,16562249459.252369
2025-07-19 09:00:00,322.0,330.0,314.0,329.0,20104002.59847064,6516581438.836205
2025-07-20 09:00:00,329.0,349.0,327.0,345.0,30382375.89828599,10280186914.186348
2025-07-21 09:00:00,344.0,358.0,336.0,353.0,29226317.16181266,10182729852.302818
2025-07-22 09:00:00,352.0,353.0,332.0,345.0,31368583.74403514,10688082760.14945
2025-07-23 09:00:00,344.0,345.0,306.0,317.0,31572158.846034,10349599905.946917
2025-07-24 09:00:00,317.0,323.0,295.0,311.0,22636220.50609305,7026401080.371366
2025-07-25 09:00:00,311.0,321.0,306.0,318.0,15699855.52071972,4923233513.385419
2025-07-26 09:00:00,319.0,328.0,316.0,322.0,8319660.40690531,2665296758.4422426
2025-07-27 09:00:00,322.0,329.0,321.0,327.0,7382038.36675481,2397312365.5385275
2025-07-28 09:00:00,327.0,333.0,310.0,311.0,15980687.2423796,5177119903.316972
2025-07-29 09:00:00,311.0,320.0,301.0,306.0,12008664.84076108,3736757171.7546535
2025-07-30 09:00:00,307.0,308.0,291.0,299.0,11762545.98598151,3535423911.4517913
2025-07-31 09:00:00,300.0,307.0,285.0,287.0,12223885.9745808,3613407681.9784074
2025-08-01 09:00:00,287.0,287.0,269.0,276.0,20009104.08474036,5586248040.758037
2025-08-02 09:00:00,276.0,280.0,268.0,271.0,10168538.29904329,2784219807.5904384
2025-08-03 09:00:00,271.0,285.0,268.0,284.0,6144910.17729926,1705273774.3237617
2025-08-04 09:00:00,284.0,297.0,279.0,294.0,14129134.11210839,4038701044.4936867
2025-08-05 09:00:00,295.0,316.0,291.0,299.0,39824230.41882252,12090664695.628546
2025-08-06 09:00:00,299.0,316.0,289.0,312.0,30797453.79392686,9404118065.147068
2025-08-07 09:00:00,312.0,334.0,310.0,325.0,52730632.06189013,17220982229.3533
2025-08-08 09:00:00,325.0,343.0,320.0,334.0,33603615.90969934,11088225184.853207
2025-08-09 09:00:00,335.0,347.0,334.0,341.0,22031865.88622112,7516878238.281862
2025-08-10 09:00:00,341.0,347.0,326.0,331.0,17058624.36979793,5729453768.621108
2025-08-11 09:00:00,332.0,340.0,322.0,328.0,15551916.84291268,5153414229.749426
2025-08-12 09:00:00,328.0,342.0,319.0,338.0,16876086.65808251,5593115838.953378
2025-08-13 09:00:00,339.0,352.0,336.0,351.0,21528463.34953046,7387005573.850807
2025-08-14 09:00:00,351.0,356.0,321.0,331.0,27757414.91832705,9457513498.548378
2025-08-15 09:00:00,331.0,337.0,318.0,327.0,13126933.17924538,4296685940.617115
2025-08-16 09:00:00,326.0,331.0,321.0,329.0,7246480.18994668,2363545799.8555765
2025-08-17 09:00:00,329.0,353.0,327.0,343.0,20645918.16827107,7085599095.1779585
2025-08-18 09:00:00,343.0,364.0,332.0,362.0,85595778.99810852,29849200674.327545
2025-08-19 09:00:00,361.0,373.0,322.0,323.0,79131302.00307901,27701432674.59946
2025-08-20 09:00:00,323.0,344.0,322.0,340.0,38083229.71876281,12685184553.330591
2025-08-21 09:00:00,340.0,344.0,330.0,332.0,14509479.00638254,4878428833.016842
2025-08-22 09:00:00,332.0,355.0,322.0,350.0,35348993.35689827,12055253955.187237
2025-08-23 09:00:00,350.0,350.0,337.0,345.0,21816785.60814464,7511239138.431762
2025-08-24 09:00:00,347.0,363.0,336.0,352.0,31409160.1350707,10970661828.299177
2025-08-25 09:00:00,352.0,354.0,325.0,331.0,28138230.6160422,9566711358.289305
2025-08-26 09:00:00,330.0,347.0,326.0,342.0,16288808.00170378,5463375650.105266
2025-08-27 09:00:00,343.0,345.0,334.0,337.0,14800387.55857296,5031924092.664594
2025-08-28 09:00:00,337.0,347.0,330.0,345.0,22581685.56758171,7645550606.118314
2025-08-29 09:00:00,345.0,366.0,332.0,339.0,98370115.25573958,34539155584.52203
2025-08-30 09:00:00,339.0,363.0,330.0,359.0,39446563.41122343,13727806916.658575
2025-08-31 09:00:00,359.0,415.0,351.0,386.0,283593111.505938,110086322680.32191
2025-09-01 09:00:00,386.0,398.0,375.0,378.0,154129821.96308285,59611648002.9468
2025-09-02 09:00:00,379.0,408.0,375.0,403.0,110082561.745681,43452952605.15231
2025-09-03 09:00:00,402.0,413.0,389.0,391.0,68097453.69073856,27214181100.295116
2025-09-04 09:00:00,391.0,400.0,377.0,394.0,62867644.92128927,24442034711.801918
2025-09-05 09:00:00,394.0,406.0,387.0,391.0,48750791.30834483,19341339112.763016
2025-09-06 09:00:00,390.0,399.0,382.0,382.0,28122025.21356069,10933426585.071962
2025-09-07 09:00:00,382.0,394.0,382.0,386.0,24141060.74282866,9378088009.795235
2025-09-08 09:00:00,386.0,391.0,378.0,382.0,29238288.66146179,11264434526.32377
2025-09-09 09:00:00,382.0,391.0,372.0,376.0,33259748.61039684,12655129225.191942
2025-09-10 09:00:00,376.0,380.0,370.0,378.0,31752435.39984644,11881155072.926035
2025-09-11 09:00:00,378.0,384.0,372.0,379.0,25734253.09297426,9713922815.462673
2025-09-12 09:00:00,379.0,382.0,373.0,380.0,28537981.27198104,10768682402.523962
2025-09-13 09:00:00,380.0,398.0,377.0,392.0,40556966.46473156,15783922464.364769
2025-09-14 09:00:00,393.0,394.0,374.0,379.0,20380966.87481123,7814441790.786351
2025-09-15 09:00:00,378.0,381.0,355.0,358.0,34109448.1803794,12521255243.048206
2025-09-16 09:00:00,359.0,363.0,353.0,359.0,19502779.49764713,6973541258.706721
2025-09-17 09:00:00,359.0,368.0,348.0,363.0,24226039.39176139,8627942289.017727
2025-09-18 09:00:00,364.0,368.0,358.0,363.0,22914774.57698467,8304730912.504858
2025-09-19 09:00:00,363.0,367.0,347.0,351.0,25257292.56780626,8993699929.539917
2025-09-20 09:00:00,350.0,356.0,349.0,351.0,10957019.22747979,3858447030.4590297
2025-09-21 09:00:00,351.0,352.0,343.0,344.0,12864916.7397693,4475668978.715513
2025-09-22 09:00:00,344.0,345.0,318.0,325.0,38761730.0429134,12699051085.305079
2025-09-23 09:00:00,325.0,328.0,315.0,321.0,16960074.54091874,5459206920.483933
2025-09-24 09:00:00,321.0,325.0,316.0,319.0,13200662.82730778,4238162290.369733
2025-09-25 09:00:00,319.0,320.0,307.0,313.0,21395409.99173123,6727627651.122604
2025-09-26 09:00:00,314.0,321.0,310.0,320.0,12767705.50873217,4028641135.3351817
2025-09-27 09:00:00,320.0,323.0,317.0,320.0,5877218.77708855,1882839408.3180213
2025-09-28 09:00:00,321.0,328.0,318.0,327.0,14518567.50000785,4686061233.089426
2025-09-29 09:00:00,328.0,328.0,319.0,322.0,12105905.42027829,3932362437.853815
2025-09-30 09:00:00,322.0,325.0,316.0,321.0,10078508.11335031,3230518376.0519953
2025-10-01 09:00:00,321.0,339.0,319.0,339.0,13891693.86554099,4589652504.142913
2025-10-02 09:00:00,339.0,343.0,332.0,340.0,16720221.7054871,5673417051.465596
2025-10-03 09:00:00,340.0,346.0,335.0,342.0,15127264.02978318,5142397905.749319
2025-10-04 09:00:00,341.0,343.0,335.0,339.0,14913574.12641308,5044248765.82394
2025-10-05 09:00:00,338.0,350.0,337.0,341.0,18705530.2072685,6405865213.435199
2025-10-06 09:00:00,341.0,359.0,338.0,355.0,16280930.04035988,5683087546.821551
2025-10-07 09:00:00,356.0,359.0,340.0,344.0,22939473.4238759,8013684927.025534
2025-10-08 09:00:00,344.0,352.0,341.0,348.0,15231088.02637967,5261872941.74548
2025-10-09 09:00:00,348.0,352.0,341.0,344.0,13341129.81363439,4605440690.783473
2025-10-10 09:00:00,344.0,350.0,274.0,287.0,39524729.71265077,12521657129.41334
2025-10-11 09:00:00,287.0,310.0,279.0,287.0,34623058.73552677,10153745396.830032
2025-10-12 09:00:00,286.0,306.0,279.0,302.0,20194183.84592652,5910701199.485068
2025-10-13 09:00:00,302.0,316.0,298.0,313.0,12446585.89889076,3802056142.4668627
2025-10-14 09:00:00,312.0,313.0,290.0,304.0,24020079.57855564,7189755700.769633
2025-10-15 09:00:00,304.0,309.0,295.0,298.0,11480560.76598431,3458054060.7587476
2025-10-16 09:00:00,298.0,301.0,284.0,288.0,12913682.96367545,3786470927.0342746
2025-10-17 09:00:00,289.0,293.0,269.0,287.0,21901475.6014292,6145265810.30514
2025-10-18 09:00:00,287.0,292.0,284.0,290.0,4724947.05016955,1363072420.7843664
2025-10-19 09:00:00,289.0,300.0,283.0,296.0,5837276.59845881,1697326973.9631689
2025-10-20 09:00:00,296.0,305.0,291.0,301.0,7082527.18541977,2123317665.7952464
2025-10-21 09:00:00,301.0,306.0,290.0,292.0,11239458.62203164,3334571214.4660773
2025-10-22 09:00:00,292.0,295.0,281.0,288.0,7301145.58528349,2114702608.5793607
2025-10-23 09:00:00,288.0,292.0,285.0,290.0,6108140.817195,1761266957.3684688
2025-10-24 09:00:00,290.0,295.0,286.0,291.0,9032053.69970304,2623476651.6554656
2025-10-25 09:00:00,291.0,292.0,288.0,292.0,4442352.96146162,1286150080.452973
2025-10-26 09:00:00,292.0,302.0,289.0,300.0,7977666.48700684,2358782429.519704
2025-10-27 09:00:00,300.0,306.0,292.0,296.0,10927013.42748982,3262442889.405501
2025-10-28 09:00:00,296.0,300.0,286.0,290.0,8991376.4561242,2646183677.084209
2025-10-29 09:00:00,291.0,300.0,288.0,292.0,8226712.252581,2406759880.5723143
2025-10-30 09:00:00,292.0,295.0,273.0,281.0,11406441.5891898,3238369330.002143
2025-10-31 09:00:00,280.0,285.0,271.0,277.0,8575986.41403254,2393226186.6502724
2025-11-01 09:00:00,276.0,287.0,273.0,287.0,7188503.40373623,2012820775.6064067
2025-11-02 09:00:00,287.0,290.0,279.0,286.0,5720830.2102812,1632525613.268272
2025-11-03 09:00:00,287.0,287.0,246.0,251.0,19774399.09792256,5220122263.949408
2025-11-04 09:00:00,251.0,259.0,230.0,245.0,23372321.57511242,5736389494.366253
2025-11-05 09:00:00,245.0,256.0,230.0,252.0,15985712.12642446,3895591799.848589
2025-11-06 09:00:00,252.0,254.0,239.0,245.0,9018917.60838352,2231930523.153369
2025-11-07 09:00:00,245.0,278.0,245.0,269.0,17659395.68719117,4588499061.94691
2025-11-08 09:00:00,270.0,280.0,261.0,267.0,11011696.29004068,2982809442.6186604
2025-11-09 09:00:00,267.0,270.0,256.0,267.0,11617217.12678588,3051322582.1497526
2025-11-10 09:00:00,267.0,274.0,262.0,271.0,15460235.44452993,4156806329.9467645
2025-11-11 09:00:00,271.0,275.0,256.0,257.0,14049343.86770689,3732615079.7651706
2025-11-12 09:00:00,257.0,267.0,252.0,256.0,13088706.56612641,3394908668.445995
2025-11-13 09:00:00,256.0,264.0,245.0,251.0,13039347.69970506,3337408984.659085
2025-11-14 09:00:00,251.0,253.0,227.0,230.0,32488163.7222717,7774880412.674419
2025-11-15 09:00:00,231.0,238.0,229.0,236.0,10239748.16043114,2397351277.0921526
2025-11-16 09:00:00,236.0,238.0,220.0,224.0,18222395.43662633,4149024379.512592
2025-11-17 09:00:00,224.0,230.0,212.0,216.0,27496922.92623347,6095646218.75215
2025-11-18 09:00:00,216.0,227.0,211.0,220.0,23977144.25375371,5213624095.230558
2025-11-19 09:00:00,221.0,223.0,207.0,217.0,16471744.31046297,3564287133.1983423
2025-11-20 09:00:00,216.0,227.0,209.0,210.0,19150367.63549275,4177485384.2377496
2025-11-21 09:00:00,210.0,214.0,192.0,200.0,35207572.3065734,7119873203.223259
2025-11-22 09:00:00,199.0,203.0,195.0,202.0,11318961.90881592,2249753701.248222
2025-11-23 09:00:00,202.0,207.0,201.0,203.0,11761292.39302723,2407185806.120066
2025-11-24 09:00:00,203.0,210.0,198.0,207.0,17741390.05117176,3601697918.6030483
2025-11-25 09:00:00,206.0,208.0,199.0,204.0,11402927.43899105,2317034822.968256
2025-11-26 09:00:00,204.0,207.0,198.0,207.0,12423548.84840692,2523689309.5305953
2025-11-27 09:00:00,207.0,210.0,203.0,207.0,12272408.08120232,2535389109.0402126
2025-11-28 09:00:00,206.0,212.0,203.0,206.0,11000637.17895385,2279913445.322865
2025-11-29 09:00:00,206.0,207.0,202.0,203.0,5427736.10173444,1109485722.929238
2025-11-30 09:00:00,204.0,207.0,202.0,204.0,6546535.9227748,1337929775.1667626
2025-12-01 09:00:00,204.0,204.0,181.0,187.0,21035486.39636522,4000116847.827304
2025-12-02 09:00:00,187.0,199.0,178.0,193.0,24523627.22348023,4550417982.74335
2025-12-03 09:00:00,193.0,196.0,187.0,193.0,26580204.89392323,5102417347.140512
2025-12-04 09:00:00,192.0,194.0,183.0,186.0,21166839.29222759,4011674401.3539577
2025-12-05 09:00:00,186.0,187.0,175.0,180.0,18863063.53380636,3440766821.8558884
2025-12-06 09:00:00,180.0,187.0,178.0,184.0,10761154.20191354,1954317458.6049964
2025-12-07 09:00:00,184.0,186.0,177.0,181.0,10420213.76637533,1897445395.8631768
2025-12-08 09:00:00,180.0,188.0,179.0,185.0,8181161.04443655,1504128208.1068463
2025-12-09 09:00:00,185.0,193.0,180.0,187.0,14434595.10418727,2685183231.7269664
2025-12-10 09:00:00,187.0,191.0,183.0,184.0,15266256.6960118,2834990279.88691
2025-12-11 09:00:00,183.0,184.0,176.0,181.0,12343698.59078922,2211071181.990437
2025-12-12 09:00:00,181.0,183.0,173.0,179.0,12157186.50454124,2166726897.937371
2025-12-13 09:00:00,178.0,182.0,178.0,181.0,5014854.05731312,901739740.7346351
2025-12-14 09:00:00,180.0,181.0,174.0,175.0,9726883.01916798,1721183884.0803697
2025-12-15 09:00:00,175.0,181.0,165.0,169.0,18030363.69605813,3134996116.76398
2025-12-16 09:00:00,169.0,170.0,163.0,170.0,16839226.36913151,2816210685.8032002
2025-12-17 09:00:00,170.0,172.0,159.0,160.0,20924554.66522707,3434106151.991221
2025-12-18 09:00:00,161.0,167.0,152.0,155.0,18381834.2122856,2926972111.121066
2025-12-19 09:00:00,155.0,164.0,151.0,162.0,19075756.92188747,3011817061.7699094
2025-12-20 09:00:00,163.0,168.0,161.0,165.0,9170975.15690454,1507985130.2360463
2025-12-21 09:00:00,165.0,166.0,157.0,160.0,9515913.9010934,1528699376.2530892
2025-12-22 09:00:00,160.0,164.0,158.0,162.0,11535636.45100663,1858982696.779027
2025-12-23 09:00:00,161.0,163.0,155.0,159.0,13154573.20101667,2085869248.034851
2025-12-24 09:00:00,160.0,160.0,153.0,157.0,11755331.80354194,1833596049.6816072
2025-12-25 09:00:00,157.0,159.0,151.0,152.0,10953424.88377827,1701107782.6445842
2025-12-26 09:00:00,151.0,156.0,150.0,153.0,11194661.97445858,1708022315.520771
2025-12-27 09:00:00,152.0,158.0,151.0,158.0,12681052.74139398,1941229781.0451114
2025-12-28 09:00:00,157.0,159.0,155.0,156.0,14775091.69386727,2316643604.238602
2025-12-29 09:00:00,157.0,159.0,151.0,152.0,17264999.1081575,2675731465.1607723
2025-12-30 09:00:00,152.0,153.0,148.0,150.0,13486914.66658196,2027994335.0816216
2025-12-31 09:00:00,149.0,151.0,145.0,147.0,12513239.08851226,1858618020.0763943
2026-01-01 09:00:00,147.0,155.0,143.0,154.0,17575445.31535877,2580946733.0694127
2026-01-02 09:00:00,155.0,165.0,153.0,164.0,14160215.48364113,2244393294.1198196
2026-01-03 09:00:00,164.0,169.0,161.0,168.0,8061493.27004186,1327372921.291684
2026-01-04 09:00:00,168.0,178.0,167.0,175.0,10392241.82323438,1794441218.5300684
2026-01-05 09:00:00,176.0,183.0,173.0,182.0,15080411.1051509,2670742784.5031343
2026-01-06 09:00:00,182.0,194.0,179.0,186.0,13668334.78926659,2542001039.3043623
2026-01-07 09:00:00,186.0,190.0,182.0,187.0,11432310.4563298,2119411877.5478275
2026-01-08 09:00:00,187.0,202.0,182.0,199.0,13343720.80576949,2563505263.5793676
2026-01-09 09:00:00,199.0,235.0,198.0,230.0,111990829.14791529,24527308261.151222
2026-01-10 09:00:00,229.0,275.0,227.0,262.0,200666013.4914366,50625100308.00786
2026-01-11 09:00:00,262.0,274.0,238.0,242.0,98444757.83138958,25288086804.673546
2026-01-12 09:00:00,242.0,244.0,221.0,223.0,46887075.9890869,10806816861.44833
2026-01-13 09:00:00,222.0,238.0,218.0,230.0,34482543.9437603,7809673335.546094
2026-01-14 09:00:00,230.0,246.0,226.0,228.0,31804004.04926016,7481247330.407733
2026-01-15 09:00:00,227.0,237.0,219.0,221.0,22463976.16256646,5125036920.56052
2026-01-16 09:00:00,221.0,221.0,205.0,214.0,15734085.68980922,3355069913.9680123
2026-01-17 09:00:00,213.0,221.0,212.0,215.0,9864439.41234696,2131023312.7245386
2026-01-18 09:00:00,214.0,217.0,204.0,205.0,9204311.01703808,1941334687.8156526
2026-01-19 09:00:00,204.0,209.0,189.0,201.0,17458155.04126356,3496053506.5380816
2026-01-20 09:00:00,201.0,204.0,192.0,195.0,8610859.98219249,1696226547.1616204
2026-01-21 09:00:00,195.0,209.0,194.0,199.0,15768912.43842628,3155379557.196884
2026-01-22 09:00:00,199.0,204.0,193.0,197.0,7400112.37145069,1473870255.0872777
2026-01-23 09:00:00,197.0,200.0,187.0,189.0,9545972.81171028,1849357387.9700127
2026-01-24 09:00:00,189.0,189.0,185.0,186.0,6411599.33143926,1200396966.0154798
2026-01-25 09:00:00,186.0,187.0,173.0,175.0,11133818.98792171,2004868385.8539011
2026-01-26 09:00:00,176.0,181.0,174.0,174.0,9442123.65976383,1674531132.853777
2026-01-27 09:00:00,174.0,176.0,167.0,174.0,11065979.592038,1904504415.8276608
2026-01-28 09:00:00,174.0,176.0,168.0,171.0,6863037.00681604,1177034981.3107429
2026-01-29 09:00:00,172.0,172.0,161.0,166.0,11722550.83896069,1955333591.529352
2026-01-30 09:00:00,166.0,169.0,159.0,166.0,10322708.42663042,1683420239.3655107
2026-01-31 09:00:00,167.0,167.0,140.0,155.0,17398442.32598521,2681810446.834405
2026-02-01 09:00:00,155.0,160.0,149.0,152.0,15230734.41747742,2367523800.2563944
2026-02-02 09:00:00,152.0,173.0,147.0,169.0,17713406.64239726,2789530008.5124893
2026-02-03 09:00:00,170.0,176.0,157.0,159.0,19289846.85959957,3229018992.1714253
2026-02-04 09:00:00,160.0,165.0,155.0,160.0,13288325.2606673,2116924294.6975813
2026-02-05 09:00:00,160.0,163.0,128.0,135.0,34067370.77348883,4903911468.779228
2026-02-06 09:00:00,136.0,154.0,125.0,144.0,59935371.92582209,8549661162.733712
2026-02-07 09:00:00,143.0,147.0,138.0,144.0,21107853.96271061,3012951293.1949463
2026-02-08 09:00:00,145.0,146.0,140.0,142.0,15907538.95084573,2284191509.561086
2026-02-09 09:00:00,142.0,144.0,134.0,139.0,16461719.54096622,2304061317.301615
2026-02-10 09:00:00,140.0,143.0,133.0,136.0,16348447.95253028,2239348084.6046762
2026-02-11 09:00:00,135.0,138.0,130.0,132.0,19172015.27239234,2546279702.0665855
2026-02-12 09:00:00,131.0,142.0,131.0,142.0,15740371.77692349,2140981260.2727025
2026-02-13 09:00:00,142.0,149.0,138.0,147.0,17052493.3073409,2432283443.464478
2026-02-14 09:00:00,147.0,174.0,147.0,162.0,26464673.63620857,4244315421.49624
2026-02-15 09:00:00,162.0,168.0,154.0,161.0,17845951.84414278,2857231143.29383
2026-02-16 09:00:00,161.0,161.0,154.0,161.0,13350370.31092145,2098289218.2649984
2026-02-17 09:00:00,160.0,163.0,156.0,160.0,11126173.188927,1770973753.7420874
2026-02-18 09:00:00,161.0,166.0,159.0,160.0,10350975.40319322,1681869270.047809
2026-02-19 09:00:00,160.0,162.0,151.0,154.0,9966105.89255677,1561175445.9742844
2026-02-20 09:00:00,154.0,159.0,153.0,157.0,10467874.3447402,1631783895.3891704
2026-02-21 09:00:00,157.0,170.0,156.0,163.0,14392190.87070514,2358495332.6727424
2026-02-22 09:00:00,163.0,163.0,154.0,157.0,8722134.01385346,1374392220.8793662
2026-02-23 09:00:00,158.0,164.0,150.0,157.0,18621923.97793074,2926696558.1223035
2026-02-24 09:00:00,157.0,168.0,153.0,164.0,15838807.86177864,2521422157.4015174
2026-02-25 09:00:00,165.0,171.0,162.0,164.0,31226973.14441668,5200892462.9934435
2026-02-26 09:00:00,164.0,165.0,156.0,160.0,15717638.79624139,2530310149.828787
2026-02-27 09:00:00,159.0,170.0,156.0,159.0,18457259.21051562,3004138619.896655
2026-02-28 09:00:00,160.0,160.0,147.0,158.0,21419703.20476629,3287737707.2418556
2026-03-01 09:00:00,159.0,164.0,149.0,154.0,12483546.07861508,1954026823.704174
2026-03-02 09:00:00,154.0,159.0,147.0,148.0,25625975.53757293,3893896613.319322
2026-03-03 09:00:00,148.0,151.0,143.0,148.0,19531316.65990401,2868327301.7189145
2026-03-04 09:00:00,148.0,154.0,147.0,151.0,19724265.61383354,2961059912.2456636
2026-03-05 09:00:00,151.0,153.0,145.0,148.0,11862526.115796,1777599456.2897017
2026-03-06 09:00:00,148.0,151.0,143.0,145.0,8362264.17823567,1228741842.2449484
2026-03-07 09:00:00,146.0,147.0,139.0,141.0,6910486.87857982,990808184.70081
2026-03-08 09:00:00,141.0,144.0,138.0,141.0,7497025.92098635,1054638184.9430574
2026-03-09 09:00:00,142.0,145.0,140.0,141.0,10850650.034868,1542732937.9544692
2026-03-10 09:00:00,140.0,144.0,139.0,141.0,12853497.19404268,1823013345.1235216
2026-03-11 09:00:00,141.0,144.0,139.0,144.0,10588303.40705325,1500936902.2592275
2026-03-12 09:00:00,144.0,146.0,142.0,145.0,7194702.35198726,1033429154.1008551
2026-03-13 09:00:00,145.0,147.0,140.0,141.0,26709827.35099221,3846629798.5578146
2026-03-14 09:00:00,141.0,144.0,139.0,143.0,13435202.96356132,1903999419.830129
2026-03-15 09:00:00,143.0,144.0,141.0,143.0,8811727.53581524,1252200028.902647
2026-03-16 09:00:00,143.0,151.0,142.0,149.0,23144250.997887,3400658673.303465
2026-03-17 09:00:00,150.0,151.0,146.0,147.0,15070659.14944623,2232133147.384209
2026-03-18 09:00:00,147.0,149.0,142.0,143.0,12615966.11175407,1834428521.2841716
2026-03-19 09:00:00,143.0,145.0,140.0,142.0,7745612.24273867,1102761572.6581867
2026-03-20 09:00:00,141.0,151.0,141.0,147.0,10857067.57691349,1593694120.8782713
2026-03-21 09:00:00,148.0,148.0,141.0,142.0,6055032.77907988,874383051.7854786
2026-03-22 09:00:00,142.0,143.0,137.0,139.0,8216762.11167637,1152393605.2257426
2026-03-23 09:00:00,138.0,144.0,136.0,143.0,11247415.84007923,1574596312.1956005
2026-03-24 09:00:00,144.0,145.0,140.0,143.0,6908280.99415096,984194985.5657349
2026-03-25 09:00:00,143.0,149.0,142.0,146.0,8264780.83231568,1191411774.3721628
2026-03-26 09:00:00,147.0,147.0,140.0,143.0,6910085.81033122,988745372.687379
2026-03-27 09:00:00,143.0,146.0,136.0,138.0,12175245.00251777,1711508530.1849093
2026-03-28 09:00:00,139.0,142.0,137.0,140.0,5303638.03410015,737530780.1196705
2026-03-29 09:00:00,139.0,142.0,136.0,138.0,6459362.93278811,900052278.9290376
2026-03-30 09:00:00,139.0,144.0,137.0,139.0,9994123.11077223,1403134674.216241
2026-03-31 09:00:00,139.0,142.0,136.0,138.0,15979413.78243856,2208254604.1200137
2026-04-01 09:00:00,137.0,144.0,137.0,140.0,14684809.14613812,2077263567.259113
2026-04-02 09:00:00,141.0,142.0,137.0,139.0,17488438.69709285,2429294788.088177
2026-04-03 09:00:00,139.0,143.0,138.0,140.0,11207892.98084272,1575073902.626475
2026-04-04 09:00:00,140.0,141.0,139.0,140.0,5055738.9133332,710045340.9906273
2026-04-05 09:00:00,140.0,141.0,136.0,137.0,8891281.65621812,1222726366.6524718
2026-04-06 09:00:00,138.0,142.0,134.0,136.0,13235807.99834972,1834853978.4268565
2026-04-07 09:00:00,136.0,140.0,134.0,138.0,16278417.77607268,2224047430.375163
2026-04-08 09:00:00,139.0,139.0,131.0,131.0,25873603.14054226,3514170430.2105665
2026-04-09 09:00:00,132.0,132.0,128.0,129.0,24151415.16043094,3124677299.5261517
2026-04-10 09:00:00,129.0,131.0,125.0,128.0,32666906.23394705,4158138942.3348293
2026-04-11 09:00:00,127.0,129.0,126.0,127.0,17261231.5863214,2190671229.6906753
2026-04-12 09:00:00,127.0,128.0,122.0,123.0,17295513.97317719,2146990224.3521242
2026-04-13 09:00:00,123.0,127.0,121.0,127.0,19502002.16457829,2410841240.157955
2026-04-14 09:00:00,127.0,127.0,122.0,123.0,16802815.26761467,2086296256.648157
2026-04-15 09:00:00,123.0,127.0,122.0,126.0,24565672.63494643,3060912125.053694
2026-04-16 09:00:00,126.0,134.0,125.0,133.0,23051891.16592773,2981140347.9664073
2026-04-17 09:00:00,134.0,135.0,130.0,133.0,13736248.00698971,1822278805.7956452
2026-04-18 09:00:00,134.0,135.0,131.0,133.0,13990303.39595129,1861781747.7508476
2026-04-19 09:00:00,132.0,136.0,130.0,130.0,12642415.64018291,1681826926.3256822
2026-04-20 09:00:00,131.0,142.0,130.0,138.0,19161425.76622935,2609621466.6506133
2026-04-21 09:00:00,138.0,140.0,135.0,138.0,7764278.48876541,1065939071.8387841
2026-04-22 09:00:00,138.0,141.0,138.0,139.0,10051149.95098498,1400242494.4687984
2026-04-23 09:00:00,139.0,144.0,136.0,141.0,12215585.27030945,1707468531.008206
2026-04-24 09:00:00,141.0,143.0,136.0,137.0,12568780.79156323,1760435553.0826128
2026-04-25 09:00:00,137.0,140.0,135.0,136.0,6336709.61777554,871224345.5720603
2026-04-26 09:00:00,137.0,138.0,135.0,136.0,8938449.41870733,1220887555.0047255
2026-04-27 09:00:00,137.0,138.0,134.0,138.0,10874700.38529042,1483227838.2063172
2026-04-28 09:00:00,138.0,138.0,135.0,136.0,4684541.45349695,637892402.4775898
2026-04-29 09:00:00,137.0,143.0,134.0,138.0,18988684.11738929,2616827442.6323943
2026-04-30 09:00:00,139.0,144.0,138.0,142.0,14526282.2379822,2046854296.1227286
2026-05-01 09:00:00,142.0,143.0,139.0,141.0,10367077.06047297,1454597697.1528363
2026-05-02 09:00:00,142.0,146.0,142.0,145.0,7752850.00281153,1115557972.1762547
2026-05-03 09:00:00,145.0,145.0,140.0,142.0,7890573.07203868,1125252409.4381583
2026-05-04 09:00:00,142.0,146.0,140.0,144.0,7638426.75226035,1087837108.5843472
2026-05-05 09:00:00,145.0,147.0,143.0,145.0,8605375.17783494,1247537610.490836
2026-05-06 09:00:00,144.0,147.0,144.0,145.0,9336531.92331791,1355154257.577101
2026-05-07 09:00:00,146.0,147.0,143.0,146.0,8411421.1925056,1222578465.7806997
2026-05-08 09:00:00,146.0,152.0,145.0,150.0,19122061.2851247,2835639767.737436
2026-05-09 09:00:00,151.0,154.0,148.0,149.0,9817486.51783043,1476823451.596612
2026-05-10 09:00:00,148.0,154.0,147.0,154.0,17941522.53828853,2712042765.6153526
2026-05-11 09:00:00,154.0,154.0,150.0,151.0,11539652.37477492,1759216855.3108513
2026-05-12 09:00:00,152.0,153.0,146.0,146.0,9523032.61660629,1422363455.752812
2026-05-13 09:00:00,146.0,150.0,142.0,143.0,6980373.01893472,1020649748.4442117
2026-05-14 09:00:00,143.0,143.0,138.0,140.0,15693183.41972597,2197697580.198643
2026-05-15 09:00:00,140.0,141.0,133.0,136.0,15571739.05438509,2132023455.2552357
2026-05-16 09:00:00,136.0,137.0,131.0,136.0,9344623.15739036,1256874985.3900945
2026-05-17 09:00:00,136.0,138.0,132.0,135.0,8239304.38652931,1117637048.8116503
2026-05-18 09:00:00,136.0,137.0,132.0,135.0,10708823.33338111,1433646099.4994922
2026-05-19 09:00:00,136.0,137.0,132.0,134.0,6957291.75915334,936512534.4655899
2026-05-20 09:00:00,134.0,136.0,132.0,135.0,6953110.67677698,931935180.8475894
2026-05-21 09:00:00,135.0,137.0,133.0,136.0,6989796.69989082,947008233.6167408
2026-05-22 09:00:00,136.0,139.0,135.0,135.0,9703858.09559578,1328969939.0866396
2026-05-23 09:00:00,135.0,138.0,131.0,137.0,13029096.60592158,1751429508.0926633
2026-05-24 09:00:00,137.0,138.0,133.0,135.0,5807072.63171968,790252983.1119739
2026-05-25 09:00:00,136.0,140.0,134.0,137.0,7601258.28093828,1047134153.8341877
2026-05-26 09:00:00,138.0,139.0,135.0,137.0,11705986.35426454,1603371443.6275713
2026-05-27 09:00:00,136.0,137.0,132.0,133.0,6302859.68613624,847482785.0173922
2026-05-28 09:00:00,133.0,134.0,128.0,129.0,9728245.77592981,1264161436.2007334
2026-05-29 09:00:00,129.0,134.0,127.0,133.0,11310708.30873904,1474865649.5464168
2026-05-30 09:00:00,134.0,137.0,133.0,133.0,7604413.84673108,1024623710.987545
2026-05-31 09:00:00,134.0,138.0,132.0,136.0,9097708.86914243,1224456539.2731311
2026-06-01 09:00:00,137.0,139.0,134.0,137.0,9841017.95117174,1341711378.5190887
2026-06-02 09:00:00,138.0,138.0,131.0,133.0,13081105.94999727,1756405660.1272254
2026-06-03 09:00:00,134.0,142.0,132.0,139.0,13993416.36889267,1933461191.2890468
2026-06-04 09:00:00,139.0,140.0,128.0,130.0,17413466.36692507,2343112794.475891
2026-06-05 09:00:00,131.0,131.0,108.0,119.0,38037349.85829668,4502845650.8478565
2026-06-06 09:00:00,118.0,121.0,110.0,118.0,14877698.05049669,1714730761.935928
2026-06-07 09:00:00,119.0,123.0,117.0,119.0,8609872.07322465,1033125953.6121485
2026-06-08 09:00:00,120.0,123.0,117.0,118.0,10147252.89688628,1209805141.9236186
2026-06-09 09:00:00,117.0,118.0,110.0,114.0,15545524.93156891,1766931682.2901106
2026-06-10 09:00:00,114.0,115.0,107.0,108.0,13739236.03897879,1523906271.0482469
2026-06-11 09:00:00,108.0,113.0,108.0,113.0,12108068.72349771,1333454365.0925164
2026-06-12 09:00:00,113.0,114.0,110.0,112.0,12563743.42247076,1403405288.5507812
2026-06-13 09:00:00,112.0,116.0,111.0,115.0,6263768.15232919,710697502.5268786
2026-06-14 09:00:00,115.0,117.0,112.0,116.0,8127296.20702861,927901210.4611732
2026-06-15 09:00:00,116.0,120.0,114.0,116.0,9423794.34243499,1098583874.0916684
2026-06-16 09:00:00,117.0,120.0,114.0,115.0,9400601.92890007,1101409332.0222683
2026-06-17 09:00:00,115.0,118.0,114.0,115.0,9778096.78538913,1131605565.5567746
2026-06-18 09:00:00,116.0,120.0,113.0,118.0,11617295.17243343,1355402799.0234063
2026-06-19 09:00:00,118.0,123.0,116.0,122.0,9852807.74988157,1170693320.783414
2026-06-20 09:00:00,122.0,127.0,121.0,121.0,11038140.40332479,1363677341.7969763
2026-06-21 09:00:00,120.0,124.0,119.0,120.0,8213288.35878799,991680554.2178563
2026-06-22 09:00:00,119.0,124.0,119.0,119.0,8291947.77907066,1000355612.0500073
2026-06-23 09:00:00,120.0,120.0,114.0,117.0,6940870.88632911,813416235.4991626
2026-06-24 09:00:00,117.0,118.0,108.0,112.0,9911819.30071505,1135034729.2779126
2026-06-25 09:00:00,112.0,113.0,104.0,110.0,11867610.78133677,1293047316.7962894
2026-06-26 09:00:00,110.0,114.0,107.0,108.0,9919092.16048249,1086061319.9236712
2026-06-27 09:00:00,109.0,110.0,107.0,108.0,6735350.62024212,730886009.9835951
2026-06-28 09:00:00,108.0,109.0,106.0,107.0,3575066.55682737,385203948.91328955
2026-06-29 09:00:00,107.0,111.0,106.0,106.0,11442267.28078948,1236965725.3574173
2026-06-30 09:00:00,107.0,108.0,104.0,104.0,8275925.50568078,877351796.9487942
2026-07-01 09:00:00,105.0,110.0,103.0,109.0,11362464.46859612,1213791667.9824655
2026-07-02 09:00:00,109.0,114.0,107.0,110.0,8435916.61765908,927142668.7436727
2026-07-03 09:00:00,110.0,113.0,109.0,112.0,8771526.61396434,971143911.3680495
2026-07-04 09:00:00,112.0,113.0,110.0,111.0,6682983.2655271,742645424.8507391
2026-07-05 09:00:00,111.0,112.0,109.0,111.0,4548553.32586613,501281372.36599684
2026-07-06 09:00:00,111.0,114.0,109.0,112.0,9003450.71055419,1005275195.0916672
2026-07-07 09:00:00,113.0,117.0,110.0,116.0,7771499.41204551,879404466.9547769
2026-07-08 09:00:00,116.0,116.0,111.0,115.0,6629852.94647848,753792943.9426969
2026-07-09 09:00:00,114.0,115.0,112.0,115.0,7920336.57009974,903095160.9044174
2026-07-10 09:00:00,114.0,120.0,112.0,119.0,13028197.78711442,1503580453.3791406
2026-07-11 09:00:00,119.0,120.0,118.0,119.0,5820320.89510103,692816735.8368148
2026-07-12 09:00:00,119.0,121.0,117.0,120.0,4105755.98566503,488854962.8136362
2026-07-13 09:00:00,120.0,123.0,119.0,123.0,8143628.37002645,984665839.2101244
2026-07-14 09:00:00,122.0,125.0,121.0,125.0,6595185.25658906,813428519.7332888
2026-07-15 09:00:00,125.0,125.0,121.0,122.0,5781206.69935491,711108616.7090327
2026-07-16 09:00:00,123.0,124.0,120.0,120.0,4654116.48733506,565934483.8764181
2026-07-17 09:00:00,120.0,126.0,120.0,122.0,7244426.7084435,893003326.4456146
2026-07-18 09:00:00,123.0,123.0,119.0,119.0,4527420.60625155,544473589.2026665
2026-07-19 09:00:00,119.0,120.0,118.0,119.0,3233877.57586579,384190595.8499479
2026-07-20 09:00:00,119.0,120.0,116.0,118.0,4165530.76604518,492618334.17851394
2026-07-21 09:00:00,118.0,120.0,116.0,117.0,9719059.23667043,1145387522.6473308
2026-07-22 09:00:00,116.0,118.0,114.0,116.0,4735258.99497703,548799184.5657758
2026-07-23 09:00:00,115.0,116.0,110.0,112.0,8180033.32516083,928503714.2534674
2026-07-24 09:00:00,112.0,115.0,111.0,113.0,7927617.16730576,894408323.9908936
2026-07-25 09:00:00,112.0,113.0,112.0,113.0,4655564.46157839,523046058.19876504
2026-07-26 09:00:00,113.0,113.0,111.0,113.0,5800558.36736013,650729016.4563402
2026-07-27 09:00:00,113.0,114.0,107.0,108.0,11359831.32486293,1264546271.95817
2026-07-28 09:00:00,107.0,108.0,104.0,106.0,8361327.29928759,888071575.5353296
2026-07-29 09:00:00,105.0,106.0,101.0,103.0,8244814.69505891,846313934.1687931
2026-07-30 09:00:00,102.0,104.0,99.8,101.0,11725869.47608009,1188792505.311593
2026-07-31 09:00:00,102.0,103.0,101.0,102.0,7269565.06624998,741812336.8707627
2026-08-01 09:00:00,102.0,105.0,102.0,103.0,5498901.44464465,568299128.7667127
2026-08-02 09:00:00,104.0,105.0,103.0,105.0,4319162.10263998,450129136.6873472
2026-08-03 09:00:00,105.0,106.0,103.0,104.0,6688847.04446594,697080138.3198838
2026-08-04 09:00:00,104.0,108.0,102.0,106.0,8290273.64780698,871610763.5992812
2026-08-05 09:00:00,107.0,108.0,105.0,106.0,3353183.52762212,356936303.87573916
2026-08-06 09:00:00,107.0,108.0,105.0,106.0,5848432.32455936,623136813.427504
2026-08-07 09:00:00,107.0,109.0,105.0,105.0,7033204.29235532,747453494.5077093
2026-08-08 09:00:00,105.0,108.0,105.0,107.0,3761604.45490689,399163011.44812626
2026-08-09 09:00:00,107.0,110.0,107.0,108.0,4835148.3344964,525435604.68977654
2026-08-10 09:00:00,108.0,111.0,107.0,107.0,7087508.28085914,769635750.9972712
2026-08-11 09:00:00,107.0,109.0,105.0,105.0,7504502.67922263,802394421.2729995
2026-08-12 09:00:00,106.0,108.0,103.0,106.0,11332410.10053767,1194265434.9503794
2026-08-13 09:00:00,105.0,106.0,102.0,105.0,4927145.8378506,513960436.06146806
2026-08-14 09:00:00,105.0,106.0,102.0,105.0,6230402.8876575,649543997.2645166
2026-08-15 09:00:00,106.0,108.0,106.0,106.0,3156529.04812597,336454470.08463144
2026-08-16 09:00:00,107.0,107.0,105.0,106.0,2853966.81220235,303025397.7713698
2026-08-17 09:00:00,106.0,119.0,105.0,112.0,12202602.66339308,1344933841.699445
2026-08-18 09:00:00,112.0,118.0,110.0,116.0,11668007.73009573,1324734011.8376322
2026-08-19 09:00:00,115.0,116.0,111.0,113.0,13123635.58119704,1482579260.3029428
2026-08-20 09:00:00,112.0,114.0,109.0,112.0,22801186.96351643,2563318553.12491
2026-08-21 09:00:00,112.0,131.0,111.0,131.0,40776053.50904661,4917415826.878295
2026-08-22 09:00:00,131.0,167.0,129.0,147.0,104384402.18332045,15697103150.877897
2026-08-23 09:00:00,147.0,151.0,139.0,149.0,22158267.850159,3234025033.5931525
2026-08-24 09:00:00,149.0,162.0,143.0,160.0,23815639.68847238,3708313903.808846
2026-08-25 09:00:00,159.0,177.0,157.0,170.0,30593902.56000933,5126916200.274913
2026-08-26 09:00:00,170.0,173.0,148.0,155.0,17674444.25396294,2830855708.474587
2026-08-27 09:00:00,154.0,155.0,145.0,150.0,16008820.7498134,2373477661.9740205
2026-08-28 09:00:00,149.0,153.0,146.0,150.0,8327743.18457382,1242843806.4831223
2026-08-29 09:00:00,150.0,151.0,140.0,149.0,10019358.55774194,1451530991.4164953
2026-08-30 09:00:00,148.0,149.0,134.0,135.0,15627312.87760006,2213380236.180407
2026-08-31 09:00:00,136.0,136.0,119.0,125.0,43715108.31902766,5490115836.697224
2026-09-01 09:00:00,125.0,129.0,124.0,128.0,5913622.91776207,747780138.4709762
