,open,high,low,close,volume,value
2021-09-28 09:00:00,17.5,17.8,16.2,16.3,385468000.3178078,6604041568.330039
2021-09-29 09:00:00,16.4,17.5,16.1,16.8,432697342.8522153,7310547751.901074
2021-09-30 09:00:00,16.7,18.1,16.7,17.8,706400812.6125811,12416072772.746752
2021-10-01 09:00:00,17.8,19.6,17.7,19.6,658447235.5620024,12311310819.42357
2021-10-02 09:00:00,19.5,20.3,19.1,19.7,322905618.3826385,6329135490.489255
2021-10-03 09:00:00,19.7,20.6,19.1,20.1,332018503.64623797,6569027018.281936
2021-10-04 09:00:00,20.2,20.2,18.9,19.8,357735378.17497724,6965716136.940125
2021-10-05 09:00:00,19.7,24.2,19.4,22.0,2921689882.1721826,63438635602.111176
2021-10-06 09:00:00,22.1,32.0,21.4,23.2,10679051923.398535,271794475056.0612
2021-10-07 09:00:00,23.2,23.2,22.2,22.6,979207467.7252975,22119080542.773064
2021-10-08 09:00:00,22.7,25.4,22.5,24.6,3155054379.3760557,76185320685.32365
2021-10-09 09:00:00,24.7,27.1,24.0,25.5,3350488453.496439,86286494358.34038
2021-10-10 09:00:00,25.4,25.8,23.8,24.5,783522545.2718241,19098509390.23192
2021-10-11 09:00:00,24.5,24.5,23.2,23.6,546161138.357331,12996554057.506687
2021-10-12 09:00:00,23.6,23.8,21.2,22.2,718550190.0123765,15841008570.469109
2021-10-13 09:00:00,22.2,23.1,21.7,22.9,606396113.1188989,13596316380.698162
2021-10-14 09:00:00,23.0,23.4,22.5,23.2,462837453.9823534,10633944535.68521
2021-10-15 09:00:00,23.2,25.9,21.2,22.7,2774756438.1056805,65355011885.20986
2021-10-16 09:00:00,22.7,23.1,22.1,22.5,400981330.7326008,9067381664.8904
2021-10-17 09:00:00,22.6,22.6,21.4,22.0,314688384.2771357,6899661706.453291
2021-10-18 09:00:00,21.9,23.2,21.6,22.7,834449872.3606796,18662756748.122814
2021-10-19 09:00:00,22.8,23.3,22.0,22.5,384051692.65083224,8548162151.4256
2021-10-20 09:00:00,22.5,23.4,21.9,23.2,333274879.6848151,7534749449.633836
2021-10-21 09:00:00,23.2,23.6,22.3,22.4,468338413.3184368,10809317794.288006
2021-10-22 09:00:00,22.3,23.4,22.3,23.0,345153188.74906707,7884209253.80286
2021-10-23 09:00:00,23.0,23.3,22.3,22.9,215812653.30740783,4917401350.279447
2021-10-24 09:00:00,22.8,23.1,22.0,22.3,264848048.06849378,5967575640.190537
2021-10-25 09:00:00,22.4,23.3,22.0,22.9,564655464.3617399,12883360962.538425
2021-10-26 09:00:00,22.9,23.6,22.5,22.8,345044730.7721639,7898727781.8808975
2021-10-27 09:00:00,22.8,23.2,19.0,20.2,697781079.4858558,14895830543.563465
2021-10-28 09:00:00,20.2,21.3,19.8,21.2,336893343.5355472,6947291890.120183
2021-10-29 09:00:00,21.2,23.1,20.9,22.1,737596569.3429569,16061617787.4117
2021-10-30 09:00:00,22.2,22.5,21.2,22.4,456457709.61840343,9956955064.548777
2021-10-31 09:00:00,22.4,29.6,21.8,24.3,10195607783.272186,261284260374.4003
2021-11-01 09:00:00,24.4,24.6,22.4,23.8,1753327126.8807688,41194686226.73159
2021-11-02 09:00:00,23.8,26.2,23.4,25.3,2056609228.798622,51386531679.64691
2021-11-03 09:00:00,25.3,25.3,23.2,24.7,1074790539.0978746,26123792786.433502
2021-11-04 09:00:00,24.8,25.1,23.9,24.1,582761499.8086439,14220396817.642462
2021-11-05 09:00:00,24.2,24.3,23.5,23.8,540364765.6218878,12929350800.491968
2021-11-06 09:00:00,23.8,24.3,23.2,24.0,399068380.6258236,9460781665.280626
2021-11-07 09:00:00,23.9,24.7,23.8,24.1,342788192.42348695,8262323745.065632
2021-11-08 09:00:00,24.2,26.9,24.0,25.3,3151107342.333229,80565304475.80185
2021-11-09 09:00:00,25.3,25.9,24.5,25.6,1111561622.0405633,28050596582.69945
2021-11-10 09:00:00,25.6,25.9,23.5,24.2,823683927.9569354,20449224592.299484
2021-11-11 09:00:00,24.1,24.7,23.8,24.2,508992588.86730075,12353263758.173653
2021-11-12 09:00:00,24.2,24.5,23.0,24.0,722846095.6573263,17198109972.565327
2021-11-13 09:00:00,24.0,24.6,23.5,24.1,686324529.9970919,16505617858.724394
2021-11-14 09:00:00,24.0,24.5,23.5,24.0,525191436.88384694,12607382346.133917
2021-11-15 09:00:00,24.1,24.5,23.9,24.4,796966992.877897,19288400834.05287
2021-11-16 09:00:00,24.3,24.4,22.4,22.9,1269095937.1925285,29294590716.0428
2021-11-17 09:00:00,22.8,24.5,22.6,24.2,1721306329.2626433,40586701597.75284
2021-11-18 09:00:00,24.3,28.5,22.8,23.4,5781030120.802333,148167730618.1867
2021-11-19 09:00:00,23.4,25.8,22.5,25.6,2359684709.644188,57467304937.970345
2021-11-20 09:00:00,25.6,27.0,24.9,26.7,1893068749.4631863,49243781862.639244
2021-11-21 09:00:00,26.7,28.4,25.6,27.6,1285351511.4627173,34539294714.34267
2021-11-22 09:00:00,27.6,27.8,25.3,25.8,1265485896.2539933,33180414938.87891
2021-11-23 09:00:00,25.8,26.4,24.4,25.4,1141366562.4348736,28806825210.064697
2021-11-24 09:00:00,25.2,25.8,24.1,25.3,1596261612.3642504,39755429295.15775
2021-11-25 09:00:00,25.3,27.9,24.7,27.4,2414936128.7989326,62615813977.532135
2021-11-26 09:00:00,27.5,33.7,27.3,33.6,11271581412.031967,345334888550.6111
2021-11-27 09:00:00,33.6,37.9,30.8,33.9,6631884651.460113,225580539182.0457
2021-11-28 09:00:00,33.9,35.4,29.1,31.2,3238547635.7583046,102971509727.90736
2021-11-29 09:00:00,31.2,33.8,31.0,32.4,3091191152.606094,100364573200.33815
2021-11-30 09:00:00,32.4,32.5,29.0,29.1,1846554419.198513,55558397060.41111
2021-12-01 09:00:00,29.1,29.3,27.9,28.2,1305110198.5440166,37358299683.430244
2021-12-02 09:00:00,28.2,30.1,27.2,30.1,1816238636.5405438,52198652985.75018
2021-12-03 09:00:00,30.1,30.3,26.3,26.7,1364871031.64418,38450166632.45635
2021-12-04 09:00:00,26.7,26.7,17.1,22.5,2622882751.0342484,58082544949.78827
2021-12-05 09:00:00,22.5,24.1,20.3,21.3,1636745723.4704444,36789360635.6239
2021-12-06 09:00:00,21.3,22.2,18.8,21.7,1616855569.2693493,32905845644.993652
2021-12-07 09:00:00,21.6,23.0,21.4,22.3,1315607014.9705422,29464901797.636013
2021-12-08 09:00:00,22.3,23.5,20.8,22.4,1206250049.1750453,26743064071.948322
2021-12-09 09:00:00,22.4,22.6,20.2,20.3,656991830.2423837,14039170120.064531
2021-12-10 09:00:00,20.3,21.4,19.5,20.3,649793024.7618792,13295942902.555206
2021-12-11 09:00:00,20.3,20.9,19.8,20.7,270465013.8937475,5520299167.009115
2021-12-12 09:00:00,20.7,21.0,20.1,20.7,215419712.36635777,4429605815.16564
2021-12-13 09:00:00,20.7,20.9,18.3,18.5,580757145.9851979,11264528702.909582
2021-12-14 09:00:00,18.5,18.9,17.7,18.9,705886132.6039535,12942233789.654884
2021-12-15 09:00:00,18.9,20.1,17.8,19.8,540246503.0708622,10236122767.831234
2021-12-16 09:00:00,19.9,20.9,19.1,19.3,647990146.7193539,12999287277.045046
2021-12-17 09:00:00,19.2,19.8,18.4,19.1,829762411.6083817,15898436026.188734
2021-12-18 09:00:00,19.0,19.5,18.5,19.2,320094881.27751964,6074802582.445994
2021-12-19 09:00:00,19.1,19.6,18.7,19.2,274134556.20374656,5256368615.444705
2021-12-20 09:00:00,19.2,19.3,17.9,18.5,368814792.30309373,6807212727.01397
2021-12-21 09:00:00,18.5,19.5,18.2,19.3,278708029.5745506,5277261029.381608
2021-12-22 09:00:00,19.3,20.2,19.2,19.8,377979277.0620422,7421117903.126872
2021-12-23 09:00:00,19.8,20.6,19.3,20.6,513653842.35702837,10221775369.227709
2021-12-24 09:00:00,20.6,21.1,20.0,20.2,565915588.2713428,11695994939.327347
2021-12-25 09:00:00,20.1,20.6,19.9,20.3,273895655.55472577,5540370434.996726
2021-12-26 09:00:00,20.3,20.4,19.6,20.2,312258684.76277906,6249176833.250535
2021-12-27 09:00:00,20.2,21.5,20.0,20.8,648700630.7889041,13503659301.099571
2021-12-28 09:00:00,20.8,20.8,18.8,19.1,629865714.6721897,12455143353.060217
2021-12-29 09:00:00,19.1,19.4,18.3,18.6,455841756.0979219,8578911053.460523
2021-12-30 09:00:00,18.6,19.2,18.2,18.7,371050922.6308194,6883694347.166521
2021-12-31 09:00:00,18.6,19.0,18.2,18.6,301499441.0160551,5632570699.895106
2022-01-01 09:00:00,18.7,19.0,18.6,18.9,163144372.7126287,3067568124.5852795
2022-01-02 09:00:00,18.8,20.3,18.7,19.7,679620333.832669,13234416372.656414
2022-01-03 09:00:00,19.6,20.0,19.0,19.3,567360204.3896453,11090128594.137264
2022-01-04 09:00:00,19.2,19.6,18.5,19.0,365785731.01855475,6952562018.876668
2022-01-05 09:00:00,19.0,19.5,17.3,18.0,624406855.6213217,11634700262.40586
2022-01-06 09:00:00,18.0,18.3,17.0,17.9,536315660.9628943,9395259151.980967
2022-01-07 09:00:00,17.9,18.0,16.5,16.9,449657707.7771277,7667737070.314114
2022-01-08 09:00:00,16.8,17.3,16.1,16.5,248577492.94849002,4154659246.017359
2022-01-09 09:00:00,16.7,16.9,16.1,16.6,242436536.9378418,4010516726.2064576
2022-01-10 09:00:00,16.7,17.3,15.2,15.9,786748290.2165335,12815450071.629883
2022-01-11 09:00:00,16.0,16.7,15.6,16.6,323421242.86917746,5177347477.508633
2022-01-12 09:00:00,16.6,17.2,16.3,17.1,260799259.03733844,4373988367.512948
2022-01-13 09:00:00,17.1,17.4,16.4,16.6,382839343.2348728,6464078687.513882
2022-01-14 09:00:00,16.6,16.9,16.2,16.8,355868961.68774056,5902391834.299929
2022-01-15 09:00:00,16.7,17.3,16.6,17.0,183655994.27787912,3100076591.4192405
2022-01-16 09:00:00,17.0,17.3,16.8,17.1,243301753.11589617,4140435930.0389876
2022-01-17 09:00:00,17.1,17.2,16.2,16.5,262018717.27326038,4356484479.008833
2022-01-18 09:00:00,16.4,16.5,15.6,16.0,236843196.3238156,3780368643.4547596
2022-01-19 09:00:00,16.0,16.2,15.3,15.3,232004663.3323754,3630661469.163709
2022-01-20 09:00:00,15.4,16.0,14.7,14.9,264883047.96561635,4063904937.0737996
2022-01-21 09:00:00,14.8,15.1,12.6,13.0,677813058.7896067,9364441118.83331
2022-01-22 09:00:00,13.0,13.4,10.7,11.8,892084843.9886363,10691718359.739264
2022-01-23 09:00:00,11.8,12.3,11.4,12.0,473472542.5350223,5607853663.275906
2022-01-24 09:00:00,12.0,12.1,10.2,11.5,720048806.5394243,7887056833.334999
2022-01-25 09:00:00,11.5,11.7,10.9,11.5,379648007.3142768,4294335249.087551
2022-01-26 09:00:00,11.5,12.6,11.4,11.7,1122819647.8315241,13389674471.348114
2022-01-27 09:00:00,11.8,12.2,11.3,11.8,657077834.1537161,7719530399.653335
2022-01-28 09:00:00,11.9,12.6,11.8,12.5,679487563.3051052,8262649693.948374
2022-01-29 09:00:00,12.5,12.8,12.3,12.6,464515997.2304882,5841803598.875298
2022-01-30 09:00:00,12.6,12.9,12.0,12.4,415751073.7707399,5159094012.212798
2022-01-31 09:00:00,12.3,12.4,11.7,12.3,397017925.3219642,4760019325.995366
2022-02-01 09:00:00,12.2,12.6,12.1,12.5,281176633.45681924,3463653734.463165
2022-02-02 09:00:00,12.5,12.8,12.1,12.2,565781507.162688,7065146005.356833
2022-02-03 09:00:00,12.1,12.6,11.9,12.6,597396765.5859847,7318203635.14025
2022-02-04 09:00:00,12.6,13.7,12.5,13.7,1207724987.3159328,15844662937.429886
2022-02-05 09:00:00,13.6,14.8,13.4,14.2,1158564015.6561236,16466667971.137539
2022-02-06 09:00:00,14.3,14.5,13.5,14.1,558561565.7520493,7851289433.185131
2022-02-07 09:00:00,14.1,15.0,13.9,14.8,623672842.6035912,8978128848.427511
2022-02-08 09:00:00,14.8,15.1,13.6,14.4,909842921.0914742,13064758454.028461
2022-02-09 09:00:00,14.3,14.7,14.0,14.6,344830276.91501427,4946286516.70172
2022-02-10 09:00:00,14.6,14.7,13.7,14.0,525172176.35993576,7488644332.289981
2022-02-11 09:00:00,14.0,14.0,12.7,13.0,482038859.6303884,6504816378.674541
2022-02-12 09:00:00,12.9,13.2,12.3,13.0,472426027.6660948,6027165956.460179
2022-02-13 09:00:00,13.0,13.2,12.6,12.8,255613735.44126672,3299334889.012551
2022-02-14 09:00:00,12.8,12.8,12.1,12.6,284417965.7459309,3535086554.030898
2022-02-15 09:00:00,12.6,13.5,12.5,13.4,260419468.63479546,3380923450.632603
2022-02-16 09:00:00,13.5,13.5,12.8,13.2,317209866.74847937,4154181389.9139533
2022-02-17 09:00:00,13.2,13.3,12.0,12.0,565748429.3519266,7144919330.115658
2022-02-18 09:00:00,12.1,12.4,11.6,11.8,381768618.5574841,4580369503.813726
2022-02-19 09:00:00,11.8,12.2,11.3,11.9,754825073.9098874,8888509473.391167
2022-02-20 09:00:00,11.9,11.9,11.0,11.1,506296603.6317323,5712463570.067631
2022-02-21 09:00:00,11.2,11.6,10.3,10.4,657979493.1618557,7283266671.321779
2022-02-22 09:00:00,10.3,10.8,10.0,10.6,768009443.1834269,7947663982.946893
2022-02-23 09:00:00,10.7,11.1,10.2,10.2,545595010.7374272,5814259882.014211
2022-02-24 09:00:00,10.3,10.4,9.01,10.1,1192412709.8920286,11457696573.068388
2022-02-25 09:00:00,10.1,10.9,9.91,10.8,635261510.5269501,6593390035.692071
2022-02-26 09:00:00,10.7,11.4,10.7,11.1,982410531.0201802,10872144960.371775
2022-02-27 09:00:00,11.1,11.3,10.5,10.7,668575012.543993,7287733198.137542
2022-02-28 09:00:00,10.7,11.7,10.5,11.7,583048475.3665166,6418401073.4490185
2022-03-01 09:00:00,11.7,12.1,11.4,11.8,688552712.0640904,8089375164.654688
2022-03-02 09:00:00,11.9,12.0,11.4,11.6,505297641.78394896,5899100801.881913
2022-03-03 09:00:00,11.7,11.7,10.9,11.1,390836706.6494338,4403026617.167321
2022-03-04 09:00:00,11.1,11.1,10.3,10.5,604277221.4705783,6473611882.748958
2022-03-05 09:00:00,10.5,10.8,10.2,10.7,250604768.89339477,2640700797.9805613
2022-03-06 09:00:00,10.7,10.9,10.4,10.6,423024788.0018541,4522184514.1638775
2022-03-07 09:00:00,10.6,11.1,10.2,10.9,706331920.9556177,7516469190.70066
2022-03-08 09:00:00,10.8,11.1,10.6,11.1,414726930.19783443,4529135150.619675
2022-03-09 09:00:00,11.1,11.7,11.0,11.7,455645744.64711624,5202508696.69553
2022-03-10 09:00:00,11.6,11.8,10.8,11.3,530297343.5818996,5907782163.616752
2022-03-11 09:00:00,11.2,11.3,10.8,11.0,351484010.8803179,3887175510.749967
2022-03-12 09:00:00,11.0,11.2,10.9,11.0,240215970.37978563,2664033026.5432935
2022-03-13 09:00:00,10.9,11.2,10.3,10.5,341450039.99601924,3659349555.9488006
2022-03-14 09:00:00,10.5,10.9,10.3,10.9,476795145.5692201,5056304105.079714
2022-03-15 09:00:00,10.9,10.9,10.5,10.8,314763058.41883874,3369463472.4481053
2022-03-16 09:00:00,10.7,11.1,10.6,11.0,473010519.98330605,5117530802.206637
2022-03-17 09:00:00,11.0,11.0,10.6,10.8,321117467.46309596,3482655063.010644
2022-03-18 09:00:00,10.8,11.3,10.6,11.2,298174758.1813316,3233946247.21075
2022-03-19 09:00:00,11.2,12.0,11.1,12.0,458688622.9753052,5273043990.155116
2022-03-20 09:00:00,12.0,12.0,11.3,11.4,646745695.1974983,7500408777.364296
2022-03-21 09:00:00,11.4,11.8,11.1,11.7,492224252.25331986,5605570962.635665
2022-03-22 09:00:00,11.7,12.1,11.6,11.8,534512082.86550987,6323490638.28567
2022-03-23 09:00:00,11.8,12.4,11.7,12.4,541464484.2266337,6509287651.963645
2022-03-24 09:00:00,12.4,12.5,12.0,12.5,603315918.8672991,7369640978.605533
2022-03-25 09:00:00,12.5,12.8,12.2,12.5,667327644.9071695,8362901040.286641
2022-03-26 09:00:00,12.4,13.4,12.2,13.4,780732196.6795753,9992779928.517025
2022-03-27 09:00:00,13.4,18.8,13.4,14.7,14196374988.692352,217252989845.1737
2022-03-28 09:00:00,14.7,14.9,14.2,14.4,2155099402.577792,31365334956.135082
2022-03-29 09:00:00,14.4,14.9,13.9,14.4,1701186058.5683577,24694691907.701042
2022-03-30 09:00:00,14.3,15.6,13.6,15.3,1678150197.253347,24355215618.935272
2022-03-31 09:00:00,15.2,16.3,14.5,15.3,3140412390.8878083,48529064451.36317
2022-04-01 09:00:00,15.3,16.8,14.8,16.5,2860643646.144173,44884043401.20918
2022-04-02 09:00:00,16.6,18.4,16.0,17.5,4425228500.498715,76860447182.19505
2022-04-03 09:00:00,17.4,18.4,16.3,17.1,1795344788.2717052,30766607454.250175
2022-04-04 09:00:00,17.1,17.1,15.1,15.8,1299466034.0416265,20798291407.615543
2022-04-05 09:00:00,15.7,16.6,15.4,15.8,1092055918.0822961,17468058680.810947
2022-04-06 09:00:00,15.7,15.8,13.4,13.6,1468414589.9697838,21216232679.025833
2022-04-07 09:00:00,13.5,14.5,13.3,14.4,667939786.8695786,9349699451.76509
2022-04-08 09:00:00,14.4,14.6,13.6,13.8,609900689.0950508,8620926945.008211
2022-04-09 09:00:00,13.7,14.2,13.5,14.1,328425261.7325241,4538236864.174065
2022-04-10 09:00:00,14.2,14.2,13.6,13.6,261346671.81202087,3620594512.823156
2022-04-11 09:00:00,13.6,13.8,12.2,12.3,681317992.4454908,8805285763.659534
2022-04-12 09:00:00,12.4,13.0,11.9,12.7,863058937.2713797,10782596910.118954
2022-04-13 09:00:00,12.7,13.6,12.6,13.5,980238603.0628657,12881436953.456028
2022-04-14 09:00:00,13.5,13.8,13.0,13.3,491049068.3316137,6584467556.064498
2022-04-15 09:00:00,13.3,13.5,13.0,13.4,292029872.6000303,3870598829.550078
2022-04-16 09:00:00,13.4,13.5,13.0,13.4,185806530.6019668,2462406079.587094
2022-04-17 09:00:00,13.4,13.4,12.7,12.9,246829475.16874173,3235882700.6526074
2022-04-18 09:00:00,12.8,13.1,12.1,13.0,541738114.8529319,6801721934.304127
2022-04-19 09:00:00,13.1,13.7,12.7,13.6,377366378.1898261,4939139261.346778
2022-04-20 09:00:00,13.6,13.8,13.1,13.6,636003247.7712288,8565419150.476864
2022-04-21 09:00:00,13.5,14.0,13.1,13.4,685844284.6155815,9325591362.930584
2022-04-22 09:00:00,13.4,13.6,13.1,13.4,448455875.725322,6000708773.8600235
2022-04-23 09:00:00,13.4,13.4,12.9,13.2,341047286.8008698,4490809024.530829
2022-04-24 09:00:00,13.1,13.4,12.7,12.9,432147785.9916027,5635221875.219078
2022-04-25 09:00:00,12.8,12.9,11.9,12.7,587425900.5729728,7247822930.103757
2022-04-26 09:00:00,12.8,12.8,11.8,11.9,465495057.1199604,5750914007.868197
2022-04-27 09:00:00,11.9,12.3,11.8,12.2,380401375.1468496,4587414839.121384
2022-04-28 09:00:00,12.1,12.4,11.9,12.3,356614264.9727503,4341815212.692589
2022-04-29 09:00:00,12.2,12.3,11.5,11.7,341533812.60894716,4055737759.610668
2022-04-30 09:00:00,11.7,11.8,10.7,10.8,469998919.94914633,5295483900.18335
2022-05-01 09:00:00,10.8,11.0,10.2,11.0,589809059.1353272,6251967146.30437
2022-05-02 09:00:00,11.0,11.1,10.5,10.9,347058967.89355576,3756296121.745556
2022-05-03 09:00:00,10.8,11.0,10.5,10.6,251618619.66582844,2704976942.605103
2022-05-04 09:00:00,10.7,11.5,10.5,11.4,506831788.62788695,5525750114.690114
2022-05-05 09:00:00,11.4,11.7,10.2,10.5,584572170.0161111,6388686921.883832
2022-05-06 09:00:00,10.5,10.6,10.0,10.3,462690257.29130524,4743354438.507143
2022-05-07 09:00:00,10.3,10.5,9.97,10.0,306665067.1505655,3118004442.538846
2022-05-08 09:00:00,10.0,10.1,9.67,9.76,419844131.48612833,4147237500.1016536
2022-05-09 09:00:00,9.76,9.97,8.13,8.17,839311682.9336938,7557950553.672489
2022-05-10 09:00:00,8.2,8.88,7.66,8.2,904625868.7410944,7543752521.683441
2022-05-11 09:00:00,8.21,8.39,6.04,6.27,1633617589.0816348,11822739199.035292
2022-05-12 09:00:00,6.29,6.39,4.95,5.74,1675497999.0172772,9347035547.83498
2022-05-13 09:00:00,5.76,6.82,5.7,6.29,1089857904.74532,6958071727.060791
2022-05-14 09:00:00,6.29,6.88,6.11,6.83,902415589.0703096,5903191170.894703
2022-05-15 09:00:00,6.86,7.49,6.75,7.45,1286381942.9432735,9068500173.501062
2022-05-16 09:00:00,7.45,7.45,6.68,6.87,658882966.6015853,4617323935.217646
2022-05-17 09:00:00,6.87,7.33,6.72,7.2,475816691.9996457,3341703232.194444
2022-05-18 09:00:00,7.19,7.26,6.29,6.32,631717202.1139258,4280892875.1049533
2022-05-19 09:00:00,6.32,6.89,6.01,6.73,1271077341.5173833,8344875850.0527525
2022-05-20 09:00:00,6.74,6.93,6.3,6.48,621952564.9934361,4142443607.6281843
2022-05-21 09:00:00,6.46,6.71,6.26,6.55,331097220.63399625,2148617172.989343
2022-05-22 09:00:00,6.55,7.23,6.49,6.99,1308388691.3585956,9111369454.423157
2022-05-23 09:00:00,6.99,7.14,6.5,6.62,912437499.4535638,6349792955.127602
2022-05-24 09:00:00,6.64,7.08,6.47,7.02,1590529924.0111682,10870309543.048233
2022-05-25 09:00:00,7.03,7.07,6.7,6.91,600855124.6931723,4131242965.4754066
2022-05-26 09:00:00,6.9,7.9,6.5,7.32,3142799153.0663404,22426520419.236908
2022-05-27 09:00:00,7.31,8.16,6.61,7.06,2943616074.3468127,21469030212.521397
2022-05-28 09:00:00,7.05,7.49,6.78,6.85,3617994600.2300153,25965788035.27445
2022-05-29 09:00:00,6.85,6.91,6.63,6.87,921042547.528384,6233459486.040369
2022-05-30 09:00:00,6.86,7.25,6.76,7.22,1029957789.0341234,7225278389.772336
2022-05-31 09:00:00,7.22,7.33,6.85,7.1,952669127.468699,6789143009.444313
2022-06-01 09:00:00,7.12,7.58,6.71,6.86,1997967105.0988977,14391197461.850267
2022-06-02 09:00:00,6.86,7.27,6.72,7.26,1441638375.4219027,10134144703.464678
2022-06-03 09:00:00,7.24,7.25,6.8,6.97,681450345.1447505,4762991626.975778
2022-06-04 09:00:00,6.96,6.99,6.76,6.96,410429650.1721174,2817284400.0699525
2022-06-05 09:00:00,6.95,7.17,6.79,7.12,623406673.2582359,4335388690.980425
2022-06-06 09:00:00,7.11,7.46,7.07,7.36,807623432.5789876,5880840985.011971
2022-06-07 09:00:00,7.38,7.38,6.85,7.12,890407273.6036674,6257016972.405908
2022-06-08 09:00:00,7.11,7.25,6.96,7.09,452268536.1244465,3212432939.6701374
2022-06-09 09:00:00,7.07,7.1,6.81,6.85,719450609.2515887,5019133107.622306
2022-06-10 09:00:00,6.85,6.87,6.32,6.38,790709654.6168622,5222155616.512334
2022-06-11 09:00:00,6.37,6.55,5.84,5.89,918961887.7597098,5674380261.312881
2022-06-12 09:00:00,5.9,6.0,5.19,5.29,897758448.3369702,4955642029.665501
2022-06-13 09:00:00,5.29,5.36,4.54,4.66,1406867201.1557527,6838012262.205252
2022-06-14 09:00:00,4.66,4.84,4.3,4.68,972993976.144178,4490344362.872907
2022-06-15 09:00:00,4.67,4.94,4.25,4.93,1109543936.0667036,5029774603.372853
2022-06-16 09:00:00,4.94,5.47,4.41,4.52,2647656316.656684,13151717273.276453
2022-06-17 09:00:00,4.51,4.92,4.42,4.72,1329036764.4640234,6222705110.652668
2022-06-18 09:00:00,4.72,4.92,4.26,4.51,933311873.1014096,4300074428.623621
2022-06-19 09:00:00,4.51,5.26,4.28,4.79,6216601307.071169,30470076177.609295
2022-06-20 09:00:00,4.79,5.6,4.7,5.16,10393758077.326754,54700620507.96979
2022-06-21 09:00:00,5.15,5.55,5.12,5.26,4026773350.2065034,21553556608.359623
2022-06-22 09:00:00,5.26,5.27,4.95,5.02,916531850.7697238,4650575886.544587
2022-06-23 09:00:00,5.02,5.54,5.01,5.44,2945342274.825925,15529536551.284193
2022-06-24 09:00:00,5.44,5.7,5.23,5.52,1895087919.5253215,10253639049.163397
2022-06-25 09:00:00,5.52,5.54,5.21,5.39,977373304.7877913,5263026735.298323
2022-06-26 09:00:00,5.4,5.41,5.2,5.21,587700209.8712336,3126698030.7977886
2022-06-27 09:00:00,5.21,5.61,5.12,5.32,1675382789.766449,8933060367.83415
2022-06-28 09:00:00,5.32,5.52,5.14,5.17,1139847121.0729907,6091752084.043591
2022-06-29 09:00:00,5.18,5.26,4.96,5.06,665940240.6307265,3378375910.515351
2022-06-30 09:00:00,5.06,5.08,4.6,4.84,571057516.7606006,2730947694.728013
2022-07-01 09:00:00,4.83,5.08,4.75,4.9,715406593.6310533,3501716886.6719704
2022-07-02 09:00:00,4.91,5.27,4.84,5.09,1696901083.7226725,8564271718.560258
2022-07-03 09:00:00,5.09,5.55,4.97,5.1,2336524250.049173,12216413913.224453
2022-07-04 09:00:00,5.09,5.13,4.88,5.08,714089115.9200822,3567174588.216521
2022-07-05 09:00:00,5.09,5.14,4.88,5.01,604460769.6087105,3034592962.623573
2022-07-06 09:00:00,5.01,5.23,4.94,5.05,892208100.2527993,4517102155.485537
2022-07-07 09:00:00,5.05,5.24,5.05,5.24,1045204127.5748191,5368641874.79134
2022-07-08 09:00:00,5.24,5.3,5.09,5.22,759787552.9995365,3950157256.4882054
2022-07-09 09:00:00,5.22,5.63,5.16,5.42,1613919006.9167013,8724682490.597942
2022-07-10 09:00:00,5.43,5.94,5.36,5.39,4316072583.246162,24433908370.75126
2022-07-11 09:00:00,5.38,5.39,4.97,5.0,773170177.3798847,3981567895.753911
2022-07-12 09:00:00,4.97,5.04,4.83,4.83,535214222.4668419,2630866133.452056
2022-07-13 09:00:00,4.83,5.5,4.79,5.13,3139802713.7214704,15931199652.738111
2022-07-14 09:00:00,5.12,5.15,4.94,5.13,593353973.5734242,2992480517.9081106
2022-07-15 09:00:00,5.14,5.21,5.06,5.15,661637734.8912578,3399781498.7157564
2022-07-16 09:00:00,5.16,5.44,5.15,5.25,1356359502.0793636,7123317529.540623
2022-07-17 09:00:00,5.25,5.48,5.18,5.24,1041982690.4843869,5564078230.416777
2022-07-18 09:00:00,5.24,5.83,5.21,5.61,2118403225.9293182,11819839171.454903
2022-07-19 09:00:00,5.6,5.96,5.45,5.9,1689374369.0818858,9629723610.021967
2022-07-20 09:00:00,5.9,6.68,5.71,5.79,5683944619.682869,35487587149.28562
2022-07-21 09:00:00,5.79,5.92,5.45,5.74,845837688.448277,4800243040.147075
2022-07-22 09:00:00,5.72,5.89,5.56,5.65,493078005.05254805,2833197857.18434
2022-07-23 09:00:00,5.64,5.73,5.52,5.62,342471470.0790655,1927487691.729918
2022-07-24 09:00:00,5.63,5.69,5.59,5.64,280017365.71619195,1581141306.0231004
2022-07-25 09:00:00,5.65,5.66,5.3,5.31,379826866.5515861,2077614736.248643
2022-07-26 09:00:00,5.31,5.46,5.1,5.32,442536997.8113738,2346310434.0898285
2022-07-27 09:00:00,5.32,5.62,5.24,5.62,333426021.3438037,1794134482.0852818
2022-07-28 09:00:00,5.63,5.83,5.51,5.8,482218654.1677756,2721443573.017405
2022-07-29 09:00:00,5.8,5.87,5.65,5.82,687619822.1081637,3977510570.7196755
2022-07-30 09:00:00,5.81,6.02,5.75,5.8,630632014.7016019,3704685795.50667
2022-07-31 09:00:00,5.8,6.39,5.77,5.98,2532763873.699208,15558868284.253761
2022-08-01 09:00:00,5.97,6.95,5.96,6.32,4451096796.951826,28706893939.08448
2022-08-02 09:00:00,6.34,6.71,5.98,6.2,1727679180.694978,10873662481.11717
2022-08-03 09:00:00,6.2,6.3,5.99,6.15,510448251.23103017,3126900142.0369306
2022-08-04 09:00:00,6.15,6.22,6.04,6.11,450586391.73745066,2748970458.2142997
2022-08-05 09:00:00,6.11,6.24,6.09,6.23,535731140.873432,3307348436.6670637
2022-08-06 09:00:00,6.22,6.34,6.2,6.27,449327311.4481643,2816685700.726612
2022-08-07 09:00:00,6.25,6.34,6.15,6.27,340748421.3521298,2120459872.5272868
2022-08-08 09:00:00,6.27,6.35,6.2,6.31,486712845.58191746,3055824854.3742867
2022-08-09 09:00:00,6.29,6.31,5.9,6.06,567452114.357545,3480649323.7316713
2022-08-10 09:00:00,6.06,6.83,5.96,6.44,6927354243.46214,44973136564.04026
2022-08-11 09:00:00,6.42,7.2,6.32,6.87,6283097690.914108,43014433346.72246
2022-08-12 09:00:00,6.89,7.06,6.65,6.88,1115584612.4603217,7633412177.966642
2022-08-13 09:00:00,6.89,6.89,6.68,6.78,819570451.0301169,5552718846.470808
2022-08-14 09:00:00,6.76,6.84,6.66,6.7,761330312.214704,5140987634.453245
2022-08-15 09:00:00,6.7,6.79,6.54,6.61,727742279.4185529,4850649409.745807
2022-08-16 09:00:00,6.59,6.62,6.4,6.44,527344104.1927474,3419050203.3421025
2022-08-17 09:00:00,6.44,6.54,6.31,6.38,527126261.3958765,3379699196.1518083
2022-08-18 09:00:00,6.38,6.48,6.33,6.39,359820001.7642756,2302392961.5949874
2022-08-19 09:00:00,6.4,6.48,5.63,5.65,975795803.6300662,5815685833.09594
2022-08-20 09:00:00,5.65,5.96,5.54,5.8,442856572.5150218,2552428255.789989
2022-08-21 09:00:00,5.77,5.88,5.53,5.8,262239407.5678435,1509162719.387869
2022-08-22 09:00:00,5.83,5.84,5.3,5.59,581379840.9883158,3223495191.901392
2022-08-23 09:00:00,5.61,5.62,5.36,5.58,338605941.46909934,1861132455.5660443
2022-08-24 09:00:00,5.58,5.69,5.42,5.56,438334275.0178431,2437336286.204487
2022-08-25 09:00:00,5.59,5.95,5.56,5.7,735249823.2794666,4216759233.368733
2022-08-26 09:00:00,5.71,6.03,5.34,5.43,1126132938.3842137,6494127976.942782
2022-08-27 09:00:00,5.42,5.44,5.26,5.4,220635938.3670698,1182172502.763128
2022-08-28 09:00:00,5.39,6.16,5.35,5.45,3027019226.9412394,17478096442.310112
2022-08-29 09:00:00,5.45,5.58,5.33,5.57,593205676.7170985,3238053560.709318
2022-08-30 09:00:00,5.58,5.95,5.42,5.55,1230622784.3479125,6980406947.025065
2022-08-31 09:00:00,5.54,5.89,5.48,5.57,476480581.4960787,2669964234.05126
2022-09-01 09:00:00,5.56,5.69,5.35,5.54,395920162.2506106,2182671917.454749
2022-09-02 09:00:00,5.54,5.59,5.43,5.47,283116135.07074666,1555530993.740543
2022-09-03 09:00:00,5.47,5.54,5.46,5.49,119610324.9679111,656922447.9017304
2022-09-04 09:00:00,5.49,5.54,5.44,5.51,128730090.43333483,705366615.5132687
2022-09-05 09:00:00,5.53,5.6,5.42,5.53,446290914.60704905,2453414040.724255
2022-09-06 09:00:00,5.54,5.67,5.3,5.33,899290840.959511,4967999962.854249
2022-09-07 09:00:00,5.33,5.46,5.16,5.41,428574499.3950059,2265841430.09974
2022-09-08 09:00:00,5.4,5.64,5.34,5.57,556697685.6741278,3045180940.9724445
2022-09-09 09:00:00,5.56,5.74,5.55,5.74,613761440.8636707,3463033912.0490227
2022-09-10 09:00:00,5.74,5.75,5.58,5.72,490784656.854785,2785347989.9218326
2022-09-11 09:00:00,5.69,5.88,5.61,5.79,783991646.3836615,4508416024.150838
2022-09-12 09:00:00,5.79,5.85,5.67,5.79,762132047.4741882,4399125407.3555765
2022-09-13 09:00:00,5.79,5.8,5.29,5.35,839182539.1461042,4645343446.548584
2022-09-14 09:00:00,5.35,5.58,5.32,5.44,526836581.7613767,2857549361.7771316
2022-09-15 09:00:00,5.43,5.48,5.31,5.35,434580402.46644497,2335814619.444251
2022-09-16 09:00:00,5.34,5.36,5.21,5.28,286284486.6065815,1514804840.2487457
2022-09-17 09:00:00,5.29,5.33,5.26,5.31,283600463.91872513,1501334027.0680585
2022-09-18 09:00:00,5.31,5.35,4.96,5.02,452219000.311268,2359024549.8029437
2022-09-19 09:00:00,5.03,5.1,4.82,5.03,383811761.7532035,1895502527.2697482
2022-09-20 09:00:00,5.04,5.09,4.91,4.94,285987011.5122384,1425492131.530078
2022-09-21 09:00:00,4.94,5.13,4.85,4.94,351278530.3621859,1738355532.7869592
2022-09-22 09:00:00,4.92,5.17,4.86,5.1,642964088.58349,3241644549.1836953
2022-09-23 09:00:00,5.11,5.29,5.0,5.16,745545394.085427,3840178365.4012165
2022-09-24 09:00:00,5.16,5.28,5.1,5.16,411963347.92434055,2130030372.7168372
2022-09-25 09:00:00,5.16,5.18,5.04,5.05,222208082.78227213,1136707672.9593482
2022-09-26 09:00:00,5.04,5.12,4.91,5.06,311959533.1249266,1561956369.3894846
2022-09-27 09:00:00,5.09,5.16,4.96,5.02,308660988.66544104,1568901507.9492562
2022-09-28 09:00:00,5.04,5.04,4.91,4.99,196820576.0669073,976800285.9410762
2022-09-29 09:00:00,4.99,5.07,4.92,5.04,226089456.66577506,1128584954.3370464
2022-09-30 09:00:00,5.05,5.07,4.95,5.02,241938600.39382258,1211384301.8504627
2022-10-01 09:00:00,5.01,5.05,4.97,4.98,136230780.95284,680992563.0793964
2022-10-02 09:00:00,4.98,5.0,4.95,4.97,127173350.01415572,632458712.4071895
2022-10-03 09:00:00,4.96,5.03,4.94,5.0,124579827.2324506,619982158.6463089
2022-10-04 09:00:00,4.98,5.07,4.98,5.01,193948020.6556171,972282392.8960744
2022-10-05 09:00:00,5.01,5.03,4.92,5.01,215633933.7367685,1072200024.7376255
2022-10-06 09:00:00,4.99,5.01,4.94,4.97,175779606.23642802,873657268.8040768
2022-10-07 09:00:00,4.98,4.99,4.9,4.95,194548761.97209117,960770729.9486729
2022-10-08 09:00:00,4.94,5.06,4.94,5.0,323641082.61055076,1621180082.1178348
2022-10-09 09:00:00,5.0,5.16,4.96,5.02,529164228.63500047,2670080930.761478
2022-10-10 09:00:00,5.01,5.06,4.93,4.93,275143300.59363294,1374280991.080682
2022-10-11 09:00:00,4.93,4.94,4.81,4.84,275131002.2126244,1337336624.6202984
2022-10-12 09:00:00,4.84,4.97,4.8,4.82,328724799.28072304,1601263269.0632749
2022-10-13 09:00:00,4.82,4.82,4.41,4.65,692545846.970892,3198634376.721844
2022-10-14 09:00:00,4.66,4.76,4.61,4.66,230261147.99747178,1080282726.131283
2022-10-15 09:00:00,4.65,4.69,4.61,4.66,96407957.68287303,448489211.7377482
2022-10-16 09:00:00,4.67,4.69,4.64,4.67,91470258.87921229,427187947.2056829
2022-10-17 09:00:00,4.67,4.77,4.63,4.76,255622387.8667086,1198258085.966586
2022-10-18 09:00:00,4.78,5.07,4.71,4.84,1359407220.9402013,6645778686.8431835
2022-10-19 09:00:00,4.85,4.87,4.55,4.61,352565984.0172395,1647701281.9587035
2022-10-20 09:00:00,4.6,4.62,4.5,4.53,271955460.63351727,1242032461.5555685
2022-10-21 09:00:00,4.54,4.56,4.42,4.55,247769463.40694225,1115516372.7085457
2022-10-22 09:00:00,4.55,4.6,4.52,4.56,91341170.79494628,416423065.60542715
2022-10-23 09:00:00,4.58,4.75,4.53,4.65,591400573.9340532,2737947709.9733725
2022-10-24 09:00:00,4.62,4.67,4.51,4.64,282749411.172186,1302642726.4893289
2022-10-25 09:00:00,4.63,4.71,4.6,4.68,384674709.99440914,1791761698.8825893
2022-10-26 09:00:00,4.68,4.72,4.65,4.69,359693324.27034384,1684567649.1760044
2022-10-27 09:00:00,4.7,4.72,4.55,4.6,440150141.9193521,2046295910.295756
2022-10-28 09:00:00,4.6,4.66,4.54,4.63,179129514.68361187,822626505.3830934
2022-10-29 09:00:00,4.63,4.73,4.61,4.69,321691075.2352275,1502945875.9813156
2022-10-30 09:00:00,4.68,4.79,4.63,4.66,281421791.6448022,1321997641.2841978
2022-10-31 09:00:00,4.65,4.74,4.59,4.69,395506065.0124355,1837134190.1376445
2022-11-01 09:00:00,4.69,4.73,4.64,4.68,324319422.93646914,1517435606.4803011
2022-11-02 09:00:00,4.67,4.77,4.52,4.55,769651886.4801921,3580337761.63862
2022-11-03 09:00:00,4.55,4.82,4.54,4.68,1271448377.9885545,5996985259.309693
2022-11-04 09:00:00,4.68,4.82,4.66,4.81,589452541.7914572,2791106397.0823936
2022-11-05 09:00:00,4.81,4.96,4.77,4.81,471173291.4254017,2283980183.594885
2022-11-06 09:00:00,4.8,4.83,4.64,4.64,243541248.33642474,1156150973.6185048
2022-11-07 09:00:00,4.64,4.76,4.57,4.63,385267585.8331192,1784622853.3287768
2022-11-08 09:00:00,4.62,4.65,4.02,4.11,811033238.5056591,3545195551.3994727
2022-11-09 09:00:00,4.12,4.16,3.05,3.34,949029435.5381535,3571255927.5724845
2022-11-10 09:00:00,3.35,3.78,3.31,3.76,621641646.2362717,2216707836.1415353
2022-11-11 09:00:00,3.76,3.79,3.42,3.55,429638901.54487467,1552058502.5090067
2022-11-12 09:00:00,3.55,3.6,3.35,3.41,182493856.6595649,632650035.8261813
2022-11-13 09:00:00,3.42,3.51,3.12,3.17,588194665.8936462,1943418652.482153
2022-11-14 09:00:00,3.17,3.24,2.87,3.15,499906259.2953784,1525550145.133977
2022-11-15 09:00:00,3.13,3.29,3.06,3.25,383743033.41360134,1231841166.126547
2022-11-16 09:00:00,3.25,3.3,3.16,3.21,239043031.52588463,773314164.3702075
2022-11-17 09:00:00,3.22,3.24,3.14,3.18,118524063.5936651,377707579.3525216
2022-11-18 09:00:00,3.18,3.26,3.17,3.23,146524376.18481728,470930200.48874885
2022-11-19 09:00:00,3.23,4.18,3.22,3.56,8515788990.436527,31768940866.91369
2022-11-20 09:00:00,3.57,4.38,3.3,3.44,8079769518.838456,31736960267.715004
2022-11-21 09:00:00,3.46,3.63,3.34,3.41,1169706707.7238016,4042727508.469349
2022-11-22 09:00:00,3.4,3.48,3.32,3.47,393661278.16163814,1328741240.9748845
2022-11-23 09:00:00,3.46,3.92,3.43,3.7,1460142299.580666,5378910271.619964
2022-11-24 09:00:00,3.7,3.79,3.41,3.54,831196163.7001982,3016111023.407365
2022-11-25 09:00:00,3.55,3.56,3.38,3.49,266090496.98147273,916008419.0228065
2022-11-26 09:00:00,3.5,3.86,3.45,3.7,864817611.0054708,3115028530.6916523
2022-11-27 09:00:00,3.7,3.72,3.57,3.6,556856533.2186444,2022599592.6982973
2022-11-28 09:00:00,3.6,3.6,3.41,3.49,329161288.8700879,1142087958.5986423
2022-11-29 09:00:00,3.48,3.54,3.45,3.5,207413940.96684262,723730061.2055354
2022-11-30 09:00:00,3.48,3.59,3.47,3.58,258984968.27976644,915194575.1274799
2022-12-01 09:00:00,3.59,3.59,3.48,3.53,273601210.9063559,962554257.1691538
2022-12-02 09:00:00,3.53,3.74,3.4,3.54,904307155.7953984,3243848469.32392
2022-12-03 09:00:00,3.53,3.62,3.51,3.55,464245564.36381996,1655379180.0355115
2022-12-04 09:00:00,3.54,3.56,3.48,3.53,192270244.81036383,674676578.1849998
2022-12-05 09:00:00,3.52,3.54,3.47,3.49,164386686.33291617,576645164.6464978
2022-12-06 09:00:00,3.48,3.5,3.44,3.47,139345347.33883646,482835887.5992381
2022-12-07 09:00:00,3.47,3.51,3.24,3.36,507986528.4147406,1725765785.3817995
2022-12-08 09:00:00,3.36,3.49,3.35,3.41,361803923.1034192,1233347057.4366963
2022-12-09 09:00:00,3.42,3.64,3.39,3.51,834823853.561704,2937931397.969754
2022-12-10 09:00:00,3.51,3.66,3.47,3.54,890830501.6562899,3168381366.5208654
2022-12-11 09:00:00,3.57,3.58,3.44,3.44,316888098.6870743,1103556687.7531087
2022-12-12 09:00:00,3.44,3.46,3.32,3.41,331663975.1065667,1120128697.1012537
2022-12-13 09:00:00,3.41,4.69,3.32,4.18,24475975454.990055,102001264837.8822
2022-12-14 09:00:00,4.18,4.35,3.72,3.75,11092364359.255833,44317631206.24377
2022-12-15 09:00:00,3.75,3.76,3.55,3.59,2505478056.028406,9059655207.481434
2022-12-16 09:00:00,3.59,3.65,3.21,3.3,1429231778.2028937,4960336293.358432
2022-12-17 09:00:00,3.28,3.4,3.08,3.27,656940545.170919,2110158599.428986
2022-12-18 09:00:00,3.27,3.28,3.16,3.23,385228683.45203304,1240495651.4988341
2022-12-19 09:00:00,3.24,3.25,3.0,3.05,555674240.9042606,1731517635.9539988
2022-12-20 09:00:00,3.04,3.28,3.03,3.17,947790092.8604885,2995142139.4141374
2022-12-21 09:00:00,3.17,3.32,3.11,3.19,740496731.1029078,2365472590.5920606
2022-12-22 09:00:00,3.19,3.21,3.09,3.13,378897786.3379523,1192685534.1580195
2022-12-23 09:00:00,3.13,3.16,3.11,3.15,251699239.58151427,789647071.9665198
2022-12-24 09:00:00,3.14,3.17,3.13,3.16,193539522.04782978,608694249.9306092
2022-12-25 09:00:00,3.15,3.17,3.03,3.07,336027119.4342655,1039171583.2334343
2022-12-26 09:00:00,3.07,3.08,2.97,3.01,328740774.8109445,992073421.7229964
2022-12-27 09:00:00,3.02,3.05,2.95,2.97,260946252.90029192,779922129.2269472
2022-12-28 09:00:00,2.97,3.02,2.77,2.9,594867537.9593652,1714366770.2653308
2022-12-29 09:00:00,2.9,3.23,2.77,2.94,3618757560.7490797,10907372120.58282
2022-12-30 09:00:00,2.94,2.94,2.77,2.84,572196438.3111811,1627987954.817647
2022-12-31 09:00:00,2.84,2.93,2.81,2.88,352556429.8848694,1013510836.3556625
2023-01-01 09:00:00,2.87,2.91,2.85,2.91,186372978.2649889,535890463.0708054
2023-01-02 09:00:00,2.9,2.95,2.86,2.94,363720897.5223534,1058344768.3548442
2023-01-03 09:00:00,2.93,2.95,2.9,2.92,376388222.8472572,1100869153.0234945
2023-01-04 09:00:00,2.92,3.0,2.9,2.99,403419282.19972676,1189675143.0771167
2023-01-05 09:00:00,2.99,3.09,2.9,3.0,930691011.1220062,2784828975.274256
2023-01-06 09:00:00,3.0,3.03,2.88,2.99,293926131.7865218,863320353.3288518
2023-01-07 09:00:00,2.99,3.0,2.96,2.97,145579152.6066429,432676056.3115298
2023-01-08 09:00:00,2.97,3.07,2.95,3.07,278046895.0907952,831570713.9088118
2023-01-09 09:00:00,3.07,3.17,3.04,3.12,742346265.6727839,2302162310.4594245
2023-01-10 09:00:00,3.12,3.35,3.08,3.17,1865920829.2988846,5947018644.203374
2023-01-11 09:00:00,3.16,3.22,3.12,3.21,689842720.8424782,2182000351.008126
2023-01-12 09:00:00,3.2,3.27,3.11,3.25,1000888146.766399,3200430063.281307
2023-01-13 09:00:00,3.26,3.37,3.21,3.35,943670527.0650966,3105863088.366456
2023-01-14 09:00:00,3.36,3.61,3.28,3.48,1692203120.5064619,5793383245.397322
2023-01-15 09:00:00,3.48,3.96,3.44,3.59,4690469069.511545,17260640419.598858
2023-01-16 09:00:00,3.61,3.69,3.49,3.6,1078099816.1518095,3858538518.4738817
2023-01-17 09:00:00,3.6,3.78,3.54,3.72,1218920960.3299081,4458702270.992438
2023-01-18 09:00:00,3.72,3.75,3.4,3.44,1157063144.821241,4164394483.559835
2023-01-19 09:00:00,3.43,3.56,3.43,3.55,509956341.68602735,1778110338.9490864
2023-01-20 09:00:00,3.55,3.72,3.48,3.72,705147879.1339614,2530184020.2840385
2023-01-21 09:00:00,3.73,4.21,3.65,3.83,2294713241.141848,8867792455.985832
2023-01-22 09:00:00,3.83,3.9,3.73,3.8,885897930.1674849,3368629894.378341
2023-01-23 09:00:00,3.8,3.9,3.76,3.89,757450972.491897,2887735154.1299334
2023-01-24 09:00:00,3.89,4.87,3.79,4.01,18764492123.463238,80954874244.5129
2023-01-25 09:00:00,4.0,4.18,3.7,4.05,2812464820.11148,11140379861.02751
2023-01-26 09:00:00,4.05,4.17,3.97,4.04,1386677873.8961172,5605200013.018741
2023-01-27 09:00:00,4.04,4.16,3.9,4.14,1388591345.1902978,5600730770.001748
2023-01-28 09:00:00,4.15,4.16,3.97,4.06,892159433.4588417,3633585287.5581365
2023-01-29 09:00:00,4.05,4.09,4.01,4.09,494304164.26413316,2002086925.0807374
2023-01-30 09:00:00,4.08,4.25,3.74,3.81,1687808140.8401196,6760813005.947933
2023-01-31 09:00:00,3.81,3.91,3.71,3.87,544795461.0263962,2078424757.977079
2023-02-01 09:00:00,3.87,4.0,3.61,3.99,1248846087.3918366,4791296700.509101
2023-02-02 09:00:00,3.99,4.3,3.96,4.25,2636722202.391153,10972538059.791307
2023-02-03 09:00:00,4.25,4.48,4.19,4.47,2044714985.325043,8858077343.388264
2023-02-04 09:00:00,4.46,4.55,4.36,4.52,729469279.1539739,3233795982.627694
2023-02-05 09:00:00,4.51,5.29,4.2,4.73,9696871805.227602,45997796566.74546
2023-02-06 09:00:00,4.72,5.55,4.55,4.99,6658535864.45184,33408580921.623165
2023-02-07 09:00:00,4.99,6.34,4.84,5.65,25536916257.551277,148194727629.1349
2023-02-08 09:00:00,5.64,9.3,5.6,6.22,58064330136.93611,409361721819.7786
2023-02-09 09:00:00,6.2,6.25,5.36,5.45,13569463560.537203,79562595793.04324
2023-02-10 09:00:00,5.45,5.99,5.07,5.33,5846413527.526521,31812194418.32472
2023-02-11 09:00:00,5.33,5.34,5.15,5.32,1316695260.1108644,6879137201.383052
2023-02-12 09:00:00,5.31,5.5,5.15,5.2,2829093415.436733,15130818052.589642
2023-02-13 09:00:00,5.2,5.2,4.72,5.01,2249728494.859335,11050634732.015581
2023-02-14 09:00:00,5.0,5.12,4.75,5.11,1270361946.526368,6254233374.373055
2023-02-15 09:00:00,5.11,5.8,4.94,5.67,7626031734.597707,41453476347.25423
2023-02-16 09:00:00,5.68,6.12,5.45,5.51,7604886316.733048,44780246159.58837
2023-02-17 09:00:00,5.51,6.78,5.44,6.24,14734386355.813374,91075463305.98534
2023-02-18 09:00:00,6.24,6.24,5.92,6.08,3015917267.381303,18351391301.204025
2023-02-19 09:00:00,6.1,6.14,5.94,6.03,2553649932.847904,15443626891.175224
2023-02-20 09:00:00,6.03,6.99,5.97,6.33,11810418707.110073,75924568096.14864
2023-02-21 09:00:00,6.33,6.34,5.96,6.12,3050659840.873881,18780876263.659496
2023-02-22 09:00:00,6.12,6.13,5.8,5.98,1548063656.2461033,9172709912.140518
2023-02-23 09:00:00,5.98,6.17,5.93,6.06,1720415718.9939308,10398337995.275324
2023-02-24 09:00:00,6.06,6.1,5.87,5.96,1395808791.0708418,8342985006.740614
2023-02-25 09:00:00,5.96,6.0,5.71,5.86,1024708829.8467617,5958064009.65275
2023-02-26 09:00:00,5.88,6.03,5.75,6.02,760233826.0838091,4486462994.221891
2023-02-27 09:00:00,6.02,6.18,5.86,6.16,2632149111.572186,15968468284.057613
2023-02-28 09:00:00,6.15,6.16,5.89,5.94,1201759394.9515746,7200426979.371905
2023-03-01 09:00:00,5.95,6.06,5.89,5.95,883532764.1878618,5270141269.150308
2023-03-02 09:00:00,5.95,5.95,5.48,5.66,1368078954.6292977,7750567762.310164
2023-03-03 09:00:00,5.66,5.66,5.14,5.23,963659866.3619229,5110479535.777024
2023-03-04 09:00:00,5.24,5.89,5.24,5.36,7324088607.815734,41118680584.057014
2023-03-05 09:00:00,5.36,5.36,5.09,5.27,1041771358.1314232,5448067545.99516
2023-03-06 09:00:00,5.28,5.28,5.0,5.12,595147820.0863788,3032537047.6326113
2023-03-07 09:00:00,5.12,5.22,4.94,4.99,884405552.6278445,4491877784.290722
2023-03-08 09:00:00,5.0,5.0,4.78,4.83,473155808.08250046,2302850565.816607
2023-03-09 09:00:00,4.84,4.92,4.47,4.55,546300280.9457712,2569114240.556011
2023-03-10 09:00:00,4.55,4.8,4.25,4.6,1221053384.01606,5511606509.966214
2023-03-11 09:00:00,4.58,4.83,4.43,4.6,768459695.2129108,3581652312.7288237
2023-03-12 09:00:00,4.6,4.87,4.39,4.83,467227470.6820357,2158329674.111783
2023-03-13 09:00:00,4.82,5.28,4.65,5.2,1607975813.8452575,8008446040.718124
2023-03-14 09:00:00,5.21,5.5,4.99,5.42,1468162396.191265,7713569889.224738
2023-03-15 09:00:00,5.42,5.95,5.13,5.26,5518585497.230127,31302123794.19057
2023-03-16 09:00:00,5.26,5.4,5.16,5.34,689632147.4209535,3643536866.602952
2023-03-17 09:00:00,5.34,5.83,5.33,5.79,5012670425.920134,28466178735.479965
2023-03-18 09:00:00,5.78,5.79,5.55,5.56,1235410064.9977617,7026880914.31324
2023-03-19 09:00:00,5.59,5.74,5.48,5.68,869060647.5229563,4877113393.598963
2023-03-20 09:00:00,5.68,5.75,5.41,5.42,946266101.195607,5283400409.143698
2023-03-21 09:00:00,5.43,5.78,5.12,5.5,3634724333.172431,20024808502.28524
2023-03-22 09:00:00,5.5,5.51,5.17,5.25,847520987.7224456,4516502913.446819
2023-03-23 09:00:00,5.23,5.42,5.15,5.37,541382363.8632457,2854630876.498644
2023-03-24 09:00:00,5.4,5.66,5.26,5.32,1731554557.9051948,9524482310.668442
2023-03-25 09:00:00,5.32,5.38,5.25,5.29,394388156.5629898,2087960353.8034477
2023-03-26 09:00:00,5.27,5.49,5.27,5.32,702741053.9213915,3764059024.994569
2023-03-27 09:00:00,5.32,5.37,4.9,5.05,794826738.4308493,4085355761.6377244
2023-03-28 09:00:00,5.04,5.07,4.82,5.05,565659704.7351382,2784607300.608853
2023-03-29 09:00:00,5.03,5.26,5.02,5.26,513144812.15396583,2644103789.2177973
2023-03-30 09:00:00,5.26,5.28,5.11,5.17,614336416.9583025,3186777525.7244787
2023-03-31 09:00:00,5.19,5.33,5.05,5.25,875813382.4983546,4544516466.207801
2023-04-01 09:00:00,5.24,6.17,5.21,5.49,9192211663.751045,53026196734.5972
2023-04-02 09:00:00,5.48,6.05,5.41,5.76,7008492063.585001,40051043837.187065
2023-04-03 09:00:00,5.76,5.76,5.41,5.48,1663176310.1620626,9197550628.708923
2023-04-04 09:00:00,5.48,5.56,5.36,5.48,1175167226.2643688,6414640410.262497
2023-04-05 09:00:00,5.48,5.72,5.43,5.71,1584333421.4135044,8807052438.32989
2023-04-06 09:00:00,5.72,6.1,5.57,5.91,4549139515.803188,26394275800.73051
2023-04-07 09:00:00,5.91,5.95,5.59,5.82,1520059004.2185848,8784216885.83078
2023-04-08 09:00:00,5.82,5.89,5.71,5.85,1221595361.567836,7110319474.790698
2023-04-09 09:00:00,5.83,5.85,5.56,5.73,1085014452.772435,6184974300.874066
2023-04-10 09:00:00,5.74,5.78,5.52,5.74,995982758.6684958,5613070124.489742
2023-04-11 09:00:00,5.75,5.77,5.64,5.71,704871347.1441108,4013640975.451737
2023-04-12 09:00:00,5.71,5.81,5.54,5.67,1139753576.500758,6432930711.588463
2023-04-13 09:00:00,5.67,5.71,5.57,5.7,474453231.9550674,2674358516.8782096
2023-04-14 09:00:00,5.7,5.73,5.62,5.7,871863165.9568615,4951383694.762906
2023-04-15 09:00:00,5.71,5.82,5.67,5.73,836802486.5627941,4793565386.069354
2023-04-16 09:00:00,5.72,5.77,5.66,5.75,612078440.9719712,3497485058.5172234
2023-04-17 09:00:00,5.74,5.75,5.58,5.62,813748083.6176103,4592510069.898768
2023-04-18 09:00:00,5.62,5.69,5.55,5.66,593882156.2496562,3347141957.2912474
2023-04-19 09:00:00,5.65,5.65,5.18,5.26,943659502.768095,5132860365.8176775
2023-04-20 09:00:00,5.26,5.35,5.12,5.26,798908678.3316802,4196923290.1129184
2023-04-21 09:00:00,5.26,5.52,5.11,5.31,1611705011.9462001,8659242170.492311
2023-04-22 09:00:00,5.31,5.46,5.15,5.35,546379268.6468219,2881698486.382735
2023-04-23 09:00:00,5.37,5.4,5.24,5.29,220436189.3449974,1165853546.3441796
2023-04-24 09:00:00,5.3,5.3,5.04,5.18,612334770.2319995,3158874260.352174
2023-04-25 09:00:00,5.16,5.64,4.95,5.43,9247963467.452335,49616734226.11196
2023-04-26 09:00:00,5.44,5.74,5.25,5.31,4823302227.927462,26420766563.740273
2023-04-27 09:00:00,5.31,5.35,5.15,5.27,828157954.8115919,4348608119.684917
2023-04-28 09:00:00,5.27,5.42,5.21,5.33,1353647857.042271,7196941722.401811
2023-04-29 09:00:00,5.33,5.73,5.31,5.72,5569585104.238327,30811351956.90705
2023-04-30 09:00:00,5.72,5.73,5.38,5.42,1506418674.5273035,8270362987.050414
2023-05-01 09:00:00,5.42,5.43,5.11,5.15,968399204.1787636,5055189052.011123
2023-05-02 09:00:00,5.16,5.22,5.03,5.12,438593746.61172,2233863725.3101416
2023-05-03 09:00:00,5.12,5.23,5.04,5.14,1071780699.9490095,5507354126.004024
2023-05-04 09:00:00,5.14,5.16,5.07,5.09,374480213.8391669,1910460133.4177961
2023-05-05 09:00:00,5.09,5.16,5.07,5.11,312587784.3585057,1598777204.9647377
2023-05-06 09:00:00,5.11,5.21,5.05,5.08,579758840.0300834,2972997335.979541
2023-05-07 09:00:00,5.07,5.18,5.05,5.07,447242530.51647085,2281274764.9661098
2023-05-08 09:00:00,5.06,5.08,4.65,4.68,659895921.9799583,3191377186.059205
2023-05-09 09:00:00,4.68,5.09,4.67,4.82,1557829751.8492498,7560158064.536983
2023-05-10 09:00:00,4.81,4.86,4.68,4.8,499302219.38832647,2380336900.412114
2023-05-11 09:00:00,4.8,4.8,4.58,4.61,304300551.73989075,1426931343.933819
2023-05-12 09:00:00,4.61,4.63,4.36,4.6,509696525.39943457,2286559869.8144336
2023-05-13 09:00:00,4.61,4.7,4.53,4.63,246693316.01129526,1142981518.0818474
2023-05-14 09:00:00,4.63,4.68,4.59,4.63,143639597.60173827,664331541.7045895
2023-05-15 09:00:00,4.63,4.7,4.54,4.64,260997639.74070138,1210210914.8215353
2023-05-16 09:00:00,4.64,4.66,4.56,4.6,220892818.6441233,1017551508.4309266
2023-05-17 09:00:00,4.6,4.65,4.52,4.65,307953776.4113897,1414900655.2679489
2023-05-18 09:00:00,4.64,4.67,4.59,4.63,210208575.3169363,971979855.8232465
2023-05-19 09:00:00,4.6,4.64,4.57,4.61,196287021.25129205,902625446.764521
2023-05-20 09:00:00,4.61,4.62,4.58,4.62,69882443.41515005,321076579.07157284
2023-05-21 09:00:00,4.61,4.62,4.46,4.48,172880571.70812517,786376285.9345715
2023-05-22 09:00:00,4.46,4.47,4.33,4.44,252138981.09096053,1108005628.4633458
2023-05-23 09:00:00,4.44,4.49,4.38,4.45,186488282.0819637,828591184.6912645
2023-05-24 09:00:00,4.46,4.51,4.23,4.3,421214682.85579604,1830641212.3857462
2023-05-25 09:00:00,4.3,4.3,4.15,4.2,350936183.8618056,1474959047.394311
2023-05-26 09:00:00,4.19,4.24,4.14,4.23,169969593.1265483,710980226.75625
2023-05-27 09:00:00,4.22,4.27,4.18,4.27,107126974.2173861,451977888.54544836
2023-05-28 09:00:00,4.26,4.43,4.24,4.42,165479854.79312095,717764146.8527963
2023-05-29 09:00:00,4.4,4.45,4.33,4.33,216498159.2863823,947421956.5971406
2023-05-30 09:00:00,4.33,4.46,4.32,4.33,312140482.05988693,1364496785.2552967
2023-05-31 09:00:00,4.32,4.36,4.16,4.21,264990505.54292846,1124712540.7792523
2023-06-01 09:00:00,4.2,4.24,4.12,4.17,158611928.66169685,661778364.6065985
2023-06-02 09:00:00,4.16,4.25,4.12,4.23,135137123.19446278,565138657.9107456
2023-06-03 09:00:00,4.22,4.43,4.18,4.25,175520299.9226253,749971660.7313737
2023-06-04 09:00:00,4.23,4.34,4.23,4.25,140727722.69070935,600708690.6648499
2023-06-05 09:00:00,4.24,4.26,3.9,4.02,450175157.26311713,1848917573.1661034
2023-06-06 09:00:00,4.01,4.08,3.84,4.05,313879269.61625546,1240644992.8465636
2023-06-07 09:00:00,4.05,4.2,3.86,3.92,510075665.7833668,2052278136.9040363
2023-06-08 09:00:00,3.92,3.97,3.86,3.92,249308960.16412276,974733515.1250472
2023-06-09 09:00:00,3.92,4.1,3.88,4.01,834433486.7134314,3337797757.099231
2023-06-10 09:00:00,4.0,4.02,3.4,3.55,697343878.6560409,2510894141.3367453
2023-06-11 09:00:00,3.54,3.65,3.44,3.56,304634332.7098778,1079700055.8589163
2023-06-12 09:00:00,3.55,3.77,3.41,3.61,2052468973.3420677,7471883136.533222
2023-06-13 09:00:00,3.61,3.61,3.5,3.51,377017960.2233211,1340481386.8834796
2023-06-14 09:00:00,3.5,3.52,3.36,3.43,316878712.0943147,1094872345.9413269
2023-06-15 09:00:00,3.4,3.45,3.32,3.44,386337868.1309355,1310276324.0588613
2023-06-16 09:00:00,3.43,3.53,3.38,3.53,177987035.35195073,613620679.8341678
2023-06-17 09:00:00,3.52,3.59,3.47,3.56,172927006.99791637,612395361.7805355
2023-06-18 09:00:00,3.55,3.57,3.46,3.46,93713525.59283915,330386501.04979205
2023-06-19 09:00:00,3.46,3.59,3.46,3.58,216425029.86554074,759530027.7668439
2023-06-20 09:00:00,3.58,3.71,3.51,3.69,281152238.8637415,1011780241.9693625
2023-06-21 09:00:00,3.69,3.87,3.69,3.86,430333058.1664173,1629443148.1772122
2023-06-22 09:00:00,3.85,3.98,3.78,3.84,548835266.6500801,2134369020.348483
2023-06-23 09:00:00,3.82,4.21,3.8,4.18,651186916.7868891,2596486585.6257787
2023-06-24 09:00:00,4.18,4.28,4.11,4.24,776181553.9246168,3251397673.336258
2023-06-25 09:00:00,4.23,4.37,4.06,4.12,919776404.9440848,3882228451.3449774
2023-06-26 09:00:00,4.11,4.39,3.94,4.03,1751510864.2454343,7326356242.064385
2023-06-27 09:00:00,4.02,4.1,3.94,4.04,331960404.31941706,1334099483.825956
2023-06-28 09:00:00,4.03,4.11,3.94,3.95,325332909.1841647,1299582776.7762034
2023-06-29 09:00:00,3.94,4.16,3.92,4.02,676761908.6728805,2737365532.217184
2023-06-30 09:00:00,4.02,4.43,3.9,4.31,2088772997.1535473,8761405396.60926
2023-07-01 09:00:00,4.33,5.02,4.2,4.42,6952321105.428792,31751679429.343483
2023-07-02 09:00:00,4.42,4.45,4.22,4.31,1156982889.7841222,4987022612.675853
2023-07-03 09:00:00,4.3,4.81,4.25,4.55,3927899926.0208135,17933839229.987083
2023-07-04 09:00:00,4.54,5.05,4.39,4.8,6067876891.299992,28368394757.98165
2023-07-05 09:00:00,4.8,5.45,4.52,4.64,11005389869.77954,55146869270.523926
2023-07-06 09:00:00,4.64,4.76,4.31,4.35,2465940901.13933,11082699797.040031
2023-07-07 09:00:00,4.34,4.39,4.25,4.33,508960499.5997036,2193968103.0075316
2023-07-08 09:00:00,4.32,4.39,4.19,4.22,382579114.5230909,1630736859.1028762
2023-07-09 09:00:00,4.22,4.48,4.21,4.27,1150508379.6174896,5007367257.42586
2023-07-10 09:00:00,4.27,4.42,4.17,4.31,744979626.6724015,3195090225.712908
2023-07-11 09:00:00,4.3,4.7,4.3,4.44,4341786162.452836,19579955498.30242
2023-07-12 09:00:00,4.43,4.43,4.31,4.36,494522713.77665925,2157560580.7615395
2023-07-13 09:00:00,4.36,4.46,4.25,4.35,1063184181.5795867,4603508263.6252165
2023-07-14 09:00:00,4.34,4.47,4.28,4.35,712028524.8495919,3094002007.6898417
2023-07-15 09:00:00,4.34,4.47,4.29,4.41,558852101.0429335,2447062066.285955
2023-07-16 09:00:00,4.4,4.56,4.37,4.49,1086436909.1689003,4844127306.694726
2023-07-17 09:00:00,4.49,4.49,4.37,4.42,576015880.8008687,2540453982.120969
2023-07-18 09:00:00,4.42,4.44,4.23,4.25,623485167.0291269,2694867852.519858
2023-07-19 09:00:00,4.27,4.33,4.24,4.3,266017590.6509056,1139084939.3330543
2023-07-20 09:00:00,4.3,4.32,4.24,4.26,321981095.86008996,1378236081.8401682
2023-07-21 09:00:00,4.27,4.4,4.26,4.38,386045269.22149086,1670379104.099507
2023-07-22 09:00:00,4.38,4.53,4.31,4.52,561076959.5334088,2469168495.166441
2023-07-23 09:00:00,4.52,4.69,4.44,4.53,1558035226.3323052,7082742266.871183
2023-07-24 09:00:00,4.52,4.62,4.22,4.27,1039490160.7873987,4585860478.389305
2023-07-25 09:00:00,4.27,4.4,4.13,4.39,1254671998.0625312,5393328035.786575
2023-07-26 09:00:00,4.39,4.58,4.27,4.45,1778179958.4316938,7873225773.570876
2023-07-27 09:00:00,4.45,4.45,4.34,4.38,442392202.9035399,1942209470.2378795
2023-07-28 09:00:00,4.38,4.59,4.36,4.56,1350986437.413759,6053538291.791983
2023-07-29 09:00:00,4.56,4.93,4.55,4.81,2834831725.7815304,13430803438.887726
2023-07-30 09:00:00,4.81,4.81,4.46,4.48,1443496441.4563012,6682404102.200468
2023-07-31 09:00:00,4.47,4.59,4.45,4.49,424550733.6507625,1914287242.4745362
2023-08-01 09:00:00,4.49,4.55,4.35,4.45,558619049.7617806,2470468747.8144956
2023-08-02 09:00:00,4.46,4.61,4.44,4.48,787347453.0879657,3551179647.5525813
2023-08-03 09:00:00,4.47,4.5,4.39,4.45,380472515.7048116,1687074644.814976
2023-08-04 09:00:00,4.45,5.04,4.45,4.88,8134998145.674461,38618039481.97948
2023-08-05 09:00:00,4.88,6.0,4.81,5.11,39231609381.13029,217523355388.64868
2023-08-06 09:00:00,5.1,5.2,4.75,4.82,6174588036.508298,30653167548.81546
2023-08-07 09:00:00,4.82,4.82,4.54,4.6,1952908551.2070072,9054975814.164646
2023-08-08 09:00:00,4.6,4.7,4.54,4.61,983469924.3060575,4537254678.198009
2023-08-09 09:00:00,4.62,4.73,4.59,4.61,1274090557.2331629,5937181878.054582
2023-08-10 09:00:00,4.6,4.69,4.54,4.64,660731389.0629779,3040201153.0246525
2023-08-11 09:00:00,4.65,4.75,4.62,4.73,650740045.0656314,3048782396.282352
2023-08-12 09:00:00,4.73,4.73,4.65,4.66,505945382.7782096,2366889312.7015414
2023-08-13 09:00:00,4.68,4.68,4.61,4.62,391640370.2977039,1814283543.1885731
2023-08-14 09:00:00,4.61,4.65,4.52,4.63,578325249.0891426,2652481040.2328906
2023-08-15 09:00:00,4.61,4.64,4.45,4.47,543743958.0972267,2482037839.336862
2023-08-16 09:00:00,4.47,4.49,4.03,4.05,1540755807.9001966,6485857574.445669
2023-08-17 09:00:00,4.05,4.08,3.7,3.75,1027747333.3780376,4020969012.360116
2023-08-18 09:00:00,3.75,4.14,3.7,3.89,1370508491.2134328,5363538923.360928
2023-08-19 09:00:00,3.9,4.1,3.89,4.02,1097698189.5253742,4400622041.974735
2023-08-20 09:00:00,4.02,4.06,3.91,3.98,383240181.17493325,1525575001.5073688
2023-08-21 09:00:00,3.98,3.99,3.82,3.9,313397731.4500124,1224600269.8101811
2023-08-22 09:00:00,3.9,3.95,3.8,3.82,221437924.99169964,853745294.0005223
2023-08-23 09:00:00,3.82,3.93,3.82,3.9,409208648.91475374,1586735941.0534058
2023-08-24 09:00:00,3.89,3.96,3.84,3.91,210563908.129757,818502102.581582
2023-08-25 09:00:00,3.92,4.05,3.86,3.98,767199464.4492753,3042263336.83449
2023-08-26 09:00:00,3.98,4.0,3.93,3.98,245487797.0566192,974634314.8229872
2023-08-27 09:00:00,3.97,4.06,3.94,3.97,443864781.0807076,1775410557.2475717
2023-08-28 09:00:00,3.97,3.97,3.8,3.87,283762241.56583375,1096613019.9844189
2023-08-29 09:00:00,3.86,4.02,3.76,3.99,409823770.9838227,1597536865.091156
2023-08-30 09:00:00,3.98,4.02,3.87,3.9,246976022.3195407,966246586.1647298
2023-08-31 09:00:00,3.89,3.93,3.74,3.75,311741665.6487561,1192907991.4607825
2023-09-01 09:00:00,3.74,3.78,3.68,3.69,181614424.3994268,676274669.8305922
2023-09-02 09:00:00,3.7,3.77,3.63,3.74,191927858.49549955,710100273.3930008
2023-09-03 09:00:00,3.75,4.32,3.75,3.91,5963464968.160175,23643358158.65762
2023-09-04 09:00:00,3.93,4.05,3.75,3.82,1823085080.4536765,7151561796.028465
2023-09-05 09:00:00,3.82,3.84,3.72,3.79,417145241.3574047,1572213552.9369907
2023-09-06 09:00:00,3.79,3.83,3.74,3.79,264226556.00041574,1000432597.1205118
2023-09-07 09:00:00,3.79,3.86,3.75,3.82,197641591.55508807,749003837.0217044
2023-09-08 09:00:00,3.84,3.94,3.78,3.84,375742353.1687917,1446490204.829098
2023-09-09 09:00:00,3.83,3.9,3.8,3.86,298739872.3108672,1148968984.6082814
2023-09-10 09:00:00,3.86,3.93,3.75,3.8,447804935.4715254,1712381941.832453
2023-09-11 09:00:00,3.79,3.81,3.57,3.61,432285787.26134884,1585778120.7027466
2023-09-12 09:00:00,3.61,3.8,3.58,3.62,284754510.53327346,1040275080.0109446
2023-09-13 09:00:00,3.62,3.75,3.57,3.73,297653349.04946697,1089422147.313686
2023-09-14 09:00:00,3.73,3.95,3.73,3.9,1842138716.9252439,7146001679.275264
2023-09-15 09:00:00,3.9,4.03,3.83,4.01,1057505697.9353215,4141177078.2719216
2023-09-16 09:00:00,4.0,4.02,3.93,3.99,658380433.2686847,2624437645.6572313
2023-09-17 09:00:00,3.98,3.99,3.76,3.79,615705540.7857548,2375991025.6243505
2023-09-18 09:00:00,3.78,3.88,3.72,3.82,376330817.38599104,1434378987.1160445
2023-09-19 09:00:00,3.82,3.95,3.8,3.9,346793123.0547161,1346072945.108948
2023-09-20 09:00:00,3.9,4.1,3.88,4.05,1291821684.2576165,5139157791.866976
2023-09-21 09:00:00,4.05,4.22,3.87,3.95,1212423744.38665,4888507585.213504
2023-09-22 09:00:00,3.96,4.1,3.93,4.06,585215994.7915555,2351834990.2669783
2023-09-23 09:00:00,4.06,4.24,4.03,4.17,946351699.7491602,3948673142.72256
2023-09-24 09:00:00,4.17,4.17,3.96,3.98,626914218.2610047,2529300932.664751
2023-09-25 09:00:00,3.97,4.0,3.85,3.99,622617976.8997563,2434492500.973802
2023-09-26 09:00:00,3.97,4.03,3.93,3.98,351459828.86942756,1401681421.3672402
2023-09-27 09:00:00,3.99,4.09,3.96,4.02,604131196.922548,2427520380.095258
2023-09-28 09:00:00,4.04,4.18,4.01,4.13,880211140.4461532,3620574964.0672827
2023-09-29 09:00:00,4.13,4.35,4.04,4.11,1444007300.4976683,6067050515.165819
2023-09-30 09:00:00,4.1,4.34,4.1,4.16,984737727.9018095,4131712728.8647285
2023-10-01 09:00:00,4.17,4.36,4.15,4.29,1228615748.920431,5244063497.4954605
2023-10-02 09:00:00,4.29,4.3,4.1,4.13,917213890.6892415,3865241071.6075797
2023-10-03 09:00:00,4.13,4.19,4.04,4.16,790568533.0112679,3252319065.833292
2023-10-04 09:00:00,4.15,4.39,3.97,4.09,1183778160.8441865,4877353473.393118
2023-10-05 09:00:00,4.09,4.17,4.0,4.05,660848910.2113595,2671418812.204163
2023-10-06 09:00:00,4.04,4.13,4.02,4.12,459000568.9361302,1860047466.3828096
2023-10-07 09:00:00,4.13,4.19,4.09,4.16,466085555.74753344,1929296454.8932588
2023-10-08 09:00:00,4.16,4.17,4.07,4.14,401135989.8165289,1654887354.2911067
2023-10-09 09:00:00,4.14,4.27,3.93,3.98,1623237284.4949362,6669422940.716094
2023-10-10 09:00:00,3.98,4.02,3.95,4.0,425979967.074627,1695655470.1642203
2023-10-11 09:00:00,3.98,4.06,3.82,3.9,738285233.0162272,2887233010.123675
2023-10-12 09:00:00,3.89,3.93,3.84,3.91,305436313.2986614,1184712706.7847865
2023-10-13 09:00:00,3.91,3.97,3.88,3.96,336143743.1738074,1317979050.831143
2023-10-14 09:00:00,3.95,4.0,3.93,3.96,289804077.4992863,1149952404.1105719
2023-10-15 09:00:00,3.97,4.08,3.94,4.02,1139814708.5595682,4573574609.233948
2023-10-16 09:00:00,4.02,4.09,3.97,4.06,863074748.2356045,3483851600.230017
2023-10-17 09:00:00,4.06,4.13,4.0,4.11,644593265.9714831,2602616353.166742
2023-10-18 09:00:00,4.12,4.14,3.98,4.01,804244680.5989676,3252050489.2404523
2023-10-19 09:00:00,4.01,4.01,3.86,3.92,592040700.3785139,2327381692.843289
2023-10-20 09:00:00,3.91,4.05,3.89,4.04,497286876.6416917,1978762103.787709
2023-10-21 09:00:00,4.04,4.12,4.01,4.1,499733758.8709133,2031979590.1936324
2023-10-22 09:00:00,4.11,4.15,4.0,4.09,698771270.3318723,2841718181.740433
2023-10-23 09:00:00,4.08,4.27,4.07,4.27,1345445580.0121405,5603515744.699466
2023-10-24 09:00:00,4.26,4.38,4.17,4.32,1802557688.5619144,7706927083.65874
2023-10-25 09:00:00,4.32,4.43,4.24,4.39,1417459037.910263,6158275451.936983
2023-10-26 09:00:00,4.4,4.46,4.23,4.34,1156788302.1943254,5023129333.692
2023-10-27 09:00:00,4.34,4.57,4.29,4.55,2253695438.25393,10011724346.660421
2023-10-28 09:00:00,4.56,4.66,4.46,4.62,940398639.1387465,4279994571.649407
2023-10-29 09:00:00,4.62,4.64,4.51,4.61,893437042.3598098,4082912280.8414183
2023-10-30 09:00:00,4.6,4.65,4.55,4.62,909923570.9061639,4186306837.8261547
2023-10-31 09:00:00,4.61,5.47,4.32,5.0,9369672813.280388,46566377477.38634
2023-11-01 09:00:00,5.02,5.2,4.67,4.94,4374035754.925162,21467919282.02796
2023-11-02 09:00:00,4.93,5.49,4.85,5.12,6004969703.197355,30835006752.421833
2023-11-03 09:00:00,5.12,5.47,4.94,5.21,5525926344.7830305,28732707391.116634
2023-11-04 09:00:00,5.2,5.38,5.07,5.34,2187825248.9831467,11339792943.451746
2023-11-05 09:00:00,5.34,5.38,5.08,5.18,1749270328.1327066,9124857154.591743
2023-11-06 09:00:00,5.17,5.22,4.85,5.2,1775909416.1365197,8947307685.536726
2023-11-07 09:00:00,5.2,5.2,5.0,5.11,1086393628.56628,5526097782.030855
2023-11-08 09:00:00,5.11,5.76,5.05,5.52,4146908808.1150274,22555303621.00912
2023-11-09 09:00:00,5.53,5.83,5.2,5.49,5741347613.946407,31890889112.504684
2023-11-10 09:00:00,5.49,5.59,5.31,5.58,2058332523.7458813,11205163323.966791
2023-11-11 09:00:00,5.58,5.58,5.31,5.51,1529581490.9476116,8329673289.097979
2023-11-12 09:00:00,5.5,5.56,5.36,5.46,1269056089.340678,6913606117.740397
2023-11-13 09:00:00,5.46,5.87,5.42,5.78,5229418668.661545,29692775128.262997
2023-11-14 09:00:00,5.79,5.79,5.54,5.7,2370930522.4053664,13399978168.468426
2023-11-15 09:00:00,5.71,5.97,5.34,5.96,1811429484.1142828,10308549927.285488
2023-11-16 09:00:00,5.95,6.5,5.8,6.12,5682440343.415001,35394562452.330536
2023-11-17 09:00:00,6.11,7.22,5.97,6.95,12056714749.575794,80103480598.95863
2023-11-18 09:00:00,6.96,7.67,6.58,7.16,17074015242.555511,122713237036.11911
2023-11-19 09:00:00,7.17,7.46,6.44,7.15,7144475956.777663,49890492205.120895
2023-11-20 09:00:00,7.16,7.79,7.16,7.45,7011475076.425623,52285484482.3052
2023-11-21 09:00:00,7.45,7.67,5.91,5.93,6674462638.311058,43760765824.13558
2023-11-22 09:00:00,5.93,6.24,5.57,6.17,3851098376.0361757,22961187464.147545
2023-11-23 09:00:00,6.16,6.18,5.97,6.02,1432095027.268073,8660783072.201185
2023-11-24 09:00:00,6.02,6.14,5.99,6.06,1370998468.1548316,8307762012.547101
2023-11-25 09:00:00,6.06,6.16,6.01,6.06,898756735.3176242,5473120141.076998
2023-11-26 09:00:00,6.07,6.15,5.91,5.96,882696612.3316338,5346159785.01983
2023-11-27 09:00:00,5.97,5.98,5.51,5.72,1240427278.866229,7127167520.509643
2023-11-28 09:00:00,5.72,6.07,5.67,6.03,3368824066.588413,19864023729.67316
2023-11-29 09:00:00,6.02,6.49,5.95,6.38,3782351531.0368953,23639079302.751236
2023-11-30 09:00:00,6.38,6.58,6.15,6.49,1560514231.8864238,9921045578.245384
2023-12-01 09:00:00,6.47,8.05,6.41,7.66,21356251103.720814,162307990772.28882
2023-12-02 09:00:00,7.66,8.11,7.16,7.71,16653005107.239376,126166913167.55873
2023-12-03 09:00:00,7.71,9.11,7.42,8.05,26250706371.465954,217982334269.78198
2023-12-04 09:00:00,8.05,8.94,8.02,8.35,18091696858.26078,154714710082.6026
2023-12-05 09:00:00,8.4,9.1,8.32,8.77,9629388844.34294,84590497050.84291
2023-12-06 09:00:00,8.77,8.97,7.85,8.28,3080853606.0275745,25781867794.964508
2023-12-07 09:00:00,8.3,8.9,7.98,8.7,1856035264.4295707,15501833618.743042
2023-12-08 09:00:00,8.7,9.42,8.53,9.26,1476570967.8746257,13052778815.903769
2023-12-09 09:00:00,9.28,10.5,9.26,10.0,6486043769.332435,64574395625.769005
2023-12-10 09:00:00,10.0,10.9,9.53,10.5,2201064582.8991184,22381771687.774208
2023-12-11 09:00:00,10.5,10.6,9.65,10.3,1603500432.251978,16188547347.287594
2023-12-12 09:00:00,10.3,10.9,10.2,10.9,985188507.2670106,10282168993.778429
2023-12-13 09:00:00,10.9,11.5,10.3,11.2,1471103003.8978915,16238973060.14057
2023-12-14 09:00:00,11.2,11.3,10.3,10.5,562892453.1382838,6031606933.005008
2023-12-15 09:00:00,10.6,11.0,9.8,9.89,867801557.1433537,8908814797.891882
2023-12-16 09:00:00,9.86,9.89,9.25,9.67,772461063.2636205,7345339572.876724
2023-12-17 09:00:00,9.68,10.4,9.53,9.7,1072487106.2574626,10707740667.73248
2023-12-18 09:00:00,9.71,10.1,8.4,9.35,1574432387.4380126,14464514611.050915
2023-12-19 09:00:00,9.38,10.1,9.1,9.26,1775446288.673307,17209237379.180656
2023-12-20 09:00:00,9.27,9.77,9.1,9.54,952866320.8592762,8978251781.706251
2023-12-21 09:00:00,9.54,10.2,9.53,9.91,1634998368.3449447,16137393117.492504
2023-12-22 09:00:00,9.92,10.1,9.44,9.64,883800281.83995,8564430964.918319
2023-12-23 09:00:00,9.64,9.64,9.35,9.43,374148033.1709403,3533407753.577965
2023-12-24 09:00:00,9.43,9.48,8.97,9.07,910205544.3737981,8318834509.999619
2023-12-25 09:00:00,9.07,9.37,8.92,9.14,626658127.7222813,5716000452.313332
2023-12-26 09:00:00,9.15,9.15,8.78,9.11,561500341.5725303,5035007855.38765
2023-12-27 09:00:00,9.07,9.64,8.8,9.41,607535421.5600863,5555901454.4927025
2023-12-28 09:00:00,9.41,9.93,9.07,9.17,1264600346.961329,12119212980.484573
2023-12-29 09:00:00,9.17,9.17,8.67,8.99,653820701.3360082,5832707088.8765335
2023-12-30 09:00:00,8.97,9.08,8.8,8.93,263255135.2433175,2360129035.6223254
2023-12-31 09:00:00,8.92,9.16,8.79,8.98,224582646.88851276,2007907728.2310889
2024-01-01 09:00:00,8.98,9.75,8.93,9.29,2551408770.0729685,23882487529.254215
2024-01-02 09:00:00,9.28,9.55,9.14,9.17,1068286362.5651848,9935522023.732876
2024-01-03 09:00:00,9.17,10.3,7.53,10.2,4683273309.406817,44498776870.13904
2024-01-04 09:00:00,10.3,10.6,9.27,10.3,1695639609.5060625,17057290590.152824
2024-01-05 09:00:00,10.3,10.5,10.0,10.5,525644711.9018308,5322727559.996106
2024-01-06 09:00:00,10.4,11.2,9.52,11.1,1452039630.489221,15086197576.718576
2024-01-07 09:00:00,11.0,13.3,10.6,12.4,5590979021.228272,67848745349.04198
2024-01-08 09:00:00,12.4,13.9,10.9,12.9,7988328932.202539,98738118779.33473
2024-01-09 09:00:00,12.8,14.0,11.2,11.4,2606500995.7049127,33337726042.88083
2024-01-10 09:00:00,11.4,12.0,10.3,11.7,1353055550.3871343,14972612500.92471
2024-01-11 09:00:00,11.6,12.3,11.2,12.2,950065797.7988706,11222972854.915773
2024-01-12 09:00:00,12.1,13.7,11.7,12.2,2249780897.1429014,28650227126.40372
2024-01-13 09:00:00,12.2,13.6,12.1,13.6,1504960003.8393981,19230895311.456203
2024-01-14 09:00:00,13.5,14.6,13.0,13.4,1823442051.1799402,25232534071.79419
2024-01-15 09:00:00,13.4,14.3,12.8,14.2,1420223276.2036512,19327995271.12753
2024-01-16 09:00:00,14.2,15.0,13.9,14.9,903768592.2701912,13011350714.0123
2024-01-17 09:00:00,14.8,15.2,14.6,15.0,621700102.895504,9264818369.197172
2024-01-18 09:00:00,15.0,16.4,14.6,15.4,1567475256.693594,24471104791.033775
2024-01-19 09:00:00,15.4,15.9,13.4,15.6,1927132583.3435767,28539010687.967293
2024-01-20 09:00:00,15.6,16.9,15.0,16.6,906774611.4843944,14481850223.803082
2024-01-21 09:00:00,16.6,18.0,16.2,17.9,2500662872.5411663,43342535636.83377
2024-01-22 09:00:00,17.9,18.5,16.9,17.7,2156952871.0176473,38382676469.68934
2024-01-23 09:00:00,17.7,18.9,17.2,18.4,2271584335.543702,41497334130.691635
2024-01-24 09:00:00,18.4,18.7,14.6,15.2,2787110002.402355,46758231592.5409
2024-01-25 09:00:00,15.2,16.4,11.3,12.3,8940358318.593668,113844775958.49109
2024-01-26 09:00:00,12.4,12.8,11.5,12.2,2607960947.2029815,31476703037.18959
2024-01-27 09:00:00,12.1,12.3,11.8,12.0,767973072.326077,9192748499.370129
2024-01-28 09:00:00,12.1,12.1,11.33,11.64,703500711.940638,8275809595.542073
2024-01-29 09:00:00,11.65,12.62,11.0,12.4,2425568844.220154,28905194724.839428
2024-01-30 09:00:00,12.4,12.4,11.8,11.94,1181389904.6400058,14275455377.275038
2024-01-31 09:00:00,11.93,11.94,11.5,11.79,500599200.28412193,5847931967.3194275
2024-02-01 09:00:00,11.79,12.6,11.6,12.12,2146727407.8594906,26020688646.483215
2024-02-02 09:00:00,12.12,12.16,11.77,11.95,382551191.4125312,4565386190.633397
2024-02-03 09:00:00,11.93,12.0,11.69,11.73,293862116.40886843,3469452302.6528583
2024-02-04 09:00:00,11.73,12.48,11.73,11.94,2322203025.8457522,28248008321.121716
2024-02-05 09:00:00,11.94,12.29,11.91,12.03,1008029916.3711324,12144382714.861185
2024-02-06 09:00:00,12.03,12.03,11.66,11.82,452818905.27961314,5352840223.141371
2024-02-07 09:00:00,11.81,12.0,11.4,11.75,410676547.6516967,4793951605.60202
2024-02-08 09:00:00,11.75,11.88,11.66,11.76,298360817.0095083,3511297731.3332453
2024-02-09 09:00:00,11.76,11.96,11.71,11.89,357796896.89788026,4235339802.429551
2024-02-10 09:00:00,11.89,12.4,11.73,12.07,915926727.8304683,11078270636.167416
2024-02-11 09:00:00,12.02,12.27,11.96,12.16,443059358.74330807,5357977430.399418
2024-02-12 09:00:00,12.16,12.42,11.88,12.23,471822386.9492249,5711326613.457951
2024-02-13 09:00:00,12.23,14.02,12.2,13.06,7351372952.572094,97888130913.22081
2024-02-14 09:00:00,13.05,13.55,12.6,13.44,1955763879.703925,25572587309.633762
2024-02-15 09:00:00,13.44,16.9,13.44,15.55,9533965844.525116,142167428321.9746
2024-02-16 09:00:00,15.55,18.79,15.02,18.22,10943107505.810604,187498114069.20728
2024-02-17 09:00:00,18.21,21.87,17.68,19.81,17150216014.889793,342950303137.0034
2024-02-18 09:00:00,19.81,20.87,18.34,19.26,7033125339.241987,136669386218.92264
2024-02-19 09:00:00,19.26,19.56,18.38,18.56,2568676660.0937977,48189129077.21478
2024-02-20 09:00:00,18.57,21.58,17.58,20.28,11469027362.8521,229857930939.77158
2024-02-21 09:00:00,20.23,24.67,20.15,22.77,12088858954.787752,275161704083.45514
2024-02-22 09:00:00,22.78,25.41,21.33,23.34,6961783891.014176,166506013391.76596
2024-02-23 09:00:00,23.34,28.82,23.3,28.73,12065313905.244942,322886164937.67175
2024-02-24 09:00:00,28.73,32.24,15.0,16.22,50981086402.154144,1084209205602.8522
2024-02-25 09:00:00,16.16,16.38,12.34,13.78,53827926586.55204,744455844833.6803
2024-02-26 09:00:00,13.79,14.28,13.57,13.9,16487311845.624897,229504237335.55722
2024-02-27 09:00:00,13.89,14.02,12.58,13.09,10335240686.728718,136829565219.59187
2024-02-28 09:00:00,13.08,13.55,12.7,13.11,8845457378.581173,115614960315.95796
2024-02-29 09:00:00,13.11,13.64,12.79,13.37,9745585523.932669,128689662797.07295
2024-03-01 09:00:00,13.37,14.14,13.15,14.12,6630316797.138719,89801724812.46597
2024-03-02 09:00:00,14.11,14.12,13.56,13.9,4983011190.096473,68373570417.86302
2024-03-03 09:00:00,13.9,13.9,12.94,13.52,4022922158.3554945,54211377042.908424
2024-03-04 09:00:00,13.53,13.68,13.29,13.56,4008519230.124913,54103950906.48086
2024-03-05 09:00:00,13.56,13.57,12.08,12.76,5415603312.648375,70979269348.57904
2024-03-06 09:00:00,12.76,13.56,12.56,13.17,5385982044.435621,70411158175.99362
2024-03-07 09:00:00,13.17,13.31,13.0,13.28,2367968333.3177843,31151920846.00142
2024-03-08 09:00:00,13.28,13.5,13.18,13.45,2627273935.232792,35092835330.944435
2024-03-09 09:00:00,13.45,13.7,13.23,13.67,2376485891.2764096,31865075955.493126
2024-03-10 09:00:00,13.67,16.65,13.5,16.21,22900501984.829834,347919991825.8525
2024-03-11 09:00:00,16.25,18.42,15.9,16.76,24012215997.0117,412940576682.98566
2024-03-12 09:00:00,16.76,16.77,15.27,16.15,6024941812.938485,96652032014.77669
2024-03-13 09:00:00,16.14,16.15,15.6,15.85,3034291529.3609242,47958409593.677086
2024-03-14 09:00:00,15.86,16.43,14.35,15.62,7091905900.85241,111925867127.57074
2024-03-15 09:00:00,15.62,15.64,13.25,14.35,6425877239.275358,91709650536.9379
2024-03-16 09:00:00,14.35,15.45,13.42,13.88,8188903207.810092,120725590072.4499
2024-03-17 09:00:00,13.87,14.6,13.52,14.55,5859239687.804577,83038174852.18927
2024-03-18 09:00:00,14.56,14.57,13.75,13.86,1907112383.6644688,26750411260.475895
2024-03-19 09:00:00,13.86,13.96,12.35,12.58,3432955420.4319105,44337062184.874855
2024-03-20 09:00:00,12.59,13.7,12.11,13.7,2706179203.4725437,34713599736.43964
2024-03-21 09:00:00,13.7,13.7,13.12,13.39,1908336776.7910707,25519596236.042484
2024-03-22 09:00:00,13.39,13.44,12.84,13.11,1141633744.548433,14978639834.596048
2024-03-23 09:00:00,13.11,13.73,13.02,13.41,1851479264.5321846,24913143760.14219
2024-03-24 09:00:00,13.4,13.63,13.31,13.59,923486676.7289348,12423571237.330364
2024-03-25 09:00:00,13.61,14.26,13.43,14.07,1822834730.0416164,25227268514.942844
2024-03-26 09:00:00,14.06,15.81,13.98,14.87,7421075407.900044,110910730069.46262
2024-03-27 09:00:00,14.86,16.71,14.33,15.62,18388909973.898376,290718846853.9848
2024-03-28 09:00:00,15.63,15.66,14.66,15.08,3447198961.978029,51713275164.55039
2024-03-29 09:00:00,15.08,15.34,14.51,14.7,2175818437.2922797,32378783635.387314
2024-03-30 09:00:00,14.7,14.74,14.42,14.43,945168385.7794654,13763407859.840134
2024-03-31 09:00:00,14.43,14.63,14.22,14.54,1031313326.668652,14846452408.50676
2024-04-01 09:00:00,14.54,14.55,13.6,13.88,1495482793.065789,20948698028.407227
2024-04-02 09:00:00,13.87,13.89,13.0,13.23,1423698448.112752,18931880839.65532
2024-04-03 09:00:00,13.24,13.92,13.03,13.42,1834716745.5753052,24953306771.59471
2024-04-04 09:00:00,13.42,13.9,13.41,13.88,1431019907.169828,19664587158.491028
2024-04-05 09:00:00,13.88,13.9,13.28,13.57,671442200.84122,9117954271.267914
2024-04-06 09:00:00,13.56,13.75,13.39,13.63,446448877.4834061,6054178873.26635
2024-04-07 09:00:00,13.63,13.75,13.57,13.65,377137304.55553997,5150964158.984205
2024-04-08 09:00:00,13.64,14.08,13.5,13.97,1248463719.6886334,17203893869.04451
2024-04-09 09:00:00,13.98,13.99,13.46,13.49,969481767.5523068,13272214994.02819
2024-04-10 09:00:00,13.49,13.68,13.13,13.56,756178000.2952831,10142690137.297825
2024-04-11 09:00:00,13.55,13.57,13.35,13.49,520841787.8293799,7010933097.582836
2024-04-12 09:00:00,13.51,13.6,12.31,12.61,1061317663.6248583,13874947947.436571
2024-04-13 09:00:00,12.59,12.6,9.714,10.59,2079357454.4826355,23565387593.522793
2024-04-14 09:00:00,10.59,11.35,9.972,11.19,1637292018.061705,17327497783.068493
2024-04-15 09:00:00,11.16,11.54,10.35,10.85,953781133.6286019,10541516340.294441
2024-04-16 09:00:00,10.83,11.54,10.31,10.67,1513820140.4833474,16478410314.59499
2024-04-17 09:00:00,10.67,10.92,10.05,10.14,714840617.0339452,7458871055.797448
2024-04-18 09:00:00,10.16,10.6,10.05,10.33,1257693299.135665,12966672481.476915
2024-04-19 09:00:00,10.32,10.43,9.726,10.17,1137304817.4680152,11494089733.394833
2024-04-20 09:00:00,10.17,10.92,10.11,10.83,546680666.7509648,5741132232.662604
2024-04-21 09:00:00,10.84,12.03,10.73,11.58,3959974061.7732143,45759505215.17678
2024-04-22 09:00:00,11.59,11.8,11.31,11.72,998282693.4041522,11557411607.748888
2024-04-23 09:00:00,11.72,11.73,11.17,11.36,816103233.7216939,9309990244.631725
2024-04-24 09:00:00,11.37,11.73,10.79,10.89,938160422.3658774,10641414638.617344
2024-04-25 09:00:00,10.9,11.66,10.83,11.02,2784791958.494065,31129084339.286648
2024-04-26 09:00:00,11.02,11.06,10.5,10.71,580298151.2501203,6231991776.007417
2024-04-27 09:00:00,10.71,10.8,10.32,10.76,456853147.31365025,4816165531.283737
2024-04-28 09:00:00,10.76,11.11,10.47,10.59,701147595.7398369,7608404972.926916
2024-04-29 09:00:00,10.59,10.69,10.12,10.48,619006425.5208217,6407683887.397222
2024-04-30 09:00:00,10.46,10.6,9.802,9.971,695705927.5623645,7018527542.6867
2024-05-01 09:00:00,9.971,10.25,8.95,9.717,1344166184.6536856,12776829551.267319
2024-05-02 09:00:00,9.717,9.825,9.22,9.589,498976272.7829196,4743772771.156821
2024-05-03 09:00:00,9.58,10.28,9.568,10.18,1151466425.4958816,11462021295.736149
2024-05-04 09:00:00,10.18,10.43,9.96,10.28,572252056.9341345,5854049805.313643
2024-05-05 09:00:00,10.29,10.6,10.13,10.28,821979531.9059416,8488631433.6898155
2024-05-06 09:00:00,10.29,10.38,10.09,10.09,658820157.9339179,6742132819.926047
2024-05-07 09:00:00,10.09,10.14,9.901,9.914,497736363.45628816,4997119985.622265
2024-05-08 09:00:00,9.903,10.2,9.731,9.828,694904951.2927572,6946046789.73797
2024-05-09 09:00:00,9.82,10.0,9.697,9.947,378907068.0803678,3725558603.0513864
2024-05-10 09:00:00,9.948,10.07,9.627,9.69,520505142.18351203,5144269725.434414
2024-05-11 09:00:00,9.65,9.756,9.585,9.605,227755746.12374756,2200512874.889246
2024-05-12 09:00:00,9.605,9.67,9.501,9.502,200301663.85367292,1922405877.6342726
2024-05-13 09:00:00,9.502,9.543,8.991,9.218,460204056.21653974,4261118061.4090023
2024-05-14 09:00:00,9.214,9.928,9.209,9.338,2595584181.483541,24979970098.89746
2024-05-15 09:00:00,9.337,9.95,9.317,9.807,1766395216.640769,17069959753.162083
2024-05-16 09:00:00,9.785,9.883,9.482,9.545,538001047.5755736,5220801085.016274
2024-05-17 09:00:00,9.547,10.13,9.547,9.97,2701887079.498335,26801276281.83802
2024-05-18 09:00:00,9.967,10.22,9.951,10.02,832660966.9994841,8425780051.056365
2024-05-19 09:00:00,10.05,10.07,9.731,9.746,359715938.38024056,3564931359.085981
2024-05-20 09:00:00,9.746,10.23,9.725,10.2,695005425.0160805,6918777054.099743
2024-05-21 09:00:00,10.19,10.25,9.986,10.2,546176963.060939,5539383286.102806
2024-05-22 09:00:00,10.2,10.24,9.991,10.08,430246319.1688726,4357352431.341157
2024-05-23 09:00:00,10.09,10.22,9.73,10.0,535550700.1274364,5365888104.159884
2024-05-24 09:00:00,10.0,10.04,9.792,9.96,298366818.6331722,2961569089.1627774
2024-05-25 09:00:00,9.96,10.15,9.938,10.1,190561962.44720167,1908950957.7700915
2024-05-26 09:00:00,10.1,10.37,10.03,10.07,526008730.3688506,5358781330.786055
2024-05-27 09:00:00,10.07,10.11,9.871,10.04,382482127.2534301,3820969554.1220117
2024-05-28 09:00:00,10.04,10.18,9.86,9.879,446023802.0377059,4445093925.797617
2024-05-29 09:00:00,9.879,9.94,9.827,9.827,277612287.6178739,2745559931.1010504
2024-05-30 09:00:00,9.827,9.888,9.482,9.518,379921644.86547565,3669006947.496043
2024-05-31 09:00:00,9.541,9.886,9.443,9.55,481986755.1921866,4630885096.007398
2024-06-01 09:00:00,9.53,9.561,9.366,9.45,149542375.5395192,1411988356.2940927
2024-06-02 09:00:00,9.46,9.495,9.343,9.344,162368953.2013051,1528511483.3669138
2024-06-03 09:00:00,9.344,9.398,9.2,9.202,356028926.4569118,3299689916.666922
2024-06-04 09:00:00,9.204,9.406,8.993,9.125,297936592.0422713,2713775055.627135
2024-06-05 09:00:00,9.142,9.271,9.085,9.117,341921829.9513578,3126256534.078724
2024-06-06 09:00:00,9.118,9.173,9.003,9.032,278333403.514186,2526678581.315605
2024-06-07 09:00:00,9.048,9.173,8.501,8.645,457615698.4046373,4065147754.896665
2024-06-08 09:00:00,8.645,8.778,8.318,8.387,271809918.2148274,2316519026.6949487
2024-06-09 09:00:00,8.391,8.598,8.249,8.535,176178442.71760628,1478587885.9181392
2024-06-10 09:00:00,8.537,8.545,8.26,8.3,192888189.51303777,1613947653.945812
2024-06-11 09:00:00,8.307,8.381,7.881,7.96,321532623.4086881,2590203222.1989193
2024-06-12 09:00:00,7.966,8.373,7.894,8.129,751418498.3344898,6096932079.736038
2024-06-13 09:00:00,8.129,8.134,7.791,7.838,272072851.5351023,2166617752.4398675
2024-06-14 09:00:00,7.838,8.4,7.564,7.602,1298482150.3706217,10417840438.146503
2024-06-15 09:00:00,7.603,7.873,7.584,7.652,229994207.08374158,1769805269.4793782
2024-06-16 09:00:00,7.652,7.668,7.338,7.34,287241608.8243696,2140177292.1106427
2024-06-17 09:00:00,7.34,7.346,6.251,6.541,1190067285.7553637,7922509615.735999
2024-06-18 09:00:00,6.541,6.573,5.814,6.033,781649585.9414945,4749230485.683949
2024-06-19 09:00:00,6.012,6.375,6.002,6.291,316414610.2499785,1971928458.451359
2024-06-20 09:00:00,6.291,6.698,6.264,6.41,666798772.4609771,4370805746.961463
2024-06-21 09:00:00,6.424,6.507,6.294,6.364,259988410.43179178,1665003857.3358972
2024-06-22 09:00:00,6.369,6.455,6.297,6.396,136387676.21556294,869336098.3373619
2024-06-23 09:00:00,6.396,6.506,6.1,6.153,196168520.3952253,1244740227.25469
2024-06-24 09:00:00,6.153,6.246,5.92,6.219,394777119.21540505,2382709298.595819
2024-06-25 09:00:00,6.219,6.58,6.176,6.501,377670150.28569615,2415921990.447281
2024-06-26 09:00:00,6.501,6.9,6.354,6.607,714760945.3057528,4764245512.343444
2024-06-27 09:00:00,6.607,6.688,6.268,6.658,197752185.78584832,1285752622.3729448
2024-06-28 09:00:00,6.658,6.669,6.433,6.455,178377253.020545,1168343726.3102152
2024-06-29 09:00:00,6.469,6.946,6.448,6.455,987386262.2830251,6640759685.57173
2024-06-30 09:00:00,6.455,6.66,6.245,6.624,213189036.29176718,1369506014.2147918
2024-07-01 09:00:00,6.624,6.647,6.437,6.5,216650800.5591332,1421099145.6673265
2024-07-02 09:00:00,6.5,6.534,6.425,6.48,102766314.06978406,665376989.1859944
2024-07-03 09:00:00,6.46,6.529,6.164,6.182,203500631.54484197,1287798147.1018198
2024-07-04 09:00:00,6.182,6.3,5.658,5.71,426989484.4251988,2552136050.281833
2024-07-05 09:00:00,5.71,5.842,5.011,5.572,556436247.9556315,2965938399.334944
2024-07-06 09:00:00,5.564,5.887,5.554,5.831,290610843.9952445,1656330695.8512528
2024-07-07 09:00:00,5.832,5.885,5.537,5.556,219515156.9887481,1255582557.926022
2024-07-08 09:00:00,5.568,5.868,5.437,5.725,350747182.1558688,1984472806.4157736
2024-07-09 09:00:00,5.73,5.887,5.702,5.845,216724703.31147534,1262215696.271387
2024-07-10 09:00:00,5.845,7.595,5.84,6.932,9736388603.290815,66410933701.929085
2024-07-11 09:00:00,6.929,7.41,6.512,6.624,4472600919.346406,31210775427.157104
2024-07-12 09:00:00,6.623,7.18,6.623,6.785,3080483989.663756,21272701110.463634
2024-07-13 09:00:00,6.785,6.8,6.608,6.715,662262556.3398174,4418585563.097532
2024-07-14 09:00:00,6.715,6.862,6.6,6.722,589430896.0060295,3956885728.508256
2024-07-15 09:00:00,6.724,6.958,6.61,6.938,661118148.9741783,4461853724.949663
2024-07-16 09:00:00,6.938,7.486,6.73,7.185,2930241184.42108,20934220957.556877
2024-07-17 09:00:00,7.17,7.48,7.001,7.024,1263436396.6161993,9167257449.32531
2024-07-18 09:00:00,7.025,7.082,6.84,6.914,467028427.3744117,3250679741.7084584
2024-07-19 09:00:00,6.914,7.182,6.765,7.132,501576240.5539728,3520634545.3863335
2024-07-20 09:00:00,7.119,7.279,7.119,7.226,426095924.4194079,3070187769.104468
2024-07-21 09:00:00,7.226,8.24,7.218,7.444,3493698250.734038,26849343130.624584
2024-07-22 09:00:00,7.452,7.96,7.134,7.262,1419195844.4043937,10634196236.0582
2024-07-23 09:00:00,7.262,7.95,7.055,7.542,2588776779.497618,19426915008.90897
2024-07-24 09:00:00,7.542,7.561,7.224,7.448,675855681.1376295,4996399323.618125
2024-07-25 09:00:00,7.445,7.445,6.847,7.079,706980335.0889856,4970610933.418401
2024-07-26 09:00:00,7.099,7.44,7.052,7.437,491585291.85746527,3547331372.4438353
2024-07-27 09:00:00,7.433,7.814,7.288,7.665,874137216.4259533,6582692703.406256
2024-07-28 09:00:00,7.668,7.72,7.4,7.603,592864660.8020198,4477820075.842249
2024-07-29 09:00:00,7.619,7.817,7.338,7.479,766075512.0624963,5830079039.535564
2024-07-30 09:00:00,7.479,7.615,7.15,7.249,390685467.6895061,2864021535.387205
2024-07-31 09:00:00,7.242,7.304,7.012,7.028,328478037.1145768,2352045723.011097
2024-08-01 09:00:00,7.028,7.112,6.529,6.883,536341255.4534101,3664104901.5556936
2024-08-02 09:00:00,6.902,7.59,6.522,6.542,1269967421.304772,8898508095.39651
2024-08-03 09:00:00,6.543,6.58,6.126,6.286,355148777.8929171,2268871188.9795847
2024-08-04 09:00:00,6.279,6.379,5.852,5.932,346117029.17999786,2117719745.1654158
2024-08-05 09:00:00,5.926,5.961,4.921,5.745,1414950227.719965,7644135837.421171
2024-08-06 09:00:00,5.745,6.086,5.724,5.965,739888846.8913996,4397051988.356713
2024-08-07 09:00:00,5.955,6.128,5.685,5.798,438771802.84311396,2617986249.638749
2024-08-08 09:00:00,5.795,6.3,5.721,6.281,457450958.7220921,2772527516.6565995
2024-08-09 09:00:00,6.281,6.957,6.251,6.554,2088889523.1824553,13866545596.453712
2024-08-10 09:00:00,6.538,6.601,6.425,6.528,382055739.634861,2490187922.6785674
2024-08-11 09:00:00,6.53,6.53,6.005,6.071,448371456.9469823,2839067710.6155696
2024-08-12 09:00:00,6.072,6.3,5.8,6.202,458346911.17020303,2805995506.469616
2024-08-13 09:00:00,6.195,6.55,6.12,6.316,1175820973.1049776,7457037616.336841
2024-08-14 09:00:00,6.316,6.4,6.058,6.096,367568995.17888945,2272571800.90242
2024-08-15 09:00:00,6.09,6.266,5.946,5.988,358460167.63177574,2194055663.420019
2024-08-16 09:00:00,5.985,6.245,5.865,6.073,411893405.4974895,2468671608.074552
2024-08-17 09:00:00,6.074,6.078,5.955,6.026,97880094.60805818,588846771.3734654
2024-08-18 09:00:00,6.026,6.12,5.95,5.98,147835181.81518793,890149026.6519654
2024-08-19 09:00:00,5.997,6.011,5.81,5.937,290990473.1851962,1720073870.579233
2024-08-20 09:00:00,5.935,6.04,5.881,5.992,259518332.0144529,1548113391.9923909
2024-08-21 09:00:00,6.002,6.548,5.925,6.222,1853565507.7287972,11567156091.31138
2024-08-22 09:00:00,6.224,6.348,6.122,6.232,561236761.8348494,3496992331.7327385
2024-08-23 09:00:00,6.224,6.455,6.172,6.423,409453894.39694923,2582480055.2503505
2024-08-24 09:00:00,6.422,6.5,6.335,6.435,386621497.37003654,2482844137.6866083
2024-08-25 09:00:00,6.434,6.771,6.402,6.521,2415046501.8886,15976913466.092224
2024-08-26 09:00:00,6.521,6.578,6.16,6.186,832593848.1216199,5286401827.618427
2024-08-27 09:00:00,6.188,6.416,5.86,5.909,860959225.5920846,5335897404.30243
2024-08-28 09:00:00,5.896,5.98,5.78,5.86,397890322.13530326,2328727956.3259263
2024-08-29 09:00:00,5.861,6.02,5.801,5.885,191080080.28312516,1126293900.373841
2024-08-30 09:00:00,5.891,5.902,5.694,5.831,257660352.6157886,1494784863.853594
2024-08-31 09:00:00,5.84,5.872,5.738,5.778,115716569.07589814,673279628.3831834
2024-09-01 09:00:00,5.777,5.785,5.586,5.601,188370903.08086303,1071654880.2282956
2024-09-02 09:00:00,5.601,5.778,5.513,5.746,211811904.44096482,1190751787.871088
2024-09-03 09:00:00,5.754,6.005,5.524,5.532,645745880.8548013,3761666722.122112
2024-09-04 09:00:00,5.537,5.63,5.33,5.625,267456600.07143366,1467060304.0827775
2024-09-05 09:00:00,5.611,5.98,5.537,5.632,1902026603.1610036,10959929906.331808
2024-09-06 09:00:00,5.633,5.805,5.36,5.526,572163948.7424526,3180504570.611931
2024-09-07 09:00:00,5.542,5.65,5.451,5.549,245434207.91760546,1360781420.0783043
2024-09-08 09:00:00,5.545,5.64,5.505,5.603,270169729.45146275,1505971063.4941704
2024-09-09 09:00:00,5.603,5.779,5.574,5.751,291484537.1178123,1648415260.7816777
2024-09-10 09:00:00,5.751,5.844,5.665,5.81,236960661.35726598,1362586409.4011652
2024-09-11 09:00:00,5.815,5.819,5.62,5.742,222125252.04467034,1266277863.5613747
2024-09-12 09:00:00,5.738,5.82,5.724,5.812,221986811.23723376,1284335274.7213714
2024-09-13 09:00:00,5.816,5.887,5.73,5.871,487673592.3509914,2825803350.373732
2024-09-14 09:00:00,5.871,5.877,5.756,5.776,248637770.1525799,1442556239.6712115
2024-09-15 09:00:00,5.776,5.8,5.654,5.679,205616163.44566512,1180958773.4140096
2024-09-16 09:00:00,5.679,5.72,5.58,5.607,299172591.9098335,1687887042.6555653
2024-09-17 09:00:00,5.607,5.82,5.601,5.68,580049515.2414169,3310382168.143658
2024-09-18 09:00:00,5.679,5.71,5.57,5.708,309468033.1180289,1746056731.583565
2024-09-19 09:00:00,5.708,5.95,5.668,5.899,557279115.390805,3237404034.961883
2024-09-20 09:00:00,5.902,6.189,5.85,6.154,709353766.0194011,4298802412.38799
2024-09-21 09:00:00,6.148,6.656,6.136,6.442,2329749598.929183,14966136456.64139
2024-09-22 09:00:00,6.442,6.452,6.071,6.267,617321690.1405247,3848235709.1025987
2024-09-23 09:00:00,6.265,6.945,6.105,6.493,2664483357.026239,17690487011.497032
2024-09-24 09:00:00,6.523,7.129,6.329,6.75,3082003331.591727,20921097880.643387
2024-09-25 09:00:00,6.746,6.757,6.531,6.603,758277682.1225023,5018998269.508533
2024-09-26 09:00:00,6.59,6.691,6.367,6.679,519315435.7471243,3389334675.4706693
2024-09-27 09:00:00,6.679,6.763,6.553,6.762,434817511.0101498,2898124210.5859733
2024-09-28 09:00:00,6.762,7.193,6.564,6.733,2255477101.4886074,15648514632.803047
2024-09-29 09:00:00,6.733,6.746,6.571,6.659,348829294.4504379,2316037630.2682195
2024-09-30 09:00:00,6.66,6.66,6.281,6.334,410679844.9480323,2650600103.072564
2024-10-01 09:00:00,6.334,6.52,5.958,6.016,597560627.6196003,3762668457.5826902
2024-10-02 09:00:00,6.016,6.148,5.872,5.918,371268922.4319908,2234350919.9650617
2024-10-03 09:00:00,5.929,6.237,5.815,5.951,412741247.22508484,2470012450.4106307
2024-10-04 09:00:00,5.96,6.19,5.94,6.168,267794438.64134088,1616076687.0299478
2024-10-05 09:00:00,6.168,6.8,6.168,6.358,2534135297.784299,16389258915.867725
2024-10-06 09:00:00,6.371,6.89,6.317,6.821,3838502452.3230786,25637094506.919956
2024-10-07 09:00:00,6.821,6.821,6.501,6.597,1243446147.1157138,8280733972.450501
2024-10-08 09:00:00,6.597,6.779,6.404,6.481,860565363.1716139,5688406270.4368515
2024-10-09 09:00:00,6.487,6.581,6.23,6.265,351814917.5481951,2252463941.9267454
2024-10-10 09:00:00,6.265,6.545,6.146,6.308,1044625151.8283402,6680481745.627505
2024-10-11 09:00:00,6.308,6.495,6.243,6.467,258482876.3886498,1640765129.3555355
2024-10-12 09:00:00,6.467,6.657,6.429,6.551,378098076.1863163,2475245528.831974
2024-10-13 09:00:00,6.551,6.56,6.304,6.526,292269181.95423985,1879621433.2731013
2024-10-14 09:00:00,6.526,6.73,6.421,6.643,971672723.3656192,6416811345.920754
2024-10-15 09:00:00,6.659,6.925,6.44,6.871,1129559010.2348237,7546702735.576597
2024-10-16 09:00:00,6.871,7.022,6.678,6.788,1317910988.7484043,9037026012.200891
2024-10-17 09:00:00,6.788,6.96,6.62,6.723,755405441.5191649,5125547793.74985
2024-10-18 09:00:00,6.723,6.825,6.632,6.815,353187810.1515666,2369250440.9241357
2024-10-19 09:00:00,6.815,7.331,6.75,7.199,3084712943.4039183,21828816338.8285
2024-10-20 09:00:00,7.2,7.874,7.003,7.121,7198921024.28136,53650122411.03045
2024-10-21 09:00:00,7.121,7.385,6.885,7.003,2749214495.1721144,19812588545.64328
2024-10-22 09:00:00,7.003,7.032,6.816,6.948,474185964.8667526,3275418919.961299
2024-10-23 09:00:00,6.948,6.948,6.54,6.74,548749027.0839602,3695975826.8775554
2024-10-24 09:00:00,6.736,6.825,6.57,6.76,296857920.6902583,1988376033.4313867
2024-10-25 09:00:00,6.759,6.759,6.373,6.544,424722239.0006809,2805045374.6262035
2024-10-26 09:00:00,6.544,6.89,6.44,6.54,442388948.53138596,2925981431.511388
2024-10-27 09:00:00,6.538,6.685,6.472,6.59,141977029.52435878,929076994.0155265
2024-10-28 09:00:00,6.597,6.68,6.253,6.549,454678184.48751605,2946672600.659588
2024-10-29 09:00:00,6.55,6.746,6.502,6.745,317674054.87359214,2102762727.8414123
2024-10-30 09:00:00,6.731,6.756,6.55,6.559,253674028.6299267,1681194767.798396
2024-10-31 09:00:00,6.56,6.568,6.291,6.299,229708929.68003592,1477608441.6739109
2024-11-01 09:00:00,6.3,6.47,6.139,6.28,351746486.2247607,2217145213.8357134
2024-11-02 09:00:00,6.28,6.307,6.017,6.089,163856458.45361587,1012028902.5989655
2024-11-03 09:00:00,6.089,6.3,5.679,5.917,829964769.7060676,5016874332.063297
2024-11-04 09:00:00,5.929,6.098,5.67,5.784,507753426.13985896,3011140621.820293
2024-11-05 09:00:00,5.778,5.984,5.728,5.896,461120097.99735284,2701214700.8362975
2024-11-06 09:00:00,5.901,6.325,5.896,6.308,630021536.2760614,3850434787.0652413
2024-11-07 09:00:00,6.302,6.445,6.18,6.411,423780303.2191288,2672360716.205105
2024-11-08 09:00:00,6.41,6.656,6.321,6.556,813054447.2829802,5281663630.399677
2024-11-09 09:00:00,6.556,6.591,6.401,6.57,445447524.9835724,2896907723.003142
2024-11-10 09:00:00,6.57,7.105,6.57,6.92,3285620265.9092617,22515888935.656796
2024-11-11 09:00:00,6.922,7.339,6.734,7.325,1545498666.1989634,10914886010.143536
2024-11-12 09:00:00,7.325,8.231,7.015,7.684,5508044184.142485,41825252463.02985
2024-11-13 09:00:00,7.684,7.775,7.0,7.222,1365919584.1901195,9947513798.521482
2024-11-14 09:00:00,7.22,7.495,6.724,6.844,1088412925.9660313,7718347447.388884
2024-11-15 09:00:00,6.85,7.648,6.781,7.288,1518213306.293846,10760441152.161821
2024-11-16 09:00:00,7.281,7.998,7.252,7.997,2166524585.165745,16490633190.108988
2024-11-17 09:00:00,7.997,7.997,7.449,7.55,838884912.4378976,6457247753.754345
2024-11-18 09:00:00,7.55,8.23,7.53,8.164,2305126969.130163,18255769376.787197
2024-11-19 09:00:00,8.17,9.57,7.977,8.728,13382825565.104464,119589161455.60182
2024-11-20 09:00:00,8.728,8.942,7.922,8.362,2829183349.5009675,23986145018.704254
2024-11-21 09:00:00,8.362,8.736,8.002,8.415,1263273704.0009444,10496388008.574205
2024-11-22 09:00:00,8.416,8.879,7.983,8.612,2096495368.6456976,17812986854.08262
2024-11-23 09:00:00,8.603,8.98,8.407,8.875,1751554309.148124,15260692103.51575
2024-11-24 09:00:00,8.875,9.517,8.25,9.093,2398513214.1873755,21446244919.513165
2024-11-25 09:00:00,9.095,9.779,8.929,9.313,2843282589.1833763,26492133637.12185
2024-11-26 09:00:00,9.311,10.11,9.048,10.01,5439047733.109667,53038851678.202705
2024-11-27 09:00:00,10.01,10.51,9.502,10.14,2369155273.3454204,23478861346.462044
2024-11-28 09:00:00,10.14,10.14,9.67,9.944,837942894.3301318,8221772226.537637
2024-11-29 09:00:00,9.92,10.08,9.611,10.03,1002815311.2859749,9853760165.666943
2024-11-30 09:00:00,10.03,10.24,9.73,10.21,1042694820.7371349,10362419936.146288
2024-12-01 09:00:00,10.2,10.24,9.875,10.18,988652831.754543,9943906291.697712
2024-12-02 09:00:00,10.17,10.3,9.414,10.3,1812749064.9548619,17933482956.906055
2024-12-03 09:00:00,10.27,11.6,5.586,11.16,5240337521.911148,52738339103.38057
2024-12-04 09:00:00,11.16,11.76,10.65,11.35,2495284721.6021824,28078834277.264248
2024-12-05 09:00:00,11.35,11.45,10.64,10.88,1641665582.6710317,18037426161.422325
2024-12-06 09:00:00,10.88,12.17,10.73,11.36,4786246615.409739,54262397711.52861
2024-12-07 09:00:00,11.38,11.54,10.95,11.17,1191912144.5780096,13335196667.214787
2024-12-08 09:00:00,11.17,11.18,10.8,11.1,766597297.9423778,8439469907.950622
2024-12-09 09:00:00,11.1,11.1,9.015,9.539,2467188274.5868635,24931712523.381805
2024-12-10 09:00:00,9.561,9.784,8.395,9.055,1776977978.333224,16085394357.166782
2024-12-11 09:00:00,9.045,9.998,8.646,9.847,1496969627.58918,13925716420.77098
2024-12-12 09:00:00,9.847,10.34,9.583,10.07,864137517.5833534,8635029486.403738
2024-12-13 09:00:00,10.06,10.16,9.7,10.03,620378671.2652254,6151108321.894698
2024-12-14 09:00:00,10.0,10.3,9.3,9.607,730985701.7855333,7189453125.27358
2024-12-15 09:00:00,9.607,9.959,9.417,9.777,402070732.01674724,3898786236.850808
2024-12-16 09:00:00,9.777,9.955,9.27,9.615,599761275.2174048,5745887194.404781
2024-12-17 09:00:00,9.61,9.611,9.009,9.17,553392646.6908486,5179488575.548055
2024-12-18 09:00:00,9.17,9.231,8.24,8.281,766202438.6321086,6710571690.904833
2024-12-19 09:00:00,8.305,8.787,7.802,7.927,830007457.8839781,6877061602.371244
2024-12-20 09:00:00,7.927,8.67,7.504,8.575,1744330224.8463974,14091043118.541958
2024-12-21 09:00:00,8.576,8.933,8.032,8.226,573115248.2108077,4855734572.582237
2024-12-22 09:00:00,8.227,8.684,8.147,8.326,795507453.0560971,6667884037.103278
2024-12-23 09:00:00,8.362,8.895,8.2,8.678,1804600155.7619345,15553408210.065256
2024-12-24 09:00:00,8.678,9.02,8.47,8.778,458693896.270267,4005444209.4229407
2024-12-25 09:00:00,8.779,8.779,8.5,8.584,429973806.92785823,3704794783.1031027
2024-12-26 09:00:00,8.596,8.628,8.02,8.323,412728916.5268819,3403616916.032305
2024-12-27 09:00:00,8.303,8.539,8.112,8.227,357496385.3117767,2970744830.6889424
2024-12-28 09:00:00,8.243,8.726,8.189,8.72,353939543.6746865,2987276638.150344
2024-12-29 09:00:00,8.72,8.725,8.152,8.253,387291367.29001474,3271070062.9651227
2024-12-30 09:00:00,8.281,8.512,7.837,8.081,491500991.72583765,4030529196.8893995
2024-12-31 09:00:00,8.096,8.14,7.699,7.948,315873082.229858,2503735382.0918684
2025-01-01 09:00:00,7.948,8.13,7.725,8.118,219294135.90831542,1730985396.4340682
2025-01-02 09:00:00,8.117,8.284,8.031,8.136,287380632.39894295,2346591474.309576
2025-01-03 09:00:00,8.139,8.526,8.116,8.467,307266573.2158185,2555502652.5076294
2025-01-04 09:00:00,8.447,8.647,8.311,8.479,327279262.2074412,2777007575.3850846
2025-01-05 09:00:00,8.479,8.7,8.387,8.561,402962327.477927,3455785524.546516
2025-01-06 09:00:00,8.581,9.4,8.475,9.035,1786535464.3784719,16095154356.15744
2025-01-07 09:00:00,9.062,10.13,8.529,8.56,11326198580.407562,108467609289.87036
2025-01-08 09:00:00,8.56,9.194,7.915,8.767,2807328440.75325,23555193999.10544
2025-01-09 09:00:00,8.735,9.377,8.5,9.256,3257504688.014962,29354700595.645283
2025-01-10 09:00:00,9.256,10.13,9.057,9.577,7615563888.415218,73787703268.33571
2025-01-11 09:00:00,9.578,9.581,9.16,9.188,796566960.4410858,7416515917.634517
2025-01-12 09:00:00,9.189,9.213,8.779,8.925,566582377.9653088,5105503648.7162075
2025-01-13 09:00:00,8.924,8.956,8.056,8.785,918526306.2662745,7785493032.24554
2025-01-14 09:00:00,8.763,9.314,8.611,9.001,1861847875.8682423,16798052456.70513
2025-01-15 09:00:00,9.001,9.124,8.619,9.098,620374066.7015245,5512747631.273142
2025-01-16 09:00:00,9.106,9.106,8.695,8.831,487692043.93053913,4327669686.897148
2025-01-17 09:00:00,8.847,9.172,8.805,9.111,561971024.7452228,5051808482.293024
2025-01-18 09:00:00,9.088,9.144,8.619,8.713,441762960.43996763,3898293373.280652
2025-01-19 09:00:00,8.714,8.859,8.126,8.211,618267244.1426297,5218971805.353518
2025-01-20 09:00:00,8.237,8.567,8.0,8.226,602619839.5949439,4976328197.140877
2025-01-21 09:00:00,8.226,8.296,7.991,8.102,370881054.10029364,3001656635.384416
2025-01-22 09:00:00,8.102,8.142,7.953,7.998,262344222.10022584,2106826635.5045717
2025-01-23 09:00:00,8.019,8.025,7.68,7.932,356023456.33548623,2790013676.7985115
2025-01-24 09:00:00,7.939,8.072,7.62,7.888,278780164.1806298,2186701546.86073
2025-01-25 09:00:00,7.872,8.123,7.825,8.054,164365568.76907876,1315417903.8547091
2025-01-26 09:00:00,8.061,8.302,7.976,7.999,295111116.8379499,2398013283.9064355
2025-01-27 09:00:00,7.999,8.04,7.536,7.888,382571344.1695967,2969267181.837876
2025-01-28 09:00:00,7.873,7.921,7.59,7.627,157310968.52166098,1218489887.6218274
2025-01-29 09:00:00,7.627,7.909,7.574,7.802,151294406.77468967,1167670130.3403962
2025-01-30 09:00:00,7.809,7.956,7.725,7.833,200758600.81586462,1574214845.9998577
2025-01-31 09:00:00,7.834,8.08,7.71,7.878,314190745.92850906,2469668580.2737074
2025-02-01 09:00:00,7.894,7.947,7.601,7.69,304729413.5575911,2381766155.9670067
2025-02-02 09:00:00,7.69,7.844,6.587,6.887,651154946.1998267,4682520747.315358
2025-02-03 09:00:00,6.887,7.202,5.86,7.023,948447052.2463355,6110158397.537114
2025-02-04 09:00:00,7.027,7.123,6.398,6.748,392647460.05908346,2623313948.1257186
2025-02-05 09:00:00,6.748,6.87,6.55,6.621,188759367.0522068,1262508097.0294387
2025-02-06 09:00:00,6.621,6.738,6.176,6.191,213933114.26517528,1376245411.76679
2025-02-07 09:00:00,6.216,6.45,5.902,6.018,327118289.4441529,1992653240.0239372
2025-02-08 09:00:00,6.019,6.063,5.873,6.053,208968025.61664325,1245293512.6815882
2025-02-09 09:00:00,6.053,6.249,5.869,5.978,292277297.18835306,1772152739.0503438
2025-02-10 09:00:00,5.991,6.073,5.813,6.01,336723459.51941633,2006654940.3545299
2025-02-11 09:00:00,6.01,6.349,5.93,6.087,394631142.78751475,2401740795.729983
2025-02-12 09:00:00,6.087,6.344,5.861,6.278,275772753.1628714,1667120748.7762115
2025-02-13 09:00:00,6.288,6.327,6.02,6.314,321315892.7061761,1992726659.1681194
2025-02-14 09:00:00,6.316,6.371,6.149,6.262,256900299.24601668,1603514134.8170946
2025-02-15 09:00:00,6.262,6.31,6.062,6.097,102575975.6131805,634770081.163871
2025-02-16 09:00:00,6.096,6.615,6.021,6.309,814857963.2029076,5156156894.839023
2025-02-17 09:00:00,6.287,7.019,6.234,6.662,4346168031.934966,28886779745.509342
2025-02-18 09:00:00,6.662,6.662,6.111,6.243,422021988.4188196,2687879718.5192094
2025-02-19 09:00:00,6.242,6.29,6.073,6.19,155719668.58142707,964516866.7873232
2025-02-20 09:00:00,6.19,6.231,5.986,6.099,384233106.90150243,2328825640.1279283
2025-02-21 09:00:00,6.091,6.168,5.823,5.915,380130114.6738917,2290262038.8448644
2025-02-22 09:00:00,5.916,6.497,5.896,6.13,1456860412.2278514,9107174151.747252
2025-02-23 09:00:00,6.15,6.15,6.012,6.052,226886566.5065984,1375700245.5285819
2025-02-24 09:00:00,6.052,6.079,5.48,5.532,426242036.91538334,2468076623.1662555
2025-02-25 09:00:00,5.532,5.569,5.1,5.457,614092815.1691842,3272924258.427486
2025-02-26 09:00:00,5.457,5.465,5.128,5.3,261738006.1273861,1391064639.6426144
2025-02-27 09:00:00,5.285,5.541,5.202,5.387,257770926.2714587,1386129431.8837094
2025-02-28 09:00:00,5.38,5.463,5.005,5.42,505113413.5982132,2637815462.0427413
2025-03-01 09:00:00,5.42,5.52,5.354,5.517,193526715.22696766,1050900927.2992423
2025-03-02 09:00:00,5.517,5.899,5.427,5.869,453162308.9776789,2576280882.1500716
2025-03-03 09:00:00,5.879,5.885,5.178,5.275,412636557.9303799,2284881953.459007
2025-03-04 09:00:00,5.284,5.304,4.906,5.123,420557824.40018255,2129392591.552058
2025-03-05 09:00:00,5.122,5.288,5.036,5.227,210533478.74273434,1086326488.3058057
2025-03-06 09:00:00,5.227,5.384,5.092,5.223,291314844.0113209,1533584861.6500037
2025-03-07 09:00:00,5.224,5.526,4.94,5.078,739312270.2261449,3853237426.3059516
2025-03-08 09:00:00,5.062,5.118,4.953,4.992,143429712.43981007,719250902.8568013
2025-03-09 09:00:00,5.0,5.013,4.596,4.672,276625027.0507768,1324660919.979932
2025-03-10 09:00:00,4.671,4.907,4.513,4.547,359664437.4128829,1699941045.340737
2025-03-11 09:00:00,4.547,4.719,4.275,4.577,392868315.24812126,1757271792.0019124
2025-03-12 09:00:00,4.594,4.694,4.402,4.575,197525665.83172065,896645536.7653307
2025-03-13 09:00:00,4.568,4.758,4.461,4.733,229880824.53817213,1063743668.8733667
2025-03-14 09:00:00,4.733,4.846,4.634,4.771,158321476.94603753,749064531.2095941
2025-03-15 09:00:00,4.771,5.013,4.718,4.968,166012840.79582405,801555658.5588862
2025-03-16 09:00:00,4.976,5.374,4.795,4.826,2202217398.3903294,11239812264.161503
2025-03-17 09:00:00,4.826,5.005,4.753,4.893,237528363.74056166,1153776389.111406
2025-03-18 09:00:00,4.884,4.923,4.76,4.91,181365326.7374899,877206875.495142
2025-03-19 09:00:00,4.903,5.048,4.842,5.025,217937796.16575575,1081136334.8738484
2025-03-20 09:00:00,5.025,5.249,4.905,5.151,304597114.82336205,1543373923.4852493
2025-03-21 09:00:00,5.151,5.423,4.906,4.96,792594020.7646037,4099632693.7755795
2025-03-22 09:00:00,4.967,5.15,4.915,5.146,209582554.04217446,1057939814.7506939
2025-03-23 09:00:00,5.147,5.449,4.968,5.0,657916692.8159653,3393963583.285661
2025-03-24 09:00:00,5.0,5.181,4.94,5.109,175664146.96426436,893721676.4154714
2025-03-25 09:00:00,5.109,5.3,5.047,5.149,372926252.1742869,1926271920.7343895
2025-03-26 09:00:00,5.149,5.2,5.069,5.124,140530379.68639344,722341041.610901
2025-03-27 09:00:00,5.124,5.19,5.066,5.136,127003601.47172336,650867900.4847194
2025-03-28 09:00:00,5.136,5.177,4.726,4.818,194089187.004374,959039567.0933195
2025-03-29 09:00:00,4.808,4.82,4.54,4.575,159367182.0014686,740449570.0558174
2025-03-30 09:00:00,4.586,4.711,4.513,4.516,86519907.27293943,398562653.40935016
2025-03-31 09:00:00,4.535,4.649,4.4,4.515,377144734.77102005,1701997666.4134617
2025-04-01 09:00:00,4.515,4.612,4.45,4.532,101514469.4960555,459852151.40364045
2025-04-02 09:00:00,4.528,4.537,4.227,4.331,202072591.9984188,884905750.3550205
2025-04-03 09:00:00,4.331,4.399,4.049,4.198,311651177.7337197,1304069040.8104234
2025-04-04 09:00:00,4.198,4.264,4.082,4.197,267033656.54750067,1109750154.437418
2025-04-05 09:00:00,4.197,4.456,4.165,4.377,242703756.50855324,1040704601.673785
2025-04-06 09:00:00,4.372,4.53,3.926,3.996,706342047.4197645,3021377886.6297174
2025-04-07 09:00:00,3.997,4.108,3.7,4.0,510580291.7314585,1994553161.4447718
2025-04-08 09:00:00,4.0,4.12,3.906,3.92,207356489.48778307,836048241.7906488
2025-04-09 09:00:00,3.919,4.422,3.83,4.236,1559184631.2975938,6556977083.378547
2025-04-10 09:00:00,4.22,4.799,4.203,4.47,2763883959.4136887,12381389406.63475
2025-04-11 09:00:00,4.469,4.47,4.25,4.301,463016871.7299881,2002013559.0889614
2025-04-12 09:00:00,4.297,4.507,4.261,4.471,231943264.11947268,1017682319.8259108
2025-04-13 09:00:00,4.47,4.5,4.281,4.327,178154531.48425063,787180340.0290526
2025-04-14 09:00:00,4.313,4.433,4.28,4.292,197096170.68758205,854852317.7033532
2025-04-15 09:00:00,4.297,4.428,4.273,4.343,154038540.89374092,666151910.4282618
2025-04-16 09:00:00,4.331,4.598,4.331,4.579,419754465.5067009,1876333223.1386602
2025-04-17 09:00:00,4.583,4.75,4.504,4.721,410279067.1430691,1899246990.0362608
2025-04-18 09:00:00,4.722,5.179,4.602,4.893,1556736716.2390592,7674448810.619315
2025-04-19 09:00:00,4.898,5.234,4.842,4.923,646636002.7224092,3255376074.659355
2025-04-20 09:00:00,4.921,4.924,4.669,4.742,203569919.4394995,973733071.4797326
2025-04-21 09:00:00,4.742,5.21,4.727,4.775,715252249.7900627,3515382954.2740316
2025-04-22 09:00:00,4.774,5.095,4.681,4.986,754928931.3392797,3688877264.1470284
2025-04-23 09:00:00,4.973,5.34,4.935,5.339,562578492.3247927,2879878408.4691133
2025-04-24 09:00:00,5.34,5.34,4.99,5.258,499302514.5544687,2566475502.851678
2025-04-25 09:00:00,5.278,5.75,5.178,5.287,1490770111.547644,8098781938.869084
2025-04-26 09:00:00,5.291,5.397,5.138,5.268,281801035.19480836,1485498169.4003973
2025-04-27 09:00:00,5.268,5.268,5.051,5.072,238410864.90518323,1225025548.278594
2025-04-28 09:00:00,5.071,5.151,4.93,5.1,226117544.66727516,1142711216.4445128
2025-04-29 09:00:00,5.115,5.207,4.952,5.021,210191661.39175245,1075019979.995806
2025-04-30 09:00:00,5.006,5.057,4.822,5.02,155656445.8476588,772193367.4670204
2025-05-01 09:00:00,5.02,5.045,4.956,5.02,137969317.23082557,689225382.2106351
2025-05-02 09:00:00,4.983,5.018,4.914,4.956,135191635.50901452,670354060.3933234
2025-05-03 09:00:00,4.94,4.986,4.74,4.76,157151197.00590104,766922743.5008172
2025-05-04 09:00:00,4.76,4.768,4.545,4.546,170873471.79052222,795434825.7300892
2025-05-05 09:00:00,4.547,4.639,4.466,4.596,106371853.98154967,482303672.41698325
2025-05-06 09:00:00,4.595,4.622,4.35,4.509,163046690.8160435,727095634.23275
2025-05-07 09:00:00,4.497,4.528,4.4,4.459,103507797.09852868,462549661.03877646
2025-05-08 09:00:00,4.459,4.871,4.419,4.865,287039303.3180577,1333345004.4536831
2025-05-09 09:00:00,4.865,5.13,4.84,5.08,273483784.7813458,1361669019.827868
2025-05-10 09:00:00,5.08,5.277,4.976,5.249,254154894.00192946,1307824379.257893
2025-05-11 09:00:00,5.271,5.271,5.039,5.139,182378799.98973066,939365561.3448182
2025-05-12 09:00:00,5.139,5.28,5.0,5.184,287968415.40183145,1493884832.008744
2025-05-13 09:00:00,5.184,5.299,4.998,5.272,167706362.74049228,861350736.4418213
2025-05-14 09:00:00,5.265,5.316,5.04,5.11,200997006.794836,1043020450.4048531
2025-05-15 09:00:00,5.11,5.148,4.825,4.937,206535202.54763874,1024780281.3725209
2025-05-16 09:00:00,4.938,5.049,4.875,4.918,163925169.55755362,810905841.952706
2025-05-17 09:00:00,4.917,4.961,4.78,4.813,124752394.84552735,603844598.50864
2025-05-18 09:00:00,4.823,5.007,4.793,4.977,108228764.11798266,530552759.38229567
2025-05-19 09:00:00,4.977,4.985,4.725,4.85,152053293.37785903,727833260.9012216
2025-05-20 09:00:00,4.854,4.943,4.748,4.887,102000717.61889514,496195901.1410074
2025-05-21 09:00:00,4.892,4.999,4.775,4.893,107568406.95198272,525551691.74945164
2025-05-22 09:00:00,4.908,5.066,4.886,5.041,166801345.47259086,830880789.938264
2025-05-23 09:00:00,5.041,5.112,4.83,4.857,164890431.93247062,819681734.9654841
2025-05-24 09:00:00,4.87,4.926,4.851,4.852,65845434.7853168,321430159.11363757
2025-05-25 09:00:00,4.86,4.906,4.734,4.889,78911980.62659825,381061648.41782206
2025-05-26 09:00:00,4.887,4.906,4.76,4.822,57605225.23582605,279322935.5604365
2025-05-27 09:00:00,4.822,4.98,4.752,4.891,69600256.7851125,338636068.14769757
2025-05-28 09:00:00,4.895,5.002,4.719,4.832,113939330.07899155,554065879.7662579
2025-05-29 09:00:00,4.839,4.901,4.741,4.741,77486069.57026248,372219006.3232865
2025-05-30 09:00:00,4.741,4.754,4.501,4.505,221378520.7878241,1020039161.4316084
2025-05-31 09:00:00,4.522,4.582,4.41,4.531,112067081.58536316,504615254.80294037
2025-06-01 09:00:00,4.531,4.66,4.461,4.65,84656833.91772325,384633276.82680005
2025-06-02 09:00:00,4.65,4.792,4.59,4.792,182908578.01997218,855401988.817911
2025-06-03 09:00:00,4.793,4.84,4.734,4.783,82034975.52195808,393703254.1523698
2025-06-04 09:00:00,4.777,4.83,4.649,4.706,85017737.08056886,402518262.24451214
2025-06-05 09:00:00,4.705,4.714,4.315,4.383,228637300.6501085,1037345911.1540103
2025-06-06 09:00:00,4.372,4.544,4.357,4.437,79179549.64212266,351644151.8177178
2025-06-07 09:00:00,4.458,4.544,4.4,4.544,44276138.87144801,198557309.99873653
2025-06-08 09:00:00,4.544,4.6,4.44,4.49,37072355.86298797,167282739.0050291
2025-06-09 09:00:00,4.504,4.59,4.4,4.588,106532195.00407691,476848283.2876518
2025-06-10 09:00:00,4.59,4.744,4.556,4.739,112544783.19680925,521490678.4541992
2025-06-11 09:00:00,4.739,4.739,4.588,4.618,131633752.66670059,615973519.3354243
2025-06-12 09:00:00,4.612,4.63,4.366,4.366,129110882.70314734,581526122.0470047
2025-06-13 09:00:00,4.365,4.365,4.161,4.29,137206989.90963516,582569817.499728
2025-06-14 09:00:00,4.29,4.3,4.217,4.276,40390058.81017665,171890359.81517494
2025-06-15 09:00:00,4.256,4.301,4.201,4.26,47757841.75694906,202738649.31599388
2025-06-16 09:00:00,4.26,4.349,4.219,4.219,85471222.3678957,365646036.00329506
2025-06-17 09:00:00,4.219,4.282,4.093,4.105,132216908.91532075,554295505.1537107
2025-06-18 09:00:00,4.104,4.14,4.0,4.094,70733682.13120814,286932970.97527647
2025-06-19 09:00:00,4.095,4.12,4.001,4.078,45632853.56081834,185114439.6862704
2025-06-20 09:00:00,4.057,4.563,4.019,4.314,2115146916.6518185,9088109724.747498
2025-06-21 09:00:00,4.314,4.555,4.052,4.092,1393365054.7865136,6075605648.540575
2025-06-22 09:00:00,4.069,4.1,3.71,3.851,292377434.61243606,1140547171.7784512
2025-06-23 09:00:00,3.855,4.126,3.82,4.099,121947135.65569194,481280706.6000938
2025-06-24 09:00:00,4.093,4.198,4.053,4.141,260123461.84966,1074314586.4387558
2025-06-25 09:00:00,4.141,4.15,4.033,4.046,167765762.2744604,686860528.787718
2025-06-26 09:00:00,4.046,4.112,3.945,3.968,201766235.25407362,814280836.1426773
2025-06-27 09:00:00,3.968,4.05,3.919,4.019,67337081.86613375,268532367.41810983
2025-06-28 09:00:00,4.023,4.063,3.968,4.053,43488592.63844158,174129666.17742506
2025-06-29 09:00:00,4.043,4.115,4.002,4.097,47469716.07435591,192310038.9195873
2025-06-30 09:00:00,4.1,4.111,3.965,3.997,98336643.78526141,394578561.1484318
2025-07-01 09:00:00,3.983,3.988,3.86,3.873,88632859.93900853,347712338.08257866
2025-07-02 09:00:00,3.873,4.109,3.852,4.032,267313895.1300757,1056242291.0316366
2025-07-03 09:00:00,4.052,4.144,4.039,4.12,202204324.81888565,826576760.0652999
2025-07-04 09:00:00,4.121,4.133,3.97,4.017,123108540.11924593,495873498.00408167
2025-07-05 09:00:00,4.013,4.06,3.978,4.002,81480112.5398243,327228187.14879316
2025-07-06 09:00:00,4.002,4.089,3.955,4.03,60536474.35147369,242207799.34393623
2025-07-07 09:00:00,4.035,4.087,4.008,4.072,80783204.14132407,327489169.57970876
2025-07-08 09:00:00,4.084,4.325,4.061,4.149,575001511.8395216,2399129998.958435
2025-07-09 09:00:00,4.149,4.248,4.139,4.232,219371331.39635736,918407942.2718953
2025-07-10 09:00:00,4.221,4.34,4.2,4.309,166477652.76643258,709255538.4125197
2025-07-11 09:00:00,4.311,4.478,4.286,4.371,343965383.6116267,1510836592.450593
2025-07-12 09:00:00,4.371,4.771,4.309,4.527,525837111.73970103,2407270066.214327
2025-07-13 09:00:00,4.531,4.62,4.454,4.585,246168455.68479037,1117009335.09174
2025-07-14 09:00:00,4.581,4.715,4.506,4.574,301337539.5749562,1394953555.88007
2025-07-15 09:00:00,4.589,4.67,4.405,4.652,215587111.51365387,974074115.6842703
2025-07-16 09:00:00,4.652,4.836,4.611,4.7,504713519.5721377,2381922390.684117
2025-07-17 09:00:00,4.703,4.793,4.62,4.756,275598869.52048546,1298903914.4345093
2025-07-18 09:00:00,4.756,4.917,4.383,4.478,737314153.9470136,3431308452.7085958
2025-07-19 09:00:00,4.5,4.594,4.404,4.526,399998932.01831657,1786438006.9693098
2025-07-20 09:00:00,4.526,4.888,4.508,4.748,521443020.97626597,2458331305.4578094
2025-07-21 09:00:00,4.757,4.986,4.666,4.94,550479149.9558157,2688997301.9360785
2025-07-22 09:00:00,4.94,4.952,4.732,4.915,399104756.4533656,1930855666.0447905
2025-07-23 09:00:00,4.913,4.916,4.454,4.623,505344548.6197356,2384189488.3561134
2025-07-24 09:00:00,4.617,4.646,4.293,4.51,305940135.67899567,1367606771.9047537
2025-07-25 09:00:00,4.518,4.599,4.387,4.594,182107107.7613025,817752105.452143
2025-07-26 09:00:00,4.6,4.63,4.55,4.613,76700801.11686702,352273046.55887157
2025-07-27 09:00:00,4.614,4.724,4.566,4.723,128857352.82587196,599402291.4980524
2025-07-28 09:00:00,4.724,4.76,4.5,4.524,181999300.33613065,844439344.5444351
2025-07-29 09:00:00,4.518,4.596,4.38,4.443,167615962.07436907,751720735.553727
2025-07-30 09:00:00,4.441,4.575,4.321,4.41,384215339.731338,1695644907.172543
2025-07-31 09:00:00,4.43,4.89,4.39,4.57,3254399751.562402,14939976423.532112
2025-08-01 09:00:00,4.57,5.3,4.51,4.75,20538431115.15097,102112274543.22446
2025-08-02 09:00:00,4.77,4.92,4.39,4.44,3552981315.2592964,16559606334.29377
2025-08-03 09:00:00,4.45,4.46,4.31,4.43,802216781.117879,3508886709.0235043
2025-08-04 09:00:00,4.43,4.47,4.32,4.46,519750753.80884904,2285721614.6903768
2025-08-05 09:00:00,4.46,4.46,4.31,4.34,337418291.7741488,1477769001.0258896
2025-08-06 09:00:00,4.34,4.44,4.24,4.34,484252994.30996954,2094674148.6613612
2025-08-07 09:00:00,4.35,4.39,4.26,4.39,329063541.0475366,1424027325.4303503
2025-08-08 09:00:00,4.39,4.43,4.33,4.41,245975325.76183757,1077043386.5922396
2025-08-09 09:00:00,4.41,4.5,4.38,4.46,279654886.00673944,1245338487.4994233
2025-08-10 09:00:00,4.45,4.5,4.32,4.43,318137496.8589318,1406553557.1565123
2025-08-11 09:00:00,4.43,4.47,4.29,4.31,295211271.984292,1289246788.1402726
2025-08-12 09:00:00,4.31,4.45,4.23,4.39,287162939.3364201,1239886611.0523431
2025-08-13 09:00:00,4.4,4.49,4.34,4.47,220355762.20225805,974393089.7547596
2025-08-14 09:00:00,4.47,4.49,4.25,4.32,307663694.30594456,1344347457.6462748
2025-08-15 09:00:00,4.32,4.37,4.24,4.34,109962193.46908565,474197087.7486952
2025-08-16 09:00:00,4.33,4.39,4.3,4.38,51410621.43599233,223212471.58984774
2025-08-17 09:00:00,4.38,4.42,4.34,4.38,76475162.33261801,334721433.31861544
2025-08-18 09:00:00,4.36,4.36,4.19,4.27,226400166.3323843,960899681.9296132
2025-08-19 09:00:00,4.27,4.3,4.1,4.12,172978768.18561855,727636020.0723045
2025-08-20 09:00:00,4.13,4.26,4.11,4.22,130072962.6981106,543987569.0938431
2025-08-21 09:00:00,4.22,4.59,4.19,4.59,549091320.649012,2416035886.9557214
2025-08-22 09:00:00,4.58,4.59,4.29,4.56,779157874.0018688,3467098867.462584
2025-08-23 09:00:00,4.55,4.61,4.45,4.5,220711890.72156367,996063333.5881186
2025-08-24 09:00:00,4.49,4.52,4.35,4.37,147314068.57249373,651558725.7170413
2025-08-25 09:00:00,4.4,4.64,4.32,4.38,2239830682.582807,10078824245.274446
2025-08-26 09:00:00,4.38,4.41,4.22,4.39,266770005.98976147,1147718796.6080344
2025-08-27 09:00:00,4.39,4.4,4.29,4.32,165007215.8932884,715811565.5711823
2025-08-28 09:00:00,4.33,4.42,4.25,4.42,220660161.23399085,958918589.1804562
2025-08-29 09:00:00,4.42,4.42,4.2,4.3,200045899.23369622,860215801.8598562
2025-08-30 09:00:00,4.31,4.33,4.22,4.29,63322651.35539805,271121462.7027821
2025-08-31 09:00:00,4.3,4.36,4.24,4.27,93512900.88732742,402197825.81258494
2025-09-01 09:00:00,4.26,4.27,4.11,4.16,179413887.86653492,750510444.615968
2025-09-02 09:00:00,4.15,4.24,4.12,4.24,58537076.52538184,244571905.81718788
2025-09-03 09:00:00,4.24,4.24,4.13,4.19,71943622.59910198,301449244.2122643
2025-09-04 09:00:00,4.18,4.21,4.12,4.16,61068242.90506779,253939811.86412072
2025-09-05 09:00:00,4.15,4.21,4.12,4.16,63583929.52206734,264515308.23180652
2025-09-06 09:00:00,4.18,4.18,4.11,4.13,57852636.87895576,239559355.62043107
2025-09-07 09:00:00,4.13,4.16,4.11,4.16,39452702.61062848,163181801.2960233
2025-09-08 09:00:00,4.16,4.21,4.13,4.21,65253047.68263616,272166336.00603527
2025-09-09 09:00:00,4.2,4.27,4.15,4.22,136029495.70732984,573345005.8463503
2025-09-10 09:00:00,4.22,4.26,4.2,4.25,88927460.14273731,375758827.00801575
2025-09-11 09:00:00,4.25,4.26,4.16,4.21,114498229.47779182,482072531.47234756
2025-09-12 09:00:00,4.2,4.24,4.18,4.23,120278370.45939542,506933322.44452953
2025-09-13 09:00:00,4.23,4.31,4.2,4.28,193719685.53810653,824441265.8969738
2025-09-14 09:00:00,4.27,4.3,4.12,4.18,188184690.8920962,789597137.2514004
2025-09-15 09:00:00,4.18,4.19,4.07,4.13,300147456.5523608,1235403462.1145968
2025-09-16 09:00:00,4.13,4.14,4.06,4.12,110160831.75174356,451319759.96284723
2025-09-17 09:00:00,4.14,4.17,4.07,4.17,100578792.99293907,412841326.3215531
2025-09-18 09:00:00,4.17,4.2,4.13,4.18,106136554.61440986,441322503.961856
2025-09-19 09:00:00,4.18,4.19,4.08,4.1,95381336.68979861,394279027.19365144
2025-09-20 09:00:00,4.1,4.13,4.08,4.13,59213221.09470789,243072795.96704465
2025-09-21 09:00:00,4.13,4.13,4.051,4.06,127951172.10069151,523405869.1517198
2025-09-22 09:00:00,4.06,4.07,3.84,3.92,361182717.12885046,1422792871.3656247
2025-09-23 09:00:00,3.91,3.93,3.86,3.87,153933091.50065118,599748791.5333738
2025-09-24 09:00:00,3.87,3.9,3.81,3.87,127361373.07313801,491611580.45978886
2025-09-25 09:00:00,3.87,3.87,3.71,3.72,248584897.28149116,941070120.0305735
2025-09-26 09:00:00,3.73,3.77,3.7,3.75,105097989.11971153,392309477.54152095
2025-09-27 09:00:00,3.75,3.76,3.71,3.74,55187040.79377891,206127596.32065442
2025-09-28 09:00:00,3.74,3.77,3.65,3.76,72043271.66347449,266445026.30739433
2025-09-29 09:00:00,3.77,3.78,3.65,3.73,158576909.658266,589524165.0000494
2025-09-30 09:00:00,3.73,3.9,3.65,3.67,441608819.150356,1656233322.4809473
2025-10-01 09:00:00,3.68,3.84,3.65,3.84,155960800.92482615,582755375.4555273
2025-10-02 09:00:00,3.82,3.91,3.79,3.87,147793778.29454902,569810726.0324737
2025-10-03 09:00:00,3.88,3.9,3.8,3.87,102769842.47428359,395713741.76284796
2025-10-04 09:00:00,3.87,3.89,3.77,3.8,96241889.11292243,369249805.7569569
2025-10-05 09:00:00,3.8,3.91,3.75,3.81,111266180.2154384,425394453.51452833
2025-10-06 09:00:00,3.8,3.88,3.77,3.84,104894545.42389272,401052781.2505809
2025-10-07 09:00:00,3.84,3.86,3.71,3.73,108367543.54605785,409983114.2570034
2025-10-08 09:00:00,3.73,3.8,3.7,3.78,75231017.0520897,281063858.1640104
2025-10-09 09:00:00,3.78,3.95,3.74,3.81,551337405.6190578,2116571788.444903
2025-10-10 09:00:00,3.79,3.82,3.0,3.22,463560780.4779379,1627743977.060192
2025-10-11 09:00:00,3.22,3.62,3.01,3.23,479968500.289021,1577468249.683211
2025-10-12 09:00:00,3.23,3.39,3.12,3.36,120383724.75225697,394124126.8811982
2025-10-13 09:00:00,3.35,3.49,3.29,3.47,204163345.67508933,693242349.2941052
2025-10-14 09:00:00,3.48,3.54,3.3,3.44,240256617.4598622,824787298.4094601
2025-10-15 09:00:00,3.46,3.49,3.3,3.35,96708626.24122408,328533384.1387959
2025-10-16 09:00:00,3.35,3.35,3.19,3.21,119399785.29558048,390677621.8595607
2025-10-17 09:00:00,3.21,3.24,3.0,3.11,205496908.32828307,635391181.2742331
2025-10-18 09:00:00,3.11,3.15,3.08,3.09,56131888.46001876,174735303.87863764
2025-10-19 09:00:00,3.11,3.17,3.05,3.12,46352824.75191862,144052709.70428276
2025-10-20 09:00:00,3.13,3.16,3.08,3.13,67850625.43068539,211853652.78733072
2025-10-21 09:00:00,3.13,3.2,3.04,3.06,150865644.63232258,468449402.9108326
2025-10-22 09:00:00,3.06,3.11,3.01,3.04,140905801.67480248,430734885.09713346
2025-10-23 09:00:00,3.03,3.05,3.0,3.02,129305369.94218524,390767054.79342586
2025-10-24 09:00:00,3.02,3.07,3.0,3.03,69836391.3781114,211741086.14806184
2025-10-25 09:00:00,3.03,3.04,3.0,3.02,64688348.66056733,195029271.8440624
2025-10-26 09:00:00,3.03,3.12,3.01,3.08,88812669.89673242,271777785.064884
2025-10-27 09:00:00,3.1,3.15,3.02,3.04,76933532.56753759,237104610.97923797
2025-10-28 09:00:00,3.05,3.07,2.93,2.96,144043786.7746362,431554507.52108335
2025-10-29 09:00:00,2.96,3.02,2.91,2.99,116388434.74573955,345342549.6273501
2025-10-30 09:00:00,2.99,3.01,2.83,2.9,160176451.05616623,463549330.2972119
2025-10-31 09:00:00,2.91,2.92,2.83,2.88,96465930.7787412,278385355.8379509
2025-11-01 09:00:00,2.88,2.94,2.84,2.93,53869963.25730944,156090856.415049
2025-11-02 09:00:00,2.93,2.94,2.84,2.93,66557240.1527703,193771356.11945185
2025-11-03 09:00:00,2.93,2.93,2.63,2.63,258572366.32579482,709472653.977674
2025-11-04 09:00:00,2.65,2.72,2.44,2.53,290041961.9268378,744542018.8821284
2025-11-05 09:00:00,2.53,2.68,2.35,2.68,252500422.95351568,624460032.452445
2025-11-06 09:00:00,2.68,2.91,2.55,2.86,351891414.5300943,978041106.4740176
2025-11-07 09:00:00,2.87,3.35,2.81,3.18,1932670689.6389887,5906989233.172022
2025-11-08 09:00:00,3.16,3.53,2.96,3.06,974109746.3424771,3145575890.6559405
2025-11-09 09:00:00,3.05,3.08,2.96,3.03,116982211.02388486,352361481.5906314
2025-11-10 09:00:00,3.02,3.08,2.98,3.04,132979635.7630206,402767543.71540076
2025-11-11 09:00:00,3.04,3.08,2.95,2.97,288394190.47423095,870412973.0612438
2025-11-12 09:00:00,2.96,3.09,2.9,2.97,232882605.01152056,698175426.8556466
2025-11-13 09:00:00,2.96,3.0,2.77,2.83,139212306.0508069,404635130.9015292
2025-11-14 09:00:00,2.83,2.84,2.68,2.75,193394133.17790654,532501738.62267554
2025-11-15 09:00:00,2.74,2.83,2.74,2.81,48809758.29302733,136237068.13493982
2025-11-16 09:00:00,2.81,2.81,2.61,2.65,105980711.97543274,287459841.90760523
2025-11-17 09:00:00,2.65,2.71,2.53,2.58,114178182.30414903,301076021.6074125
2025-11-18 09:00:00,2.59,2.66,2.51,2.63,112324706.39516388,286864229.43436575
2025-11-19 09:00:00,2.63,2.63,2.48,2.57,109621232.63941291,281192039.38975626
2025-11-20 09:00:00,2.57,2.67,2.48,2.48,96523190.8216576,249608710.08563954
2025-11-21 09:00:00,2.49,2.53,2.28,2.39,296638533.71629965,707614204.5439881
2025-11-22 09:00:00,2.39,2.42,2.29,2.38,175769492.28229392,415653654.1114823
2025-11-23 09:00:00,2.38,2.48,2.38,2.42,281046728.5724188,680100982.532606
2025-11-24 09:00:00,2.42,2.46,2.36,2.44,153356424.83217043,369388058.90566504
2025-11-25 09:00:00,2.43,2.52,2.43,2.47,216829587.6120739,536246764.78114384
2025-11-26 09:00:00,2.47,2.5,2.43,2.5,100713175.34420569,248879583.87815878
2025-11-27 09:00:00,2.51,2.56,2.48,2.56,122157535.43387635,307538192.9865023
2025-11-28 09:00:00,2.54,2.94,2.5,2.62,1011438149.3199273,2750675917.798428
2025-11-29 09:00:00,2.61,2.97,2.58,2.71,856698550.6591585,2370919698.533276
2025-11-30 09:00:00,2.71,2.72,2.52,2.54,263152415.55539104,683885960.6825886
2025-12-01 09:00:00,2.54,2.54,2.34,2.42,311360933.8028136,752041739.3292433
2025-12-02 09:00:00,2.42,2.56,2.38,2.53,176136900.58175176,434653163.94733876
2025-12-03 09:00:00,2.53,2.56,2.48,2.56,92418028.06017248,233252002.06410414
2025-12-04 09:00:00,2.56,2.57,2.46,2.49,77349181.32708846,195214396.79891375
2025-12-05 09:00:00,2.49,2.5,2.39,2.44,77492460.86036688,189948435.36517388
2025-12-06 09:00:00,2.43,2.52,2.42,2.49,62009873.24539223,152750353.92276293
2025-12-07 09:00:00,2.49,2.5,2.38,2.45,63310146.61447529,155054169.3038563
2025-12-08 09:00:00,2.44,2.51,2.42,2.47,62051105.5585108,153588652.70180893
2025-12-09 09:00:00,2.46,2.55,2.44,2.51,68748053.45674533,170242084.31191286
2025-12-10 09:00:00,2.5,2.53,2.43,2.44,77015618.09403218,191693835.80758193
2025-12-11 09:00:00,2.44,2.45,2.36,2.42,89530713.67956242,214372619.05185828
2025-12-12 09:00:00,2.42,2.44,2.32,2.37,91207872.85023458,217090261.01306218
2025-12-13 09:00:00,2.37,2.39,2.35,2.39,59080512.78249667,140135059.1005419
2025-12-14 09:00:00,2.4,2.43,2.28,2.31,139203852.82156092,327139489.6616234
2025-12-15 09:00:00,2.31,2.33,2.16,2.18,105543519.18759869,238392890.40070307
2025-12-16 09:00:00,2.18,2.2,2.14,2.15,116093061.77053793,251524630.75971273
2025-12-17 09:00:00,2.16,2.19,2.05,2.08,193447456.58963558,406569296.67104626
2025-12-18 09:00:00,2.06,2.1,2.0,2.01,116153747.36013938,237026417.52009386
2025-12-19 09:00:00,2.02,2.12,1.99,2.12,92485190.74987763,189214030.198455
2025-12-20 09:00:00,2.12,2.13,2.08,2.11,60131931.12122329,126338884.45736025
2025-12-21 09:00:00,2.12,2.22,2.06,2.1,541478021.1736337,1162440468.9681673
2025-12-22 09:00:00,2.09,2.15,2.08,2.13,114502886.4351486,242732699.9481642
2025-12-23 09:00:00,2.14,2.4,2.11,2.21,2221754967.812757,4977469355.862105
2025-12-24 09:00:00,2.19,2.28,2.1,2.16,487144845.2603068,1061785107.1208204
2025-12-25 09:00:00,2.16,2.18,2.12,2.13,161548050.26605317,347112291.34204704
2025-12-26 09:00:00,2.14,2.15,2.09,2.12,96380940.4522077,203505152.63524327
2025-12-27 09:00:00,2.11,2.32,2.05,2.27,379843351.7876025,830981924.5131288
2025-12-28 09:00:00,2.26,2.3,2.14,2.17,274090345.27850026,606947326.5521687
2025-12-29 09:00:00,2.16,2.2,2.13,2.14,129159039.3326131,280426790.3102816
2025-12-30 09:00:00,2.13,2.18,2.09,2.12,199276520.19003025,426737962.1571904
2025-12-31 09:00:00,2.14,2.2,2.09,2.13,184732235.92965797,395461669.7840167
2026-01-01 09:00:00,2.13,2.25,2.11,2.2,114917884.4080842,248342934.90464345
2026-01-02 09:00:00,2.2,2.26,2.17,2.24,122519556.62536088,271077747.7844523
2026-01-03 09:00:00,2.25,2.28,2.22,2.28,118623072.13507862,266360887.12146467
2026-01-04 09:00:00,2.28,2.42,2.26,2.38,233073077.69798788,550066745.0946733
2026-01-05 09:00:00,2.38,2.49,2.36,2.46,329173522.1847877,801588036.8537204
2026-01-06 09:00:00,2.46,2.5,2.42,2.48,111323987.49945843,272987752.50102276
2026-01-07 09:00:00,2.48,2.71,2.45,2.49,870754024.5529321,2234071222.345088
2026-01-08 09:00:00,2.48,2.61,2.4,2.49,414363736.56194997,1041291945.5964984
2026-01-09 09:00:00,2.48,2.54,2.44,2.51,143067076.32648817,355195244.1500414
2026-01-10 09:00:00,2.51,2.54,2.47,2.48,103961163.43266644,260581202.55258423
2026-01-11 09:00:00,2.47,2.49,2.4,2.4,79634931.30873393,194668648.05254114
2026-01-12 09:00:00,2.41,2.63,2.31,2.39,574239588.0010452,1412615564.1501744
2026-01-13 09:00:00,2.38,2.53,2.38,2.5,99460333.03771259,243887232.3813602
2026-01-14 09:00:00,2.5,2.57,2.49,2.53,168920478.2640024,426094050.84605163
2026-01-15 09:00:00,2.53,2.59,2.42,2.43,127936204.96581969,319262360.2881362
2026-01-16 09:00:00,2.42,2.46,2.41,2.46,57177618.67991368,139430615.4488969
2026-01-17 09:00:00,2.45,2.57,2.45,2.5,241645130.32030043,604648572.6228272
2026-01-18 09:00:00,2.5,2.51,2.38,2.39,103615536.00996608,254777207.7645918
2026-01-19 09:00:00,2.38,2.53,2.3,2.37,345530724.8558549,828976930.813649
2026-01-20 09:00:00,2.35,2.37,2.25,2.27,131262243.857353,302560384.40180296
2026-01-21 09:00:00,2.26,2.32,2.23,2.29,110422666.78166436,251688040.38485336
2026-01-22 09:00:00,2.28,2.33,2.24,2.25,90741472.25901008,206962102.9796586
2026-01-23 09:00:00,2.25,2.3,2.24,2.26,111284164.19894798,252204312.10785812
2026-01-24 09:00:00,2.26,2.27,2.23,2.26,70234778.02875035,157740479.44313255
2026-01-25 09:00:00,2.26,2.27,2.16,2.18,169476396.052245,376887455.11996126
2026-01-26 09:00:00,2.19,2.22,2.15,2.19,127661535.26665159,278247409.44647795
2026-01-27 09:00:00,2.2,2.2,2.15,2.18,113024039.2032908,246226769.01604417
2026-01-28 09:00:00,2.18,2.2,2.13,2.16,84650754.78059188,183687980.2572391
2026-01-29 09:00:00,2.16,2.16,2.01,2.02,188745378.73513487,392948474.5159733
2026-01-30 09:00:00,2.03,2.19,1.96,2.05,365702065.29325855,748782480.0662395
2026-01-31 09:00:00,2.05,2.06,1.9,1.97,253624893.6214845,502938456.61191225
2026-02-01 09:00:00,1.97,2.03,1.9,1.92,387655925.4801406,761238381.5506399
2026-02-02 09:00:00,1.92,2.02,1.88,2.0,343829467.2090533,671142047.1983246
2026-02-03 09:00:00,1.98,2.13,1.95,1.99,670903930.4205211,1357938702.6257477
2026-02-04 09:00:00,2.0,2.04,1.92,1.93,214737570.2322483,423956363.07461315
2026-02-05 09:00:00,1.95,2.07,1.65,1.67,923675148.9189563,1747815914.8863423
2026-02-06 09:00:00,1.67,1.86,1.557,1.83,270596073.6516688,460422922.68089414
2026-02-07 09:00:00,1.83,1.84,1.76,1.81,122631422.11157742,221011085.34448886
2026-02-08 09:00:00,1.81,1.88,1.79,1.81,156657530.16894415,286550932.6288915
2026-02-09 09:00:00,1.82,1.82,1.73,1.77,151951063.59538698,270234391.33903587
2026-02-10 09:00:00,1.77,1.78,1.73,1.74,68453336.13047054,120143520.68405338
2026-02-11 09:00:00,1.74,1.75,1.67,1.71,109706131.08425324,187213671.86710012
2026-02-12 09:00:00,1.71,1.76,1.7,1.73,98903003.8347714,171298330.99072132
2026-02-13 09:00:00,1.73,1.79,1.7,1.77,191334620.5948933,333946861.75352347
2026-02-14 09:00:00,1.77,1.84,1.76,1.84,251497006.17675436,454620013.95797664
2026-02-15 09:00:00,1.84,1.87,1.77,1.79,184257988.6311166,334982798.3537257
2026-02-16 09:00:00,1.79,1.92,1.78,1.82,412294900.1166794,751582716.528711
2026-02-17 09:00:00,1.8,1.82,1.77,1.78,96404726.94539846,172529436.651485
2026-02-18 09:00:00,1.78,2.01,1.71,1.74,1834307014.5363147,3437084850.6802325
2026-02-19 09:00:00,1.73,1.73,1.66,1.68,308315373.5579525,520105586.15302455
2026-02-20 09:00:00,1.69,1.72,1.64,1.72,246339430.45328945,412705552.4631419
2026-02-21 09:00:00,1.72,1.75,1.69,1.71,105924904.82993668,181724294.4753368
2026-02-22 09:00:00,1.71,1.71,1.64,1.66,128116805.04128838,213690296.60645574
2026-02-23 09:00:00,1.66,1.66,1.57,1.61,156119234.14194033,249759667.29475543
2026-02-24 09:00:00,1.6,1.62,1.57,1.59,123112274.23412395,195928753.27629542
2026-02-25 09:00:00,1.6,1.67,1.59,1.64,167336607.2619093,273471910.06653845
2026-02-26 09:00:00,1.65,1.67,1.58,1.62,144847117.83561942,234711654.00057817
2026-02-27 09:00:00,1.62,1.64,1.59,1.62,96051750.73575036,155015804.59543782
2026-02-28 09:00:00,1.62,1.63,1.54,1.61,273354369.1786419,430839704.20657444
2026-03-01 09:00:00,1.62,1.65,1.56,1.59,120123204.73201533,192793124.37668338
2026-03-02 09:00:00,1.59,1.64,1.57,1.6,124417247.90482774,199075233.85627514
2026-03-03 09:00:00,1.6,1.61,1.56,1.58,129846783.39303397,205398181.74917716
2026-03-04 09:00:00,1.58,1.62,1.53,1.58,181034879.75734758,284161195.96956074
2026-03-05 09:00:00,1.58,1.61,1.57,1.59,119383990.48463568,189576523.12694344
2026-03-06 09:00:00,1.59,1.61,1.56,1.58,103392469.30348685,163153765.18910512
2026-03-07 09:00:00,1.56,1.58,1.54,1.55,47527609.18876094,73999059.18642993
2026-03-08 09:00:00,1.55,1.56,1.52,1.53,66997358.75090133,103092163.51446858
2026-03-09 09:00:00,1.52,1.55,1.51,1.52,100725464.02924496,153967233.82014313
2026-03-10 09:00:00,1.52,1.55,1.51,1.52,125713548.95201725,192175548.5642427
2026-03-11 09:00:00,1.52,1.54,1.51,1.52,125492278.9245597,191507444.69840196
2026-03-12 09:00:00,1.53,1.54,1.51,1.52,96329592.14085294,146908839.00069147
2026-03-13 09:00:00,1.53,1.56,1.52,1.53,171358449.68869442,263492601.8430582
2026-03-14 09:00:00,1.53,1.54,1.52,1.53,82764348.6745569,126595062.60561495
2026-03-15 09:00:00,1.53,1.65,1.53,1.54,552636453.9144524,867993826.8391011
2026-03-16 09:00:00,1.55,1.61,1.54,1.59,543423210.0047554,859012805.5901066
2026-03-17 09:00:00,1.6,1.67,1.56,1.64,534610764.5891118,859128787.4578708
2026-03-18 09:00:00,1.63,1.65,1.55,1.57,488622787.12525886,778783455.2919408
2026-03-19 09:00:00,1.56,1.6,1.52,1.55,230936053.09851572,358503019.1288659
2026-03-20 09:00:00,1.55,1.59,1.54,1.57,140870832.82086828,220035309.70667225
2026-03-21 09:00:00,1.56,1.59,1.54,1.54,83375647.5221224,130550226.40374395
2026-03-22 09:00:00,1.54,1.55,1.5,1.5,149390538.0456312,227547804.31218016
2026-03-23 09:00:00,1.51,1.53,1.47,1.5,226661906.34360293,341187189.03136927
2026-03-24 09:00:00,1.51,1.58,1.5,1.53,577352396.4463478,888393121.0380884
2026-03-25 09:00:00,1.53,1.54,1.5,1.53,185886820.1239646,282301497.90155786
2026-03-26 09:00:00,1.52,1.53,1.47,1.48,146655160.2570419,219339678.33518636
2026-03-27 09:00:00,1.48,1.5,1.43,1.44,242209866.28286108,353491875.31658006
2026-03-28 09:00:00,1.44,1.44,1.4,1.41,159466301.4983065,225385646.41492164
2026-03-29 09:00:00,1.41,1.42,1.35,1.35,140193066.1835363,194746561.7113748
2026-03-30 09:00:00,1.36,1.39,1.34,1.38,152244525.0071276,208901375.89204165
2026-03-31 09:00:00,1.38,1.39,1.36,1.39,158948321.3759488,218760973.59439954
2026-04-01 09:00:00,1.39,1.42,1.38,1.4,102161352.0695824,142514035.58512712
2026-04-02 09:00:00,1.41,1.42,1.35,1.37,180417792.3586828,248454348.55376267
2026-04-03 09:00:00,1.38,1.41,1.37,1.4,124570405.5933039,172998494.22913966
2026-04-04 09:00:00,1.4,1.43,1.38,1.41,109529469.84623736,153536017.70844162
2026-04-05 09:00:00,1.4,1.58,1.38,1.42,1633646446.569957,2413001055.6319814
2026-04-06 09:00:00,1.42,1.44,1.4,1.43,262691002.78055274,373456753.3475174
2026-04-07 09:00:00,1.43,1.45,1.39,1.44,216060977.18745965,304454307.5085818
2026-04-08 09:00:00,1.44,1.51,1.42,1.43,395978226.5446967,578097570.8292934
2026-04-09 09:00:00,1.43,1.47,1.41,1.45,137692367.46156973,197454908.32268754
2026-04-10 09:00:00,1.44,1.48,1.44,1.46,136943390.4178722,199375611.24425653
2026-04-11 09:00:00,1.47,1.47,1.44,1.45,86138017.17450276,125289401.91838206
2026-04-12 09:00:00,1.46,1.46,1.39,1.41,118128736.02592948,167448461.2793896
2026-04-13 09:00:00,1.41,1.44,1.38,1.44,122301376.00248612,172419216.8017878
2026-04-14 09:00:00,1.44,1.44,1.4,1.41,84087802.53872244,119079489.93911317
2026-04-15 09:00:00,1.41,1.43,1.4,1.43,122775656.52008028,174355515.20134494
2026-04-16 09:00:00,1.43,1.47,1.42,1.45,196686157.95401633,282595434.9711749
2026-04-17 09:00:00,1.46,1.5,1.44,1.5,215440806.75303668,316196423.54454917
2026-04-18 09:00:00,1.49,1.51,1.45,1.47,181433873.14628798,267841745.44279578
2026-04-19 09:00:00,1.47,1.47,1.43,1.44,106954794.92167957,154874283.6609156
2026-04-20 09:00:00,1.44,1.45,1.43,1.45,113150404.64841235,162990890.89385733
2026-04-21 09:00:00,1.45,1.45,1.42,1.43,93673883.56601726,134097707.67444324
2026-04-22 09:00:00,1.43,1.45,1.42,1.43,149975014.7878619,215429624.90888593
2026-04-23 09:00:00,1.43,1.43,1.4,1.41,147684040.47733125,208504031.68162277
2026-04-24 09:00:00,1.41,1.43,1.4,1.43,91299580.11012004,129380690.51082776
2026-04-25 09:00:00,1.42,1.45,1.41,1.42,160273790.58732063,229481955.2362591
2026-04-26 09:00:00,1.42,1.43,1.41,1.43,127736918.73936214,181260332.7462834
2026-04-27 09:00:00,1.42,1.44,1.39,1.41,159436317.19702864,224728212.93138698
2026-04-28 09:00:00,1.4,1.41,1.39,1.4,113715513.821995,159241631.4808815
2026-04-29 09:00:00,1.4,1.41,1.37,1.38,133182689.52387334,185129474.75111547
2026-04-30 09:00:00,1.38,1.39,1.36,1.36,106427712.007691,146047256.7424249
2026-05-01 09:00:00,1.36,1.38,1.36,1.37,44223602.80579161,60687876.96633961
2026-05-02 09:00:00,1.37,1.39,1.35,1.38,53553133.02973029,73208102.8188531
2026-05-03 09:00:00,1.39,1.39,1.35,1.37,105914597.21416195,144932562.45500576
2026-05-04 09:00:00,1.36,1.39,1.35,1.37,145489494.17904836,199232951.03146225
2026-05-05 09:00:00,1.37,1.4,1.36,1.38,162366151.1270707,225367284.8284149
2026-05-06 09:00:00,1.39,1.55,1.39,1.45,4519599412.913709,6658508229.810699
2026-05-07 09:00:00,1.44,1.45,1.4,1.42,474347558.7399827,671847936.34986
2026-05-08 09:00:00,1.42,1.47,1.4,1.46,314516067.62266797,448768072.4731976
2026-05-09 09:00:00,1.46,1.52,1.44,1.46,322428268.9487482,475078223.2935204
2026-05-10 09:00:00,1.47,1.5,1.44,1.49,374435305.6917317,548546437.543396
2026-05-11 09:00:00,1.48,1.57,1.46,1.54,753514554.9398059,1136775355.272603
2026-05-12 09:00:00,1.54,1.55,1.46,1.49,253118935.56870213,378884031.06021863
2026-05-13 09:00:00,1.48,1.5,1.43,1.44,213326972.32803676,311837321.3259049
2026-05-14 09:00:00,1.43,1.47,1.42,1.44,164803638.76507592,237509557.6180439
2026-05-15 09:00:00,1.44,1.45,1.39,1.41,311764501.9809687,443562011.41945046
2026-05-16 09:00:00,1.41,1.44,1.38,1.4,358161816.0284491,502953951.89660037
2026-05-17 09:00:00,1.4,1.41,1.37,1.37,137693165.4365595,191074620.1633036
2026-05-18 09:00:00,1.38,1.39,1.35,1.37,183460700.55177456,250677357.15185976
2026-05-19 09:00:00,1.37,1.38,1.36,1.36,91000167.32548182,124500209.0423974
2026-05-20 09:00:00,1.36,1.38,1.35,1.37,87417884.87290373,118931106.8465681
2026-05-21 09:00:00,1.37,1.38,1.36,1.37,108949275.82542638,148916534.80670643
2026-05-22 09:00:00,1.38,1.4,1.37,1.37,227941560.09448996,315508545.0816905
2026-05-23 09:00:00,1.37,1.39,1.35,1.39,231821109.4907257,317724667.067011
2026-05-24 09:00:00,1.38,1.4,1.36,1.38,139628806.47026157,192175576.19256207
2026-05-25 09:00:00,1.38,1.4,1.37,1.38,117631154.32945363,162315798.9329876
2026-05-26 09:00:00,1.38,1.39,1.34,1.35,189761283.36262342,257780565.38084966
2026-05-27 09:00:00,1.36,1.36,1.33,1.34,138074654.51670974,185030565.32455432
2026-05-28 09:00:00,1.34,1.34,1.25,1.32,275281392.63349766,353819134.3809417
2026-05-29 09:00:00,1.32,1.32,1.28,1.31,143874276.1948546,186703734.2944065
2026-05-30 09:00:00,1.31,1.32,1.3,1.31,84746266.15521164,110940946.58299787
2026-05-31 09:00:00,1.31,1.35,1.3,1.33,175408321.38592178,233013207.56731644
2026-06-01 09:00:00,1.33,1.34,1.28,1.3,99804076.7239249,130250530.41457565
2026-06-02 09:00:00,1.3,1.3,1.23,1.24,244234276.8100396,307620841.813636
2026-06-03 09:00:00,1.24,1.27,1.23,1.25,103730524.72348516,129027336.81963024
2026-06-04 09:00:00,1.25,1.25,1.12,1.15,248505563.8729616,292960964.88523
2026-06-05 09:00:00,1.16,1.17,1.03,1.04,394773250.89799833,429721614.1354033
2026-06-06 09:00:00,1.05,1.13,1.004,1.05,682708238.3575522,726341181.9695746
2026-06-07 09:00:00,1.05,1.08,1.03,1.06,195487523.90781137,207386212.32346675
2026-06-08 09:00:00,1.06,1.09,1.05,1.09,95704149.84923224,102034013.34202144
2026-06-09 09:00:00,1.09,1.09,1.03,1.04,95951549.75641477,100752495.09805611
2026-06-10 09:00:00,1.05,1.07,1.02,1.04,183676266.2449835,191502698.1752779
2026-06-11 09:00:00,1.04,1.1,1.04,1.09,134250685.3094955,143284120.1460338
2026-06-12 09:00:00,1.08,1.11,1.06,1.1,60294407.18038228,65398697.78408741
2026-06-13 09:00:00,1.09,1.12,1.08,1.1,42691735.86059151,46995658.37894022
2026-06-14 09:00:00,1.1,1.11,1.06,1.11,99404684.28955127,107927557.3958054
2026-06-15 09:00:00,1.1,1.13,1.06,1.1,116538714.1370548,127745659.18066163
2026-06-16 09:00:00,1.11,1.14,1.09,1.12,90619515.99298728,100421016.78852575
2026-06-17 09:00:00,1.11,1.12,1.09,1.1,58060429.58077845,64079301.56475193
2026-06-18 09:00:00,1.1,1.1,1.05,1.05,60140335.69179368,64239005.32727336
2026-06-19 09:00:00,1.05,1.07,1.03,1.05,45653529.92328392,47707117.19722385
2026-06-20 09:00:00,1.05,1.21,1.04,1.1,1344825169.8887074,1479942620.735051
2026-06-21 09:00:00,1.1,1.1,1.06,1.07,138982253.7309768,149490725.2807113
2026-06-22 09:00:00,1.06,1.09,1.03,1.04,249146421.04024005,263770249.56127486
2026-06-23 09:00:00,1.04,1.14,1.01,1.03,980746045.0889223,1042085920.5192605
2026-06-24 09:00:00,1.03,1.06,0.995,1.01,222659756.62416443,228075920.71366808
2026-06-25 09:00:00,1.01,1.03,0.971,0.975,302606362.8389845,300546927.2733467
2026-06-26 09:00:00,0.975,1.02,0.963,0.973,501269415.95867974,491939732.51754415
2026-06-27 09:00:00,0.973,1.02,0.968,0.973,375555852.3373266,373292774.2845407
2026-06-28 09:00:00,0.981,1.03,0.97,0.977,805280690.405664,799142477.4394981
2026-06-29 09:00:00,0.977,1.01,0.969,0.981,435516194.4295608,425855793.87740815
2026-06-30 09:00:00,0.981,1.02,0.951,0.965,751677324.5537435,737759528.3655328
2026-07-01 09:00:00,0.96,0.97,0.938,0.96,442387007.38584036,423934677.95333827
2026-07-02 09:00:00,0.968,0.993,0.924,0.955,645963580.8881533,613900323.0828447
2026-07-03 09:00:00,0.955,0.964,0.945,0.961,329337141.1983362,314514285.46869403
2026-07-04 09:00:00,0.963,1.1,0.959,0.985,2848435123.7767625,2851973139.168233
2026-07-05 09:00:00,0.976,0.985,0.964,0.971,478797341.4763244,464580583.3144737
2026-07-06 09:00:00,0.968,1.05,0.951,0.988,886110263.8935249,870552715.9603727
2026-07-07 09:00:00,0.989,1.07,0.962,0.966,1906476976.4415848,1927429176.786758
2026-07-08 09:00:00,0.962,0.966,0.921,0.93,721772172.5194229,678111207.9351579
2026-07-09 09:00:00,0.936,0.94,0.919,0.93,268703149.2064919,248545227.51192242
2026-07-10 09:00:00,0.923,0.943,0.922,0.931,360568498.8530599,335552967.7801888
2026-07-11 09:00:00,0.93,0.945,0.925,0.929,332032325.4265767,309899276.1648898
2026-07-12 09:00:00,0.93,1.02,0.924,0.929,3153687602.0420456,3037741026.222049
2026-07-13 09:00:00,0.925,0.93,0.9,0.902,509100053.6584276,463422884.11502194
2026-07-14 09:00:00,0.902,0.912,0.892,0.907,234763273.97048327,211205620.32530993
2026-07-15 09:00:00,0.904,0.919,0.897,0.901,212740715.46627194,192571976.6237034
2026-07-16 09:00:00,0.901,0.91,0.893,0.9,203989289.47719473,183591793.169779
2026-07-17 09:00:00,0.899,0.901,0.887,0.889,306233358.9475218,272705903.0051861
2026-07-18 09:00:00,0.893,0.905,0.886,0.893,331793830.44728535,295138583.12816346
2026-07-19 09:00:00,0.893,0.893,0.868,0.875,268737068.1212907,236121611.9889536
2026-07-20 09:00:00,0.871,0.871,0.838,0.862,433480081.4972762,369663855.4405927
2026-07-21 09:00:00,0.86,0.875,0.855,0.872,191652474.9791977,165801029.31217644
2026-07-22 09:00:00,0.872,0.875,0.855,0.858,76580036.64840679,66199891.91716034
2026-07-23 09:00:00,0.858,0.863,0.843,0.85,102011773.79539008,86817696.0951603
2026-07-24 09:00:00,0.846,0.846,0.831,0.835,143094038.52166516,120188978.95811062
2026-07-25 09:00:00,0.835,0.84,0.82,0.837,172478389.3996484,142678222.24644232
2026-07-26 09:00:00,0.837,0.868,0.825,0.832,207793537.96215147,174708586.1175793
2026-07-27 09:00:00,0.832,0.835,0.773,0.787,430492750.1162269,346949584.14019865
2026-07-28 09:00:00,0.78,0.785,0.746,0.754,260803747.66207474,198859953.05807176
2026-07-29 09:00:00,0.754,0.756,0.709,0.712,405510710.9790051,295791900.15456235
2026-07-30 09:00:00,0.711,0.725,0.704,0.716,89358312.186644,63804558.51855345
2026-07-31 09:00:00,0.717,0.74,0.712,0.725,178564670.6590925,129122896.02402851
2026-08-01 09:00:00,0.725,0.739,0.72,0.722,114174130.34997953,83114882.94497646
2026-08-02 09:00:00,0.724,0.728,0.715,0.724,113057835.87392408,81431298.04803734
2026-08-03 09:00:00,0.724,0.727,0.701,0.715,124780036.88684809,88548835.69691442
2026-08-04 09:00:00,0.715,0.718,0.703,0.711,110336939.00513503,78131508.65109824
2026-08-05 09:00:00,0.705,0.715,0.703,0.707,83225061.90491246,59059657.51698051
2026-08-06 09:00:00,0.707,0.712,0.703,0.711,137674446.22848836,97597844.70596018
2026-08-07 09:00:00,0.711,0.713,0.703,0.706,130213329.69565465,92009576.24739742
2026-08-08 09:00:00,0.706,0.714,0.701,0.713,65891175.47318906,46510521.58256847
2026-08-09 09:00:00,0.713,0.715,0.706,0.714,110389578.22689018,78514017.9053786
2026-08-10 09:00:00,0.714,0.724,0.706,0.711,100307905.00357565,71411225.39689684
2026-08-11 09:00:00,0.71,0.713,0.668,0.672,250861131.91180375,172908520.84613246
2026-08-12 09:00:00,0.677,0.739,0.652,0.66,2742258124.618106,1925874320.7712388
2026-08-13 09:00:00,0.66,0.67,0.655,0.656,205062454.2094461,135613306.41538864
2026-08-14 09:00:00,0.654,0.661,0.644,0.656,214488889.53521135,139691820.236567
2026-08-15 09:00:00,0.655,0.659,0.65,0.652,65826068.02521454,43023561.64256265
2026-08-16 09:00:00,0.652,0.665,0.65,0.658,110745000.53610823,72545919.11826725
2026-08-17 09:00:00,0.655,0.667,0.65,0.65,182937756.02782932,120012983.33502883
2026-08-18 09:00:00,0.65,0.65,0.62,0.633,144539070.91958568,91634396.12361123
2026-08-19 09:00:00,0.633,0.654,0.62,0.647,242477277.4472067,154168885.8039925
2026-08-20 09:00:00,0.651,0.684,0.646,0.682,295532559.14446425,195277677.66349217
2026-08-21 09:00:00,0.683,0.75,0.68,0.747,495566439.9625905,355162596.27577466
2026-08-22 09:00:00,0.747,1.22,0.742,0.94,41989794379.19296,40354174487.31338
2026-08-23 09:00:00,0.942,1.13,0.864,0.957,20122435750.61419,19596353642.338116
2026-08-24 09:00:00,0.957,1.01,0.888,0.903,2949773157.908068,2758385139.018284
2026-08-25 09:00:00,0.903,0.987,0.89,0.91,3288992754.373132,3051448330.7131877
2026-08-26 09:00:00,0.91,0.98,0.87,0.921,3538576208.2079782,3289404640.079764
2026-08-27 09:00:00,0.923,0.954,0.881,0.904,1461254528.5073457,1329023194.8967996
2026-08-28 09:00:00,0.902,0.904,0.868,0.877,534221621.16552204,471443565.17375636
2026-08-29 09:00:00,0.877,0.882,0.849,0.868,276267797.07345426,239152898.0439772
2026-08-30 09:00:00,0.868,0.907,0.827,0.836,683494511.9785213,593428388.0371673
2026-08-31 09:00:00,0.828,0.851,0.82,0.823,411717746.67930776,341974607.91496986
2026-09-01 09:00:00,0.825,1.16,0.825,1.14,24601656403.948814,24970579252.910698
