,open,high,low,close,volume,value
2023-05-04 09:00:00,1825.0,2070.0,1750.0,1785.0,177716016.39214274,338546860015.2906
2023-05-05 09:00:00,1790.0,1850.0,1685.0,1735.0,101280134.98637885,178232641383.25525
2023-05-06 09:00:00,1735.0,1845.0,1710.0,1785.0,100058388.31141534,177781297275.42175
2023-05-07 09:00:00,1785.0,1805.0,1625.0,1675.0,47709099.32510778,82711277121.68373
2023-05-08 09:00:00,1665.0,1675.0,1425.0,1535.0,101708778.13176344,156486160022.6342
2023-05-09 09:00:00,1530.0,1635.0,1470.0,1590.0,84030743.10361905,129124632043.9692
2023-05-10 09:00:00,1590.0,1665.0,1515.0,1580.0,107682109.7899139,171176448259.54788
2023-05-11 09:00:00,1580.0,1590.0,1415.0,1450.0,64011315.9123847,95442977262.98872
2023-05-12 09:00:00,1450.0,1520.0,1365.0,1510.0,75450732.11857799,107978188639.72264
2023-05-13 09:00:00,1505.0,1550.0,1475.0,1490.0,38520824.62537088,57873319282.30603
2023-05-14 09:00:00,1490.0,1630.0,1450.0,1570.0,67880979.0428117,105234427787.78156
2023-05-15 09:00:00,1565.0,1690.0,1525.0,1615.0,102668542.93926574,167309540568.6243
2023-05-16 09:00:00,1610.0,1630.0,1545.0,1565.0,58373714.16071556,92779928522.34724
2023-05-17 09:00:00,1570.0,1630.0,1505.0,1625.0,75318213.79264785,118061363190.46681
2023-05-18 09:00:00,1625.0,1645.0,1525.0,1545.0,53964179.55191664,85336620489.9147
2023-05-19 09:00:00,1550.0,1550.0,1505.0,1525.0,27949387.18070348,42718663773.62146
2023-05-20 09:00:00,1525.0,1525.0,1500.0,1515.0,12231508.29111532,18473202423.964737
2023-05-21 09:00:00,1510.0,1550.0,1430.0,1445.0,38596464.87146762,57399225958.57542
2023-05-22 09:00:00,1445.0,1455.0,1390.0,1405.0,31722929.35758536,44840976677.16274
2023-05-23 09:00:00,1410.0,1460.0,1375.0,1405.0,34440233.08393729,48973636753.13866
2023-05-24 09:00:00,1410.0,1410.0,1280.0,1320.0,59632877.88844038,79310938005.05989
2023-05-25 09:00:00,1315.0,1355.0,1265.0,1325.0,39836417.46598109,52192597211.07581
2023-05-26 09:00:00,1320.0,1350.0,1290.0,1330.0,26222024.79034462,34717436149.56171
2023-05-27 09:00:00,1330.0,1360.0,1315.0,1335.0,16468346.41017448,21944032848.072495
2023-05-28 09:00:00,1335.0,1425.0,1325.0,1410.0,36268227.32912152,49680094653.80293
2023-05-29 09:00:00,1410.0,1465.0,1360.0,1385.0,67709741.90362756,95590223617.96844
2023-05-30 09:00:00,1390.0,1415.0,1330.0,1335.0,50926765.44932206,69720165702.54312
2023-05-31 09:00:00,1335.0,1345.0,1275.0,1305.0,39540542.99889332,51533228574.41351
2023-06-01 09:00:00,1300.0,1310.0,1265.0,1275.0,27574750.42554291,35428643402.71411
2023-06-02 09:00:00,1270.0,1285.0,1210.0,1270.0,41737422.34917638,52169401653.2748
2023-06-03 09:00:00,1270.0,1270.0,1235.0,1250.0,18168567.81755219,22799849737.259277
2023-06-04 09:00:00,1250.0,1295.0,1245.0,1275.0,21308309.60886215,27140816152.21339
2023-06-05 09:00:00,1275.0,1285.0,1075.0,1115.0,60598050.70275608,71369035574.77402
2023-06-06 09:00:00,1115.0,1130.0,1020.0,1110.0,57653553.59934594,62048129115.267105
2023-06-07 09:00:00,1110.0,1110.0,1010.0,1025.0,36989269.2677447,39172861562.411964
2023-06-08 09:00:00,1025.0,1080.0,994.0,1000.0,37126649.77081096,38192709140.69466
2023-06-09 09:00:00,1005.0,1020.0,967.0,990.0,34108430.23305976,33858363076.132202
2023-06-10 09:00:00,991.0,1005.0,782.0,832.0,72171228.14490353,62251433890.70406
2023-06-11 09:00:00,832.0,840.0,803.0,823.0,20661032.30084678,17030643479.151407
2023-06-12 09:00:00,822.0,905.0,768.0,874.0,150381375.65597573,128999591289.74152
2023-06-13 09:00:00,873.0,957.0,870.0,914.0,222744792.19480926,204341975263.66678
2023-06-14 09:00:00,913.0,933.0,829.0,854.0,126411294.4222748,112057645906.30785
2023-06-15 09:00:00,855.0,865.0,811.0,848.0,97904876.08356376,82355369711.97191
2023-06-16 09:00:00,848.0,943.0,818.0,928.0,112309775.71615784,98316712947.8885
2023-06-17 09:00:00,927.0,1020.0,922.0,989.0,187246450.58806273,183253623046.266
2023-06-18 09:00:00,989.0,1040.0,935.0,942.0,103514622.85133643,102456614248.3759
2023-06-19 09:00:00,942.0,1040.0,928.0,1030.0,120971404.81320259,119761364160.638
2023-06-20 09:00:00,1030.0,1080.0,987.0,1070.0,110887160.6942544,114290383445.59697
2023-06-21 09:00:00,1070.0,1110.0,1010.0,1085.0,145430928.33839056,153904850132.8688
2023-06-22 09:00:00,1085.0,1165.0,1045.0,1050.0,137977036.97395873,151177955065.63904
2023-06-23 09:00:00,1050.0,1100.0,1040.0,1060.0,84601492.38431482,89761429540.7783
2023-06-24 09:00:00,1060.0,1060.0,986.0,1005.0,74781359.50234252,76370852384.60872
2023-06-25 09:00:00,1005.0,1040.0,982.0,988.0,62456699.54056093,63018127029.09444
2023-06-26 09:00:00,987.0,1005.0,944.0,962.0,68498619.84406897,66811805170.16626
2023-06-27 09:00:00,962.0,1000.0,931.0,953.0,65250259.50172792,62815416862.82243
2023-06-28 09:00:00,953.0,953.0,868.0,881.0,57003954.92855105,51641214791.34083
2023-06-29 09:00:00,881.0,950.0,880.0,908.0,73897780.02032506,67623595154.48414
2023-06-30 09:00:00,908.0,946.0,846.0,917.0,78240304.51383334,71057195450.0011
2023-07-01 09:00:00,917.0,921.0,891.0,919.0,36850376.77579325,33321085600.571766
2023-07-02 09:00:00,919.0,921.0,881.0,915.0,32401485.40646662,29240832354.323727
2023-07-03 09:00:00,916.0,950.0,908.0,924.0,73628587.0576103,68291852496.22309
2023-07-04 09:00:00,925.0,976.0,902.0,906.0,98184657.8814665,92083678261.69249
2023-07-05 09:00:00,906.0,914.0,859.0,877.0,47864939.61642973,42542104045.42151
2023-07-06 09:00:00,878.0,900.0,847.0,866.0,41925221.67074862,36726135841.698044
2023-07-07 09:00:00,866.0,882.0,855.0,876.0,23898970.34179731,20727558544.590694
2023-07-08 09:00:00,876.0,887.0,857.0,869.0,14396998.49499956,12536362201.366648
2023-07-09 09:00:00,868.0,881.0,864.0,870.0,15062353.44266778,13122629764.942787
2023-07-10 09:00:00,870.0,876.0,838.0,863.0,27069215.74071866,23117844354.28094
2023-07-11 09:00:00,863.0,881.0,848.0,859.0,21715658.2713643,18744291261.865265
2023-07-12 09:00:00,860.0,901.0,848.0,861.0,43336684.77923916,38101869562.66695
2023-07-13 09:00:00,860.0,906.0,844.0,888.0,42044826.10291299,36640192069.45218
2023-07-14 09:00:00,888.0,973.0,852.0,878.0,75424436.0710154,68673979830.80641
2023-07-15 09:00:00,878.0,896.0,857.0,877.0,29011907.70075558,25382369883.057987
2023-07-16 09:00:00,877.0,890.0,862.0,867.0,22893851.32055987,20127434596.475952
2023-07-17 09:00:00,867.0,941.0,858.0,924.0,71946140.2855313,64901335391.83319
2023-07-18 09:00:00,924.0,1010.0,904.0,946.0,223948780.4571369,214757626431.58945
2023-07-19 09:00:00,945.0,996.0,903.0,911.0,90907701.40002736,86094416468.6757
2023-07-20 09:00:00,910.0,932.0,881.0,891.0,51254451.48425958,46632401437.385216
2023-07-21 09:00:00,890.0,897.0,871.0,888.0,26373114.90608906,23324133923.048065
2023-07-22 09:00:00,888.0,913.0,886.0,898.0,19415969.56995368,17367174345.592884
2023-07-23 09:00:00,898.0,909.0,875.0,881.0,21778265.43899734,19408941824.034416
2023-07-24 09:00:00,880.0,881.0,789.0,828.0,40540869.96250981,33940541662.609726
2023-07-25 09:00:00,828.0,854.0,814.0,828.0,34812287.9539309,28900751738.661377
2023-07-26 09:00:00,828.0,831.0,801.0,821.0,21546840.65989988,17575978960.92813
2023-07-27 09:00:00,821.0,841.0,812.0,819.0,15806015.61002941,13063293905.333355
2023-07-28 09:00:00,819.0,832.0,812.0,821.0,17342187.08204014,14215912563.506756
2023-07-29 09:00:00,821.0,827.0,815.0,824.0,15590153.95411096,12764244561.773926
2023-07-30 09:00:00,825.0,830.0,801.0,809.0,20444934.29614104,16718250390.27234
2023-07-31 09:00:00,809.0,820.0,798.0,817.0,15782119.66163062,12751536619.745083
2023-08-01 09:00:00,818.0,839.0,792.0,838.0,27640172.88168173,22621314542.648827
2023-08-02 09:00:00,838.0,843.0,802.0,808.0,22726307.20476067,18672938764.604458
2023-08-03 09:00:00,807.0,814.0,789.0,791.0,20950673.37631461,16736088840.203642
2023-08-04 09:00:00,792.0,796.0,773.0,783.0,20652577.81669944,16236078427.639341
2023-08-05 09:00:00,784.0,786.0,768.0,783.0,12596012.42958542,9776167968.819715
2023-08-06 09:00:00,784.0,808.0,780.0,785.0,15921042.14490457,12640542072.464737
2023-08-07 09:00:00,786.0,793.0,749.0,770.0,18336819.0455127,14178543900.84366
2023-08-08 09:00:00,770.0,797.0,765.0,787.0,14482723.43091163,11289063280.463768
2023-08-09 09:00:00,788.0,828.0,783.0,789.0,29072952.5180464,23415079505.32862
2023-08-10 09:00:00,789.0,804.0,777.0,804.0,17145748.71707638,13563093704.565134
2023-08-11 09:00:00,804.0,822.0,796.0,806.0,13529755.33972918,10928367475.761368
2023-08-12 09:00:00,807.0,818.0,802.0,810.0,8260666.59243839,6697169013.287411
2023-08-13 09:00:00,810.0,818.0,795.0,798.0,8451516.05244553,6821868886.856469
2023-08-14 09:00:00,798.0,807.0,785.0,799.0,9035115.27800703,7200704548.950221
2023-08-15 09:00:00,800.0,805.0,744.0,757.0,15586999.92813527,12125465538.022953
2023-08-16 09:00:00,757.0,795.0,700.0,716.0,72139922.33878087,54683890841.852036
2023-08-17 09:00:00,716.0,728.0,630.0,653.0,42011957.44916821,28888157061.02542
2023-08-18 09:00:00,653.0,673.0,639.0,665.0,23393833.43229124,15257936919.78875
2023-08-19 09:00:00,666.0,781.0,665.0,776.0,61446030.80288997,45158711347.51244
2023-08-20 09:00:00,776.0,792.0,736.0,746.0,84985872.24887659,65325969423.230995
2023-08-21 09:00:00,746.0,752.0,683.0,706.0,25764120.0134963,18582529639.376
2023-08-22 09:00:00,706.0,765.0,692.0,733.0,63034271.00244188,46527821616.43437
2023-08-23 09:00:00,734.0,848.0,733.0,819.0,130253432.96734568,103532969695.38278
2023-08-24 09:00:00,818.0,842.0,759.0,779.0,102586145.02382688,82853607900.62431
2023-08-25 09:00:00,779.0,780.0,724.0,758.0,65367057.82060246,48740773101.97205
2023-08-26 09:00:00,758.0,822.0,744.0,800.0,102644378.53911525,81726344627.86107
2023-08-27 09:00:00,800.0,812.0,780.0,790.0,35389563.03893874,28040042370.03439
2023-08-28 09:00:00,790.0,791.0,727.0,741.0,44723485.93340884,33324364361.516457
2023-08-29 09:00:00,741.0,748.0,686.0,736.0,72017990.44206823,51812482170.25737
2023-08-30 09:00:00,736.0,738.0,702.0,714.0,32644027.52405485,23364105025.306892
2023-08-31 09:00:00,713.0,714.0,669.0,685.0,30922008.09661904,21527105157.69122
2023-09-01 09:00:00,685.0,705.0,660.0,671.0,42281940.07173567,29049617866.248108
2023-09-02 09:00:00,670.0,690.0,658.0,669.0,24738268.44852521,16629802190.166435
2023-09-03 09:00:00,668.0,685.0,646.0,659.0,26075636.89697384,17267211112.66502
2023-09-04 09:00:00,659.0,672.0,642.0,654.0,23775586.36129232,15643535519.78212
2023-09-05 09:00:00,655.0,670.0,635.0,666.0,20523928.24490035,13355408012.48473
2023-09-06 09:00:00,666.0,677.0,646.0,656.0,17798816.03651781,11739903828.533018
2023-09-07 09:00:00,655.0,662.0,648.0,660.0,17822317.00828874,11667852087.966795
2023-09-08 09:00:00,660.0,668.0,645.0,655.0,17095623.43013438,11226628114.19136
2023-09-09 09:00:00,654.0,661.0,650.0,656.0,7602351.52464974,4977929701.583352
2023-09-10 09:00:00,656.0,656.0,610.0,621.0,22946405.73310779,14422028926.084944
2023-09-11 09:00:00,620.0,621.0,573.0,582.0,33063376.06894781,19660203734.87757
2023-09-12 09:00:00,582.0,619.0,576.0,581.0,44911651.59807389,26758039304.17198
2023-09-13 09:00:00,581.0,602.0,569.0,600.0,33762187.16145272,19743190278.037575
2023-09-14 09:00:00,600.0,611.0,590.0,602.0,25599641.04342327,15307698090.080175
2023-09-15 09:00:00,602.0,605.0,583.0,603.0,28881563.58342871,17161864035.054558
2023-09-16 09:00:00,603.0,632.0,601.0,631.0,46577594.50011439,28800517149.082855
2023-09-17 09:00:00,631.0,631.0,576.0,587.0,31444674.12743627,18935919145.367756
2023-09-18 09:00:00,586.0,608.0,575.0,600.0,20952180.9349577,12432099400.53034
2023-09-19 09:00:00,600.0,613.0,599.0,608.0,14840450.0190257,8972591466.933365
2023-09-20 09:00:00,608.0,611.0,588.0,602.0,17737613.09702844,10590792635.855549
2023-09-21 09:00:00,602.0,620.0,589.0,597.0,32767556.05658401,19832620138.919056
2023-09-22 09:00:00,596.0,604.0,589.0,602.0,11842373.5577539,7064118900.446707
2023-09-23 09:00:00,603.0,609.0,596.0,603.0,11481915.00495677,6915300982.309013
2023-09-24 09:00:00,603.0,639.0,590.0,594.0,56223362.13607188,34560054799.75167
2023-09-25 09:00:00,594.0,607.0,585.0,598.0,18683089.72752219,11097242008.259089
2023-09-26 09:00:00,597.0,603.0,591.0,595.0,10172892.78813282,6074451449.604396
2023-09-27 09:00:00,594.0,603.0,585.0,597.0,13526103.93616206,8047216498.306919
2023-09-28 09:00:00,596.0,609.0,593.0,606.0,13006529.26438996,7815343993.589814
2023-09-29 09:00:00,607.0,678.0,602.0,649.0,120360492.65937236,78208353930.79283
2023-09-30 09:00:00,648.0,659.0,627.0,638.0,32542874.25648824,20837137184.774662
2023-10-01 09:00:00,637.0,687.0,627.0,685.0,26334252.55237174,17222424401.07041
2023-10-02 09:00:00,685.0,686.0,628.0,634.0,27364593.23760049,18009087914.077003
2023-10-03 09:00:00,634.0,643.0,600.0,604.0,29607090.75638249,18411252880.63921
2023-10-04 09:00:00,604.0,609.0,580.0,599.0,22555413.70012032,13463973716.8407
2023-10-05 09:00:00,599.0,609.0,590.0,591.0,15308586.66486199,9148449812.003748
2023-10-06 09:00:00,591.0,605.0,589.0,600.0,14363471.60675882,8562171163.25157
2023-10-07 09:00:00,601.0,624.0,596.0,601.0,26463121.53799888,16142765878.16706
2023-10-08 09:00:00,601.0,603.0,592.0,595.0,9628925.22318397,5745215608.748272
2023-10-09 09:00:00,595.0,597.0,555.0,567.0,23537276.65995333,13457334142.896212
2023-10-10 09:00:00,567.0,571.0,560.0,569.0,10258116.69053881,5801690544.7515
2023-10-11 09:00:00,569.0,569.0,549.0,559.0,12705497.02890936,7086696243.975215
2023-10-12 09:00:00,559.0,564.0,551.0,558.0,8815174.0800933,4907118060.869594
2023-10-13 09:00:00,559.0,582.0,556.0,569.0,13555452.52479332,7697612856.88895
2023-10-14 09:00:00,570.0,576.0,566.0,571.0,8247285.99850369,4714960622.980617
2023-10-15 09:00:00,570.0,571.0,555.0,561.0,21546454.75446419,12070937399.60054
2023-10-16 09:00:00,562.0,580.0,552.0,558.0,25483195.29555198,14380915306.43032
2023-10-17 09:00:00,559.0,560.0,507.0,519.0,50217816.19802308,26798975207.485226
2023-10-18 09:00:00,520.0,533.0,496.0,524.0,40849584.7693954,21004085533.213364
2023-10-19 09:00:00,524.0,524.0,495.0,504.0,24526632.12293433,12430838832.53539
2023-10-20 09:00:00,503.0,525.0,496.0,519.0,24133381.34812757,12347296726.601042
2023-10-21 09:00:00,520.0,539.0,515.0,528.0,17640428.9653549,9301215053.304592
2023-10-22 09:00:00,529.0,567.0,523.0,543.0,35456739.06559589,19259094670.078686
2023-10-23 09:00:00,543.0,562.0,530.0,561.0,27030263.41195414,14791530042.762926
2023-10-24 09:00:00,561.0,616.0,555.0,584.0,75672872.81614386,44392216536.23428
2023-10-25 09:00:00,585.0,606.0,569.0,590.0,26036260.10483662,15253989698.573378
2023-10-26 09:00:00,590.0,622.0,565.0,597.0,30843790.31730982,18358987097.251186
2023-10-27 09:00:00,597.0,637.0,586.0,600.0,42530827.09164307,25916849464.28422
2023-10-28 09:00:00,600.0,661.0,599.0,645.0,100115037.10113464,63163414587.858444
2023-10-29 09:00:00,644.0,658.0,621.0,629.0,25806055.74234896,16275870262.349987
2023-10-30 09:00:00,629.0,642.0,605.0,627.0,29144366.67415,18154136999.52986
2023-10-31 09:00:00,628.0,645.0,575.0,602.0,29252224.77974991,17933140573.72526
2023-11-01 09:00:00,603.0,640.0,580.0,630.0,27499298.9416903,16678047921.33634
2023-11-02 09:00:00,631.0,652.0,603.0,624.0,25545930.11661054,16099634222.554586
2023-11-03 09:00:00,625.0,625.0,586.0,612.0,19606346.8836839,11736781817.81301
2023-11-04 09:00:00,612.0,697.0,607.0,680.0,41478311.07666153,26841279014.235165
2023-11-05 09:00:00,681.0,704.0,648.0,672.0,41045075.63354685,27748642345.36964
2023-11-06 09:00:00,672.0,718.0,649.0,707.0,38237921.18254661,26258963942.18115
2023-11-07 09:00:00,708.0,708.0,664.0,700.0,28304322.001878,19502501216.04108
2023-11-08 09:00:00,700.0,805.0,692.0,770.0,92736841.08918695,70381208554.05853
2023-11-09 09:00:00,769.0,814.0,697.0,763.0,96808758.64571527,74323664308.05971
2023-11-10 09:00:00,763.0,836.0,723.0,818.0,55018540.59271368,42344578312.98727
2023-11-11 09:00:00,818.0,824.0,763.0,791.0,37373846.61891259,29465014560.52208
2023-11-12 09:00:00,791.0,855.0,750.0,824.0,47099805.00462981,38229297353.16301
2023-11-13 09:00:00,824.0,884.0,809.0,811.0,76835626.89556442,65310495019.54914
2023-11-14 09:00:00,810.0,846.0,756.0,764.0,44212749.13330608,35401469753.250015
2023-11-15 09:00:00,765.0,828.0,744.0,825.0,27210650.75797199,21365625720.130104
2023-11-16 09:00:00,825.0,858.0,753.0,764.0,40945749.73222954,32869251725.939487
2023-11-17 09:00:00,764.0,787.0,714.0,748.0,30934938.99432128,23242918488.40859
2023-11-18 09:00:00,748.0,750.0,694.0,734.0,15924726.55275851,11514155027.975178
2023-11-19 09:00:00,734.0,754.0,712.0,751.0,11706609.69777129,8569263388.350227
2023-11-20 09:00:00,750.0,769.0,734.0,743.0,17172571.53985113,12893218658.922915
2023-11-21 09:00:00,744.0,782.0,680.0,681.0,45947743.28418465,34064321152.77644
2023-11-22 09:00:00,681.0,752.0,679.0,745.0,24110842.65394414,17332920623.384136
2023-11-23 09:00:00,745.0,795.0,738.0,788.0,55804593.38338811,43341887478.53958
2023-11-24 09:00:00,789.0,865.0,778.0,841.0,81723968.00010122,67784262956.83205
2023-11-25 09:00:00,842.0,931.0,833.0,877.0,149318984.18418387,133376174979.34918
2023-11-26 09:00:00,878.0,905.0,820.0,851.0,56074239.83140025,48101007350.14222
2023-11-27 09:00:00,851.0,870.0,781.0,802.0,32602462.29449492,26599834603.281315
2023-11-28 09:00:00,802.0,843.0,757.0,827.0,36752353.95283666,29419582105.83728
2023-11-29 09:00:00,827.0,835.0,777.0,805.0,34023295.55123238,27446841685.487583
2023-11-30 09:00:00,805.0,913.0,788.0,819.0,115711092.5999185,96518537589.95168
2023-12-01 09:00:00,819.0,875.0,802.0,821.0,76743068.6140043,63692400145.633484
2023-12-02 09:00:00,822.0,844.0,810.0,835.0,26581969.0358311,21901232505.597706
2023-12-03 09:00:00,834.0,839.0,808.0,825.0,28254423.88100854,23270673137.724827
2023-12-04 09:00:00,825.0,858.0,797.0,851.0,61759425.8169558,51138117717.70187
2023-12-05 09:00:00,851.0,889.0,838.0,880.0,74662053.79872172,64504837117.02796
2023-12-06 09:00:00,881.0,904.0,827.0,856.0,54214333.80877674,47090625819.638916
2023-12-07 09:00:00,856.0,936.0,831.0,920.0,55892312.29339593,49387801154.603836
2023-12-08 09:00:00,921.0,974.0,909.0,957.0,56639041.25482836,53148422264.21984
2023-12-09 09:00:00,957.0,994.0,927.0,933.0,33049684.99619683,31653908127.07442
2023-12-10 09:00:00,934.0,985.0,913.0,946.0,41476872.21756989,39387792086.25893
2023-12-11 09:00:00,946.0,975.0,838.0,869.0,65040589.66665743,59022133084.52538
2023-12-12 09:00:00,870.0,918.0,862.0,915.0,45307035.14602337,40294933268.1877
2023-12-13 09:00:00,915.0,925.0,850.0,901.0,28953639.17075429,25620457021.75757
2023-12-14 09:00:00,902.0,924.0,882.0,908.0,24944888.46272493,22531110136.028004
2023-12-15 09:00:00,907.0,919.0,871.0,872.0,15190577.75035623,13528041884.231327
2023-12-16 09:00:00,872.0,887.0,825.0,866.0,29575049.78975378,25094629114.37327
2023-12-17 09:00:00,867.0,872.0,825.0,836.0,14817647.64761789,12537973928.519285
2023-12-18 09:00:00,837.0,850.0,770.0,833.0,31186661.86085277,25196400517.251274
2023-12-19 09:00:00,833.0,981.0,823.0,929.0,96147561.69815175,86497433264.26884
2023-12-20 09:00:00,929.0,1015.0,878.0,937.0,184658589.9770819,175046502563.02838
2023-12-21 09:00:00,937.0,980.0,912.0,934.0,78460645.60109413,74097815178.13495
2023-12-22 09:00:00,934.0,951.0,891.0,940.0,36854441.70840872,34001478525.606205
2023-12-23 09:00:00,942.0,1025.0,937.0,1015.0,113570830.49147423,111769051397.44533
2023-12-24 09:00:00,1020.0,1030.0,955.0,964.0,63628425.5092104,62844580452.717316
2023-12-25 09:00:00,964.0,1100.0,955.0,1085.0,65401723.55611376,66403914724.921165
2023-12-26 09:00:00,1085.0,1225.0,1055.0,1185.0,136439992.94455704,155709427030.82437
2023-12-27 09:00:00,1190.0,1235.0,1095.0,1110.0,57758856.95600232,66495577882.232574
2023-12-28 09:00:00,1105.0,1150.0,1040.0,1065.0,43599798.51483409,47730899779.1481
2023-12-29 09:00:00,1065.0,1130.0,1010.0,1085.0,53826806.88711032,58192182021.64776
2023-12-30 09:00:00,1080.0,1105.0,1035.0,1090.0,23427474.77190472,24989856247.283245
2023-12-31 09:00:00,1090.0,1120.0,1040.0,1045.0,24215043.01865227,26275404590.65026
2024-01-01 09:00:00,1050.0,1130.0,1020.0,1125.0,30430696.66256648,32629626379.777542
2024-01-02 09:00:00,1120.0,1250.0,1105.0,1215.0,62605721.43963533,73848183361.18646
2024-01-03 09:00:00,1215.0,1260.0,899.0,1155.0,108888356.32398841,122643081157.1695
2024-01-04 09:00:00,1155.0,1185.0,1080.0,1150.0,47664327.87293174,53891624473.622665
2024-01-05 09:00:00,1150.0,1215.0,1040.0,1210.0,47014321.95833223,52255313132.53105
2024-01-06 09:00:00,1210.0,1215.0,1090.0,1120.0,41308002.50648227,47693780038.20535
2024-01-07 09:00:00,1120.0,1160.0,1060.0,1075.0,33615498.60742635,37603805314.073616
2024-01-08 09:00:00,1080.0,1185.0,966.0,1155.0,41673091.61238756,44498155806.395515
2024-01-09 09:00:00,1155.0,1180.0,1040.0,1070.0,28247725.76605684,31348346962.67117
2024-01-10 09:00:00,1075.0,1180.0,1020.0,1150.0,32233362.20335378,35442869564.06141
2024-01-11 09:00:00,1150.0,1570.0,1125.0,1500.0,146400720.12064782,200755620329.43073
2024-01-12 09:00:00,1500.0,1680.0,1435.0,1620.0,156952436.97667065,245803967836.75314
2024-01-13 09:00:00,1620.0,1880.0,1530.0,1770.0,168462074.30221906,292060480004.5716
2024-01-14 09:00:00,1775.0,1855.0,1690.0,1715.0,88252297.3009536,155697456376.54352
2024-01-15 09:00:00,1715.0,1985.0,1715.0,1885.0,108773983.29384716,206795809117.4978
2024-01-16 09:00:00,1885.0,1920.0,1700.0,1740.0,60074343.72849637,108109598146.44212
2024-01-17 09:00:00,1740.0,1835.0,1645.0,1780.0,56454409.77015497,98647378129.50183
2024-01-18 09:00:00,1775.0,1845.0,1600.0,1605.0,41020909.58836144,70616754427.68526
2024-01-19 09:00:00,1610.0,1645.0,1510.0,1620.0,35971783.24786298,56547886464.80055
2024-01-20 09:00:00,1615.0,1620.0,1460.0,1520.0,22679657.85327372,34407605361.24925
2024-01-21 09:00:00,1520.0,1560.0,1455.0,1460.0,18038389.52862093,27369860453.357006
2024-01-22 09:00:00,1460.0,1565.0,1390.0,1490.0,40803891.03658817,59876151837.27501
2024-01-23 09:00:00,1485.0,1695.0,1400.0,1650.0,80019918.54499875,123158109182.44931
2024-01-24 09:00:00,1650.0,1815.0,1575.0,1780.0,64617469.1530562,109994041838.07251
2024-01-25 09:00:00,1780.0,1785.0,1610.0,1625.0,42603580.44651869,72076521505.44194
2024-01-26 09:00:00,1620.0,2035.0,1590.0,2015.0,67656907.85294683,123714873536.17442
2024-01-27 09:00:00,2010.0,2065.0,1890.0,1930.0,74977209.76609495,147443796461.56912
2024-01-28 09:00:00,1930.0,2050.0,1803.0,1836.0,60314467.09684994,116083275825.12029
2024-01-29 09:00:00,1836.0,2170.0,1827.0,2135.0,100904801.45298122,202572607017.25345
2024-01-30 09:00:00,2136.0,2248.0,2070.0,2120.0,89668364.12297037,193847576893.1715
2024-01-31 09:00:00,2120.0,2257.0,2035.0,2095.0,86647386.02798568,188289289195.67188
2024-02-01 09:00:00,2096.0,2164.0,1969.0,2096.0,72083879.69909231,148013141360.41806
2024-02-02 09:00:00,2096.0,2118.0,1990.0,2009.0,36936740.38687706,75462251774.9162
2024-02-03 09:00:00,2010.0,2044.0,1913.0,1981.0,31263599.15554499,61436831022.30563
2024-02-04 09:00:00,1980.0,2121.0,1962.0,2023.0,41891048.57853044,85993275359.57649
2024-02-05 09:00:00,2022.0,2278.0,1978.0,2172.0,75795544.82366116,163020525723.34732
2024-02-06 09:00:00,2173.0,2221.0,2074.0,2080.0,46049810.7592116,98569074786.07762
2024-02-07 09:00:00,2081.0,2143.0,2040.0,2095.0,33170617.95260463,69399696136.81274
2024-02-08 09:00:00,2095.0,2162.0,2058.0,2088.0,32245581.80798743,67886447956.38799
2024-02-09 09:00:00,2088.0,2448.0,2074.0,2379.0,65631563.27927659,147691736489.37256
2024-02-10 09:00:00,2378.0,2462.0,2289.0,2339.0,42673965.02377916,101500610431.1286
2024-02-11 09:00:00,2339.0,2421.0,2262.0,2291.0,28853638.24177862,67434319488.37942
2024-02-12 09:00:00,2290.0,2481.0,2283.0,2366.0,49504031.20812101,117904674493.50426
2024-02-13 09:00:00,2366.0,2543.0,2316.0,2514.0,59520373.10231825,145736375847.0451
2024-02-14 09:00:00,2513.0,2670.0,2452.0,2583.0,50377113.8247371,129536137872.61957
2024-02-15 09:00:00,2584.0,2649.0,2500.0,2560.0,42060843.62537715,108760885739.95888
2024-02-16 09:00:00,2560.0,2593.0,2424.0,2502.0,22063634.00322138,55438366892.77924
2024-02-17 09:00:00,2503.0,2512.0,2351.0,2445.0,13325996.49376032,32422207981.726704
2024-02-18 09:00:00,2445.0,2497.0,2395.0,2484.0,14749755.54912953,36201942887.44957
2024-02-19 09:00:00,2484.0,2528.0,2413.0,2457.0,14375203.9294756,35497201048.961044
2024-02-20 09:00:00,2458.0,2466.0,2274.0,2371.0,16996872.2272619,40300039486.500305
2024-02-21 09:00:00,2370.0,2404.0,2269.0,2366.0,13385525.64673759,31271146443.277367
2024-02-22 09:00:00,2366.0,2454.0,2294.0,2397.0,11375900.38162128,26925009006.19438
2024-02-23 09:00:00,2397.0,2440.0,2207.0,2237.0,12536570.43529626,29048650759.56978
2024-02-24 09:00:00,2235.0,2305.0,2163.0,2260.0,13538530.36068958,30439261156.23256
2024-02-25 09:00:00,2258.0,2273.0,2227.0,2265.0,5225583.67996053,11751704540.027683
2024-02-26 09:00:00,2265.0,2345.0,2166.0,2291.0,9456630.13008325,21339129883.79587
2024-02-27 09:00:00,2291.0,2342.0,2195.0,2224.0,12365019.71523882,28033245887.725227
2024-02-28 09:00:00,2224.0,2378.0,2095.0,2226.0,22342846.76455425,50402978645.32151
2024-02-29 09:00:00,2226.0,2393.0,2196.0,2359.0,20087421.20214757,46244111172.700294
2024-03-01 09:00:00,2358.0,2460.0,2341.0,2372.0,14963856.28512347,35739445124.78426
2024-03-02 09:00:00,2372.0,2389.0,2236.0,2263.0,18320382.41333951,42029097089.32466
2024-03-03 09:00:00,2263.0,2271.0,2051.0,2173.0,15460767.91168877,33959778800.743973
2024-03-04 09:00:00,2174.0,2227.0,2015.0,2087.0,24586956.97894667,51948171966.09083
2024-03-05 09:00:00,2088.0,2227.0,1853.0,2002.0,48981336.66932822,103368609164.43134
2024-03-06 09:00:00,2002.0,2111.0,1907.0,2088.0,16657455.21303332,33731185425.18506
2024-03-07 09:00:00,2088.0,2273.0,2079.0,2222.0,24006586.20659262,52270488408.550316
2024-03-08 09:00:00,2225.0,2257.0,2095.0,2183.0,18165135.06182109,39803686349.348595
2024-03-09 09:00:00,2180.0,2339.0,2134.0,2224.0,17832015.93517486,39937857146.028244
2024-03-10 09:00:00,2224.0,2334.0,2161.0,2207.0,21322057.03494887,47972275617.9342
2024-03-11 09:00:00,2205.0,2227.0,2087.0,2189.0,19797158.36170199,43043289896.31538
2024-03-12 09:00:00,2189.0,2303.0,2088.0,2265.0,23997216.63724544,53018666880.88542
2024-03-13 09:00:00,2265.0,2405.0,2243.0,2311.0,24958801.13388921,57715576046.502594
2024-03-14 09:00:00,2310.0,2368.0,2107.0,2253.0,19383563.80025018,43883134114.783676
2024-03-15 09:00:00,2250.0,2275.0,1986.0,2170.0,23050646.49378936,48685042613.365776
2024-03-16 09:00:00,2174.0,2495.0,2160.0,2417.0,146925174.4404511,346881885183.5503
2024-03-17 09:00:00,2417.0,2420.0,2099.0,2361.0,66576622.5705188,148634331084.86722
2024-03-18 09:00:00,2361.0,2545.0,2225.0,2230.0,62587459.49882122,150928818970.3882
2024-03-19 09:00:00,2230.0,2554.0,2128.0,2456.0,84850123.97988603,199413699432.10843
2024-03-20 09:00:00,2455.0,2619.0,2225.0,2581.0,40178399.30697845,95975945642.55035
2024-03-21 09:00:00,2581.0,2836.0,2557.0,2656.0,53844712.33437374,145313138764.09525
2024-03-22 09:00:00,2663.0,2663.0,2485.0,2545.0,19109557.02153649,49440463315.37227
2024-03-23 09:00:00,2545.0,2545.0,2393.0,2398.0,10043314.3842682,24744660124.00424
2024-03-24 09:00:00,2398.0,2444.0,2356.0,2415.0,6470924.70995577,15501460643.512394
2024-03-25 09:00:00,2415.0,2479.0,2380.0,2422.0,9192291.95052334,22359587501.31492
2024-03-26 09:00:00,2422.0,2716.0,2401.0,2699.0,14970870.55789229,38311106262.58975
2024-03-27 09:00:00,2699.0,3129.0,2650.0,2982.0,61887855.19532311,182012802403.2013
2024-03-28 09:00:00,2982.0,3216.0,2795.0,2885.0,27505605.16936833,81272203205.65898
2024-03-29 09:00:00,2885.0,3060.0,2721.0,2721.0,25540063.88238825,75165527090.92732
2024-03-30 09:00:00,2721.0,2790.0,2672.0,2707.0,7620857.49847692,20870102503.122627
2024-03-31 09:00:00,2702.0,2748.0,2662.0,2715.0,5699619.71728471,15373922059.170752
2024-04-01 09:00:00,2715.0,2910.0,2590.0,2790.0,22162378.84590267,61822384696.16347
2024-04-02 09:00:00,2790.0,2881.0,2524.0,2543.0,21372463.24707065,57788513085.78701
2024-04-03 09:00:00,2549.0,2588.0,2404.0,2441.0,8242539.43976201,20694029144.656773
2024-04-04 09:00:00,2444.0,2524.0,2422.0,2448.0,7394030.08913074,18300106738.438725
2024-04-05 09:00:00,2448.0,2449.0,2258.0,2334.0,9007463.24527318,21045820013.100487
2024-04-06 09:00:00,2337.0,2377.0,2319.0,2339.0,2980301.29035826,6998029395.356179
2024-04-07 09:00:00,2339.0,2398.0,2325.0,2351.0,3704118.56649904,8720836175.08485
2024-04-08 09:00:00,2352.0,2449.0,2321.0,2433.0,7628639.22493829,18169362101.831886
2024-04-09 09:00:00,2433.0,2451.0,2262.0,2267.0,7728068.42422737,18120242432.209892
2024-04-10 09:00:00,2267.0,2279.0,2118.0,2171.0,7380688.370463,16188651814.19777
2024-04-11 09:00:00,2174.0,2219.0,2125.0,2140.0,4988306.38733442,10789167446.010872
2024-04-12 09:00:00,2140.0,2160.0,1726.0,1845.0,15439713.7544167,29569978865.051994
2024-04-13 09:00:00,1845.0,1849.0,1433.0,1614.0,20692440.67754469,33912851357.589836
2024-04-14 09:00:00,1609.0,1824.0,1556.0,1809.0,18288184.19896554,30976266387.15594
2024-04-15 09:00:00,1807.0,1928.0,1703.0,1781.0,13588924.87632767,24828148561.94191
2024-04-16 09:00:00,1782.0,1853.0,1671.0,1839.0,11001936.75166378,19443804270.92119
2024-04-17 09:00:00,1839.0,2025.0,1754.0,1878.0,20713592.62298106,39152687316.12608
2024-04-18 09:00:00,1882.0,1916.0,1774.0,1846.0,11980158.17874223,21983673434.277767
2024-04-19 09:00:00,1846.0,2032.0,1682.0,1948.0,16106071.71818681,30146292763.449375
2024-04-20 09:00:00,1950.0,2095.0,1916.0,2080.0,8424098.29935819,16739551682.393307
2024-04-21 09:00:00,2080.0,2114.0,1965.0,2004.0,6832889.23244775,13927122510.762836
2024-04-22 09:00:00,2004.0,2100.0,1985.0,2027.0,11196927.84034219,22845525444.452843
2024-04-23 09:00:00,2027.0,2063.0,1900.0,1923.0,9692430.42752105,19134225924.321705
2024-04-24 09:00:00,1923.0,1939.0,1805.0,1819.0,6909573.30212228,13045214530.10006
2024-04-25 09:00:00,1819.0,1841.0,1721.0,1761.0,6002830.12388555,10631015856.93326
2024-04-26 09:00:00,1762.0,1772.0,1673.0,1692.0,3994443.25915457,6827961874.363023
2024-04-27 09:00:00,1696.0,1769.0,1638.0,1747.0,5606416.19907562,9566453656.61805
2024-04-28 09:00:00,1747.0,1810.0,1733.0,1748.0,3751327.05219952,6674073762.613281
2024-04-29 09:00:00,1745.0,1767.0,1673.0,1708.0,4249873.2722988,7277507889.396797
2024-04-30 09:00:00,1708.0,1727.0,1551.0,1642.0,11483735.85297923,18707957093.915493
2024-05-01 09:00:00,1641.0,1656.0,1511.0,1642.0,9823072.71344337,15609986448.251225
2024-05-02 09:00:00,1642.0,1649.0,1537.0,1580.0,4872475.68940951,7752267244.934396
2024-05-03 09:00:00,1577.0,1615.0,1518.0,1587.0,27548365.97177019,43383781037.318985
2024-05-04 09:00:00,1587.0,1591.0,1530.0,1545.0,31263512.5969394,48590825202.91721
2024-05-05 09:00:00,1545.0,1574.0,1489.0,1543.0,23074624.35793089,35228538324.211334
2024-05-06 09:00:00,1543.0,1610.0,1521.0,1538.0,37137799.69632844,58439550036.47716
2024-05-07 09:00:00,1539.0,1602.0,1514.0,1519.0,21414646.16603493,33425385191.576
2024-05-08 09:00:00,1519.0,1525.0,1412.0,1421.0,18129635.92510364,26708274085.138657
2024-05-09 09:00:00,1419.0,1452.0,1362.0,1436.0,20098349.23351978,28151195065.06915
2024-05-10 09:00:00,1434.0,1550.0,1417.0,1425.0,29919699.40915483,44300977290.74131
2024-05-11 09:00:00,1425.0,1455.0,1393.0,1403.0,9527432.64972645,13521933617.794252
2024-05-12 09:00:00,1403.0,1439.0,1400.0,1414.0,5628500.13192976,7982768990.858155
2024-05-13 09:00:00,1414.0,1431.0,1326.0,1356.0,12917997.39106006,17665760005.502644
2024-05-14 09:00:00,1355.0,1366.0,1242.0,1261.0,13579547.38559876,17620853703.144917
2024-05-15 09:00:00,1261.0,1428.0,1244.0,1380.0,17052099.70979121,22657955225.338394
2024-05-16 09:00:00,1380.0,1495.0,1352.0,1423.0,19057957.90728266,27130059246.52789
2024-05-17 09:00:00,1423.0,1535.0,1407.0,1488.0,11334124.06975124,16618035564.299625
2024-05-18 09:00:00,1487.0,1510.0,1460.0,1503.0,5708821.65387127,8525476227.332211
2024-05-19 09:00:00,1504.0,1510.0,1419.0,1426.0,4318598.71250758,6317346654.832309
2024-05-20 09:00:00,1429.0,1577.0,1401.0,1560.0,13923151.61803241,21139194835.998714
2024-05-21 09:00:00,1561.0,1605.0,1540.0,1574.0,9192980.67592268,14469646930.526043
2024-05-22 09:00:00,1572.0,1591.0,1490.0,1524.0,5894775.45937866,9042743845.25318
2024-05-23 09:00:00,1521.0,1564.0,1422.0,1501.0,7472590.93533019,11282069976.039396
2024-05-24 09:00:00,1503.0,1516.0,1443.0,1486.0,3166696.17011197,4684584099.848149
2024-05-25 09:00:00,1484.0,1507.0,1464.0,1476.0,3088825.87399938,4581625701.862514
2024-05-26 09:00:00,1476.0,1487.0,1429.0,1454.0,5132375.69291178,7461611850.103751
2024-05-27 09:00:00,1451.0,1493.0,1435.0,1487.0,4874743.64449669,7151885911.023331
2024-05-28 09:00:00,1486.0,1489.0,1409.0,1429.0,5059766.47072754,7294305347.790384
2024-05-29 09:00:00,1427.0,1451.0,1404.0,1410.0,3178333.8642308,4542219792.631567
2024-05-30 09:00:00,1410.0,1434.0,1367.0,1407.0,3339373.42511598,4681762476.148281
2024-05-31 09:00:00,1410.0,1439.0,1387.0,1431.0,2126204.88153624,3000880534.88034
2024-06-01 09:00:00,1431.0,1447.0,1413.0,1435.0,1125070.83837341,1609219060.0903187
2024-06-02 09:00:00,1433.0,1453.0,1413.0,1423.0,1483621.04060543,2125715717.985285
2024-06-03 09:00:00,1425.0,1470.0,1421.0,1450.0,3627654.32172151,5266676492.1819315
2024-06-04 09:00:00,1450.0,1469.0,1407.0,1459.0,3009841.84889907,4332276543.89703
2024-06-05 09:00:00,1458.0,1529.0,1445.0,1529.0,4684634.05081224,6982494859.04007
2024-06-06 09:00:00,1526.0,1570.0,1516.0,1547.0,4838073.35956271,7461860833.723793
2024-06-07 09:00:00,1546.0,1626.0,1417.0,1527.0,8785833.2052236,13763705120.604336
2024-06-08 09:00:00,1527.0,1650.0,1507.0,1563.0,11135983.57277316,17556294391.115307
2024-06-09 09:00:00,1565.0,1593.0,1503.0,1539.0,5276991.87386089,8165848697.815158
2024-06-10 09:00:00,1538.0,1544.0,1444.0,1448.0,5111328.61375153,7603063421.793276
2024-06-11 09:00:00,1448.0,1466.0,1392.0,1404.0,4464571.5024196,6379726198.847816
2024-06-12 09:00:00,1404.0,1477.0,1356.0,1431.0,5912827.52618224,8410506032.533882
2024-06-13 09:00:00,1431.0,1436.0,1361.0,1370.0,2667821.61204253,3731113715.509961
2024-06-14 09:00:00,1367.0,1419.0,1289.0,1324.0,3114247.51899917,4211409751.320099
2024-06-15 09:00:00,1324.0,1363.0,1316.0,1340.0,972750.70122251,1301760011.4052439
2024-06-16 09:00:00,1337.0,1370.0,1306.0,1370.0,1422368.88341394,1895763141.3021107
2024-06-17 09:00:00,1370.0,1390.0,1210.0,1253.0,5131285.63367606,6636252923.75226
2024-06-18 09:00:00,1255.0,1259.0,1072.0,1127.0,7145145.57398897,8107113351.262485
2024-06-19 09:00:00,1125.0,1237.0,1112.0,1219.0,3434212.37446652,4043784009.834126
2024-06-20 09:00:00,1219.0,1301.0,1210.0,1265.0,2971205.33508974,3737526947.858139
2024-06-21 09:00:00,1265.0,1298.0,1222.0,1296.0,3264818.46675616,4118894928.202694
2024-06-22 09:00:00,1297.0,1305.0,1256.0,1259.0,1290343.39373328,1648051206.7307813
2024-06-23 09:00:00,1258.0,1332.0,1236.0,1242.0,3064876.7011074,3960448238.721436
2024-06-24 09:00:00,1241.0,1272.0,1143.0,1269.0,4779714.29857741,5760953876.226967
2024-06-25 09:00:00,1266.0,1283.0,1225.0,1244.0,3913630.27415395,4908142871.028529
2024-06-26 09:00:00,1244.0,1258.0,1164.0,1174.0,3955181.9056434,4769615469.743126
2024-06-27 09:00:00,1174.0,1227.0,1164.0,1180.0,2906193.40854475,3449947214.512358
2024-06-28 09:00:00,1180.0,1188.0,1111.0,1115.0,3798423.22404789,4372970659.805868
2024-06-29 09:00:00,1116.0,1134.0,1099.0,1103.0,2148166.51882221,2409592420.90767
2024-06-30 09:00:00,1103.0,1157.0,1086.0,1149.0,2645259.78426073,2952075752.566677
2024-07-01 09:00:00,1149.0,1172.0,1131.0,1137.0,1864347.99079769,2148826249.7145066
2024-07-02 09:00:00,1137.0,1174.0,1123.0,1159.0,1366706.64328689,1567381859.8489344
2024-07-03 09:00:00,1160.0,1166.0,1090.0,1100.0,2696579.49131014,3044219846.247669
2024-07-04 09:00:00,1100.0,1110.0,960.0,964.4,5981197.21845403,6164918012.067254
2024-07-05 09:00:00,964.9,969.0,839.0,922.7,8307033.75808466,7440195808.357198
2024-07-06 09:00:00,921.2,995.4,913.0,985.1,3478106.33954883,3317816946.6290903
2024-07-07 09:00:00,986.9,991.7,906.6,910.9,2947917.31935417,2820174563.6510057
2024-07-08 09:00:00,910.9,988.8,877.7,955.5,4305933.89106269,4053112448.6987686
2024-07-09 09:00:00,955.1,1069.0,947.5,1049.0,5838051.17799063,5835782966.976615
2024-07-10 09:00:00,1053.0,1084.0,1018.0,1047.0,4627974.68936748,4835148671.967383
2024-07-11 09:00:00,1046.0,1097.0,1031.0,1069.0,4029610.35322734,4303042054.151857
2024-07-12 09:00:00,1070.0,1091.0,1033.0,1053.0,3388202.04896198,3577026984.7366753
2024-07-13 09:00:00,1054.0,1077.0,1041.0,1063.0,2638313.28129593,2793492154.201974
2024-07-14 09:00:00,1063.0,1152.0,1061.0,1132.0,6173536.32293788,6927516657.568223
2024-07-15 09:00:00,1134.0,1191.0,1111.0,1186.0,7755667.00766092,8825709593.562054
2024-07-16 09:00:00,1187.0,1233.0,1142.0,1211.0,8321673.79848265,9901642373.739721
2024-07-17 09:00:00,1212.0,1240.0,1169.0,1173.0,4477201.78531945,5409499793.537825
2024-07-18 09:00:00,1173.0,1198.0,1107.0,1142.0,3423837.96900693,3988252508.0843806
2024-07-19 09:00:00,1141.0,1207.0,1117.0,1192.0,3167614.50629764,3664432704.7840543
2024-07-20 09:00:00,1196.0,1250.0,1186.0,1194.0,6076459.7024105,7350614266.722415
2024-07-21 09:00:00,1194.0,1202.0,1141.0,1199.0,4275002.86739786,5056174319.943337
2024-07-22 09:00:00,1199.0,1270.0,1157.0,1161.0,10814948.15633991,13167530384.027407
2024-07-23 09:00:00,1161.0,1185.0,1123.0,1140.0,3411468.5004445,3955636086.472839
2024-07-24 09:00:00,1139.0,1152.0,1071.0,1079.0,3633069.40980234,4050794861.0304656
2024-07-25 09:00:00,1078.0,1081.0,1000.0,1055.0,4269309.777383,4449559902.643511
2024-07-26 09:00:00,1055.0,1108.0,1049.0,1099.0,2862036.80818196,3088372747.311313
2024-07-27 09:00:00,1099.0,1113.0,1070.0,1092.0,2948926.03649392,3229432216.587464
2024-07-28 09:00:00,1092.0,1093.0,1040.0,1048.0,2110402.44454166,2252299756.646127
2024-07-29 09:00:00,1048.0,1092.0,1032.0,1037.0,3609778.0734035,3852889692.4708943
2024-07-30 09:00:00,1037.0,1054.0,976.0,993.0,3912198.00091517,3976315385.1794
2024-07-31 09:00:00,993.1,1013.0,973.8,990.0,3000553.12497542,2980117465.6220183
2024-08-01 09:00:00,989.1,1006.0,930.0,978.7,2902626.40291122,2839815377.7152867
2024-08-02 09:00:00,976.5,983.1,895.8,899.3,3480448.30391487,3248429129.2069755
2024-08-03 09:00:00,900.8,921.3,842.0,864.2,2562685.50006254,2276153783.7578654
2024-08-04 09:00:00,864.2,887.0,803.3,813.6,2535244.12132569,2145287537.8757563
2024-08-05 09:00:00,813.7,818.3,671.0,768.9,11021872.06088652,8157407364.864031
2024-08-06 09:00:00,769.0,876.7,769.0,859.8,6360909.26331667,5313435930.959403
2024-08-07 09:00:00,859.8,953.5,845.0,876.8,14734957.96623396,13316672991.70543
2024-08-08 09:00:00,875.1,1208.0,853.0,1194.0,33762566.63760361,35064242286.22086
2024-08-09 09:00:00,1193.0,1236.0,1152.0,1205.0,22156049.38659147,26400599691.15465
2024-08-10 09:00:00,1203.0,1349.0,1193.0,1292.0,27113706.729247,34505930252.414986
2024-08-11 09:00:00,1290.0,1306.0,1209.0,1229.0,15980236.55018469,20136168243.928253
2024-08-12 09:00:00,1230.0,1562.0,1230.0,1420.0,86903327.5677753,123581525983.76271
2024-08-13 09:00:00,1421.0,1427.0,1307.0,1334.0,36868496.40448483,50124175838.71756
2024-08-14 09:00:00,1334.0,1359.0,1242.0,1311.0,27849087.22117399,36291857685.302
2024-08-15 09:00:00,1311.0,1319.0,1156.0,1192.0,25322742.42477169,31287148549.835136
2024-08-16 09:00:00,1192.0,1236.0,1128.0,1135.0,28216750.7037388,33351898262.67685
2024-08-17 09:00:00,1135.0,1183.0,1114.0,1152.0,14768911.71295496,16860696678.752934
2024-08-18 09:00:00,1152.0,1191.0,1138.0,1149.0,18553471.00685084,21582834337.02504
2024-08-19 09:00:00,1149.0,1258.0,1130.0,1238.0,21748081.40803617,25710794159.410454
2024-08-20 09:00:00,1238.0,1267.0,1182.0,1193.0,17007309.2998942,20801939030.594242
2024-08-21 09:00:00,1192.0,1209.0,1140.0,1152.0,12062243.69094175,14114447821.18954
2024-08-22 09:00:00,1154.0,1174.0,1132.0,1156.0,9572486.38106022,11000125598.681965
2024-08-23 09:00:00,1156.0,1380.0,1152.0,1359.0,40601278.02683898,52024608824.55619
2024-08-24 09:00:00,1358.0,1408.0,1318.0,1363.0,32885176.44463135,44695882848.60836
2024-08-25 09:00:00,1362.0,1366.0,1284.0,1340.0,18913188.24241886,25116909640.251038
2024-08-26 09:00:00,1341.0,1360.0,1244.0,1244.0,15553356.99223609,20204756644.458023
2024-08-27 09:00:00,1244.0,1310.0,1137.0,1155.0,29780847.7560222,36623939062.91281
2024-08-28 09:00:00,1155.0,1157.0,1042.0,1106.0,28808618.19230827,32156344259.22051
2024-08-29 09:00:00,1106.0,1158.0,1080.0,1093.0,24858767.35255473,27951057408.125233
2024-08-30 09:00:00,1094.0,1139.0,1049.0,1131.0,23200971.97111585,25398385346.131386
2024-08-31 09:00:00,1131.0,1137.0,1067.0,1084.0,10764124.37692889,11914345964.380888
2024-09-01 09:00:00,1084.0,1107.0,1035.0,1038.0,18033268.18015649,19413367468.39006
2024-09-02 09:00:00,1038.0,1083.0,1011.0,1068.0,20570655.2282731,21606519588.581818
2024-09-03 09:00:00,1068.0,1137.0,1060.0,1070.0,32559419.1453848,35706290963.88609
2024-09-04 09:00:00,1070.0,1129.0,1028.0,1099.0,34346718.32880809,37045909973.985565
2024-09-05 09:00:00,1097.0,1139.0,1061.0,1083.0,31516468.36782141,34714702086.004295
2024-09-06 09:00:00,1084.0,1198.0,1082.0,1143.0,64279942.81824459,73194046516.58537
2024-09-07 09:00:00,1143.0,1247.0,1128.0,1212.0,40868714.91280814,47962117828.63015
2024-09-08 09:00:00,1212.0,1337.0,1201.0,1275.0,57916705.97886407,74049630060.40382
2024-09-09 09:00:00,1275.0,1317.0,1219.0,1298.0,49754592.98057076,62646278780.37379
2024-09-10 09:00:00,1297.0,1316.0,1236.0,1244.0,39275822.5602927,49625569198.68776
2024-09-11 09:00:00,1245.0,1260.0,1176.0,1255.0,40826438.97165443,49545405491.65022
2024-09-12 09:00:00,1255.0,1442.0,1251.0,1399.0,72392332.7697361,99211475205.36517
2024-09-13 09:00:00,1400.0,1411.0,1335.0,1377.0,29991269.90874268,41142707979.61386
2024-09-14 09:00:00,1376.0,1433.0,1350.0,1401.0,30483994.07484207,42273461229.13127
2024-09-15 09:00:00,1401.0,1533.0,1395.0,1455.0,53028833.21776568,77583249399.09406
2024-09-16 09:00:00,1455.0,1517.0,1381.0,1405.0,37389072.10992049,54373952959.800224
2024-09-17 09:00:00,1405.0,1600.0,1372.0,1571.0,56708764.96380634,86392635303.33382
2024-09-18 09:00:00,1571.0,1764.0,1534.0,1758.0,73314406.94087146,118621918824.5054
2024-09-19 09:00:00,1760.0,1877.0,1744.0,1839.0,39639440.8414644,71924050210.02367
2024-09-20 09:00:00,1838.0,2107.0,1801.0,1963.0,59571094.14199018,118173847060.22359
2024-09-21 09:00:00,1963.0,2030.0,1919.0,1974.0,31688475.67124673,62749415888.49817
2024-09-22 09:00:00,1975.0,2182.0,1901.0,2117.0,41174216.47631453,83756737210.42294
2024-09-23 09:00:00,2118.0,2197.0,2019.0,2053.0,31453067.73542848,65963854582.35508
2024-09-24 09:00:00,2053.0,2375.0,2003.0,2309.0,49026800.02101301,105228132021.21077
2024-09-25 09:00:00,2309.0,2364.0,2225.0,2268.0,30219942.90681284,69599298745.76697
2024-09-26 09:00:00,2268.0,2315.0,2112.0,2167.0,30790588.67501084,69167640229.9258
2024-09-27 09:00:00,2167.0,2287.0,2134.0,2191.0,22580169.33673892,50206584833.67415
2024-09-28 09:00:00,2187.0,2229.0,2117.0,2219.0,13472228.76406458,29180107460.83379
2024-09-29 09:00:00,2219.0,2422.0,2148.0,2301.0,30562882.59038351,70247872829.21075
2024-09-30 09:00:00,2301.0,2427.0,2223.0,2344.0,29603483.5335132,68555540464.74612
2024-10-01 09:00:00,2346.0,2559.0,2245.0,2357.0,73959057.81314836,178327903523.74265
2024-10-02 09:00:00,2358.0,2570.0,2327.0,2498.0,63526229.35271851,156936295662.2855
2024-10-03 09:00:00,2498.0,2697.0,2183.0,2259.0,106857075.85474373,261020577799.25378
2024-10-04 09:00:00,2259.0,2465.0,2196.0,2396.0,74264167.76954459,173443172584.29596
2024-10-05 09:00:00,2395.0,2418.0,2286.0,2377.0,26420378.12378316,61753179850.726036
2024-10-06 09:00:00,2377.0,2510.0,2310.0,2478.0,27979571.05489212,66688472312.09158
2024-10-07 09:00:00,2476.0,2906.0,2469.0,2725.0,75079174.33842209,202969948197.07205
2024-10-08 09:00:00,2724.0,2883.0,2615.0,2690.0,54462779.54077375,149202147416.57983
2024-10-09 09:00:00,2691.0,2704.0,2510.0,2551.0,31288558.72360474,81616894610.98952
2024-10-10 09:00:00,2550.0,2586.0,2377.0,2499.0,33699206.79909271,83813883498.35425
2024-10-11 09:00:00,2499.0,2815.0,2430.0,2774.0,44848172.13409041,119228925664.91487
2024-10-12 09:00:00,2771.0,3081.0,2708.0,3015.0,65501670.20833234,190150329470.2543
2024-10-13 09:00:00,3015.0,3200.0,2872.0,3160.0,48343815.2741186,146037473642.9626
2024-10-14 09:00:00,3160.0,3174.0,2987.0,3017.0,54449185.22139743,165483455747.5218
2024-10-15 09:00:00,3017.0,3069.0,2678.0,2784.0,84118151.2484865,243398401809.6929
2024-10-16 09:00:00,2782.0,2913.0,2680.0,2828.0,50498866.02281529,140210005351.43988
2024-10-17 09:00:00,2824.0,2931.0,2731.0,2761.0,29167345.08157743,82815686774.11559
2024-10-18 09:00:00,2758.0,2919.0,2731.0,2896.0,21512163.01219757,60753651624.02016
2024-10-19 09:00:00,2896.0,2896.0,2791.0,2817.0,17344433.35405073,49095437944.18741
2024-10-20 09:00:00,2815.0,2926.0,2795.0,2892.0,18926036.66643072,54097967280.98499
2024-10-21 09:00:00,2892.0,2962.0,2731.0,2754.0,17785613.11041612,50497503069.62404
2024-10-22 09:00:00,2752.0,2786.0,2585.0,2673.0,19899800.4230657,53529782448.203545
2024-10-23 09:00:00,2673.0,2766.0,2583.0,2739.0,14824851.29252118,39490899635.05804
2024-10-24 09:00:00,2739.0,2829.0,2659.0,2674.0,16634609.47303348,45692596617.97233
2024-10-25 09:00:00,2674.0,2694.0,2325.0,2469.0,14844884.31352907,38199616509.664345
2024-10-26 09:00:00,2467.0,2587.0,2387.0,2514.0,12674615.47524902,31425938070.407417
2024-10-27 09:00:00,2513.0,2554.0,2407.0,2448.0,11769537.85714875,29212661742.561493
2024-10-28 09:00:00,2448.0,2487.0,2239.0,2471.0,22748383.16146506,54137958412.71616
2024-10-29 09:00:00,2470.0,2904.0,2455.0,2882.0,52994191.44357887,144296526975.37628
2024-10-30 09:00:00,2886.0,2981.0,2753.0,2897.0,39610911.48285943,113881576423.611
2024-10-31 09:00:00,2897.0,2915.0,2708.0,2752.0,20999811.85582457,59326717547.19538
2024-11-01 09:00:00,2752.0,2939.0,2665.0,2789.0,30653779.27546507,85261792506.75015
2024-11-02 09:00:00,2790.0,2835.0,2623.0,2675.0,17663589.88184319,48034847173.933655
2024-11-03 09:00:00,2678.0,2737.0,2471.0,2717.0,23192015.91854731,60565018855.12292
2024-11-04 09:00:00,2718.0,2737.0,2503.0,2572.0,20244289.4288928,53024501658.96227
2024-11-05 09:00:00,2568.0,2880.0,2562.0,2786.0,27062292.60847454,73840956205.01556
2024-11-06 09:00:00,2786.0,3244.0,2775.0,3174.0,62652518.21502424,193520817202.67758
2024-11-07 09:00:00,3174.0,3292.0,3032.0,3186.0,27585991.48640911,87271670462.48561
2024-11-08 09:00:00,3186.0,3282.0,3078.0,3191.0,20118128.26006243,64059455265.83003
2024-11-09 09:00:00,3191.0,3964.0,3120.0,3809.0,40047635.05348291,140870946738.74982
2024-11-10 09:00:00,3813.0,4388.0,3747.0,4202.0,86560408.34752853,354517952280.48944
2024-11-11 09:00:00,4204.0,4634.0,4187.0,4592.0,53434785.14171617,237788296837.43768
2024-11-12 09:00:00,4590.0,4770.0,3981.0,4575.0,47522277.10749952,208641184609.29428
2024-11-13 09:00:00,4575.0,4850.0,4065.0,4680.0,45779996.15781613,206620350536.51736
2024-11-14 09:00:00,4681.0,5031.0,4595.0,4745.0,41082145.09345118,196608001739.2534
2024-11-15 09:00:00,4746.0,5181.0,4404.0,5082.0,28045125.97774125,133376069665.65236
2024-11-16 09:00:00,5082.0,5515.0,5030.0,5273.0,30074217.69359738,158775614607.73605
2024-11-17 09:00:00,5273.0,5515.0,5003.0,5335.0,18162675.97838498,95731000028.19217
2024-11-18 09:00:00,5334.0,5475.0,5086.0,5204.0,19056040.88916635,100231058595.45245
2024-11-19 09:00:00,5200.0,5372.0,5070.0,5237.0,12870271.62532433,67240855716.96352
2024-11-20 09:00:00,5237.0,5384.0,4849.0,4987.0,17788855.55140391,92425772083.21811
2024-11-21 09:00:00,4981.0,5160.0,4727.0,5045.0,24078957.48513061,120006523467.56789
2024-11-22 09:00:00,5050.0,5094.0,4664.0,4941.0,23498322.78651845,115514349836.4226
2024-11-23 09:00:00,4942.0,5029.0,4670.0,4797.0,23454846.32585367,114710467787.15344
2024-11-24 09:00:00,4797.0,4962.0,4330.0,4725.0,25770211.14849589,120921175225.40717
2024-11-25 09:00:00,4725.0,4796.0,4352.0,4456.0,17906866.75709518,82498841001.51064
2024-11-26 09:00:00,4454.0,4939.0,4146.0,4897.0,39664350.23545179,183277362077.3478
2024-11-27 09:00:00,4896.0,4900.0,4583.0,4770.0,18287505.1169548,86374803590.10437
2024-11-28 09:00:00,4771.0,5094.0,4717.0,4795.0,20683123.35692495,101667771103.77203
2024-11-29 09:00:00,4795.0,4932.0,4663.0,4814.0,15107065.0954661,72194677932.00224
2024-11-30 09:00:00,4814.0,4894.0,4741.0,4822.0,11150159.78382944,53517594400.70078
2024-12-01 09:00:00,4822.0,4900.0,4650.0,4781.0,11609260.72148054,55345891098.584564
2024-12-02 09:00:00,4781.0,4820.0,4456.0,4736.0,14071186.64093484,64957829489.99406
2024-12-03 09:00:00,4736.0,5550.0,2999.0,5153.0,67756372.3071901,342779551239.1156
2024-12-04 09:00:00,5153.0,5318.0,4969.0,5168.0,15413798.80277708,79700177788.22528
2024-12-05 09:00:00,5175.0,6270.0,4928.0,5990.0,66088361.86622366,381940040269.60376
2024-12-06 09:00:00,5992.0,6390.0,5663.0,5880.0,30344473.05699708,181648539319.87677
2024-12-07 09:00:00,5880.0,6223.0,5751.0,5930.0,17184434.99877076,103359049586.63974
2024-12-08 09:00:00,5930.0,6142.0,5770.0,5906.0,8002781.95200592,47646415687.95349
2024-12-09 09:00:00,5905.0,6013.0,4898.0,5478.0,15665615.20964205,87769892129.98508
2024-12-10 09:00:00,5484.0,5547.0,5000.0,5320.0,13148475.69664035,69922718028.69635
2024-12-11 09:00:00,5320.0,6250.0,5060.0,6192.0,14352026.13390266,82587398589.99957
2024-12-12 09:00:00,6192.0,6934.0,6169.0,6608.0,41350943.56331553,275906440887.1982
2024-12-13 09:00:00,6608.0,6992.0,6493.0,6790.0,19203789.5194996,129514402815.97145
2024-12-14 09:00:00,6788.0,6894.0,6225.0,6421.0,9477864.88065913,62805589572.446266
2024-12-15 09:00:00,6421.0,6933.0,6270.0,6835.0,10068209.34341427,66231522365.833626
2024-12-16 09:00:00,6830.0,7121.0,6658.0,6699.0,13442531.06798844,92432914661.19003
2024-12-17 09:00:00,6706.0,7063.0,6611.0,6790.0,11924268.33156991,81641051493.99263
2024-12-18 09:00:00,6790.0,7002.0,6361.0,6400.0,10186413.60659211,67796427347.11584
2024-12-19 09:00:00,6400.0,6849.0,5989.0,6175.0,15606540.1213853,100100408094.50087
2024-12-20 09:00:00,6164.0,6943.0,5305.0,6936.0,36935781.28323549,228919539051.00095
2024-12-21 09:00:00,6936.0,7374.0,6446.0,6630.0,21974671.41941376,153652151460.14178
2024-12-22 09:00:00,6630.0,6946.0,6329.0,6580.0,14688428.19884673,98263023299.19083
2024-12-23 09:00:00,6576.0,7167.0,6245.0,7093.0,14859679.05565472,98229966166.0084
2024-12-24 09:00:00,7091.0,7170.0,6731.0,6852.0,14173669.89304329,98292525560.03925
2024-12-25 09:00:00,6852.0,6921.0,6680.0,6706.0,10208641.25814972,69410386610.75162
2024-12-26 09:00:00,6706.0,6759.0,6270.0,6324.0,8219002.40170168,53132357478.3722
2024-12-27 09:00:00,6324.0,6610.0,6119.0,6155.0,8812133.65267851,56153537675.99857
2024-12-28 09:00:00,6155.0,6372.0,5983.0,6290.0,5236038.82074465,32188671700.427914
2024-12-29 09:00:00,6290.0,6395.0,6035.0,6108.0,3653429.04621124,22784265122.620316
2024-12-30 09:00:00,6108.0,6479.0,5875.0,6216.0,6498727.77972566,39901645698.95765
2024-12-31 09:00:00,6216.0,6448.0,5991.0,6145.0,6543035.20254775,40853863894.69226
2025-01-01 09:00:00,6145.0,6431.0,6050.0,6400.0,4095521.36263437,25572554205.9104
2025-01-02 09:00:00,6399.0,6620.0,6330.0,6453.0,5280827.53084432,34162037547.51554
2025-01-03 09:00:00,6453.0,7360.0,6350.0,7352.0,8762307.86205254,59761678270.06203
2025-01-04 09:00:00,7358.0,7893.0,7125.0,7796.0,21120762.93044378,159748784554.77686
2025-01-05 09:00:00,7794.0,7850.0,7545.0,7716.0,8248629.51257117,63414214855.16435
2025-01-06 09:00:00,7716.0,7845.0,7361.0,7471.0,6092577.74871663,46514086249.30433
2025-01-07 09:00:00,7479.0,7573.0,7106.0,7151.0,6760599.87539325,49674682107.893875
2025-01-08 09:00:00,7151.0,7366.0,6682.0,7335.0,8504514.74192599,59287265001.09305
2025-01-09 09:00:00,7327.0,7340.0,6805.0,7178.0,6564406.45373752,46384014043.38902
2025-01-10 09:00:00,7168.0,7906.0,7165.0,7707.0,12327347.58687623,93313913952.1053
2025-01-11 09:00:00,7707.0,7742.0,7363.0,7442.0,4797627.83849592,36239073432.98342
2025-01-12 09:00:00,7447.0,7458.0,7073.0,7122.0,3318742.62140826,24119569645.45708
2025-01-13 09:00:00,7122.0,7275.0,6528.0,7149.0,11807557.186838,80909439036.71765
2025-01-14 09:00:00,7149.0,7158.0,6780.0,6813.0,10488222.27809078,72494397865.89381
2025-01-15 09:00:00,6810.0,7165.0,6573.0,7086.0,15841978.52512801,109385432497.35846
2025-01-16 09:00:00,7086.0,7401.0,6768.0,6975.0,12894301.38189873,89948657753.41179
2025-01-17 09:00:00,6976.0,7310.0,6940.0,7090.0,12025917.74730735,86051204935.37146
2025-01-18 09:00:00,7090.0,7663.0,6880.0,7442.0,15685311.17290864,113391970367.71187
2025-01-19 09:00:00,7450.0,7498.0,6672.0,6862.0,17696099.34486678,127676067250.22765
2025-01-20 09:00:00,6855.0,7214.0,6445.0,6632.0,15915144.28865259,109297625768.63306
2025-01-21 09:00:00,6626.0,7088.0,6386.0,6917.0,9188171.43485255,61403360231.44116
2025-01-22 09:00:00,6916.0,6985.0,6650.0,6683.0,3850307.25769582,26258875931.682842
2025-01-23 09:00:00,6683.0,6694.0,6260.0,6425.0,5539213.52480121,36018057278.75344
2025-01-24 09:00:00,6425.0,6687.0,6241.0,6308.0,8000724.51398718,51745977594.760765
2025-01-25 09:00:00,6308.0,6398.0,6181.0,6209.0,5635689.73216673,35277244806.58666
2025-01-26 09:00:00,6207.0,6310.0,5882.0,5905.0,6756263.09283873,41565686216.5349
2025-01-27 09:00:00,5905.0,6091.0,5400.0,6023.0,15418500.3106392,88049766423.58177
2025-01-28 09:00:00,6023.0,6081.0,5561.0,5627.0,8076975.99871444,47030004383.16463
2025-01-29 09:00:00,5630.0,5920.0,5544.0,5675.0,6604147.49125765,37732325673.36861
2025-01-30 09:00:00,5671.0,6366.0,5635.0,6211.0,22476098.78032534,138778937220.02365
2025-01-31 09:00:00,6211.0,6450.0,6142.0,6243.0,13980205.02643904,88299147257.08467
2025-02-01 09:00:00,6243.0,6292.0,5803.0,5852.0,5401512.55443161,32857761916.442352
2025-02-02 09:00:00,5852.0,6017.0,5004.0,5220.0,12033968.42531916,66361121348.48245
2025-02-03 09:00:00,5220.0,6014.0,4175.0,5706.0,36124668.24065043,185186458929.9896
2025-02-04 09:00:00,5706.0,6059.0,5121.0,5662.0,28549010.71033574,158991119978.22025
2025-02-05 09:00:00,5661.0,5856.0,5181.0,5220.0,15446164.43481488,85848793515.59392
2025-02-06 09:00:00,5224.0,5450.0,4860.0,4919.0,14892797.09684335,77117341608.96248
2025-02-07 09:00:00,4919.0,5212.0,4523.0,4671.0,18472531.15408273,90157449781.758
2025-02-08 09:00:00,4672.0,4758.0,4464.0,4721.0,8904919.99147909,41011360997.4023
2025-02-09 09:00:00,4723.0,4888.0,4429.0,4584.0,11199799.74045644,52636145800.26827
2025-02-10 09:00:00,4584.0,5002.0,4442.0,4875.0,18616193.88416889,89247753495.26785
2025-02-11 09:00:00,4875.0,5400.0,4850.0,5072.0,22569650.95518501,116670214359.15826
2025-02-12 09:00:00,5074.0,5535.0,4716.0,5413.0,19765887.33524151,99476192871.2866
2025-02-13 09:00:00,5411.0,5520.0,5170.0,5230.0,10825893.097437,57790303679.53458
2025-02-14 09:00:00,5230.0,5600.0,5148.0,5346.0,10503008.15538161,56372101551.65895
2025-02-15 09:00:00,5340.0,5422.0,5104.0,5165.0,5805526.6424756,30501821560.70491
2025-02-16 09:00:00,5165.0,5236.0,4914.0,4953.0,5078849.2603112,25667296422.194786
2025-02-17 09:00:00,4953.0,5050.0,4760.0,4857.0,6472587.47154071,31862685318.606422
2025-02-18 09:00:00,4854.0,4875.0,4422.0,4612.0,9545786.86563415,44313893326.00832
2025-02-19 09:00:00,4612.0,4865.0,4501.0,4807.0,8459763.69811049,39775928082.385124
2025-02-20 09:00:00,4807.0,5153.0,4744.0,5112.0,7026151.60551248,34723905168.64801
2025-02-21 09:00:00,5112.0,5253.0,4791.0,4851.0,8086804.20944038,41059348185.05441
2025-02-22 09:00:00,4854.0,5080.0,4826.0,5040.0,4610138.06911594,22865347036.969692
2025-02-23 09:00:00,5037.0,5139.0,4832.0,4955.0,4231366.59626307,21002768371.525097
2025-02-24 09:00:00,4959.0,5053.0,4055.0,4091.0,19871874.02653766,89826238676.62459
2025-02-25 09:00:00,4098.0,4394.0,3805.0,4313.0,26925300.60437803,109427387503.56769
2025-02-26 09:00:00,4319.0,4488.0,4023.0,4200.0,19763723.28326773,84718021664.1847
2025-02-27 09:00:00,4201.0,4347.0,4059.0,4094.0,11615706.79495847,48745222012.0957
2025-02-28 09:00:00,4091.0,4220.0,3741.0,4173.0,19287407.8219144,76274706145.48604
2025-03-01 09:00:00,4173.0,4354.0,4108.0,4204.0,9049071.61423301,38232769523.87442
2025-03-02 09:00:00,4204.0,4889.0,4150.0,4823.0,18919800.06344741,85430867566.51265
2025-03-03 09:00:00,4823.0,4840.0,3884.0,3949.0,12928321.47837871,56477197476.93731
2025-03-04 09:00:00,3953.0,4014.0,3427.0,3775.0,21078008.14598814,77564366801.01115
2025-03-05 09:00:00,3775.0,4010.0,3652.0,3921.0,14602647.2039743,55592026004.238266
2025-03-06 09:00:00,3922.0,4558.0,3856.0,4070.0,46278314.38422821,195140149313.99524
2025-03-07 09:00:00,4070.0,4294.0,3831.0,3853.0,33043844.3950777,134626402388.50926
2025-03-08 09:00:00,3853.0,3931.0,3691.0,3705.0,8924897.11443766,34171626431.393776
2025-03-09 09:00:00,3705.0,3759.0,3377.0,3433.0,11230666.8348803,40175255053.28328
2025-03-10 09:00:00,3433.0,3636.0,3093.0,3124.0,18839458.84380658,63457977566.58562
2025-03-11 09:00:00,3125.0,3414.0,2942.0,3310.0,15568997.96384038,49763312359.30702
2025-03-12 09:00:00,3310.0,3517.0,3227.0,3382.0,10336870.57625626,34617896285.29591
2025-03-13 09:00:00,3385.0,3469.0,3142.0,3207.0,7168759.16558195,23755991817.88269
2025-03-14 09:00:00,3207.0,3514.0,3195.0,3426.0,7576283.3424329,25309963418.415356
2025-03-15 09:00:00,3426.0,3587.0,3395.0,3462.0,6937610.76714377,24090198785.260628
2025-03-16 09:00:00,3460.0,3482.0,3252.0,3292.0,5476474.29152766,18349721880.460087
2025-03-17 09:00:00,3291.0,3483.0,3288.0,3478.0,5277769.47083281,17840153935.53024
2025-03-18 09:00:00,3478.0,3491.0,3270.0,3352.0,7498836.48327255,25256674725.34798
2025-03-19 09:00:00,3348.0,3650.0,3327.0,3626.0,7888000.87131571,27464701827.054665
2025-03-20 09:00:00,3630.0,3677.0,3451.0,3479.0,5998585.09355042,21483151497.278126
2025-03-21 09:00:00,3479.0,3498.0,3307.0,3340.0,7527241.47613715,25509663326.988087
2025-03-22 09:00:00,3340.0,3400.0,3301.0,3351.0,4387491.5686575,14697080115.938896
2025-03-23 09:00:00,3351.0,3402.0,3313.0,3380.0,3453950.49125349,11577634351.671062
2025-03-24 09:00:00,3380.0,3614.0,3338.0,3529.0,6912203.05293362,24258427298.764385
2025-03-25 09:00:00,3529.0,3658.0,3447.0,3621.0,6830192.94989674,24300924413.98073
2025-03-26 09:00:00,3619.0,3927.0,3602.0,3872.0,11178934.78208529,42482923993.1491
2025-03-27 09:00:00,3872.0,4175.0,3849.0,4102.0,16194885.10192981,65421597565.76996
2025-03-28 09:00:00,4102.0,4132.0,3685.0,3732.0,10885888.44656061,42231519656.78151
2025-03-29 09:00:00,3738.0,3782.0,3365.0,3449.0,10509951.69734214,37401425115.82616
2025-03-30 09:00:00,3450.0,3666.0,3401.0,3516.0,9886576.94656723,35063291968.625145
2025-03-31 09:00:00,3519.0,3523.0,3266.0,3385.0,8738405.39194063,29480223923.666958
2025-04-01 09:00:00,3385.0,3745.0,3351.0,3577.0,9930694.90113526,35274990884.18849
2025-04-02 09:00:00,3577.0,3765.0,3348.0,3435.0,14390530.48779091,51296305325.065926
2025-04-03 09:00:00,3435.0,3626.0,3250.0,3356.0,14605722.48476549,49630066126.60775
2025-04-04 09:00:00,3352.0,3396.0,3152.0,3320.0,17706712.79106706,58084628197.37662
2025-04-05 09:00:00,3319.0,3352.0,3230.0,3272.0,5085387.82190232,16745040936.122892
2025-04-06 09:00:00,3272.0,3283.0,2821.0,2878.0,13775294.88862782,41637284011.93316
2025-04-07 09:00:00,2878.0,3114.0,2573.0,3008.0,26609735.24985384,76232910105.49152
2025-04-08 09:00:00,3010.0,3129.0,2883.0,2896.0,11968433.36966886,36269357771.10751
2025-04-09 09:00:00,2897.0,3369.0,2806.0,3263.0,18743290.64690942,57111888743.111374
2025-04-10 09:00:00,3264.0,3286.0,3052.0,3128.0,9001502.95102555,28509466160.908745
2025-04-11 09:00:00,3128.0,3274.0,3102.0,3186.0,6591757.61136894,21101284611.704433
2025-04-12 09:00:00,3186.0,3471.0,3139.0,3398.0,8545561.24235184,28096672115.949043
2025-04-13 09:00:00,3398.0,3499.0,3203.0,3246.0,9133061.37524614,30700910606.20989
2025-04-14 09:00:00,3243.0,3409.0,3155.0,3185.0,8427300.5475777,27712841488.021175
2025-04-15 09:00:00,3185.0,3262.0,3046.0,3051.0,7848271.14595351,24784269844.754925
2025-04-16 09:00:00,3051.0,3094.0,2943.0,2984.0,7321610.17948309,22181815715.8934
2025-04-17 09:00:00,2984.0,3129.0,2965.0,3069.0,4445102.04348336,13466531660.315649
2025-04-18 09:00:00,3069.0,3115.0,3037.0,3073.0,3093616.52022492,9491344905.336773
2025-04-19 09:00:00,3070.0,3142.0,3057.0,3110.0,2311067.30489106,7158578301.907786
2025-04-20 09:00:00,3108.0,3134.0,3015.0,3046.0,2439282.97089695,7479225343.308215
2025-04-21 09:00:00,3049.0,3276.0,3041.0,3168.0,9993961.02611142,31865694557.146126
2025-04-22 09:00:00,3166.0,3933.0,3125.0,3820.0,18580258.03503063,65272994695.96463
2025-04-23 09:00:00,3818.0,4402.0,3817.0,4254.0,41134669.54769343,170021976179.91504
2025-04-24 09:00:00,4255.0,4871.0,4138.0,4797.0,40114539.85294939,180058985399.59564
2025-04-25 09:00:00,4797.0,5479.0,4720.0,5078.0,49223815.88292015,253009774985.0851
2025-04-26 09:00:00,5078.0,5266.0,4835.0,5075.0,21234802.53771577,108049984989.61826
2025-04-27 09:00:00,5080.0,5283.0,4943.0,5122.0,19933025.05455821,103085627282.26675
2025-04-28 09:00:00,5129.0,5574.0,4902.0,5081.0,27187967.06984839,143299944967.72275
2025-04-29 09:00:00,5084.0,5237.0,4991.0,5104.0,16425738.78485087,84015750573.57243
2025-04-30 09:00:00,5104.0,5204.0,4725.0,5067.0,17664618.98134894,88248324948.90598
2025-05-01 09:00:00,5065.0,5421.0,4982.0,5122.0,18108908.86513777,94521471084.50331
2025-05-02 09:00:00,5122.0,5165.0,4859.0,4909.0,14553332.1869814,72554827282.71121
2025-05-03 09:00:00,4909.0,5051.0,4708.0,4810.0,13472695.61081042,65519736747.7789
2025-05-04 09:00:00,4810.0,4870.0,4519.0,4706.0,11253134.86896889,52645674084.64639
2025-05-05 09:00:00,4706.0,4946.0,4600.0,4875.0,16276445.81685875,78622139070.29768
2025-05-06 09:00:00,4873.0,4886.0,4425.0,4750.0,17919740.24618038,83812432015.56439
2025-05-07 09:00:00,4750.0,4880.0,4588.0,4723.0,13473933.55846719,63996836323.40833
2025-05-08 09:00:00,4724.0,5739.0,4703.0,5659.0,29457456.42695702,154609594371.4463
2025-05-09 09:00:00,5659.0,5700.0,5365.0,5519.0,21887814.04478576,121626840281.4109
2025-05-10 09:00:00,5517.0,5746.0,5368.0,5706.0,16234320.1303125,90059645624.1306
2025-05-11 09:00:00,5706.0,5927.0,5452.0,5611.0,15705475.48140909,89480836233.89424
2025-05-12 09:00:00,5613.0,5973.0,5397.0,5592.0,21558615.80416543,123248580229.94792
2025-05-13 09:00:00,5592.0,5745.0,5397.0,5696.0,12816384.43912049,71713803531.63503
2025-05-14 09:00:00,5696.0,5734.0,5434.0,5515.0,10719450.02269546,59533175849.31657
2025-05-15 09:00:00,5515.0,5580.0,5182.0,5417.0,13956415.99534811,74870124393.14316
2025-05-16 09:00:00,5418.0,5554.0,5302.0,5350.0,8881751.59260597,48534915019.09527
2025-05-17 09:00:00,5350.0,5488.0,5220.0,5412.0,7940023.15378557,42458630614.36118
2025-05-18 09:00:00,5412.0,5658.0,5266.0,5567.0,11439197.18260115,62527224107.408066
2025-05-19 09:00:00,5567.0,5606.0,5103.0,5404.0,12176796.43346996,64664251592.40024
2025-05-20 09:00:00,5404.0,5544.0,5355.0,5432.0,8392269.58650451,45760002863.0658
2025-05-21 09:00:00,5432.0,5642.0,5343.0,5467.0,9751640.32008415,53174003368.03341
2025-05-22 09:00:00,5467.0,5830.0,5160.0,5392.0,40762289.31447562,223100300394.24332
2025-05-23 09:00:00,5391.0,5447.0,4950.0,5008.0,25103633.88234592,130958960652.91393
2025-05-24 09:00:00,5008.0,5149.0,4987.0,5070.0,5087108.91825451,25872138371.893852
2025-05-25 09:00:00,5070.0,5123.0,4835.0,5027.0,6872028.79072651,34115551910.803402
2025-05-26 09:00:00,5027.0,5070.0,4807.0,4857.0,6068012.56625288,30049195530.013016
2025-05-27 09:00:00,4857.0,5170.0,4738.0,5099.0,11606064.9331912,57613349673.173805
2025-05-28 09:00:00,5100.0,5199.0,4919.0,5026.0,9290228.07782177,47256407222.45597
2025-05-29 09:00:00,5026.0,5185.0,4907.0,4924.0,6801347.9067136,34276528502.205536
2025-05-30 09:00:00,4920.0,4952.0,4498.0,4515.0,10605220.03239127,50549954683.79161
2025-05-31 09:00:00,4515.0,4704.0,4331.0,4590.0,9604351.61886398,43060892527.949265
2025-06-01 09:00:00,4590.0,4749.0,4510.0,4715.0,5132167.90180382,23689464196.62081
2025-06-02 09:00:00,4715.0,4721.0,4541.0,4665.0,5555879.72567548,25697710676.254776
2025-06-03 09:00:00,4660.0,4735.0,4501.0,4543.0,5249229.11391728,24295693957.18993
2025-06-04 09:00:00,4543.0,4583.0,4382.0,4386.0,4986555.36477204,22296428479.84734
2025-06-05 09:00:00,4386.0,4469.0,4032.0,4081.0,8627414.61698076,36716282972.94056
2025-06-06 09:00:00,4078.0,4482.0,4053.0,4444.0,6704642.64993604,28811471834.192142
2025-06-07 09:00:00,4447.0,4589.0,4410.0,4496.0,3966954.77185963,17908980569.307972
2025-06-08 09:00:00,4496.0,4525.0,4398.0,4447.0,3129728.1129759,13957333033.228065
2025-06-09 09:00:00,4443.0,4730.0,4383.0,4703.0,6238401.91166453,28455402064.18551
2025-06-10 09:00:00,4703.0,4872.0,4618.0,4774.0,6704044.16182403,31693881013.007473
2025-06-11 09:00:00,4774.0,4847.0,4607.0,4679.0,5868600.05501971,27963242195.19259
2025-06-12 09:00:00,4680.0,4687.0,4400.0,4426.0,6513114.46815108,29579013952.935036
2025-06-13 09:00:00,4426.0,4427.0,4068.0,4277.0,13345856.26687228,55908532130.85179
2025-06-14 09:00:00,4273.0,4277.0,3907.0,4096.0,6001860.95045543,24535873043.53903
2025-06-15 09:00:00,4094.0,4209.0,4087.0,4182.0,4132719.58326469,17127171294.060131
2025-06-16 09:00:00,4181.0,4339.0,4103.0,4120.0,6611559.28221086,28058522631.26468
2025-06-17 09:00:00,4115.0,4198.0,3901.0,3941.0,7710378.27298768,31052563892.892925
2025-06-18 09:00:00,3946.0,4038.0,3762.0,3917.0,10862950.9851165,42124207738.766365
2025-06-19 09:00:00,3922.0,3982.0,3860.0,3916.0,4990428.53437236,19549096227.198925
2025-06-20 09:00:00,3919.0,3986.0,3700.0,3787.0,6659671.87588317,25675341758.979282
2025-06-21 09:00:00,3788.0,3828.0,3476.0,3595.0,7327345.01514567,26812543100.21129
2025-06-22 09:00:00,3595.0,3665.0,3208.0,3420.0,13446124.91003173,46146443623.11526
2025-06-23 09:00:00,3420.0,3950.0,3358.0,3925.0,14138688.46171651,51337341281.37762
2025-06-24 09:00:00,3923.0,4016.0,3767.0,3849.0,12534466.2453482,48549199468.83618
2025-06-25 09:00:00,3845.0,3913.0,3721.0,3754.0,9468855.75442011,36243869066.8027
2025-06-26 09:00:00,3750.0,3840.0,3550.0,3577.0,8993136.28340415,33065487531.453575
2025-06-27 09:00:00,3577.0,3834.0,3538.0,3735.0,7424137.29253878,27304779448.424587
2025-06-28 09:00:00,3735.0,3897.0,3685.0,3838.0,4967386.05934444,18670583599.58104
2025-06-29 09:00:00,3838.0,3997.0,3797.0,3955.0,4826733.8926593,18686056008.66173
2025-06-30 09:00:00,3955.0,3975.0,3741.0,3780.0,6050107.76551755,23135500656.056416
2025-07-01 09:00:00,3780.0,3835.0,3655.0,3673.0,6151394.61529009,23039583784.929623
2025-07-02 09:00:00,3673.0,4004.0,3630.0,3927.0,7632313.1436085,29171426274.46337
2025-07-03 09:00:00,3927.0,4187.0,3902.0,4103.0,9533554.65549324,38821173321.91744
2025-07-04 09:00:00,4103.0,4200.0,3866.0,3937.0,7677435.77706566,30824257218.069927
2025-07-05 09:00:00,3937.0,4017.0,3919.0,3971.0,3377541.72665269,13388900295.153381
2025-07-06 09:00:00,3969.0,4032.0,3920.0,3962.0,3818628.72884806,15173540775.777624
2025-07-07 09:00:00,3962.0,4012.0,3875.0,3913.0,4088425.96289479,16131384089.083447
2025-07-08 09:00:00,3913.0,3991.0,3872.0,3940.0,3346124.7249814,13156510775.352701
2025-07-09 09:00:00,3940.0,4199.0,3928.0,4165.0,6591678.38461145,26649820187.725533
2025-07-10 09:00:00,4166.0,4720.0,4143.0,4709.0,17395851.32430447,76887523724.08508
2025-07-11 09:00:00,4709.0,4822.0,4417.0,4563.0,17425572.18688244,81861454131.16911
2025-07-12 09:00:00,4562.0,4692.0,4503.0,4620.0,7183570.22587128,33044148138.60018
2025-07-13 09:00:00,4625.0,4780.0,4602.0,4735.0,6582457.63024645,30819229379.19677
2025-07-14 09:00:00,4734.0,5426.0,4729.0,5320.0,31211596.98479207,163096997957.81512
2025-07-15 09:00:00,5320.0,5611.0,5209.0,5599.0,25540328.99732932,137799631644.95813
2025-07-16 09:00:00,5597.0,5615.0,5335.0,5364.0,16061525.98047312,88068194047.44409
2025-07-17 09:00:00,5364.0,5557.0,5293.0,5454.0,16178452.86747178,87881955873.80809
2025-07-18 09:00:00,5454.0,5776.0,5011.0,5169.0,28967133.33134169,157843429820.0729
2025-07-19 09:00:00,5169.0,5278.0,5047.0,5253.0,8297842.03298361,42925788982.57667
2025-07-20 09:00:00,5253.0,5491.0,5219.0,5311.0,10120147.97717425,54288504869.06704
2025-07-21 09:00:00,5311.0,5539.0,5240.0,5400.0,10336251.53167389,56047476346.4708
2025-07-22 09:00:00,5400.0,5513.0,5200.0,5431.0,10538348.13538597,56315960986.23665
2025-07-23 09:00:00,5431.0,5463.0,4889.0,5075.0,11518485.54043018,59929798591.99391
2025-07-24 09:00:00,5073.0,5258.0,4761.0,5060.0,12233081.33542176,61482249851.46479
2025-07-25 09:00:00,5057.0,5458.0,4916.0,5386.0,9104350.53471698,46807432539.60363
2025-07-26 09:00:00,5381.0,5916.0,5364.0,5678.0,11740724.48206813,65871440171.8929
2025-07-27 09:00:00,5679.0,6039.0,5620.0,5890.0,14575053.10468207,85115855680.26305
2025-07-28 09:00:00,5889.0,6050.0,5356.0,5382.0,15970608.08889617,91311593306.57649
2025-07-29 09:00:00,5382.0,5507.0,5200.0,5288.0,10259275.85226163,55089620010.05982
2025-07-30 09:00:00,5282.0,5300.0,5065.0,5215.0,6362020.97788573,33077074797.235844
2025-07-31 09:00:00,5215.0,5453.0,5030.0,5040.0,7327298.71337608,38487044676.05832
2025-08-01 09:00:00,5040.0,5075.0,4710.0,4820.0,12508456.7074975,61309599482.24883
2025-08-02 09:00:00,4820.0,4928.0,4611.0,4665.0,6993326.50298775,33427444008.563263
2025-08-03 09:00:00,4664.0,4884.0,4595.0,4841.0,5736678.86218938,27357282774.066444
2025-08-04 09:00:00,4843.0,5055.0,4765.0,4997.0,8470341.10535581,41487665375.90491
2025-08-05 09:00:00,5005.0,5030.0,4693.0,4783.0,7794171.31923325,37821668333.8269
2025-08-06 09:00:00,4783.0,4910.0,4659.0,4864.0,5055405.07003823,24169111424.275272
2025-08-07 09:00:00,4864.0,5235.0,4805.0,5220.0,8501377.14365638,43076659010.528
2025-08-08 09:00:00,5220.0,5345.0,5130.0,5265.0,7776196.8914575,40665892526.83372
2025-08-09 09:00:00,5265.0,5470.0,5255.0,5365.0,6579468.01225647,35432730517.380714
2025-08-10 09:00:00,5365.0,5485.0,5175.0,5325.0,7139173.57461283,38020177662.76709
2025-08-11 09:00:00,5325.0,5445.0,5010.0,5055.0,8785718.74576563,45757172464.592865
2025-08-12 09:00:00,5055.0,5370.0,4974.0,5315.0,7764681.25036929,40089828926.663826
2025-08-13 09:00:00,5315.0,5545.0,5235.0,5460.0,10664503.0103603,57697916538.32757
2025-08-14 09:00:00,5460.0,5694.0,5065.0,5235.0,18668851.36931922,100448506923.57838
2025-08-15 09:00:00,5235.0,5375.0,5055.0,5195.0,7687128.291769,40301846641.034386
2025-08-16 09:00:00,5190.0,5250.0,5090.0,5240.0,3367797.29535318,17450890114.44334
2025-08-17 09:00:00,5245.0,5385.0,5200.0,5230.0,4376062.19935829,23161034685.370296
2025-08-18 09:00:00,5235.0,5260.0,4920.0,5000.0,8023692.8696126,40354046268.7826
2025-08-19 09:00:00,5005.0,5105.0,4760.0,4770.0,7310558.87703403,36041318599.958206
2025-08-20 09:00:00,4771.0,4989.0,4748.0,4953.0,5200047.24075467,25359187213.32736
2025-08-21 09:00:00,4953.0,4991.0,4751.0,4786.0,4186899.49439926,20315419908.943737
2025-08-22 09:00:00,4786.0,5210.0,4635.0,5180.0,10304853.14103039,50970240069.348976
2025-08-23 09:00:00,5180.0,5275.0,4975.0,5170.0,5233181.08163002,26885286226.9941
2025-08-24 09:00:00,5175.0,5300.0,5005.0,5105.0,5320472.51343378,27267453261.83396
2025-08-25 09:00:00,5115.0,5190.0,4689.0,4731.0,8244232.63004109,40404056761.73362
2025-08-26 09:00:00,4731.0,4878.0,4700.0,4839.0,5435930.18449636,26080719501.365086
2025-08-27 09:00:00,4839.0,4911.0,4779.0,4807.0,4211152.55301165,20392377107.932133
2025-08-28 09:00:00,4810.0,4909.0,4770.0,4865.0,4307925.44193592,20915074019.22965
2025-08-29 09:00:00,4867.0,4880.0,4512.0,4611.0,7254954.24139804,33937143673.194427
2025-08-30 09:00:00,4611.0,4668.0,4495.0,4615.0,3065661.83227219,14059725813.364492
2025-08-31 09:00:00,4618.0,4672.0,4523.0,4525.0,2266076.28471656,10434552240.190098
2025-09-01 09:00:00,4529.0,4632.0,4360.0,4470.0,5344768.25784906,23959013130.431705
2025-09-02 09:00:00,4474.0,4625.0,4454.0,4624.0,3660579.97265847,16653699779.882109
2025-09-03 09:00:00,4624.0,4717.0,4556.0,4696.0,3489441.41138725,16236898828.93845
2025-09-04 09:00:00,4696.0,4711.0,4541.0,4611.0,2270761.16067411,10496080208.095972
2025-09-05 09:00:00,4611.0,4810.0,4589.0,4725.0,4662210.83388033,22035230509.416214
2025-09-06 09:00:00,4721.0,4765.0,4655.0,4669.0,1398863.40815401,6585614351.142944
2025-09-07 09:00:00,4670.0,4773.0,4668.0,4739.0,1606953.17789792,7601746348.266231
2025-09-08 09:00:00,4741.0,4901.0,4701.0,4874.0,3303575.23640092,15892983214.137962
2025-09-09 09:00:00,4878.0,5015.0,4776.0,4833.0,6136334.61800277,30081878195.745544
2025-09-10 09:00:00,4833.0,5045.0,4818.0,5045.0,5629384.0482324,27858479943.86837
2025-09-11 09:00:00,5040.0,5105.0,4957.0,5085.0,4797909.05318032,24148744316.66723
2025-09-12 09:00:00,5095.0,5170.0,5000.0,5165.0,4347124.08232048,22140987065.932346
2025-09-13 09:00:00,5165.0,5375.0,5130.0,5280.0,6179608.36286607,32376862432.514927
2025-09-14 09:00:00,5285.0,5305.0,5050.0,5125.0,3445005.08645236,17828139311.63279
2025-09-15 09:00:00,5125.0,5170.0,4840.0,4913.0,4932912.49830975,24510859878.86802
2025-09-16 09:00:00,4912.0,5100.0,4830.0,5000.0,5701276.01872483,28410667530.02279
2025-09-17 09:00:00,5010.0,5270.0,4920.0,5230.0,5720790.53114613,28990520540.532917
2025-09-18 09:00:00,5230.0,5510.0,5210.0,5405.0,8615302.86278348,46224269831.43938
2025-09-19 09:00:00,5405.0,5440.0,5075.0,5110.0,6806479.30520886,35678590683.34159
2025-09-20 09:00:00,5110.0,5190.0,5080.0,5130.0,3508721.27534141,18026835643.590847
2025-09-21 09:00:00,5130.0,5150.0,5035.0,5060.0,3039018.94404006,15485309838.45277
2025-09-22 09:00:00,5060.0,5090.0,4700.0,4805.0,8448070.30434879,40861192788.2754
2025-09-23 09:00:00,4805.0,4860.0,4665.0,4738.0,5421664.45148484,25916094848.607407
2025-09-24 09:00:00,4738.0,4871.0,4627.0,4771.0,4008516.88135505,19118958118.370552
2025-09-25 09:00:00,4771.0,4780.0,4485.0,4523.0,5986012.76020012,27617394353.85505
2025-09-26 09:00:00,4522.0,4673.0,4465.0,4646.0,4044752.10302679,18451987816.020668
2025-09-27 09:00:00,4646.0,4647.0,4543.0,4576.0,1376793.23712203,6338883889.366256
2025-09-28 09:00:00,4576.0,4697.0,4473.0,4695.0,1986952.78012901,9084129996.877867
2025-09-29 09:00:00,4695.0,4755.0,4597.0,4680.0,3812227.01830993,17863324410.646282
2025-09-30 09:00:00,4680.0,4728.0,4540.0,4656.0,2840240.98829645,13149108668.513617
2025-10-01 09:00:00,4657.0,5020.0,4603.0,5005.0,5314894.18008222,25693185219.10754
2025-10-02 09:00:00,5005.0,5145.0,4950.0,5080.0,5548518.70624597,28017082037.14947
2025-10-03 09:00:00,5080.0,5180.0,4980.0,5080.0,4251665.64382911,21594351491.148914
2025-10-04 09:00:00,5080.0,5180.0,4990.0,5170.0,2883317.70009916,14605146306.347599
2025-10-05 09:00:00,5170.0,5260.0,5060.0,5125.0,5426607.25648432,28027061650.069645
2025-10-06 09:00:00,5125.0,5245.0,5090.0,5165.0,4007818.74080326,20748904047.24402
2025-10-07 09:00:00,5165.0,5220.0,4988.0,4996.0,4609499.43332762,23494988418.073105
2025-10-08 09:00:00,4997.0,5135.0,4984.0,5100.0,2535128.52258659,12784687330.023678
2025-10-09 09:00:00,5100.0,5115.0,4904.0,4975.0,3432050.54227071,17093722090.139133
2025-10-10 09:00:00,4975.0,5060.0,3765.0,4038.0,16858590.79414678,73057923992.95403
2025-10-11 09:00:00,4040.0,4280.0,3865.0,3920.0,15736722.21219162,64153846193.35432
2025-10-12 09:00:00,3920.0,4317.0,3750.0,4243.0,16436158.25588847,65620727019.84169
2025-10-13 09:00:00,4243.0,4488.0,4144.0,4453.0,10252690.34539986,43949920321.8984
2025-10-14 09:00:00,4453.0,4470.0,4058.0,4245.0,12582050.91162241,52837364152.079636
2025-10-15 09:00:00,4245.0,4330.0,4059.0,4083.0,5741802.55540549,24131753313.605522
2025-10-16 09:00:00,4083.0,4140.0,3834.0,3847.0,8229297.78760114,32842493246.587246
2025-10-17 09:00:00,3847.0,3885.0,3520.0,3749.0,12509667.92590349,46081535151.76111
2025-10-18 09:00:00,3750.0,3850.0,3696.0,3819.0,3174464.26770604,11969007268.248041
2025-10-19 09:00:00,3818.0,4020.0,3712.0,3915.0,5511191.57115737,21546348590.353897
2025-10-20 09:00:00,3917.0,4026.0,3835.0,3865.0,5936755.0401712,23305996532.031536
2025-10-21 09:00:00,3865.0,3989.0,3728.0,3751.0,6293997.49489967,24133598337.170177
2025-10-22 09:00:00,3753.0,3772.0,3576.0,3612.0,6044143.90402943,22139253872.540348
2025-10-23 09:00:00,3614.0,3743.0,3595.0,3656.0,3405232.77182483,12514629939.23357
2025-10-24 09:00:00,3657.0,3785.0,3618.0,3760.0,5199972.15218005,19228719102.401314
2025-10-25 09:00:00,3764.0,3791.0,3687.0,3767.0,2568596.05155555,9614080492.56709
2025-10-26 09:00:00,3770.0,3970.0,3727.0,3958.0,4145229.76293226,15998162003.803581
2025-10-27 09:00:00,3961.0,4010.0,3813.0,3860.0,5268716.57828591,20617550133.23847
2025-10-28 09:00:00,3865.0,3911.0,3681.0,3737.0,4539616.86509953,17372523353.362244
2025-10-29 09:00:00,3740.0,3866.0,3657.0,3754.0,4601957.32167323,17258411926.270046
2025-10-30 09:00:00,3756.0,3785.0,3364.0,3476.0,9484642.28806161,33777869425.083706
2025-10-31 09:00:00,3479.0,3586.0,3453.0,3543.0,4411600.8649841,15537040155.426096
2025-11-01 09:00:00,3543.0,3574.0,3490.0,3545.0,2738795.02962879,9676412413.846525
2025-11-02 09:00:00,3547.0,3557.0,3407.0,3489.0,3230307.82531163,11282761959.398851
2025-11-03 09:00:00,3493.0,3505.0,3017.0,3083.0,10929922.02749034,35161142310.54174
2025-11-04 09:00:00,3083.0,3163.0,2743.0,2975.0,14419758.17357032,42938470843.96571
2025-11-05 09:00:00,2977.0,3098.0,2790.0,3047.0,9874185.14146943,29532088453.170906
2025-11-06 09:00:00,3047.0,3063.0,2850.0,2939.0,5743706.96561192,17065755622.564842
2025-11-07 09:00:00,2940.0,3273.0,2895.0,3193.0,8824812.62002028,27093502716.79888
2025-11-08 09:00:00,3193.0,3282.0,3076.0,3166.0,5331590.71719831,16991694611.042332
2025-11-09 09:00:00,3166.0,3215.0,3058.0,3181.0,4433886.02063365,13921195046.568178
2025-11-10 09:00:00,3184.0,3305.0,3135.0,3203.0,8393729.90328622,27020552975.363228
2025-11-11 09:00:00,3203.0,3270.0,2996.0,3006.0,8034344.53100676,25187763481.81856
2025-11-12 09:00:00,3012.0,3128.0,2940.0,2966.0,5762922.58597404,17443623828.88284
2025-11-13 09:00:00,2968.0,3066.0,2780.0,2842.0,6940638.18711875,20335062301.5073
2025-11-14 09:00:00,2842.0,2850.0,2607.0,2643.0,11169378.72004052,30391009981.29936
2025-11-15 09:00:00,2644.0,2727.0,2629.0,2669.0,3840752.28637448,10291341065.47875
2025-11-16 09:00:00,2669.0,2677.0,2455.0,2500.0,8942621.49463647,22936826130.977596
2025-11-17 09:00:00,2500.0,2584.0,2382.0,2414.0,7890223.18576656,19612410835.36812
2025-11-18 09:00:00,2416.0,2518.0,2355.0,2473.0,8103655.83631076,19719147583.977432
2025-11-19 09:00:00,2473.0,2487.0,2256.0,2397.0,6732046.72752195,16005745890.201889
2025-11-20 09:00:00,2397.0,2472.0,2235.0,2241.0,7791416.0646051,18308944005.018272
2025-11-21 09:00:00,2243.0,2277.0,1980.0,2092.0,16871998.48549524,35332249049.483826
2025-11-22 09:00:00,2092.0,2109.0,1976.0,2022.0,6997093.73082562,14227274278.163435
2025-11-23 09:00:00,2022.0,2123.0,2017.0,2081.0,9075222.21938539,18858513448.6791
2025-11-24 09:00:00,2081.0,2349.0,2033.0,2292.0,13425828.77540789,29283196227.975914
2025-11-25 09:00:00,2292.0,2419.0,2191.0,2340.0,15139574.13790891,34706443116.28001
2025-11-26 09:00:00,2340.0,2341.0,2202.0,2307.0,10129280.87791115,23052479336.516518
2025-11-27 09:00:00,2307.0,2372.0,2273.0,2310.0,9091153.16176613,21072409068.660187
2025-11-28 09:00:00,2311.0,2395.0,2263.0,2283.0,8165270.9841633,18883824895.65376
2025-11-29 09:00:00,2281.0,2298.0,2239.0,2246.0,3225053.36498498,7301672873.588951
2025-11-30 09:00:00,2247.0,2350.0,2241.0,2245.0,6544790.6303583,15010231127.821741
2025-12-01 09:00:00,2247.0,2252.0,1979.0,2041.0,17290648.05164483,35700877114.62154
2025-12-02 09:00:00,2046.0,2456.0,1991.0,2419.0,23739862.3351473,54009347482.20277
2025-12-03 09:00:00,2418.0,2661.0,2401.0,2515.0,35187607.07248488,89352182571.87563
2025-12-04 09:00:00,2515.0,2561.0,2412.0,2473.0,15248424.30795122,37989736757.313774
2025-12-05 09:00:00,2476.0,2505.0,2293.0,2330.0,13886267.36973226,33460369131.779243
2025-12-06 09:00:00,2331.0,2346.0,2259.0,2341.0,8441863.42423099,19432695830.04474
2025-12-07 09:00:00,2341.0,2478.0,2263.0,2372.0,16333793.24121142,38622426916.17963
2025-12-08 09:00:00,2371.0,2466.0,2350.0,2401.0,12608056.33860188,30402291415.183285
2025-12-09 09:00:00,2402.0,2555.0,2341.0,2459.0,13654964.95667776,33290146263.905888
2025-12-10 09:00:00,2459.0,2540.0,2379.0,2401.0,13195172.57284251,32144493312.85337
2025-12-11 09:00:00,2401.0,2428.0,2270.0,2394.0,12663178.44684188,29494380605.920197
2025-12-12 09:00:00,2394.0,2470.0,2300.0,2330.0,12930021.27478398,31008827616.056236
2025-12-13 09:00:00,2330.0,2414.0,2324.0,2398.0,5996758.41845162,14262276263.106812
2025-12-14 09:00:00,2398.0,2450.0,2286.0,2323.0,12454274.9212931,29652639291.173527
2025-12-15 09:00:00,2323.0,2390.0,2141.0,2199.0,16428057.18203732,37167297039.429276
2025-12-16 09:00:00,2199.0,2282.0,2142.0,2248.0,14325855.46197666,31727541126.73681
2025-12-17 09:00:00,2248.0,2294.0,2096.0,2124.0,14677006.15586555,32226768732.193043
2025-12-18 09:00:00,2126.0,2190.0,1984.0,2006.0,18549353.62400382,38784849489.83349
2025-12-19 09:00:00,2007.0,2228.0,1973.0,2208.0,21360823.75443159,45144761005.41951
2025-12-20 09:00:00,2207.0,2215.0,2163.0,2167.0,7503266.62628704,16404139250.933313
2025-12-21 09:00:00,2167.0,2197.0,2108.0,2150.0,8042145.85606507,17286825535.431328
2025-12-22 09:00:00,2150.0,2217.0,2130.0,2182.0,10579266.75639044,23040789041.501934
2025-12-23 09:00:00,2180.0,2193.0,2099.0,2142.0,7755306.40137955,16631074672.156504
2025-12-24 09:00:00,2142.0,2143.0,2055.0,2089.0,6361138.68541149,13293662391.049826
2025-12-25 09:00:00,2089.0,2099.0,1993.0,2008.0,7135072.30476024,14680213145.416986
2025-12-26 09:00:00,2009.0,2079.0,1998.0,2049.0,8043282.51013054,16417557504.032875
2025-12-27 09:00:00,2049.0,2128.0,2040.0,2118.0,3140917.09277972,6496934943.36515
2025-12-28 09:00:00,2120.0,2140.0,2081.0,2104.0,3345703.01026778,7075473746.008852
2025-12-29 09:00:00,2106.0,2187.0,2083.0,2100.0,8404509.91057778,17900920142.683075
2025-12-30 09:00:00,2100.0,2110.0,2061.0,2083.0,6501789.6178219,13577416019.372486
2025-12-31 09:00:00,2083.0,2114.0,2036.0,2051.0,4273722.16282204,8907772702.676311
2026-01-01 09:00:00,2051.0,2140.0,2035.0,2136.0,4479512.56785639,9302778449.735363
2026-01-02 09:00:00,2132.0,2370.0,2117.0,2323.0,10146601.93116118,22642781114.122627
2026-01-03 09:00:00,2323.0,2449.0,2323.0,2410.0,14424137.46614078,34481563116.53296
2026-01-04 09:00:00,2410.0,2532.0,2407.0,2450.0,12397177.69007969,30469940384.10616
2026-01-05 09:00:00,2448.0,2820.0,2411.0,2751.0,22224915.13536504,57454636303.93937
2026-01-06 09:00:00,2752.0,2931.0,2641.0,2768.0,29648556.56986042,83487728188.48732
2026-01-07 09:00:00,2768.0,2877.0,2631.0,2652.0,16098748.21780129,44320956681.27575
2026-01-08 09:00:00,2652.0,2710.0,2541.0,2658.0,14441195.12463633,38053677503.300606
2026-01-09 09:00:00,2658.0,2714.0,2595.0,2669.0,8136425.7050708,21578984712.499146
2026-01-10 09:00:00,2667.0,2724.0,2628.0,2646.0,4944004.97863643,13210715801.625858
2026-01-11 09:00:00,2647.0,2695.0,2606.0,2645.0,4296354.974095,11426239040.25727
2026-01-12 09:00:00,2642.0,2721.0,2581.0,2600.0,9628160.09592797,25497981224.60899
2026-01-13 09:00:00,2600.0,2832.0,2589.0,2760.0,9880201.82891136,26566952105.313972
2026-01-14 09:00:00,2759.0,2830.0,2665.0,2714.0,15956154.41882965,43432897105.3574
2026-01-15 09:00:00,2717.0,2719.0,2595.0,2624.0,10065505.21773514,26786063893.081524
2026-01-16 09:00:00,2623.0,2646.0,2533.0,2638.0,5696291.99836772,14854606227.68417
2026-01-17 09:00:00,2640.0,2678.0,2623.0,2635.0,3770794.46463511,9993919167.711878
2026-01-18 09:00:00,2638.0,2655.0,2512.0,2513.0,4931858.50953278,12853135436.240211
2026-01-19 09:00:00,2514.0,2514.0,2259.0,2321.0,19359438.92843182,45367656190.84135
2026-01-20 09:00:00,2322.0,2332.0,2161.0,2190.0,12706215.93971511,28752433092.057266
2026-01-21 09:00:00,2190.0,2290.0,2144.0,2238.0,14740768.5202893,32740505481.002983
2026-01-22 09:00:00,2238.0,2280.0,2202.0,2222.0,6235161.80035683,14011786147.857752
2026-01-23 09:00:00,2223.0,2268.0,2174.0,2194.0,7099682.23457709,15740839694.926367
2026-01-24 09:00:00,2195.0,2207.0,2179.0,2190.0,3345283.41313615,7334618337.269886
2026-01-25 09:00:00,2191.0,2206.0,2040.0,2077.0,8496304.74121688,18022421648.42128
2026-01-26 09:00:00,2075.0,2146.0,2069.0,2117.0,7089997.17904704,14958843615.726692
2026-01-27 09:00:00,2117.0,2134.0,2074.0,2095.0,5213076.98635654,10980281886.235872
2026-01-28 09:00:00,2095.0,2098.0,2024.0,2036.0,7576236.31909567,15620246327.337547
2026-01-29 09:00:00,2035.0,2042.0,1870.0,1936.0,13494620.42586041,26356391693.781666
2026-01-30 09:00:00,1936.0,1952.0,1831.0,1893.0,12918390.66973731,24451920463.444626
2026-01-31 09:00:00,1893.0,1896.0,1563.0,1722.0,19091435.08967831,33201373243.738506
2026-02-01 09:00:00,1722.0,1734.0,1586.0,1624.0,12000795.31139505,20055893255.401577
2026-02-02 09:00:00,1622.0,1724.0,1573.0,1706.0,12830493.91976016,21235051655.8091
2026-02-03 09:00:00,1706.0,1726.0,1598.0,1643.0,9453760.55052822,15753976053.491306
2026-02-04 09:00:00,1645.0,1682.0,1560.0,1600.0,9066197.05977256,14680814259.579117
2026-02-05 09:00:00,1602.0,1611.0,1294.0,1303.0,27483342.10881364,39743840591.25725
2026-02-06 09:00:00,1308.0,1529.0,1170.0,1508.0,30438035.76007291,41518366276.018555
2026-02-07 09:00:00,1508.0,1512.0,1420.0,1488.0,12409204.71566956,18263098595.864285
2026-02-08 09:00:00,1488.0,1498.0,1435.0,1444.0,6879182.22556923,10131000560.40606
2026-02-09 09:00:00,1445.0,1465.0,1371.0,1418.0,8514488.89019181,12065609517.08758
2026-02-10 09:00:00,1421.0,1439.0,1360.0,1379.0,5945422.3637261,8295942832.271886
2026-02-11 09:00:00,1379.0,1389.0,1298.0,1322.0,10487020.14113433,13989605388.174585
2026-02-12 09:00:00,1323.0,1405.0,1313.0,1354.0,9492196.15784484,12868127342.460981
2026-02-13 09:00:00,1353.0,1442.0,1323.0,1408.0,11376983.63529958,15682368126.174719
2026-02-14 09:00:00,1407.0,1532.0,1401.0,1515.0,13087226.94217322,19086816291.203636
2026-02-15 09:00:00,1515.0,1552.0,1419.0,1446.0,16475253.94997456,24476900004.800568
2026-02-16 09:00:00,1445.0,1486.0,1407.0,1469.0,8974785.98422828,12908012947.910875
2026-02-17 09:00:00,1470.0,1479.0,1413.0,1432.0,9564012.11042774,13779527638.705511
2026-02-18 09:00:00,1431.0,1456.0,1372.0,1379.0,10529088.72371435,14931930238.045588
2026-02-19 09:00:00,1380.0,1395.0,1324.0,1369.0,8265623.3932478,11206883295.60845
2026-02-20 09:00:00,1369.0,1439.0,1353.0,1406.0,8763413.53044934,12186581064.508924
2026-02-21 09:00:00,1404.0,1423.0,1387.0,1397.0,4380095.921598,6149131384.563492
2026-02-22 09:00:00,1396.0,1397.0,1346.0,1361.0,5046278.18608919,6906186903.459099
2026-02-23 09:00:00,1362.0,1363.0,1273.0,1296.0,13787521.88208424,17960674243.58277
2026-02-24 09:00:00,1297.0,1309.0,1237.0,1257.0,10999386.39865613,13926754024.276491
2026-02-25 09:00:00,1258.0,1473.0,1253.0,1395.0,18287443.61139264,24659733085.17069
2026-02-26 09:00:00,1395.0,1410.0,1316.0,1355.0,12330689.85337435,16868252799.794468
2026-02-27 09:00:00,1355.0,1391.0,1292.0,1315.0,9611088.82599109,12897453804.617863
2026-02-28 09:00:00,1315.0,1337.0,1211.0,1317.0,19130476.48642724,24182905428.07602
2026-03-01 09:00:00,1317.0,1379.0,1266.0,1293.0,13614539.03383794,18019178724.761593
2026-03-02 09:00:00,1294.0,1412.0,1290.0,1347.0,15250941.8251351,20463697071.318356
2026-03-03 09:00:00,1349.0,1364.0,1306.0,1334.0,10524420.24679098,14047813011.168644
2026-03-04 09:00:00,1335.0,1439.0,1308.0,1388.0,15120674.31797179,20778657624.26699
2026-03-05 09:00:00,1388.0,1443.0,1360.0,1397.0,12035817.018262,16838658336.834612
2026-03-06 09:00:00,1397.0,1429.0,1320.0,1334.0,11976013.76236235,16403875648.655903
2026-03-07 09:00:00,1334.0,1349.0,1315.0,1322.0,4792473.16781573,6377751823.5737915
2026-03-08 09:00:00,1322.0,1346.0,1286.0,1303.0,6830159.7802124,8979974103.284185
2026-03-09 09:00:00,1304.0,1446.0,1304.0,1384.0,12094019.74715998,16539402320.201
2026-03-10 09:00:00,1384.0,1472.0,1375.0,1401.0,13638731.17260736,19248236055.658966
2026-03-11 09:00:00,1401.0,1459.0,1380.0,1430.0,9164428.07860651,12962927325.690275
2026-03-12 09:00:00,1432.0,1456.0,1408.0,1448.0,7717574.24854865,11041152510.433884
2026-03-13 09:00:00,1450.0,1545.0,1442.0,1468.0,17833455.26710967,26789256341.358227
2026-03-14 09:00:00,1467.0,1481.0,1446.0,1479.0,5699793.13818768,8337523129.135367
2026-03-15 09:00:00,1479.0,1516.0,1462.0,1503.0,7894028.12948981,11727831465.817696
2026-03-16 09:00:00,1505.0,1593.0,1489.0,1580.0,14246914.69106249,22043837866.879303
2026-03-17 09:00:00,1579.0,1597.0,1490.0,1518.0,16919837.54164531,25896082399.484917
2026-03-18 09:00:00,1517.0,1549.0,1438.0,1469.0,12835477.90528198,19129888483.822674
2026-03-19 09:00:00,1469.0,1479.0,1395.0,1424.0,8047546.19251409,11520476191.719944
2026-03-20 09:00:00,1425.0,1469.0,1421.0,1448.0,6446471.66580464,9300524474.61127
2026-03-21 09:00:00,1449.0,1455.0,1395.0,1406.0,3031483.64576345,4344394673.472289
2026-03-22 09:00:00,1406.0,1421.0,1348.0,1361.0,6722526.22040276,9324545534.194963
2026-03-23 09:00:00,1361.0,1440.0,1341.0,1415.0,10668049.31047632,14887278643.128218
2026-03-24 09:00:00,1415.0,1431.0,1390.0,1421.0,5139726.72408046,7252328704.538461
2026-03-25 09:00:00,1421.0,1454.0,1408.0,1446.0,5990590.39573336,8589281743.255456
2026-03-26 09:00:00,1447.0,1450.0,1374.0,1398.0,6753353.23244083,9475820825.197754
2026-03-27 09:00:00,1397.0,1407.0,1322.0,1340.0,8075302.56765695,11005190065.2333
2026-03-28 09:00:00,1341.0,1362.0,1273.0,1305.0,5140473.95538938,6826753836.05895
2026-03-29 09:00:00,1306.0,1321.0,1252.0,1288.0,6557652.56328698,8474497508.183241
2026-03-30 09:00:00,1288.0,1350.0,1288.0,1313.0,5139095.2779959,6799486161.411372
2026-03-31 09:00:00,1313.0,1347.0,1302.0,1327.0,4772468.03064109,6318476512.80103
2026-04-01 09:00:00,1330.0,1378.0,1320.0,1337.0,6932039.89846858,9331184931.765848
2026-04-02 09:00:00,1335.0,1352.0,1284.0,1311.0,6949146.76853925,9103290299.916082
2026-04-03 09:00:00,1310.0,1342.0,1302.0,1325.0,2456952.81050105,3245686587.5806165
2026-04-04 09:00:00,1329.0,1332.0,1310.0,1321.0,1931303.84330041,2548774251.7400513
2026-04-05 09:00:00,1322.0,1323.0,1275.0,1317.0,4502790.08318695,5832488829.442555
2026-04-06 09:00:00,1317.0,1385.0,1314.0,1315.0,6710940.44419214,9014724959.8832
2026-04-07 09:00:00,1316.0,1454.0,1293.0,1431.0,7919158.08169302,10750926482.89296
2026-04-08 09:00:00,1432.0,1453.0,1357.0,1360.0,7727517.38012424,10861528006.478914
2026-04-09 09:00:00,1361.0,1434.0,1342.0,1381.0,5379896.57153514,7373891946.248512
2026-04-10 09:00:00,1381.0,1428.0,1373.0,1401.0,4681689.84769605,6536282385.270927
2026-04-11 09:00:00,1401.0,1428.0,1382.0,1398.0,3318513.63926261,4643459349.80635
2026-04-12 09:00:00,1399.0,1402.0,1340.0,1348.0,4781135.76253852,6501932207.685136
2026-04-13 09:00:00,1346.0,1418.0,1342.0,1415.0,4551916.21999015,6238016578.387017
2026-04-14 09:00:00,1415.0,1417.0,1370.0,1383.0,5123429.9970514,7157996421.742053
2026-04-15 09:00:00,1381.0,1435.0,1374.0,1416.0,4228997.40132861,5923967003.113327
2026-04-16 09:00:00,1417.0,1493.0,1410.0,1476.0,8181694.12524673,11830931937.580627
2026-04-17 09:00:00,1476.0,1533.0,1440.0,1471.0,9436846.61692635,14045066466.061867
2026-04-18 09:00:00,1471.0,1493.0,1411.0,1420.0,8090854.85001975,11724100057.694637
2026-04-19 09:00:00,1420.0,1442.0,1370.0,1374.0,5812075.16818262,8159542861.241625
2026-04-20 09:00:00,1375.0,1416.0,1372.0,1400.0,5086197.96941099,7095743025.979432
2026-04-21 09:00:00,1400.0,1423.0,1380.0,1409.0,4439849.7627828,6221138357.37784
2026-04-22 09:00:00,1409.0,1445.0,1398.0,1402.0,6864261.04280528,9788545918.594965
2026-04-23 09:00:00,1401.0,1415.0,1377.0,1407.0,5667441.33569531,7898983656.320089
2026-04-24 09:00:00,1407.0,1420.0,1397.0,1409.0,3548827.69100168,4999148671.06777
2026-04-25 09:00:00,1409.0,1421.0,1388.0,1401.0,3285652.79880542,4624530975.893449
2026-04-26 09:00:00,1400.0,1411.0,1388.0,1404.0,3427043.15315353,4800764580.502317
2026-04-27 09:00:00,1403.0,1425.0,1364.0,1395.0,6520316.05624118,9066775109.105057
2026-04-28 09:00:00,1395.0,1395.0,1358.0,1375.0,4270465.18448824,5864889593.939468
2026-04-29 09:00:00,1374.0,1392.0,1320.0,1357.0,6945630.72176322,9483644929.649403
2026-04-30 09:00:00,1357.0,1370.0,1342.0,1354.0,2926300.48154454,3958872295.7991667
2026-05-01 09:00:00,1354.0,1373.0,1352.0,1364.0,2120054.75020075,2889394262.322244
2026-05-02 09:00:00,1364.0,1382.0,1359.0,1374.0,2040492.85350249,2790422582.100512
2026-05-03 09:00:00,1374.0,1378.0,1356.0,1366.0,2356589.13064101,3220379377.158269
2026-05-04 09:00:00,1365.0,1412.0,1355.0,1379.0,6618379.97768151,9147928838.054335
2026-05-05 09:00:00,1381.0,1451.0,1377.0,1430.0,7254760.16170976,10299785828.84855
2026-05-06 09:00:00,1429.0,1512.0,1419.0,1455.0,11491476.48503369,16848584138.753162
2026-05-07 09:00:00,1455.0,1487.0,1413.0,1428.0,9801324.24902165,14155529315.851915
2026-05-08 09:00:00,1428.0,1528.0,1412.0,1504.0,11877806.95501778,17464235137.076214
2026-05-09 09:00:00,1504.0,1633.0,1501.0,1578.0,28923877.657403,45710022439.93337
2026-05-10 09:00:00,1578.0,2065.0,1568.0,1953.0,93085849.02649996,168907075551.0987
2026-05-11 09:00:00,1953.0,1989.0,1838.0,1899.0,37338298.40206099,71319378850.83194
2026-05-12 09:00:00,1899.0,1939.0,1799.0,1836.0,16737841.18351938,31383986932.217564
2026-05-13 09:00:00,1836.0,1870.0,1751.0,1797.0,11572706.27407822,21091249740.78264
2026-05-14 09:00:00,1795.0,1820.0,1753.0,1755.0,11200771.83630883,20009999055.563423
2026-05-15 09:00:00,1759.0,1776.0,1611.0,1640.0,14255251.4555271,23911441202.614105
2026-05-16 09:00:00,1638.0,1650.0,1547.0,1585.0,10774209.86240752,17137090544.080242
2026-05-17 09:00:00,1585.0,1626.0,1512.0,1557.0,10758892.79808595,17054556511.035074
2026-05-18 09:00:00,1557.0,1585.0,1523.0,1583.0,11234502.18747075,17435917401.049515
2026-05-19 09:00:00,1583.0,1640.0,1561.0,1567.0,12887567.30746314,20459100777.86769
2026-05-20 09:00:00,1569.0,1606.0,1532.0,1601.0,12081095.96154242,18978342401.60888
2026-05-21 09:00:00,1602.0,1726.0,1600.0,1668.0,29632539.21937556,49146967016.88886
2026-05-22 09:00:00,1668.0,1688.0,1563.0,1571.0,25377942.43118334,41502159530.45996
2026-05-23 09:00:00,1572.0,1643.0,1479.0,1596.0,19000055.3180972,29445088251.75741
2026-05-24 09:00:00,1596.0,1610.0,1510.0,1545.0,11841817.12053484,18571621022.9717
2026-05-25 09:00:00,1546.0,1580.0,1524.0,1551.0,10693792.36119055,16622460417.916338
2026-05-26 09:00:00,1551.0,1564.0,1483.0,1483.0,14823559.95245124,22596666075.926067
2026-05-27 09:00:00,1484.0,1500.0,1406.0,1414.0,14564316.1450806,21270365927.94969
2026-05-28 09:00:00,1414.0,1419.0,1336.0,1375.0,19028003.81765991,26016225821.751526
2026-05-29 09:00:00,1377.0,1387.0,1320.0,1354.0,15923274.05119758,21597529603.82304
2026-05-30 09:00:00,1354.0,1386.0,1343.0,1367.0,7232213.77380538,9874250633.088516
2026-05-31 09:00:00,1367.0,1384.0,1329.0,1339.0,6509067.74289064,8822962248.486504
2026-06-01 09:00:00,1339.0,1344.0,1271.0,1288.0,12566103.96257967,16389332341.33115
2026-06-02 09:00:00,1288.0,1290.0,1174.0,1195.0,20460151.8510124,25208348789.788
2026-06-03 09:00:00,1195.0,1250.0,1173.0,1223.0,19145945.64117288,23378747249.203445
2026-06-04 09:00:00,1222.0,1245.0,1115.0,1147.0,24086037.58898239,28237475793.367523
2026-06-05 09:00:00,1146.0,1148.0,1026.0,1072.0,27597362.46725704,29725185690.827007
2026-06-06 09:00:00,1072.0,1110.0,1009.0,1091.0,18725074.4319392,20021572984.891098
2026-06-07 09:00:00,1092.0,1178.0,1089.0,1144.0,19125455.7749668,21715838220.467873
2026-06-08 09:00:00,1144.0,1158.0,1096.0,1132.0,11821960.95188658,13389693557.712887
2026-06-09 09:00:00,1134.0,1139.0,1096.0,1122.0,8666163.29480862,9705662700.86833
2026-06-10 09:00:00,1124.0,1144.0,1078.0,1095.0,10343088.02192902,11531374481.551788
2026-06-11 09:00:00,1095.0,1155.0,1093.0,1135.0,7358160.51486068,8304613622.383289
2026-06-12 09:00:00,1135.0,1160.0,1122.0,1132.0,7926809.85774367,9004592580.622356
2026-06-13 09:00:00,1134.0,1173.0,1129.0,1163.0,7732364.4288594,8912487130.41364
2026-06-14 09:00:00,1162.0,1212.0,1123.0,1211.0,8738877.39815357,10141918437.079796
2026-06-15 09:00:00,1211.0,1246.0,1179.0,1191.0,16728333.56020975,20271602888.361526
2026-06-16 09:00:00,1191.0,1217.0,1162.0,1197.0,11026912.7270415,13125901209.26714
2026-06-17 09:00:00,1197.0,1230.0,1144.0,1157.0,9889204.7126299,11793405590.157738
2026-06-18 09:00:00,1159.0,1162.0,1073.0,1102.0,14106720.05837062,15740890867.15473
2026-06-19 09:00:00,1101.0,1106.0,1060.0,1085.0,7593573.56863001,8194619827.395826
2026-06-20 09:00:00,1085.0,1093.0,1057.0,1080.0,7926325.1782345,8549626602.522036
2026-06-21 09:00:00,1079.0,1080.0,1044.0,1045.0,7036246.39742379,7496641045.428999
2026-06-22 09:00:00,1045.0,1122.0,1045.0,1088.0,11794773.85440543,12834809912.556278
2026-06-23 09:00:00,1087.0,1097.0,1016.0,1063.0,15233385.53068921,16051485733.306135
2026-06-24 09:00:00,1062.0,1074.0,999.0,1039.0,12527440.17927328,12994617945.779877
2026-06-25 09:00:00,1040.0,1063.0,997.0,1039.0,11945825.11710442,12343214381.61595
2026-06-26 09:00:00,1039.0,1064.0,1001.0,1059.0,9599295.76596866,9939838973.997349
2026-06-27 09:00:00,1060.0,1089.0,1032.0,1039.0,6408683.25316037,6830116615.540949
2026-06-28 09:00:00,1040.0,1048.0,1020.0,1033.0,4790880.11442903,4961082956.570924
2026-06-29 09:00:00,1032.0,1072.0,1020.0,1062.0,5341680.24343458,5589354077.317485
2026-06-30 09:00:00,1062.0,1065.0,1033.0,1052.0,4265910.75665713,4479682283.579214
2026-07-01 09:00:00,1051.0,1105.0,1036.0,1088.0,6295710.69890747,6766263848.646028
2026-07-02 09:00:00,1088.0,1137.0,1078.0,1109.0,7461485.63972183,8294410697.917842
2026-07-03 09:00:00,1110.0,1171.0,1102.0,1160.0,7035790.54075655,7959943360.638684
2026-07-04 09:00:00,1160.0,1179.0,1133.0,1150.0,5671242.07051428,6524490271.094874
2026-07-05 09:00:00,1149.0,1151.0,1111.0,1138.0,4450952.08773515,5030785052.314631
2026-07-06 09:00:00,1138.0,1152.0,1086.0,1127.0,6713574.36388691,7501669544.928688
2026-07-07 09:00:00,1127.0,1133.0,1080.0,1090.0,6099730.62844552,6752919689.091155
2026-07-08 09:00:00,1092.0,1098.0,1042.0,1061.0,5329723.23033185,5674208895.47599
2026-07-09 09:00:00,1061.0,1095.0,1057.0,1070.0,4283885.37537608,4606489538.551748
2026-07-10 09:00:00,1070.0,1118.0,1063.0,1103.0,5056945.3453741,5534863972.387296
2026-07-11 09:00:00,1101.0,1125.0,1087.0,1087.0,4135324.84330479,4576219935.431929
2026-07-12 09:00:00,1087.0,1115.0,1078.0,1098.0,3611267.05029692,3963662792.8819056
2026-07-13 09:00:00,1096.0,1112.0,1053.0,1069.0,4878871.72821377,5284005337.156161
2026-07-14 09:00:00,1069.0,1129.0,1061.0,1119.0,5623624.61145152,6185386510.905146
2026-07-15 09:00:00,1120.0,1131.0,1096.0,1110.0,6084394.8570071,6775798773.773637
2026-07-16 09:00:00,1110.0,1123.0,1079.0,1087.0,5446506.59815106,5983595445.081635
2026-07-17 09:00:00,1086.0,1101.0,1068.0,1090.0,3870254.51932677,4194999799.0844693
2026-07-18 09:00:00,1090.0,1100.0,1082.0,1094.0,2486560.6214813,2709321360.1006703
2026-07-19 09:00:00,1095.0,1115.0,1090.0,1101.0,3249455.3071484,3577879372.9403944
2026-07-20 09:00:00,1101.0,1129.0,1085.0,1117.0,5074422.63258285,5595108210.8278265
2026-07-21 09:00:00,1116.0,1135.0,1112.0,1127.0,4572556.41556493,5137848616.6905775
2026-07-22 09:00:00,1126.0,1134.0,1102.0,1117.0,4581420.57567397,5120860124.2082
2026-07-23 09:00:00,1117.0,1129.0,1086.0,1091.0,5409863.28706058,5992682764.122692
2026-07-24 09:00:00,1091.0,1092.0,1037.0,1043.0,6836474.33450612,7267462750.00533
2026-07-25 09:00:00,1042.0,1049.0,1027.0,1043.0,3470044.84337425,3602620911.104451
2026-07-26 09:00:00,1043.0,1061.0,1036.0,1052.0,3844442.03499962,4030258313.2282715
2026-07-27 09:00:00,1052.0,1054.0,988.0,996.0,8103314.3004283,8271575750.096056
2026-07-28 09:00:00,995.0,1012.0,982.0,1004.0,5343149.36677354,5312969311.776607
2026-07-29 09:00:00,1002.0,1009.0,972.0,982.0,5152912.50829531,5074737755.731177
2026-07-30 09:00:00,982.0,1000.0,972.0,979.0,3279975.58464995,3227463873.8532662
2026-07-31 09:00:00,980.0,990.0,971.0,979.0,4071319.40784585,3994372825.2598605
2026-08-01 09:00:00,979.0,990.0,958.0,974.0,2630934.63547056,2572573652.442888
2026-08-02 09:00:00,974.0,996.0,974.0,986.0,2592217.3967795,2563504338.722068
2026-08-03 09:00:00,987.0,995.0,971.0,983.0,3120689.2210907,3066430207.9296966
2026-08-04 09:00:00,984.0,995.0,977.0,986.0,2732313.02722019,2694759046.7227144
2026-08-05 09:00:00,986.0,987.0,973.0,978.0,2654505.30707523,2604727483.4076405
2026-08-06 09:00:00,978.0,982.0,950.0,955.0,5063553.83604654,4869966964.657782
2026-08-07 09:00:00,955.0,960.0,934.0,946.0,4555163.78293068,4322134751.14125
2026-08-08 09:00:00,945.0,993.0,944.0,975.0,4066051.7047388,3950399250.7231336
2026-08-09 09:00:00,972.0,988.0,961.0,965.0,2580106.99578969,2515697062.8571625
2026-08-10 09:00:00,964.0,984.0,962.0,965.0,3088399.25685555,3006722410.407066
2026-08-11 09:00:00,966.0,977.0,947.0,976.0,3148719.21932952,3037732362.8057137
2026-08-12 09:00:00,976.0,985.0,956.0,962.0,2805282.90003886,2725615137.0246935
2026-08-13 09:00:00,961.0,979.0,960.0,972.0,1737080.02080325,1686098192.8206258
2026-08-14 09:00:00,973.0,975.0,950.0,966.0,3589526.55476555,3443379689.4269505
2026-08-15 09:00:00,966.0,973.0,957.0,959.0,1541749.26971164,1489494825.9562552
2026-08-16 09:00:00,958.0,963.0,945.0,950.0,1377351.5468516,1315901674.0664845
2026-08-17 09:00:00,952.0,961.0,946.0,952.0,1621711.85548365,1547019238.1711454
2026-08-18 09:00:00,951.0,953.0,897.0,916.0,7722013.08734611,7075085643.406637
2026-08-19 09:00:00,916.0,990.0,908.0,969.0,8709320.38044747,8258404334.678116
2026-08-20 09:00:00,970.0,1033.0,958.0,1011.0,13678472.30507989,13640080363.075407
2026-08-21 09:00:00,1011.0,1179.0,1008.0,1159.0,23713970.00716362,25709305963.80319
2026-08-22 09:00:00,1159.0,1311.0,1066.0,1115.0,47305495.44294001,55635911864.67489
2026-08-23 09:00:00,1116.0,1175.0,1072.0,1167.0,20954749.46899352,23468988224.014317
2026-08-24 09:00:00,1167.0,1167.0,1089.0,1099.0,22462677.73565709,25269240569.733936
2026-08-25 09:00:00,1099.0,1145.0,1040.0,1055.0,21755470.74984578,23976453920.597412
2026-08-26 09:00:00,1054.0,1070.0,1011.0,1066.0,13665962.90827055,14285755201.315786
2026-08-27 09:00:00,1066.0,1096.0,1030.0,1079.0,13844231.78071706,14742108023.625547
2026-08-28 09:00:00,1077.0,1105.0,1016.0,1031.0,15736159.58039893,16553259550.204681
2026-08-29 09:00:00,1029.0,1041.0,1017.0,1036.0,5550052.40436787,5705288474.304116
2026-08-30 09:00:00,1035.0,1057.0,975.0,990.0,10957693.28210515,11149668511.383215
2026-08-31 09:00:00,989.0,1010.0,980.0,1002.0,9955719.62486405,9909480863.896276
2026-09-01 09:00:00,1001.0,1014.0,1000.0,1008.0,1820319.90687097,1832998629.9118872
