,open,high,low,close,volume,value
2021-09-28 09:00:00,97.8,99.6,91.9,92.2,54026084.7299676,5162490141.809402
2021-09-29 09:00:00,92.2,104.0,91.0,101.0,105497804.77230635,10413130376.837194
2021-09-30 09:00:00,102.0,109.0,100.0,104.0,127065350.14761953,13309401317.389057
2021-10-01 09:00:00,105.0,118.0,103.0,114.0,151407931.46043321,16777641681.039562
2021-10-02 09:00:00,115.0,124.0,113.0,118.0,141069963.83092725,16815614890.729849
2021-10-03 09:00:00,118.0,126.0,115.0,121.0,81159172.66662683,9828745055.658693
2021-10-04 09:00:00,122.0,123.0,115.0,119.0,86185129.489757,10236655702.128233
2021-10-05 09:00:00,119.0,129.0,117.0,124.0,107925400.77757005,13336253194.84278
2021-10-06 09:00:00,124.0,125.0,112.0,120.0,204729681.798616,24433538303.592243
2021-10-07 09:00:00,121.0,121.0,116.0,120.0,95106682.83555073,11260197722.643074
2021-10-08 09:00:00,120.0,126.0,119.0,123.0,203593725.18595663,25002124681.828995
2021-10-09 09:00:00,123.0,132.0,121.0,127.0,198539746.6642766,25095183498.23069
2021-10-10 09:00:00,127.0,127.0,118.0,119.0,109437592.51527452,13444309839.921986
2021-10-11 09:00:00,119.0,121.0,115.0,117.0,84751250.67026705,10071230820.76008
2021-10-12 09:00:00,117.0,117.0,107.0,113.0,98040723.28342786,10919554560.042507
2021-10-13 09:00:00,113.0,116.0,110.0,115.0,93397824.2709006,10569244462.055204
2021-10-14 09:00:00,115.0,121.0,114.0,120.0,115980765.6677464,13693778737.54335
2021-10-15 09:00:00,120.0,123.0,113.0,118.0,138183533.05513838,16209603847.598555
2021-10-16 09:00:00,118.0,123.0,116.0,120.0,82148701.42043553,9833506205.317589
2021-10-17 09:00:00,120.0,121.0,113.0,116.0,40434304.29135962,4760972992.07646
2021-10-18 09:00:00,116.0,118.0,112.0,116.0,78362333.27991399,9021698955.835722
2021-10-19 09:00:00,116.0,116.0,111.0,113.0,51357761.36717033,5834793770.324338
2021-10-20 09:00:00,113.0,118.0,111.0,117.0,70571680.13055404,8037760326.730797
2021-10-21 09:00:00,117.0,122.0,114.0,116.0,126515365.0109375,14990676097.446901
2021-10-22 09:00:00,116.0,126.0,115.0,125.0,201913613.63607487,24572675098.16788
2021-10-23 09:00:00,125.0,129.0,122.0,125.0,77969423.81398706,9823429286.626139
2021-10-24 09:00:00,125.0,131.0,123.0,124.0,165192218.4938069,20998745787.583134
2021-10-25 09:00:00,125.0,139.0,124.0,134.0,241876079.2200087,31837851943.20928
2021-10-26 09:00:00,134.0,135.0,128.0,129.0,81205425.138241,10784087070.700336
2021-10-27 09:00:00,129.0,134.0,112.0,115.0,160344946.43386292,19767794389.16071
2021-10-28 09:00:00,115.0,122.0,114.0,119.0,109763028.68809678,12985926611.10284
2021-10-29 09:00:00,119.0,123.0,118.0,122.0,129124524.82992922,15629215763.099058
2021-10-30 09:00:00,122.0,124.0,117.0,121.0,136247101.58904064,16372257936.662077
2021-10-31 09:00:00,120.0,148.0,120.0,132.0,1411005805.6504455,192094355781.81326
2021-11-01 09:00:00,133.0,135.0,123.0,134.0,229846634.9224331,29919454785.996887
2021-11-02 09:00:00,134.0,138.0,130.0,135.0,214889436.90233058,28846003599.71633
2021-11-03 09:00:00,135.0,135.0,125.0,131.0,136431551.40090582,17721681968.763943
2021-11-04 09:00:00,131.0,134.0,128.0,131.0,118208700.0881077,15459756252.261362
2021-11-05 09:00:00,131.0,137.0,129.0,133.0,117834757.70926848,15649992596.468996
2021-11-06 09:00:00,133.0,135.0,128.0,130.0,78214702.01683667,10265639117.065308
2021-11-07 09:00:00,130.0,135.0,130.0,132.0,122080743.9149036,16208297400.2319
2021-11-08 09:00:00,133.0,136.0,130.0,135.0,111770951.97584039,14767851353.436304
2021-11-09 09:00:00,135.0,138.0,131.0,136.0,207672002.0511165,28041332761.495205
2021-11-10 09:00:00,136.0,137.0,122.0,126.0,229578907.58776778,29891364917.040077
2021-11-11 09:00:00,126.0,128.0,123.0,125.0,90283154.35744968,11340706970.928003
2021-11-12 09:00:00,125.0,126.0,120.0,122.0,113236253.37649095,13881267744.073736
2021-11-13 09:00:00,122.0,125.0,121.0,123.0,58632480.87401201,7210134892.39748
2021-11-14 09:00:00,123.0,124.0,121.0,123.0,46113347.69905746,5667023764.8345585
2021-11-15 09:00:00,123.0,127.0,122.0,124.0,135798692.4653404,16996201211.021143
2021-11-16 09:00:00,125.0,125.0,111.0,114.0,225907719.8941326,26438837548.53491
2021-11-17 09:00:00,115.0,118.0,110.0,118.0,210036858.21412855,24135646118.83216
2021-11-18 09:00:00,117.0,118.0,106.0,108.0,192413887.70079702,21872372745.989056
2021-11-19 09:00:00,108.0,115.0,105.0,113.0,89389310.87265544,9867178211.34289
2021-11-20 09:00:00,114.0,115.0,111.0,115.0,69837103.29311772,7936793502.07656
2021-11-21 09:00:00,114.0,118.0,114.0,115.0,109349959.47091475,12638070660.713837
2021-11-22 09:00:00,116.0,116.0,110.0,112.0,128943852.90926827,14531543422.330233
2021-11-23 09:00:00,111.0,114.0,109.0,113.0,83670812.38347884,9319839619.63406
2021-11-24 09:00:00,113.0,115.0,107.0,109.0,147783439.16090453,16351157324.888805
2021-11-25 09:00:00,109.0,113.0,109.0,112.0,122746104.46588217,13619426083.22631
2021-11-26 09:00:00,112.0,114.0,102.0,104.0,236062338.23398015,25524196729.33253
2021-11-27 09:00:00,104.0,108.0,103.0,107.0,81477078.50141448,8690974654.676462
2021-11-28 09:00:00,107.0,108.0,100.0,105.0,112067242.50962938,11621751884.893343
2021-11-29 09:00:00,105.0,120.0,105.0,115.0,461065093.39058954,52488696067.93751
2021-11-30 09:00:00,114.0,116.0,108.0,109.0,133981741.63716139,14930853108.276377
2021-12-01 09:00:00,108.0,112.0,107.0,108.0,77081323.34161817,8410566666.609931
2021-12-02 09:00:00,108.0,109.0,105.0,107.0,50943916.67433404,5451947333.247501
2021-12-03 09:00:00,107.0,111.0,102.0,104.0,94737255.44439916,10075096079.00596
2021-12-04 09:00:00,104.0,104.0,69.4,88.7,222318886.6223027,19800484738.330036
2021-12-05 09:00:00,88.7,90.6,79.0,83.3,80628464.05797736,6915286659.31977
2021-12-06 09:00:00,83.3,86.4,75.1,85.7,96247226.6029645,7771243583.9221325
2021-12-07 09:00:00,85.6,91.7,84.8,87.0,93432695.30777504,8171372705.269218
2021-12-08 09:00:00,86.9,92.9,85.5,91.8,159679848.6961594,14285298035.826422
2021-12-09 09:00:00,91.8,92.2,82.8,83.0,62055736.18225366,5425324075.075661
2021-12-10 09:00:00,83.0,84.9,79.0,79.3,61766882.12897045,5074883819.014517
2021-12-11 09:00:00,79.3,81.7,78.0,81.4,23791901.22432955,1902786706.7793422
2021-12-12 09:00:00,81.4,82.1,79.2,81.2,20469585.87147095,1647789249.815248
2021-12-13 09:00:00,81.0,81.6,72.6,73.1,77805981.62968118,5894421214.84492
2021-12-14 09:00:00,73.1,76.0,70.5,75.0,75711046.21349691,5544699700.915017
2021-12-15 09:00:00,75.0,79.0,72.1,78.0,47708150.87965786,3598573864.454931
2021-12-16 09:00:00,78.0,80.7,75.3,75.6,65050514.61594353,5097973038.242923
2021-12-17 09:00:00,75.5,76.9,72.6,74.9,37598892.33822472,2818325418.4697266
2021-12-18 09:00:00,74.9,82.2,73.8,78.3,296691498.6948861,23475461461.41989
2021-12-19 09:00:00,78.4,78.7,75.6,76.0,51709223.3287036,3997242190.431627
2021-12-20 09:00:00,76.0,76.7,71.6,73.5,68154645.93829434,5023614827.278894
2021-12-21 09:00:00,73.6,78.6,72.1,77.6,48425938.45905651,3620443143.081547
2021-12-22 09:00:00,77.5,84.4,77.3,83.3,81757458.80973612,6604046368.775006
2021-12-23 09:00:00,83.3,89.4,81.6,88.4,68060512.9814528,5809664874.254713
2021-12-24 09:00:00,88.4,92.3,86.7,87.7,61380832.89934551,5524645046.566013
2021-12-25 09:00:00,87.7,90.0,87.0,88.4,21845913.69466575,1935823641.9139347
2021-12-26 09:00:00,88.4,92.8,86.1,92.8,38519971.01282892,3445773103.614987
2021-12-27 09:00:00,92.6,103.0,91.5,96.1,270072146.9892908,26786184256.23433
2021-12-28 09:00:00,95.9,101.0,89.9,92.1,203869112.646847,19610641447.501133
2021-12-29 09:00:00,92.0,101.0,91.6,98.3,326645199.1170122,31594640042.617073
2021-12-30 09:00:00,98.3,101.0,92.2,95.1,140494629.29234767,13603015334.911205
2021-12-31 09:00:00,95.1,97.1,90.4,91.5,73032440.07492426,6902550561.968898
2022-01-01 09:00:00,91.5,93.5,91.5,93.1,44518325.55158727,4120422746.4339414
2022-01-02 09:00:00,93.1,95.0,91.2,93.7,134008823.6049247,12501265740.6605
2022-01-03 09:00:00,93.6,94.6,89.7,90.8,63287163.85857725,5830714552.280315
2022-01-04 09:00:00,90.7,90.9,86.3,86.8,67743218.57260628,6008492777.351258
2022-01-05 09:00:00,86.8,89.0,77.5,82.6,70091664.77107583,5935335110.008492
2022-01-06 09:00:00,82.6,83.4,77.4,81.0,51874957.66934555,4132029703.9260087
2022-01-07 09:00:00,81.0,82.7,74.5,78.4,68386214.11918487,5393715809.774688
2022-01-08 09:00:00,78.4,80.5,74.4,76.0,35546017.94444983,2770952452.1877193
2022-01-09 09:00:00,75.9,77.8,75.0,76.7,30162595.69265165,2298483903.8625774
2022-01-10 09:00:00,76.7,77.5,68.8,72.3,71331057.47948645,5210185790.712437
2022-01-11 09:00:00,72.4,74.7,71.1,74.7,50244487.69969727,3658864334.895964
2022-01-12 09:00:00,74.7,80.9,73.9,79.2,68683758.16340545,5325280438.33317
2022-01-13 09:00:00,79.4,86.2,77.4,77.5,227467710.8791405,18549597855.32282
2022-01-14 09:00:00,77.5,80.3,75.8,77.8,77440146.85225089,6054335321.2531595
2022-01-15 09:00:00,77.8,80.6,77.3,79.6,43480533.01467013,3415302626.571967
2022-01-16 09:00:00,79.6,80.8,77.5,78.5,32992453.92786055,2610136250.357087
2022-01-17 09:00:00,78.5,78.7,74.2,75.6,42890729.16073151,3279003040.22174
2022-01-18 09:00:00,75.4,75.9,72.6,73.9,41624534.11431703,3086477246.054412
2022-01-19 09:00:00,73.9,74.3,70.2,71.5,31082405.35764484,2239887514.5652533
2022-01-20 09:00:00,71.5,75.5,69.4,69.7,75876398.03553668,5440119986.434486
2022-01-21 09:00:00,69.7,70.7,58.8,60.5,98148790.94414179,6436847903.470059
2022-01-22 09:00:00,60.3,63.5,50.0,53.1,110174099.01728022,6107781298.090216
2022-01-23 09:00:00,53.1,56.4,52.0,54.1,74111479.85796729,3975486066.2409043
2022-01-24 09:00:00,54.1,54.2,46.7,51.7,107254315.2952965,5329773702.642266
2022-01-25 09:00:00,51.7,57.0,50.0,54.6,273004758.1927392,14924987051.445425
2022-01-26 09:00:00,54.7,58.9,53.4,55.1,181522221.22013962,10263221030.433254
2022-01-27 09:00:00,55.1,55.8,51.9,54.2,78846940.41156538,4260054703.275058
2022-01-28 09:00:00,54.2,56.3,53.3,56.0,74308305.41509946,4058323498.761075
2022-01-29 09:00:00,56.1,57.3,55.3,56.7,65995976.58087417,3719907185.712524
2022-01-30 09:00:00,56.7,57.8,54.5,55.7,71409794.17077105,4028632476.3525777
2022-01-31 09:00:00,55.5,55.8,52.7,55.3,51042622.7752256,2758187958.979876
2022-02-01 09:00:00,55.3,57.3,54.9,56.4,67145011.27149133,3770143001.6390224
2022-02-02 09:00:00,56.4,58.8,54.0,54.4,120963025.01846816,6845646339.452223
2022-02-03 09:00:00,54.4,55.6,52.5,55.5,105483347.64324954,5715171928.302962
2022-02-04 09:00:00,55.6,62.9,54.8,60.7,710150099.0142283,42490819223.20018
2022-02-05 09:00:00,60.7,65.4,59.6,63.0,281520550.8671826,17599588365.63795
2022-02-06 09:00:00,63.0,65.3,61.7,65.0,156226723.1880632,9951798538.417637
2022-02-07 09:00:00,65.0,71.9,63.7,70.1,477381838.0355552,32854398940.903152
2022-02-08 09:00:00,70.0,72.5,65.1,67.6,205300303.94078875,14131963412.313095
2022-02-09 09:00:00,67.9,69.7,65.8,69.0,64989769.13662218,4376051492.195155
2022-02-10 09:00:00,69.0,69.5,65.0,65.4,94709244.59019396,6379823231.648524
2022-02-11 09:00:00,65.3,66.1,59.0,60.2,91884789.26107164,5815229871.432411
2022-02-12 09:00:00,60.2,60.8,56.6,59.8,67564826.26189075,3998332531.7602606
2022-02-13 09:00:00,59.8,60.6,58.3,58.6,43032784.00130804,2566839944.358302
2022-02-14 09:00:00,58.5,59.0,56.2,58.4,60598494.46269484,3493857760.7025642
2022-02-15 09:00:00,58.5,62.3,58.4,62.3,74984435.84144633,4538195824.596025
2022-02-16 09:00:00,62.3,62.7,60.0,62.2,72606872.16432801,4473970172.744555
2022-02-17 09:00:00,62.1,62.8,56.2,56.8,71046868.78162406,4241996255.28148
2022-02-18 09:00:00,56.8,58.4,55.5,56.6,48743711.38636003,2768754458.1420946
2022-02-19 09:00:00,56.8,57.7,54.5,56.4,52737023.33437382,2969063880.9485903
2022-02-20 09:00:00,56.4,56.4,52.4,53.2,63271649.22894753,3404467264.210881
2022-02-21 09:00:00,53.2,55.2,48.2,48.6,114905598.74806592,5998251112.228739
2022-02-22 09:00:00,48.6,49.8,46.8,49.6,97624522.60792056,4731837597.380318
2022-02-23 09:00:00,49.7,51.2,47.3,47.6,103649520.1587017,5124102488.708649
2022-02-24 09:00:00,47.7,48.2,41.4,46.9,184363708.1689345,8143500414.092002
2022-02-25 09:00:00,46.7,50.5,46.0,50.0,112775674.8011668,5436161056.071522
2022-02-26 09:00:00,50.0,51.5,49.6,50.2,113778987.38004576,5737830836.272969
2022-02-27 09:00:00,50.2,50.9,47.2,48.1,124018298.34065619,6095307950.740945
2022-02-28 09:00:00,48.1,52.3,47.1,52.2,117058581.39659803,5766943189.489603
2022-03-01 09:00:00,52.2,56.4,52.0,53.6,372371792.69541687,20148591107.726883
2022-03-02 09:00:00,53.6,53.7,51.2,52.3,124268383.02531096,6511910455.371365
2022-03-03 09:00:00,52.3,53.7,50.3,51.3,145191862.78141546,7545117641.053543
2022-03-04 09:00:00,51.3,51.5,47.3,47.9,118110039.21842009,5855447992.098309
2022-03-05 09:00:00,47.9,49.5,46.7,49.1,55699070.11358174,2681667876.214562
2022-03-06 09:00:00,49.1,50.4,47.0,47.5,84952093.37122247,4114418276.2788167
2022-03-07 09:00:00,47.5,49.5,45.8,47.4,121129367.44799213,5754044999.413013
2022-03-08 09:00:00,47.3,49.2,47.0,48.7,105020063.22124706,5073300330.624427
2022-03-09 09:00:00,48.8,52.2,48.7,50.8,332961379.75296783,16906818610.105703
2022-03-10 09:00:00,50.8,55.3,48.1,52.4,1004205622.393966,52133310181.33747
2022-03-11 09:00:00,52.4,52.5,50.0,50.6,252876106.29383552,12896355303.3021
2022-03-12 09:00:00,50.7,52.4,50.3,50.7,198655279.34169877,10214422409.637135
2022-03-13 09:00:00,50.7,51.5,48.3,48.4,98266576.87650143,4916624564.072484
2022-03-14 09:00:00,48.4,49.4,47.6,49.1,110397979.76677898,5359389461.215843
2022-03-15 09:00:00,49.0,49.5,47.7,49.2,92043440.41204226,4467133136.002181
2022-03-16 09:00:00,49.3,50.7,48.3,50.3,107831263.1089585,5333187962.368797
2022-03-17 09:00:00,50.3,51.8,49.5,50.4,103141012.44811171,5212993831.312127
2022-03-18 09:00:00,50.4,51.9,49.6,51.5,97829301.48298141,4947414753.36732
2022-03-19 09:00:00,51.4,53.7,51.3,53.6,163381480.28497583,8593750226.97764
2022-03-20 09:00:00,53.5,54.7,51.4,52.2,133301591.6072159,7112720122.126974
2022-03-21 09:00:00,52.2,53.9,50.6,53.0,145427766.586715,7634666298.387731
2022-03-22 09:00:00,53.0,55.8,52.7,55.1,176799239.48700982,9669865473.312576
2022-03-23 09:00:00,55.1,61.0,54.8,59.4,290595444.04800886,16829670396.162907
2022-03-24 09:00:00,59.4,60.1,57.9,59.4,117159851.86582273,6908678957.260347
2022-03-25 09:00:00,59.4,61.3,57.2,58.3,123712408.62023091,7366291194.178246
2022-03-26 09:00:00,58.2,119.0,57.8,117.0,7822920014.804618,670291465624.2228
2022-03-27 09:00:00,117.0,153.0,102.0,127.0,11179036725.978928,1395875481992.1992
2022-03-28 09:00:00,126.0,146.0,117.0,119.0,5042992242.447297,656102024183.687
2022-03-29 09:00:00,119.0,129.0,115.0,124.0,2897304458.048943,354017486498.54645
2022-03-30 09:00:00,123.0,228.0,118.0,218.0,15795065020.793333,2828251796301.8994
2022-03-31 09:00:00,218.0,274.0,209.0,220.0,9112952979.376177,2163352018631.4302
2022-04-01 09:00:00,220.0,282.0,214.0,227.0,7556598582.601421,1869713978024.9126
2022-04-02 09:00:00,227.0,254.0,198.0,205.0,5050500395.659523,1155783142357.603
2022-04-03 09:00:00,205.0,223.0,181.0,187.0,3202764734.764156,642954477327.2144
2022-04-04 09:00:00,187.0,202.0,166.0,173.0,3188721883.0516,595858989174.2416
2022-04-05 09:00:00,173.0,177.0,153.0,156.0,1775950449.6505349,295559806613.2579
2022-04-06 09:00:00,155.0,177.0,153.0,163.0,3784902421.735172,619833972619.9325
2022-04-07 09:00:00,162.0,169.0,150.0,167.0,1818006510.6345952,286246839127.4635
2022-04-08 09:00:00,166.0,171.0,151.0,152.0,1354991419.3272731,217529233784.53778
2022-04-09 09:00:00,153.0,154.0,144.0,150.0,842010064.6874914,124974129471.64403
2022-04-10 09:00:00,149.0,158.0,146.0,149.0,1224488238.0361574,184845667069.35587
2022-04-11 09:00:00,150.0,163.0,138.0,141.0,2331919603.520128,356566579731.02826
2022-04-12 09:00:00,141.0,143.0,131.0,136.0,1063737176.0731388,146124925882.18008
2022-04-13 09:00:00,135.0,141.0,130.0,140.0,692393796.1331418,93704815833.08293
2022-04-14 09:00:00,140.0,160.0,137.0,145.0,2865645521.2604904,430789788019.62683
2022-04-15 09:00:00,144.0,145.0,136.0,140.0,755496859.400893,106076341006.90895
2022-04-16 09:00:00,139.0,142.0,137.0,138.0,436293713.1042307,60882009349.14387
2022-04-17 09:00:00,138.0,146.0,137.0,138.0,952331750.9169222,135676163855.815
2022-04-18 09:00:00,139.0,139.0,127.0,134.0,631657998.2229453,83520874861.10481
2022-04-19 09:00:00,134.0,142.0,134.0,139.0,1130662106.5578983,156378760168.3514
2022-04-20 09:00:00,139.0,161.0,136.0,156.0,2227165649.774576,333155374083.39307
2022-04-21 09:00:00,156.0,169.0,142.0,145.0,2289077774.8475523,362702996898.4626
2022-04-22 09:00:00,145.0,149.0,139.0,142.0,604436962.5493836,87263374150.81677
2022-04-23 09:00:00,141.0,142.0,136.0,139.0,409030585.80920464,56889547923.50598
2022-04-24 09:00:00,139.0,144.0,133.0,134.0,459943624.37801766,64040449946.65704
2022-04-25 09:00:00,134.0,135.0,122.0,130.0,674541802.5037223,85295076253.1341
2022-04-26 09:00:00,130.0,134.0,116.0,118.0,742454020.1957527,93845255216.81857
2022-04-27 09:00:00,119.0,124.0,115.0,120.0,769824430.3632783,92948166855.20357
2022-04-28 09:00:00,120.0,124.0,114.0,116.0,742982467.3648022,88483051024.06657
2022-04-29 09:00:00,116.0,119.0,106.0,108.0,640843335.4847498,71706705505.23192
2022-04-30 09:00:00,107.0,113.0,93.4,94.6,1010231897.0877362,105813530653.87634
2022-05-01 09:00:00,94.7,95.7,88.5,94.1,944029820.7774967,87542907402.5269
2022-05-02 09:00:00,94.2,96.0,86.8,90.2,514915189.61108166,47165940653.827545
2022-05-03 09:00:00,90.3,93.5,86.3,87.8,406897328.6257791,36539201857.36877
2022-05-04 09:00:00,87.8,121.0,86.5,120.0,1999113522.479507,203806603380.10715
2022-05-05 09:00:00,120.0,126.0,99.7,102.0,2682096422.0388165,307795744427.4801
2022-05-06 09:00:00,103.0,111.0,93.3,107.0,1834291703.614385,183534635816.04462
2022-05-07 09:00:00,107.0,111.0,99.2,100.0,987183423.7614392,103059930963.33641
2022-05-08 09:00:00,100.0,105.0,96.9,101.0,838541350.9846841,84455698093.00638
2022-05-09 09:00:00,101.0,105.0,85.4,85.6,1162119880.7725031,110808187904.60353
2022-05-10 09:00:00,85.6,102.0,81.3,91.5,3281392179.087734,308132010168.8199
2022-05-11 09:00:00,91.5,95.8,69.0,74.2,3799652092.900165,317085108610.31116
2022-05-12 09:00:00,74.2,76.1,55.5,61.5,2347907401.497915,149533222209.74756
2022-05-13 09:00:00,61.5,74.9,59.8,67.7,1752970658.0216055,122055151877.26822
2022-05-14 09:00:00,67.7,73.4,62.0,70.2,1008341872.6847526,68502087484.703674
2022-05-15 09:00:00,70.2,71.9,65.0,71.6,645505533.5284618,44074013070.8042
2022-05-16 09:00:00,71.7,72.0,65.0,66.1,549943635.2985022,36937851584.71351
2022-05-17 09:00:00,66.2,69.4,64.6,68.4,683965560.6324083,46279998822.51596
2022-05-18 09:00:00,68.4,71.5,61.3,62.1,1109490780.4096155,74639088541.91824
2022-05-19 09:00:00,62.1,65.3,59.1,64.7,629087444.1257669,39080976472.21523
2022-05-20 09:00:00,64.7,69.3,62.8,65.8,1208008017.6461346,80319171787.6862
2022-05-21 09:00:00,65.8,68.6,63.6,66.8,460920885.7964292,30273362940.99902
2022-05-22 09:00:00,66.7,80.8,66.0,74.4,3011555218.483523,226466799037.8355
2022-05-23 09:00:00,74.6,75.0,65.8,68.0,1211872654.2422662,87240907674.2065
2022-05-24 09:00:00,68.0,69.0,62.4,67.0,603570470.6615639,39838184491.97345
2022-05-25 09:00:00,67.0,67.4,63.7,65.8,454881745.7564609,29824612489.337505
2022-05-26 09:00:00,65.9,68.0,58.6,62.0,765079892.3670981,48754585141.0022
2022-05-27 09:00:00,62.1,63.3,58.6,60.6,564325184.386783,34474443089.826866
2022-05-28 09:00:00,60.7,62.2,59.5,61.0,259569053.3008966,15789880032.323486
2022-05-29 09:00:00,61.1,62.1,59.5,61.6,263176743.03619543,15975459339.221657
2022-05-30 09:00:00,61.7,69.9,61.0,68.7,1058091577.9862846,69181714006.64984
2022-05-31 09:00:00,68.7,75.5,65.6,68.8,1854250579.0126817,130012012002.4526
2022-06-01 09:00:00,68.8,70.9,61.5,63.6,1032444725.3785487,69404972011.39043
2022-06-02 09:00:00,63.7,65.9,62.3,65.2,535462934.0201033,34211978477.108505
2022-06-03 09:00:00,65.2,67.3,61.6,63.8,592809387.6261914,38117320121.021324
2022-06-04 09:00:00,63.9,64.3,62.2,63.9,210049556.05285412,13311923985.354479
2022-06-05 09:00:00,64.0,65.1,62.5,63.7,269095018.72745085,17050217889.393187
2022-06-06 09:00:00,63.7,67.4,63.2,65.3,595716208.5320512,39034004097.7514
2022-06-07 09:00:00,65.3,65.5,61.6,62.9,441443731.3687318,27759546589.93052
2022-06-08 09:00:00,62.9,63.8,61.8,62.6,278625502.28266466,17494005533.828075
2022-06-09 09:00:00,62.7,63.4,61.9,62.3,242315419.64613363,15127747201.05253
2022-06-10 09:00:00,62.3,62.3,58.2,59.2,370852954.7774453,22302298972.754128
2022-06-11 09:00:00,59.2,59.9,53.1,54.6,408919837.14749897,23034152450.21273
2022-06-12 09:00:00,54.6,55.4,48.1,48.6,552010638.3005877,27906681081.865364
2022-06-13 09:00:00,48.6,49.2,40.9,43.8,896794644.0404643,39176358289.36781
2022-06-14 09:00:00,43.7,46.3,39.6,44.5,855709141.2685732,37379711480.750984
2022-06-15 09:00:00,44.4,48.4,39.9,48.3,717658939.6937615,31113487653.749035
2022-06-16 09:00:00,48.4,48.9,42.1,42.9,547953767.1475319,24640859523.98628
2022-06-17 09:00:00,42.9,45.0,42.1,44.3,325006191.37697756,14292792541.120787
2022-06-18 09:00:00,44.4,45.0,40.1,42.3,387667544.1835854,16397175891.486437
2022-06-19 09:00:00,42.3,44.8,40.3,44.3,328664262.3993207,14025393851.973572
2022-06-20 09:00:00,44.2,45.4,42.0,44.7,456199145.31553453,20069146975.45063
2022-06-21 09:00:00,44.7,58.7,43.7,54.8,4917948088.683314,265505351269.42395
2022-06-22 09:00:00,54.8,55.1,49.5,50.7,1773448533.0251853,93084934577.60048
2022-06-23 09:00:00,50.7,55.2,50.6,54.2,909741854.1123948,48306429459.83654
2022-06-24 09:00:00,54.1,64.9,54.0,59.1,2971401741.3462706,180580367995.78754
2022-06-25 09:00:00,59.1,66.9,57.5,62.9,2505927120.4260125,158379153426.02942
2022-06-26 09:00:00,63.0,66.2,59.3,59.6,1305267551.6868749,82737354319.72537
2022-06-27 09:00:00,59.6,62.1,57.0,58.5,732549284.9329667,43824631110.22963
2022-06-28 09:00:00,58.5,59.0,53.8,54.7,536569850.1242987,30214054961.9893
2022-06-29 09:00:00,54.7,55.3,50.6,52.5,472300456.77494633,24875223973.849594
2022-06-30 09:00:00,52.6,52.6,46.3,50.6,518012292.81876457,25315406650.85621
2022-07-01 09:00:00,50.6,55.0,48.6,54.2,1294225464.2245564,67235259820.44249
2022-07-02 09:00:00,54.1,54.3,50.4,51.5,503732956.60964835,26029659966.23909
2022-07-03 09:00:00,51.5,51.9,50.1,51.0,231029568.16372353,11769495404.329798
2022-07-04 09:00:00,50.9,52.5,49.0,52.2,291111118.57188,14805955684.205502
2022-07-05 09:00:00,52.2,54.5,49.6,51.4,576486140.8457936,30038549021.495224
2022-07-06 09:00:00,51.5,52.3,50.7,51.8,256817924.66694507,13207508580.95422
2022-07-07 09:00:00,51.8,54.5,50.8,53.4,266211972.01177546,13986862577.641182
2022-07-08 09:00:00,53.5,54.6,51.2,52.2,437791800.25966424,23143391627.20563
2022-07-09 09:00:00,52.2,54.3,52.2,53.3,309007363.91485834,16417463877.007326
2022-07-10 09:00:00,53.2,53.2,51.1,51.5,253969453.4508904,13216594815.592627
2022-07-11 09:00:00,51.6,51.7,48.6,49.0,271905937.676214,13616149842.705578
2022-07-12 09:00:00,49.0,49.9,47.9,48.2,289618469.2964969,14191101472.729946
2022-07-13 09:00:00,48.2,49.5,45.7,49.0,388212330.3902483,18456045531.103615
2022-07-14 09:00:00,49.0,50.9,47.5,50.2,502618686.51077324,24769573969.56387
2022-07-15 09:00:00,50.2,51.2,49.3,50.4,387334605.8247431,19462674542.169777
2022-07-16 09:00:00,50.4,51.5,49.3,51.1,250111774.84572628,12597452625.341293
2022-07-17 09:00:00,51.1,52.0,50.0,50.6,314083556.2174085,15999175232.291925
2022-07-18 09:00:00,50.7,53.8,50.3,53.6,544262002.5243279,28568087325.4772
2022-07-19 09:00:00,53.6,59.6,52.0,57.7,1457105439.4660673,81918061029.2879
2022-07-20 09:00:00,57.7,62.8,53.1,53.7,1416253413.5244634,83557059085.0713
2022-07-21 09:00:00,53.7,55.2,51.5,54.7,394609222.3711334,21113220402.02108
2022-07-22 09:00:00,54.7,56.0,52.3,53.1,326249625.9729467,17747993889.48798
2022-07-23 09:00:00,53.1,53.8,51.5,53.0,218753009.47418678,11556850782.228188
2022-07-24 09:00:00,53.0,53.7,52.4,52.7,172557684.4433976,9141139304.586515
2022-07-25 09:00:00,52.7,53.3,49.6,49.7,368837369.54731756,18838877653.42652
2022-07-26 09:00:00,49.9,49.9,48.1,49.9,195143162.6915735,9525858048.12679
2022-07-27 09:00:00,49.9,53.0,49.1,52.9,227648175.0807333,11580411926.335657
2022-07-28 09:00:00,52.9,56.7,51.9,55.8,592592136.9257784,32085679988.089653
2022-07-29 09:00:00,55.9,57.4,54.1,55.8,923919759.1691781,51882780801.16946
2022-07-30 09:00:00,55.8,59.5,55.4,56.0,1083534228.9985034,62548833318.95213
2022-07-31 09:00:00,56.0,59.3,55.3,56.4,647065212.1636863,36932006743.62403
2022-08-01 09:00:00,56.4,60.2,55.9,58.3,762019481.2657992,44037019212.86314
2022-08-02 09:00:00,58.3,59.7,53.5,55.6,574204735.4085122,32245965481.083282
2022-08-03 09:00:00,55.7,57.0,54.3,56.0,334106866.5377019,18669204799.140408
2022-08-04 09:00:00,56.0,58.0,55.6,57.4,466440183.8537493,26382270475.77256
2022-08-05 09:00:00,57.5,60.0,56.6,59.9,546895180.7825862,31870710835.770332
2022-08-06 09:00:00,60.0,65.9,59.9,61.2,2023617213.2639136,127977948971.56563
2022-08-07 09:00:00,61.3,61.3,59.0,60.2,348828677.8138079,20953689918.8701
2022-08-08 09:00:00,60.3,61.6,59.4,60.3,383958212.3453396,23301237164.364037
2022-08-09 09:00:00,60.3,61.0,56.4,57.8,380342013.77627367,22422384086.464344
2022-08-10 09:00:00,57.8,60.3,56.2,59.9,411491377.00881714,24089480496.218765
2022-08-11 09:00:00,59.9,65.7,59.7,61.2,1150483279.796477,71880479592.13026
2022-08-12 09:00:00,61.1,65.2,60.2,63.2,687794373.9366095,43153612889.56653
2022-08-13 09:00:00,63.2,65.1,62.5,63.1,453454064.3988492,28851720293.603706
2022-08-14 09:00:00,63.3,64.6,61.2,62.6,440736885.1671136,27890211623.429333
2022-08-15 09:00:00,62.6,66.6,60.6,61.9,863709482.3502915,54868673988.80961
2022-08-16 09:00:00,61.8,62.4,60.0,60.7,295477425.84589964,18019032971.868458
2022-08-17 09:00:00,60.7,62.6,57.5,58.5,519995275.2881156,31301115682.102467
2022-08-18 09:00:00,58.5,59.3,56.5,57.0,211354724.23495638,12283810131.652798
2022-08-19 09:00:00,57.1,57.1,50.0,50.7,614303706.9721829,32270543873.410904
2022-08-20 09:00:00,50.6,52.6,49.9,51.8,204030448.47633782,10494116781.82677
2022-08-21 09:00:00,51.8,52.2,50.6,51.8,155268999.839891,8004145648.216619
2022-08-22 09:00:00,51.8,51.9,49.2,50.9,218919230.7897411,11014489060.055265
2022-08-23 09:00:00,50.9,51.9,49.4,51.7,188761672.4150488,9616440264.439915
2022-08-24 09:00:00,51.8,56.6,50.3,52.7,1156039747.828489,63066612431.33313
2022-08-25 09:00:00,52.6,56.4,52.5,53.9,563643900.6460356,30533694632.890594
2022-08-26 09:00:00,53.9,53.9,49.0,49.7,404296173.34610295,20976107758.660076
2022-08-27 09:00:00,49.6,51.0,48.9,50.5,165329220.7654175,8286311735.376949
2022-08-28 09:00:00,50.6,51.0,48.7,49.0,139953446.79571387,7035177036.3613
2022-08-29 09:00:00,49.0,50.9,48.3,50.6,163952365.5556111,8119276338.126207
2022-08-30 09:00:00,50.7,51.5,48.6,49.7,214035596.80679893,10795767461.87474
2022-08-31 09:00:00,49.7,50.6,49.1,49.7,168325328.34966585,8418099941.89146
2022-09-01 09:00:00,49.7,50.2,48.3,50.0,181694484.79673725,8916029459.681181
2022-09-02 09:00:00,50.0,50.6,49.0,49.5,122413948.13492143,6094402576.185183
2022-09-03 09:00:00,49.4,49.7,49.0,49.4,58076362.00483612,2865035264.1272535
2022-09-04 09:00:00,49.4,50.3,49.2,50.3,80601756.19531406,4009868912.7088547
2022-09-05 09:00:00,50.3,50.5,48.9,50.0,187338569.35438326,9279147695.649181
2022-09-06 09:00:00,50.0,50.7,46.7,47.5,323475270.25298446,15859629078.520107
2022-09-07 09:00:00,47.3,48.7,46.5,48.3,142695018.91506833,6797932460.435713
2022-09-08 09:00:00,48.3,49.5,47.6,49.4,192009232.44728446,9324174470.706434
2022-09-09 09:00:00,49.4,51.6,49.1,51.1,291270564.60900515,14682356386.897137
2022-09-10 09:00:00,51.1,53.0,50.5,51.5,345825135.43011105,17841892901.476196
2022-09-11 09:00:00,51.6,51.9,50.3,51.4,212362358.02849087,10875305033.744251
2022-09-12 09:00:00,51.4,52.4,50.8,51.6,364589778.971621,18851394567.061874
2022-09-13 09:00:00,51.6,52.4,48.0,48.4,435671706.0264446,21857994965.765156
2022-09-14 09:00:00,48.4,49.3,47.7,49.0,194385434.45569947,9432850027.306564
2022-09-15 09:00:00,49.0,49.1,47.5,47.9,177130481.30603543,8519710386.145954
2022-09-16 09:00:00,48.0,48.2,47.2,47.7,126902404.66784832,6051880626.028369
2022-09-17 09:00:00,47.8,48.9,47.7,48.7,107522313.69749478,5183871283.040698
2022-09-18 09:00:00,48.9,48.9,44.0,44.8,186252816.96502835,8736134218.23752
2022-09-19 09:00:00,44.9,45.9,43.7,45.5,158084911.02917913,7075893995.867833
2022-09-20 09:00:00,45.7,45.9,44.5,45.1,97143814.54631838,4395905486.53874
2022-09-21 09:00:00,45.1,47.5,44.0,44.7,172587248.79295415,7769446542.74102
2022-09-22 09:00:00,44.7,47.8,44.5,47.2,189244256.23519203,8804908880.821257
2022-09-23 09:00:00,47.2,48.1,45.9,47.1,226245638.86116806,10660818968.886568
2022-09-24 09:00:00,47.2,47.7,46.3,46.5,88659728.65329053,4181534734.8618803
2022-09-25 09:00:00,46.5,46.8,45.1,45.5,91689921.24227148,4242136637.3408766
2022-09-26 09:00:00,45.5,45.9,44.4,45.8,167892387.30151013,7600640538.6303215
2022-09-27 09:00:00,45.9,47.1,44.6,45.4,193465282.3569324,8916023668.54441
2022-09-28 09:00:00,45.4,45.6,44.0,45.1,106207371.63869508,4752389294.02556
2022-09-29 09:00:00,45.1,45.5,44.3,45.1,122866597.77210075,5508419599.02174
2022-09-30 09:00:00,45.1,45.7,44.6,45.0,84387448.2366315,3795516391.7862806
2022-10-01 09:00:00,45.0,45.2,44.8,45.0,46670255.88793973,2100237088.0731542
2022-10-02 09:00:00,45.2,45.3,44.1,44.3,101413683.91392529,4531403118.625337
2022-10-03 09:00:00,44.3,45.7,43.8,45.4,88738527.27446344,3965534008.607295
2022-10-04 09:00:00,45.4,46.0,44.9,45.4,99677695.23264681,4523118048.690002
2022-10-05 09:00:00,45.4,45.6,44.2,45.0,92903996.63038594,4173921595.1840367
2022-10-06 09:00:00,45.0,45.2,44.2,44.4,107331763.79374433,4793809008.4967985
2022-10-07 09:00:00,44.4,45.7,44.1,45.0,153842851.70313683,6876567491.9375925
2022-10-08 09:00:00,45.2,45.6,44.8,45.2,143776857.69106066,6497648705.370059
2022-10-09 09:00:00,45.2,47.2,45.0,46.6,303935748.1480391,14081728036.368105
2022-10-10 09:00:00,46.6,46.6,44.3,44.3,225548531.9461928,10276746109.458868
2022-10-11 09:00:00,44.4,44.8,42.9,44.1,160455661.66304672,7043488577.304602
2022-10-12 09:00:00,44.0,44.5,43.6,43.8,50029961.06905346,2197443992.304407
2022-10-13 09:00:00,43.7,44.0,40.2,43.5,206514526.00221738,8688651483.501492
2022-10-14 09:00:00,43.5,45.0,43.0,43.6,119524103.27708083,5269308064.93154
2022-10-15 09:00:00,43.5,44.1,43.1,43.7,50243008.98725466,2191003355.622107
2022-10-16 09:00:00,43.7,44.5,43.5,44.1,48330579.87555442,2128928298.6532142
2022-10-17 09:00:00,44.1,45.2,43.4,45.0,107331339.16221596,4759549473.684674
2022-10-18 09:00:00,45.0,50.6,44.1,45.2,1732796110.2961066,81161299858.77419
2022-10-19 09:00:00,45.2,45.3,42.3,42.7,332541709.8723684,14498355939.549545
2022-10-20 09:00:00,42.8,43.1,41.2,42.1,179754706.58834097,7621393220.663806
2022-10-21 09:00:00,42.1,42.4,40.8,42.1,176461037.12772658,7349292871.171258
2022-10-22 09:00:00,42.2,42.5,41.7,42.1,95484206.00381985,4019984665.1706643
2022-10-23 09:00:00,42.1,42.4,41.2,42.3,131419767.93748741,5496869066.006673
2022-10-24 09:00:00,42.3,42.5,41.4,41.7,119365912.42039374,4994584497.2352295
2022-10-25 09:00:00,41.7,42.9,41.5,42.3,173004306.30737242,7268445070.295745
2022-10-26 09:00:00,42.2,43.0,42.0,42.7,161487611.10266632,6867021047.905176
2022-10-27 09:00:00,42.6,43.7,41.8,42.0,237170089.6738029,10124678424.640995
2022-10-28 09:00:00,42.0,43.1,41.6,42.8,136498202.4956371,5762971603.195652
2022-10-29 09:00:00,42.9,44.1,42.6,43.1,294538214.92705667,12790393882.030455
2022-10-30 09:00:00,43.1,46.0,42.7,43.7,894468905.9457618,39627159113.671684
2022-10-31 09:00:00,43.7,45.3,42.6,43.4,311115271.8150429,13589788478.929167
2022-11-01 09:00:00,43.5,44.4,42.8,43.1,181498090.65029997,7911536054.364454
2022-11-02 09:00:00,43.0,43.2,41.5,42.1,194238905.5014552,8218032097.492615
2022-11-03 09:00:00,42.1,44.0,41.9,43.2,150694753.3437189,6490943167.028451
2022-11-04 09:00:00,43.3,47.5,43.1,45.7,566316934.9734277,25755020662.775658
2022-11-05 09:00:00,45.7,47.6,44.8,45.5,382563566.1906057,17704539806.3963
2022-11-06 09:00:00,45.4,47.2,44.0,44.1,450714448.91420025,20781856778.121754
2022-11-07 09:00:00,44.1,46.0,43.3,45.2,327820417.3853166,14675283636.59183
2022-11-08 09:00:00,45.1,45.4,35.0,38.2,446013927.47598344,18412804525.145756
2022-11-09 09:00:00,38.2,38.8,28.2,29.5,573563373.7984924,19747215236.284187
2022-11-10 09:00:00,29.4,34.6,28.9,34.0,422225188.38592684,13703652733.47429
2022-11-11 09:00:00,34.0,34.5,30.2,31.6,266250534.1768565,8557504283.805268
2022-11-12 09:00:00,31.6,31.8,29.5,29.9,236425734.42788312,7207633259.895187
2022-11-13 09:00:00,30.0,33.0,28.0,28.7,548725222.6548353,16491320905.207413
2022-11-14 09:00:00,28.6,29.3,26.3,28.8,493117917.60614747,13758422060.022966
2022-11-15 09:00:00,28.8,30.5,28.3,29.6,261284616.2732811,7657189531.09229
2022-11-16 09:00:00,29.6,30.4,28.6,29.5,206196861.88581243,6085140799.179437
2022-11-17 09:00:00,29.6,30.1,28.8,29.3,223241578.5771636,6565925111.138186
2022-11-18 09:00:00,29.4,29.9,29.2,29.6,154115842.20410502,4557862503.682592
2022-11-19 09:00:00,29.7,32.5,29.6,31.1,588105400.5032922,18233364530.09235
2022-11-20 09:00:00,31.1,32.6,29.2,29.4,495533613.7635902,15440150453.11477
2022-11-21 09:00:00,29.4,30.3,28.4,29.6,269917166.274495,7946280320.760556
2022-11-22 09:00:00,29.6,30.4,28.7,30.4,189891144.20382348,5625951125.502633
2022-11-23 09:00:00,30.4,31.6,30.1,31.6,346624001.11089104,10686773388.902298
2022-11-24 09:00:00,31.6,34.4,30.5,32.1,1175294708.7496872,37992988122.06233
2022-11-25 09:00:00,32.1,32.1,30.6,31.3,208619930.10543063,6526017607.043174
2022-11-26 09:00:00,31.4,31.9,30.7,31.0,140018126.83340195,4392033275.382686
2022-11-27 09:00:00,31.1,32.9,30.8,31.2,436389148.74628216,13906774809.530401
2022-11-28 09:00:00,31.3,32.0,29.1,30.2,228991525.7473475,6989554422.911589
2022-11-29 09:00:00,30.2,30.7,29.8,30.0,86548710.44186965,2612477678.670907
2022-11-30 09:00:00,30.0,31.1,29.9,31.0,137189374.76009965,4193175490.701354
2022-12-01 09:00:00,31.0,31.4,30.4,30.9,112398734.26703706,3460697298.346324
2022-12-02 09:00:00,30.9,31.1,30.2,31.0,92580237.74510927,2836235584.6165543
2022-12-03 09:00:00,31.0,31.1,30.4,30.7,60129776.967197,1851690818.6987317
2022-12-04 09:00:00,30.7,30.9,30.4,30.6,54454369.11889913,1667912333.729631
2022-12-05 09:00:00,30.7,31.3,30.2,30.4,93645110.68150017,2882347884.71057
2022-12-06 09:00:00,30.4,30.6,29.8,30.1,84564556.01408947,2561399207.113039
2022-12-07 09:00:00,30.1,30.3,28.4,29.3,119486193.97787195,3503042982.138663
2022-12-08 09:00:00,29.2,29.9,28.7,29.7,83033099.06725371,2426137385.6462045
2022-12-09 09:00:00,29.7,29.9,29.3,29.7,60298041.43859381,1783105034.6435118
2022-12-10 09:00:00,29.8,30.1,29.6,30.1,65222653.75010508,1947183295.5535424
2022-12-11 09:00:00,30.1,30.2,29.2,29.3,77708904.39504337,2314398854.093062
2022-12-12 09:00:00,29.4,29.7,28.5,29.0,119727270.11253975,3470170615.5996633
2022-12-13 09:00:00,29.0,29.4,27.5,29.0,140313803.52663937,4002715295.4940467
2022-12-14 09:00:00,29.0,29.2,28.1,28.5,63541784.38631222,1836274448.8493304
2022-12-15 09:00:00,28.6,28.7,27.8,28.0,76075796.5703622,2146049080.529811
2022-12-16 09:00:00,27.9,28.0,25.0,25.5,141336253.81886008,3788845484.549331
2022-12-17 09:00:00,25.5,25.6,24.1,25.2,110920502.12212285,2756041867.9969635
2022-12-18 09:00:00,25.3,25.3,24.6,24.7,48103715.54754481,1199075744.9706628
2022-12-19 09:00:00,24.7,24.9,22.3,22.8,121378284.43272828,2877881612.0081744
2022-12-20 09:00:00,22.8,23.8,22.8,23.5,130137265.75160393,3041131156.8194094
2022-12-21 09:00:00,23.5,23.6,22.8,23.4,69979476.48541206,1627137145.5374897
2022-12-22 09:00:00,23.4,23.7,23.0,23.6,79792927.66691339,1866416378.0242484
2022-12-23 09:00:00,23.7,23.7,23.4,23.7,46315940.18040261,1089614722.923034
2022-12-24 09:00:00,23.7,23.7,23.4,23.4,33368732.98498082,785244438.1306107
2022-12-25 09:00:00,23.4,23.5,22.5,22.8,52421807.9938649,1205104699.7950895
2022-12-26 09:00:00,22.9,22.9,21.9,22.7,66831154.00732363,1498594389.0473711
2022-12-27 09:00:00,22.7,22.7,21.4,22.0,77725116.5165958,1718510795.3104706
2022-12-28 09:00:00,22.0,22.1,20.4,20.8,102451579.68347636,2157875627.7449512
2022-12-29 09:00:00,20.8,21.2,19.8,20.4,104541402.94941793,2138613807.2967918
2022-12-30 09:00:00,20.4,20.5,19.3,20.2,85869415.89665063,1700187495.5824196
2022-12-31 09:00:00,20.2,20.6,20.0,20.2,52678636.3787844,1063722121.7354647
2023-01-01 09:00:00,20.2,20.8,20.0,20.8,39002149.24423613,791625754.1972039
2023-01-02 09:00:00,20.8,21.3,20.2,21.1,63387617.35443373,1325225001.0199077
2023-01-03 09:00:00,21.1,21.5,21.0,21.2,43255771.00535398,917718470.8785635
2023-01-04 09:00:00,21.2,21.9,21.2,21.7,72699413.27878948,1571963380.2299337
2023-01-05 09:00:00,21.7,21.9,21.2,21.7,72073896.20550214,1555632934.2353857
2023-01-06 09:00:00,21.7,22.3,21.0,22.2,51419074.4120434,1105375827.0233302
2023-01-07 09:00:00,22.1,22.5,21.9,22.4,52786810.57208316,1168139564.8893125
2023-01-08 09:00:00,22.3,28.4,22.0,27.5,794957403.3887969,20833169053.527767
2023-01-09 09:00:00,27.5,34.5,26.8,29.7,5243153852.710527,165697329416.2323
2023-01-10 09:00:00,29.7,32.5,29.6,30.3,2192442749.439079,67688344477.41914
2023-01-11 09:00:00,30.2,30.2,28.1,29.1,543484235.4362997,15846846647.326822
2023-01-12 09:00:00,29.1,30.7,28.2,30.0,854750720.2933939,25283853092.767647
2023-01-13 09:00:00,29.9,33.8,29.6,32.2,1340972476.636549,42036733374.64152
2023-01-14 09:00:00,32.2,35.3,30.1,32.9,1452665598.6731284,47607399848.47553
2023-01-15 09:00:00,32.9,33.0,30.8,32.2,591316095.4105027,18807134324.99698
2023-01-16 09:00:00,32.2,38.2,31.7,34.0,2529998062.550771,89531248692.58315
2023-01-17 09:00:00,34.0,35.4,33.0,33.9,680437501.9150305,23273146858.059692
2023-01-18 09:00:00,33.8,34.3,30.2,30.8,495537421.14468944,16065311836.222652
2023-01-19 09:00:00,30.7,31.9,30.5,31.7,251412956.94131726,7847761485.051915
2023-01-20 09:00:00,31.7,34.4,31.1,34.1,377642039.6273047,12315364488.56828
2023-01-21 09:00:00,34.1,36.6,33.2,33.3,660409850.1386414,22863564808.391697
2023-01-22 09:00:00,33.4,35.0,32.7,33.8,422677102.68004227,14381905259.427378
2023-01-23 09:00:00,33.8,36.2,33.6,35.8,975040990.3850453,34216403646.895878
2023-01-24 09:00:00,35.8,37.8,32.9,33.8,921127910.9971368,32531001254.440536
2023-01-25 09:00:00,33.8,36.9,32.8,35.0,973349121.1647475,33804425448.678577
2023-01-26 09:00:00,34.9,35.6,34.0,35.1,413204142.31766826,14403449659.384304
2023-01-27 09:00:00,35.1,39.0,34.0,36.7,1080955602.150188,39116236619.00278
2023-01-28 09:00:00,36.7,41.7,35.8,36.8,1629216308.5608623,62858037463.0702
2023-01-29 09:00:00,36.8,37.2,36.1,37.0,270088531.8930257,9928345724.236717
2023-01-30 09:00:00,37.0,37.1,32.8,33.5,450813065.44644487,15680610366.753775
2023-01-31 09:00:00,33.7,34.2,32.6,33.9,236071581.0283178,7899070934.0814
2023-02-01 09:00:00,33.8,37.1,32.7,35.2,993130671.950525,34473450185.22822
2023-02-02 09:00:00,35.2,37.3,35.2,35.6,450620289.1619613,16141386174.311462
2023-02-03 09:00:00,35.6,37.6,35.3,37.4,513110240.99421763,18613086529.4054
2023-02-04 09:00:00,37.4,40.7,36.6,37.7,1158919991.1629815,44662492423.9423
2023-02-05 09:00:00,37.7,39.1,35.1,36.6,708196986.5340964,26421102973.701706
2023-02-06 09:00:00,36.6,38.3,35.5,38.2,579183149.4158529,21380987043.485012
2023-02-07 09:00:00,38.1,39.1,36.7,39.1,636458762.9844375,24052904269.172897
2023-02-08 09:00:00,39.1,39.6,37.3,39.2,648826155.1915946,25217874068.728752
2023-02-09 09:00:00,39.3,39.5,34.8,35.0,657549407.0628047,24529753205.474197
2023-02-10 09:00:00,35.1,36.5,34.3,36.3,376079204.19001627,13302125510.518826
2023-02-11 09:00:00,36.3,36.8,35.8,36.8,128403851.97315931,4640268782.566942
2023-02-12 09:00:00,36.8,39.8,36.1,37.9,698373722.2418503,26557705195.485004
2023-02-13 09:00:00,37.9,42.8,36.1,38.0,3504936364.9277635,138901251986.84357
2023-02-14 09:00:00,38.0,38.7,35.5,38.4,897837851.6281592,33398260587.99677
2023-02-15 09:00:00,38.4,41.0,37.4,40.4,651002880.4918363,25224526604.16462
2023-02-16 09:00:00,40.4,41.6,38.0,38.2,687886935.6015459,27580811293.07991
2023-02-17 09:00:00,38.2,41.7,38.1,41.1,463947834.84825057,18511203350.756023
2023-02-18 09:00:00,41.1,44.9,41.0,42.2,980241150.0871993,42264759632.34296
2023-02-19 09:00:00,42.2,42.5,40.6,42.0,322711915.0321016,13477553868.980074
2023-02-20 09:00:00,41.9,45.8,40.4,44.1,831873812.4374484,35942744529.76261
2023-02-21 09:00:00,44.0,48.2,41.9,45.8,2248956560.6729226,101913934136.77899
2023-02-22 09:00:00,45.8,48.3,42.6,46.2,1509737000.583154,68645062727.75377
2023-02-23 09:00:00,46.2,48.1,45.4,46.4,806259620.2361963,37600726349.31067
2023-02-24 09:00:00,46.4,46.7,43.4,44.6,546303094.0363027,24566850164.3766
2023-02-25 09:00:00,44.5,44.7,41.0,42.8,309609105.1258276,13246897473.535553
2023-02-26 09:00:00,42.8,43.8,41.8,43.6,194650606.79981214,8357394287.27649
2023-02-27 09:00:00,43.6,44.3,42.2,43.2,266580051.21694878,11478114879.510443
2023-02-28 09:00:00,43.2,43.5,41.5,41.9,166676816.68005985,7079683923.267204
2023-03-01 09:00:00,41.9,42.5,41.2,42.3,158440532.71132624,6655186267.158741
2023-03-02 09:00:00,42.3,42.6,40.1,40.8,205720156.09209177,8419886551.514891
2023-03-03 09:00:00,40.8,41.2,36.5,37.9,311447292.0804848,11801035992.21009
2023-03-04 09:00:00,37.8,38.2,35.7,36.6,174029971.58822873,6491764295.41117
2023-03-05 09:00:00,36.6,37.7,36.1,36.9,101268623.27047049,3742116346.8737087
2023-03-06 09:00:00,36.9,37.0,35.1,36.3,173045711.0582197,6200708833.997754
2023-03-07 09:00:00,36.3,37.1,34.1,35.4,166306840.19202447,5913829074.257611
2023-03-08 09:00:00,35.5,35.7,32.4,32.7,220579273.99808863,7449594723.991912
2023-03-09 09:00:00,32.8,33.6,30.0,30.6,213063600.7225789,6813286520.317722
2023-03-10 09:00:00,30.6,31.4,29.1,31.1,255312013.6181951,7731056292.129863
2023-03-11 09:00:00,31.3,31.9,29.4,30.6,217959612.76826367,6663532704.227556
2023-03-12 09:00:00,30.5,32.8,29.4,32.4,169027233.7868808,5184455486.766012
2023-03-13 09:00:00,32.4,35.0,31.2,34.4,364996512.5108088,12052946838.823885
2023-03-14 09:00:00,34.5,39.0,33.7,37.2,654509266.5383635,23736940296.167305
2023-03-15 09:00:00,37.2,39.2,35.0,35.9,545481492.8777248,20490697032.14016
2023-03-16 09:00:00,35.9,36.7,34.9,36.4,200504325.72035706,7186412548.662584
2023-03-17 09:00:00,36.5,38.7,35.9,38.6,318039321.9961003,11959090448.13837
2023-03-18 09:00:00,38.7,39.4,37.2,37.7,306999364.5090421,11849087827.997347
2023-03-19 09:00:00,37.7,39.5,37.1,39.1,300186581.2100742,11510316447.237314
2023-03-20 09:00:00,39.2,39.6,37.1,37.4,329524357.0707987,12647214783.754313
2023-03-21 09:00:00,37.3,38.2,35.5,37.9,308010953.32924974,11409005705.366756
2023-03-22 09:00:00,38.0,38.1,34.9,36.2,199517950.95937926,7344749161.5770645
2023-03-23 09:00:00,36.2,37.7,35.6,37.5,121607095.99518003,4442427191.896714
2023-03-24 09:00:00,37.5,37.6,35.9,36.3,124507689.42982242,4576361403.538981
2023-03-25 09:00:00,36.3,36.5,35.4,35.8,74475149.58419745,2681232041.4919524
2023-03-26 09:00:00,35.8,36.7,35.5,36.3,67242969.92772089,2433464978.227207
2023-03-27 09:00:00,36.3,36.5,33.5,34.6,149346112.80205697,5234406233.792682
2023-03-28 09:00:00,34.6,36.3,33.8,36.1,120336554.22904585,4181774209.3796673
2023-03-29 09:00:00,36.1,37.5,35.8,37.4,141694234.6011643,5214906427.761296
2023-03-30 09:00:00,37.4,37.6,36.0,36.9,199683659.4819821,7360743418.952549
2023-03-31 09:00:00,36.9,39.2,36.0,38.4,311221227.51471704,11685577624.510548
2023-04-01 09:00:00,38.5,43.7,37.9,40.4,1490494548.2235777,61390915167.89012
2023-04-02 09:00:00,40.5,47.8,40.2,41.9,4287818176.4789844,189611271972.37634
2023-04-03 09:00:00,41.8,42.6,38.3,39.1,854655286.5616891,34285304233.702698
2023-04-04 09:00:00,39.2,40.4,38.3,39.3,401499917.4400413,15737493209.475166
2023-04-05 09:00:00,39.3,41.1,38.6,40.0,540663013.9157987,21634659396.349373
2023-04-06 09:00:00,40.0,40.1,38.5,39.0,308757321.01654243,12058618462.318624
2023-04-07 09:00:00,39.0,39.2,37.8,38.6,185183087.67564103,7121413890.848334
2023-04-08 09:00:00,38.6,39.3,38.3,38.6,148307222.1542503,5754643153.991528
2023-04-09 09:00:00,38.7,38.9,37.7,38.6,107952029.55753922,4130883055.001655
2023-04-10 09:00:00,38.6,39.2,37.8,39.1,143590554.49087214,5511327884.244505
2023-04-11 09:00:00,39.1,39.5,38.7,39.4,144253326.82838207,5645104854.646474
2023-04-12 09:00:00,39.4,39.4,37.6,38.8,162724367.68870732,6262261506.218445
2023-04-13 09:00:00,38.8,39.5,38.3,39.3,102422611.89341344,3988947535.4444065
2023-04-14 09:00:00,39.2,40.4,39.1,40.1,187324754.7063138,7463261444.079867
2023-04-15 09:00:00,40.1,41.0,39.5,40.4,115017926.00206876,4617275603.199154
2023-04-16 09:00:00,40.4,42.5,39.8,42.4,182700170.97439045,7477583237.083363
2023-04-17 09:00:00,42.4,42.6,40.3,41.5,261601561.4860826,10816235060.928596
2023-04-18 09:00:00,41.6,45.1,40.8,43.7,1090713203.6872184,47863031077.757545
2023-04-19 09:00:00,43.7,47.3,41.7,42.4,2998793355.474899,136221444668.6911
2023-04-20 09:00:00,42.4,44.5,39.4,40.2,1346449726.6663218,56577942932.386475
2023-04-21 09:00:00,40.2,46.2,39.0,41.4,3364928197.932177,144997142605.41647
2023-04-22 09:00:00,41.4,47.4,40.2,46.6,2853274034.394013,127109824445.0851
2023-04-23 09:00:00,46.6,48.5,42.8,43.0,1005807928.578747,45737752532.97899
2023-04-24 09:00:00,43.0,43.8,40.7,41.6,517786636.68104684,21694222873.436367
2023-04-25 09:00:00,41.6,43.3,38.6,40.4,1285705787.4573238,52732578664.38064
2023-04-26 09:00:00,40.4,41.3,37.0,38.8,622213609.7590622,24557077349.307156
2023-04-27 09:00:00,38.8,39.6,38.1,39.0,298602744.1967282,11565926018.527067
2023-04-28 09:00:00,39.0,39.0,37.8,38.5,202797667.00228548,7797430681.2574215
2023-04-29 09:00:00,38.4,39.0,38.1,38.5,127227917.36338966,4889123299.787916
2023-04-30 09:00:00,38.5,38.5,37.6,37.7,171020437.45905784,6507150182.659763
2023-05-01 09:00:00,37.7,37.8,35.7,36.2,236965867.74193305,8692790135.063375
2023-05-02 09:00:00,36.2,36.8,35.4,36.5,123801446.7583242,4454781901.46638
2023-05-03 09:00:00,36.4,37.0,35.3,36.6,119049524.38554677,4287277385.6002216
2023-05-04 09:00:00,36.7,36.7,35.9,36.1,109600791.53392683,3984090017.062864
2023-05-05 09:00:00,36.1,36.4,35.4,36.2,85121933.83548927,3069909313.7593756
2023-05-06 09:00:00,36.1,36.4,34.9,35.3,128208511.46650335,4563009198.682066
2023-05-07 09:00:00,35.3,35.5,34.8,34.9,60393246.25981437,2119179812.453422
2023-05-08 09:00:00,35.0,35.1,31.1,32.1,294638675.6801968,9607545425.03884
2023-05-09 09:00:00,32.0,32.6,31.5,32.2,129070574.50799607,4133407913.211295
2023-05-10 09:00:00,32.3,33.2,31.5,32.8,141106253.67541543,4570058934.4823675
2023-05-11 09:00:00,32.8,32.8,31.1,31.5,81497807.18627688,2605388197.474988
2023-05-12 09:00:00,31.5,32.3,30.5,32.2,125748746.34549129,3935823979.9829736
2023-05-13 09:00:00,32.2,32.3,31.5,32.0,43426341.69074068,1386998346.272403
2023-05-14 09:00:00,32.0,32.4,31.6,32.2,33535912.44594168,1073344222.1749002
2023-05-15 09:00:00,32.3,33.3,31.7,32.5,173912363.8491694,5683447862.077505
2023-05-16 09:00:00,32.5,32.8,32.0,32.6,63470825.10792455,2058419733.8685935
2023-05-17 09:00:00,32.6,34.0,32.4,33.4,113185611.412428,3724322798.5486917
2023-05-18 09:00:00,33.4,33.4,32.0,32.5,96166636.73837437,3158855141.1125164
2023-05-19 09:00:00,32.4,32.9,32.1,32.6,56758341.40606884,1844612864.9608254
2023-05-20 09:00:00,32.6,32.7,32.3,32.4,28992590.9292141,940634343.8682089
2023-05-21 09:00:00,32.5,32.6,31.4,31.7,48751629.6598027,1559807640.9388533
2023-05-22 09:00:00,31.7,31.7,30.8,31.3,66897828.5235427,2088835648.006969
2023-05-23 09:00:00,31.3,31.8,31.0,31.6,68504232.24974345,2156284511.933477
2023-05-24 09:00:00,31.6,31.6,30.1,30.7,81523638.50863215,2508976666.360131
2023-05-25 09:00:00,30.7,30.8,29.9,30.4,53438975.78123264,1622543825.4035592
2023-05-26 09:00:00,30.4,30.8,30.0,30.5,37373874.61799913,1134667082.3280985
2023-05-27 09:00:00,30.6,31.2,30.3,31.2,29555163.71553627,908290521.5873158
2023-05-28 09:00:00,31.2,32.0,30.9,31.6,72742942.14171278,2281374658.19956
2023-05-29 09:00:00,31.5,32.0,31.2,31.5,80067627.59991997,2532413072.254263
2023-05-30 09:00:00,31.5,31.7,31.0,31.6,65151825.71399654,2043385736.471537
2023-05-31 09:00:00,31.5,31.9,30.3,30.5,73799796.44134308,2278083642.2053876
2023-06-01 09:00:00,30.6,30.7,30.1,30.2,46084689.91227259,1399286778.329607
2023-06-02 09:00:00,30.2,31.0,30.0,30.9,37371185.8996815,1139525169.8665035
2023-06-03 09:00:00,31.0,31.5,30.7,31.3,38806134.74644292,1205935208.0498528
2023-06-04 09:00:00,31.3,32.3,31.0,31.7,81046406.36808513,2569445843.180968
2023-06-05 09:00:00,31.7,31.9,28.1,28.6,165803962.22818273,4944400802.033508
2023-06-06 09:00:00,28.6,29.3,27.7,29.0,81447385.32909752,2321991483.1847615
2023-06-07 09:00:00,29.0,29.1,27.5,27.8,81336533.30771922,2293923932.634941
2023-06-08 09:00:00,27.8,28.8,27.4,28.1,74196716.45388302,2085652527.37876
2023-06-09 09:00:00,28.1,28.3,27.2,27.5,64006101.80808225,1781214146.1696076
2023-06-10 09:00:00,27.5,27.6,22.1,23.4,342073568.21858466,8114849838.141725
2023-06-11 09:00:00,23.4,23.6,22.8,23.1,131048041.3137534,3041076048.7844453
2023-06-12 09:00:00,23.1,23.3,22.4,23.0,117140946.93232273,2670582914.705168
2023-06-13 09:00:00,23.0,23.5,22.6,23.0,92548827.9963473,2131588227.8830616
2023-06-14 09:00:00,23.0,23.2,21.4,22.1,109623923.46107075,2459983879.621913
2023-06-15 09:00:00,22.1,22.4,21.5,22.2,79185916.30247034,1740374161.7902226
2023-06-16 09:00:00,22.2,23.0,21.8,22.7,61893579.04887135,1382112112.65283
2023-06-17 09:00:00,22.7,23.5,22.6,23.2,53901489.30124648,1247092179.7503886
2023-06-18 09:00:00,23.2,23.4,22.5,22.6,51207397.5238619,1177835394.3064334
2023-06-19 09:00:00,22.6,23.1,22.5,22.8,42839917.28413301,972654296.6044024
2023-06-20 09:00:00,22.8,23.9,22.5,23.8,101592773.42561361,2338405879.3871455
2023-06-21 09:00:00,23.8,25.1,23.6,24.9,157981246.86088723,3846361378.4975004
2023-06-22 09:00:00,24.9,25.9,24.6,24.9,180227932.95721644,4549032767.627127
2023-06-23 09:00:00,24.9,29.2,24.8,27.3,1614417806.019258,44528912232.81826
2023-06-24 09:00:00,27.3,28.5,26.7,28.4,800358615.6489577,21960809672.48387
2023-06-25 09:00:00,28.4,30.3,27.0,27.3,622150132.7236049,17837993978.25425
2023-06-26 09:00:00,27.3,27.6,26.4,27.0,248127565.13344318,6677972054.782162
2023-06-27 09:00:00,27.0,27.4,26.5,27.1,135549790.92496145,3650152671.7276535
2023-06-28 09:00:00,27.1,27.2,25.1,25.4,120691985.67598602,3144243453.935705
2023-06-29 09:00:00,25.4,26.5,25.3,26.1,74210487.94438581,1926703378.3660338
2023-06-30 09:00:00,26.2,28.8,25.8,28.1,615498822.9870673,16970316053.586775
2023-07-01 09:00:00,28.1,29.3,27.4,29.1,495513629.75463736,14048864100.78949
2023-07-02 09:00:00,29.3,29.3,27.9,28.5,250406295.3643261,7135077449.747123
2023-07-03 09:00:00,28.5,30.5,28.4,29.3,388212482.19303554,11387905736.796062
2023-07-04 09:00:00,29.3,30.7,28.5,30.5,446306750.324654,13166480412.082674
2023-07-05 09:00:00,30.5,32.9,28.2,29.0,1591307378.874241,49232453472.797905
2023-07-06 09:00:00,29.1,29.2,27.2,27.3,460887850.37608975,13020256720.228035
2023-07-07 09:00:00,27.3,27.7,26.9,27.5,232864185.19733524,6341651064.774977
2023-07-08 09:00:00,27.4,27.5,26.7,27.1,98654138.48629907,2674158696.3558164
2023-07-09 09:00:00,27.2,27.3,26.6,26.6,94483710.93791156,2550346871.831927
2023-07-10 09:00:00,26.8,27.2,25.9,26.8,164032750.29223618,4324835325.266677
2023-07-11 09:00:00,26.7,27.7,26.4,27.6,180446654.53095272,4874319177.785549
2023-07-12 09:00:00,27.6,27.9,27.0,27.4,226853233.10733056,6222461785.312685
2023-07-13 09:00:00,27.4,28.3,26.6,28.2,323318821.93295306,8876174608.429209
2023-07-14 09:00:00,28.3,29.1,26.8,27.7,332750502.8718031,9378263519.545555
2023-07-15 09:00:00,27.7,30.0,27.7,28.9,1174843682.9708638,34032984461.34041
2023-07-16 09:00:00,28.8,29.0,27.7,27.9,247936610.0963107,7025243075.161359
2023-07-17 09:00:00,27.9,29.0,27.7,28.8,318724164.78062713,9066935355.118996
2023-07-18 09:00:00,28.8,31.0,27.0,27.7,1048599404.020694,30597912301.06055
2023-07-19 09:00:00,27.7,28.3,27.6,27.9,162904715.52142304,4549167734.494147
2023-07-20 09:00:00,27.9,28.5,27.7,28.0,150291054.92966664,4222280097.3387547
2023-07-21 09:00:00,27.9,28.3,27.7,28.1,98918895.98142596,2769387026.377881
2023-07-22 09:00:00,28.0,28.4,27.8,28.0,134344236.51641372,3777284890.094675
2023-07-23 09:00:00,28.1,28.9,27.8,28.9,232736908.75624746,6635157665.907172
2023-07-24 09:00:00,28.9,28.9,26.6,26.9,268111381.42054173,7392143512.934608
2023-07-25 09:00:00,26.9,27.0,26.2,27.0,155020526.45485318,4126451763.529636
2023-07-26 09:00:00,27.0,27.7,26.4,27.0,209292597.748328,5645729988.462412
2023-07-27 09:00:00,26.9,27.3,26.7,26.8,79766747.85638449,2150504057.1470995
2023-07-28 09:00:00,26.9,27.3,26.6,27.3,123031930.09429324,3312438352.5462112
2023-07-29 09:00:00,27.3,28.1,27.1,27.9,187933764.94732308,5185808111.877653
2023-07-30 09:00:00,27.9,28.0,26.5,27.1,195137357.08349812,5338714832.656587
2023-07-31 09:00:00,27.1,27.4,26.8,27.0,103181618.49178708,2797649129.6031046
2023-08-01 09:00:00,27.0,27.5,26.3,27.4,122010543.00684337,3274499529.746337
2023-08-02 09:00:00,27.5,27.6,26.9,27.2,113788488.4093045,3101640810.452411
2023-08-03 09:00:00,27.1,27.3,26.7,26.9,89590348.72483763,2413459812.988707
2023-08-04 09:00:00,26.8,27.1,26.7,26.9,99985795.2538823,2686497080.7574215
2023-08-05 09:00:00,26.8,27.0,26.5,26.7,68468580.74450362,1828624167.466103
2023-08-06 09:00:00,26.8,27.3,26.7,26.7,79923481.59799828,2156001061.9440713
2023-08-07 09:00:00,26.7,27.0,26.0,26.5,97911919.78420807,2604030713.285472
2023-08-08 09:00:00,26.5,26.9,26.4,26.7,53533686.68949212,1423337758.406385
2023-08-09 09:00:00,26.7,26.8,26.2,26.4,82702706.57804027,2196650048.4222383
2023-08-10 09:00:00,26.5,26.7,26.3,26.6,44586331.21055019,1182294014.7316003
2023-08-11 09:00:00,26.7,27.1,26.4,26.8,52926575.5263073,1410866105.942454
2023-08-12 09:00:00,26.8,26.9,26.6,26.9,27489533.53029475,736280606.8657901
2023-08-13 09:00:00,26.9,27.1,26.6,26.7,31502199.56582231,844371595.2031968
2023-08-14 09:00:00,26.8,27.5,26.6,27.1,165425425.84885,4485954282.95466
2023-08-15 09:00:00,27.1,27.1,25.4,25.7,148252752.33953857,3904578892.102442
2023-08-16 09:00:00,25.7,25.8,23.9,24.2,167261986.38135928,4165656574.3269463
2023-08-17 09:00:00,24.2,24.7,21.9,22.4,158980210.30965468,3694159549.3260345
2023-08-18 09:00:00,22.4,23.1,22.1,23.0,109767619.55864383,2481261973.041585
2023-08-19 09:00:00,23.0,23.6,22.9,23.6,50631332.18615207,1173392892.635477
2023-08-20 09:00:00,23.5,23.7,23.2,23.4,55927527.29467885,1311113836.6013832
2023-08-21 09:00:00,23.4,23.4,22.4,22.9,64729078.05429001,1483379846.2087958
2023-08-22 09:00:00,22.9,23.3,22.1,22.9,84523439.17841265,1930299022.6868658
2023-08-23 09:00:00,22.8,23.4,22.6,23.0,67558105.83009684,1551005922.4951885
2023-08-24 09:00:00,23.2,23.2,22.5,22.8,56931032.96967843,1303113362.2969148
2023-08-25 09:00:00,22.8,22.9,22.3,22.9,46886641.98201686,1060577177.1869442
2023-08-26 09:00:00,22.8,23.1,22.6,22.6,29433478.8704015,670250985.5724095
2023-08-27 09:00:00,22.6,22.8,22.4,22.6,38564155.57430948,870126393.6522622
2023-08-28 09:00:00,22.6,22.7,22.0,22.5,43861064.48859458,978192274.7510898
2023-08-29 09:00:00,22.6,23.7,22.0,23.5,90947807.79956627,2076178272.67866
2023-08-30 09:00:00,23.5,23.6,22.8,23.0,54326006.32789623,1258294919.1557443
2023-08-31 09:00:00,23.1,23.2,21.9,22.1,73544741.88730764,1653417830.2699687
2023-09-01 09:00:00,22.1,22.2,21.5,21.8,47996760.99019824,1051995514.660132
2023-09-02 09:00:00,21.8,22.0,21.6,21.8,37372322.58722624,812373296.146816
2023-09-03 09:00:00,21.8,22.0,21.6,21.9,36253373.08370763,790771125.7438209
2023-09-04 09:00:00,21.9,22.3,21.6,21.8,45026157.77281615,985058122.6135644
2023-09-05 09:00:00,21.8,22.5,21.6,22.3,48625269.61468165,1065460250.0314558
2023-09-06 09:00:00,22.4,22.5,21.9,22.2,32596595.40954735,723868021.902259
2023-09-07 09:00:00,22.2,22.7,22.0,22.4,28551604.80467999,637670908.6443143
2023-09-08 09:00:00,22.5,22.6,22.1,22.5,43281959.97634391,968866775.0908229
2023-09-09 09:00:00,22.5,22.6,22.2,22.3,27784577.14717257,622428395.7408457
2023-09-10 09:00:00,22.3,22.4,21.3,21.4,59478814.54934369,1292562354.6878905
2023-09-11 09:00:00,21.5,21.7,20.0,20.5,117719008.7029098,2450879057.6094975
2023-09-12 09:00:00,20.5,21.4,20.3,20.6,84818921.21461257,1768100637.8408952
2023-09-13 09:00:00,20.8,22.6,20.6,21.6,525619398.7000779,11397603013.90078
2023-09-14 09:00:00,21.7,22.1,21.5,21.9,167715426.67280564,3654877004.6547074
2023-09-15 09:00:00,21.9,22.8,21.5,22.4,139394883.60612905,3065842529.8876543
2023-09-16 09:00:00,22.5,22.7,22.2,22.5,109972603.8084904,2472932751.711293
2023-09-17 09:00:00,22.5,22.5,21.3,21.3,91113430.90207975,1999151793.1349945
2023-09-18 09:00:00,21.4,22.2,21.2,21.6,89028766.03849383,1936393844.515829
2023-09-19 09:00:00,21.6,22.3,21.5,22.1,88383672.89457335,1941073975.835675
2023-09-20 09:00:00,22.0,22.5,21.6,22.3,104663650.86622491,2303724714.2760773
2023-09-21 09:00:00,22.4,23.9,22.0,22.9,407507767.5524771,9331637539.116472
2023-09-22 09:00:00,22.9,24.6,22.9,24.4,639799604.8338789,15316981266.194904
2023-09-23 09:00:00,24.4,24.4,23.4,23.8,275946098.86718684,6578923275.212161
2023-09-24 09:00:00,23.8,23.9,22.8,23.0,126530444.98376974,2944860051.8901563
2023-09-25 09:00:00,22.9,23.0,22.4,22.7,115485679.92574415,2623090651.5005007
2023-09-26 09:00:00,22.8,23.4,22.6,23.2,96797212.84674715,2217539205.889224
2023-09-27 09:00:00,23.2,23.3,22.7,23.0,101410019.81946424,2332150345.781259
2023-09-28 09:00:00,23.0,23.3,22.8,23.2,84206028.37248076,1939986536.68459
2023-09-29 09:00:00,23.1,23.7,23.0,23.3,116861737.26740707,2725971777.490941
2023-09-30 09:00:00,23.4,24.5,23.3,24.1,319629735.97265464,7670890583.193146
2023-10-01 09:00:00,24.1,24.6,23.7,24.3,167153053.34564823,4021799742.4083548
2023-10-02 09:00:00,24.3,24.6,23.3,23.4,186516088.7541058,4501760880.235984
2023-10-03 09:00:00,23.4,23.7,22.8,23.0,106913855.49548973,2484903868.0310273
2023-10-04 09:00:00,22.9,22.9,22.4,22.7,81200829.34385529,1838436159.0049505
2023-10-05 09:00:00,22.7,22.8,22.4,22.5,70108653.20307711,1581237031.1006315
2023-10-06 09:00:00,22.5,23.9,22.4,23.1,367250677.1176827,8473074355.723416
2023-10-07 09:00:00,23.1,23.1,22.8,22.9,118218381.73807402,2711757169.9829307
2023-10-08 09:00:00,22.9,23.2,22.6,23.0,152560296.84653747,3500283711.2118626
2023-10-09 09:00:00,23.0,23.2,21.6,21.9,187789205.471454,4190954347.9409194
2023-10-10 09:00:00,21.9,22.1,21.6,21.8,79623849.65180579,1741119078.092551
2023-10-11 09:00:00,21.8,22.0,21.4,21.5,68153946.66170187,1473612968.769702
2023-10-12 09:00:00,21.6,21.9,21.4,21.8,69649699.92692581,1508401146.1460977
2023-10-13 09:00:00,21.8,22.2,21.7,22.0,61964772.51579805,1357885016.840786
2023-10-14 09:00:00,22.0,22.7,22.0,22.5,152453928.73628104,3407302887.5880017
2023-10-15 09:00:00,22.5,23.2,22.2,22.7,248000098.2098061,5629624453.184142
2023-10-16 09:00:00,22.7,23.2,22.4,22.8,259716720.1193188,5923752220.329416
2023-10-17 09:00:00,22.7,23.2,22.5,23.0,193554963.31892207,4416491915.286196
2023-10-18 09:00:00,23.0,23.5,22.5,22.6,324889478.6387736,7469868424.648037
2023-10-19 09:00:00,22.6,23.5,22.2,22.5,393092177.8392104,8976421275.711826
2023-10-20 09:00:00,22.5,23.2,22.0,23.2,229646250.0969703,5204412437.569282
2023-10-21 09:00:00,23.1,23.6,22.9,23.5,168907108.6891872,3936166675.250168
2023-10-22 09:00:00,23.5,23.8,22.8,23.7,207268870.06760082,4815421451.362376
2023-10-23 09:00:00,23.7,24.5,23.3,24.3,288157107.7292984,6872837138.800931
2023-10-24 09:00:00,24.4,25.3,23.9,24.7,502507843.600138,12379856993.42861
2023-10-25 09:00:00,24.8,26.0,24.5,25.3,411777151.3308008,10383339135.758753
2023-10-26 09:00:00,25.2,25.8,24.3,25.2,326446700.1911365,8202437841.893783
2023-10-27 09:00:00,25.2,25.3,24.3,24.7,133858447.38083626,3308662845.322028
2023-10-28 09:00:00,24.7,25.6,24.6,25.5,167969278.68059772,4220959885.0230336
2023-10-29 09:00:00,25.5,26.0,25.1,25.8,164179601.8386633,4194699408.7910085
2023-10-30 09:00:00,25.9,26.2,25.6,26.2,199450456.43989488,5173170146.285928
2023-10-31 09:00:00,26.2,26.4,24.5,25.8,327883788.5079991,8384996432.208503
2023-11-01 09:00:00,25.7,27.6,25.7,27.5,916784119.1226981,24528904345.891556
2023-11-02 09:00:00,27.5,27.6,26.2,27.1,379168026.34437746,10236386035.47503
2023-11-03 09:00:00,27.1,27.1,25.5,26.3,279505334.7983009,7283776971.405622
2023-11-04 09:00:00,26.3,27.3,26.0,27.1,210209594.02868292,5600932236.673707
2023-11-05 09:00:00,27.2,27.8,26.7,27.5,320087852.0775639,8706341945.287746
2023-11-06 09:00:00,27.5,28.3,26.6,28.2,276064199.02731526,7587515239.036541
2023-11-07 09:00:00,28.2,28.2,26.8,27.6,216878545.47405562,5974153126.432416
2023-11-08 09:00:00,27.7,28.3,27.2,28.1,169865055.7419802,4731292918.5434475
2023-11-09 09:00:00,28.1,28.9,26.6,27.9,461659020.92655313,12942658267.88305
2023-11-10 09:00:00,28.0,28.8,27.4,28.8,305524844.59694517,8563645483.6286335
2023-11-11 09:00:00,28.8,31.0,27.6,30.1,500402709.186361,14763919331.506489
2023-11-12 09:00:00,30.2,30.8,28.7,30.2,314829239.0570626,9459970693.302824
2023-11-13 09:00:00,30.3,30.7,29.2,29.4,285603495.61417115,8584979657.093745
2023-11-14 09:00:00,29.5,29.5,27.8,28.4,320015232.9677613,9221900298.532686
2023-11-15 09:00:00,28.4,29.5,27.5,29.4,246692644.45082986,7040572116.450226
2023-11-16 09:00:00,29.4,30.3,28.3,28.7,327700376.1968256,9653885401.536533
2023-11-17 09:00:00,28.8,29.3,27.8,28.9,193510817.2745158,5549324483.999264
2023-11-18 09:00:00,28.9,30.0,28.1,29.6,544784293.0378222,15950181752.114836
2023-11-19 09:00:00,29.7,29.7,28.6,29.5,252807168.12422386,7361105922.976527
2023-11-20 09:00:00,29.6,29.8,28.9,29.6,198069489.829966,5822896531.885736
2023-11-21 09:00:00,29.5,29.7,26.4,26.5,316804078.57954645,8943191461.294472
2023-11-22 09:00:00,26.5,28.0,26.3,27.8,228788312.68895078,6205551385.35
2023-11-23 09:00:00,27.7,28.2,27.5,28.0,166459684.6655953,4626870730.556157
2023-11-24 09:00:00,28.1,28.6,27.9,28.3,123312685.97225139,3478488477.4287224
2023-11-25 09:00:00,28.3,28.8,28.1,28.7,99844984.60892452,2836572363.8196526
2023-11-26 09:00:00,28.7,28.9,27.9,28.3,142390186.3176925,4057105167.0467052
2023-11-27 09:00:00,28.4,28.6,27.2,27.9,189491858.83558914,5280404994.696502
2023-11-28 09:00:00,27.9,28.0,27.0,27.8,83801938.55755426,2309891843.843948
2023-11-29 09:00:00,27.8,29.1,27.5,29.0,193302891.21629164,5458870431.981631
2023-11-30 09:00:00,29.0,29.5,28.3,29.4,250796911.34779164,7198282656.208739
2023-12-01 09:00:00,29.3,29.9,28.9,29.6,191564810.9303371,5613176750.2633915
2023-12-02 09:00:00,29.6,29.7,29.1,29.7,149619862.67342576,4399259046.503951
2023-12-03 09:00:00,29.6,30.2,29.2,29.9,164971657.8318156,4890086034.032974
2023-12-04 09:00:00,29.9,30.7,29.3,30.7,366435084.15575635,11031163221.198002
2023-12-05 09:00:00,30.5,32.1,30.3,32.0,431585221.61798877,13516971771.340073
2023-12-06 09:00:00,32.0,32.7,30.9,31.7,390412695.430872,12378957770.753424
2023-12-07 09:00:00,31.7,32.9,30.9,32.3,333079280.9194996,10636716149.720348
2023-12-08 09:00:00,32.3,34.3,31.8,33.5,225168898.33003563,7367536428.635756
2023-12-09 09:00:00,33.7,34.7,33.4,34.1,258232865.1809467,8831874890.603096
2023-12-10 09:00:00,34.2,34.6,32.5,33.5,182133848.9609633,6113930929.988727
2023-12-11 09:00:00,33.4,33.6,30.1,30.8,316859168.81283784,9943309501.855026
2023-12-12 09:00:00,30.9,33.2,30.7,32.7,395917459.8604547,12719888953.869616
2023-12-13 09:00:00,32.7,33.2,31.2,32.9,238975992.47051758,7666568873.416873
2023-12-14 09:00:00,32.9,33.7,32.0,33.4,182599520.82833594,6007598512.772663
2023-12-15 09:00:00,33.5,33.5,32.0,32.1,122838170.14641689,4015388852.418224
2023-12-16 09:00:00,32.1,33.3,31.5,32.8,93158260.07383017,3030689662.5965366
2023-12-17 09:00:00,32.8,32.8,31.5,31.6,93865496.74558099,3014223570.4009714
2023-12-18 09:00:00,31.7,31.9,29.0,30.8,297151118.7350322,8973535021.014141
2023-12-19 09:00:00,30.9,32.3,30.6,30.7,187452905.84223104,5878430542.531887
2023-12-20 09:00:00,30.6,31.9,30.4,31.5,133530353.45744348,4176259813.690174
2023-12-21 09:00:00,31.5,33.0,31.2,32.9,115771721.54906644,3704806011.4615045
2023-12-22 09:00:00,32.9,35.0,32.3,35.0,171026929.96257314,5706469742.235988
2023-12-23 09:00:00,34.9,35.0,33.6,34.2,126311138.38518803,4320573648.501723
2023-12-24 09:00:00,34.2,37.2,34.0,35.7,352892998.38030505,12531417440.74052
2023-12-25 09:00:00,35.7,36.2,34.8,35.5,190542409.5428906,6768814208.383288
2023-12-26 09:00:00,35.5,36.7,33.8,36.4,275709689.4421552,9762518717.338877
2023-12-27 09:00:00,36.4,37.0,35.0,36.2,213115955.95314956,7702029062.585258
2023-12-28 09:00:00,36.2,36.6,34.0,34.6,211393699.19817713,7443267599.416541
2023-12-29 09:00:00,34.5,34.6,32.9,33.9,178187050.04213396,6018896302.323652
2023-12-30 09:00:00,33.8,34.0,33.2,33.6,68439111.44179162,2303405969.2468557
2023-12-31 09:00:00,33.6,34.1,32.9,33.5,81255770.07890804,2732583531.727825
2024-01-01 09:00:00,33.5,34.2,33.2,34.1,89662050.47499359,3016735671.3879905
2024-01-02 09:00:00,34.1,35.1,33.8,34.1,147291979.66455498,5075298913.094083
2024-01-03 09:00:00,34.1,36.8,28.4,31.7,874606473.6366649,29356069952.773113
2024-01-04 09:00:00,31.7,32.1,30.4,32.0,219563627.19607088,6887608849.256271
2024-01-05 09:00:00,32.0,32.3,29.7,30.8,164237614.1598808,5063106519.209174
2024-01-06 09:00:00,30.8,31.1,29.2,30.7,247358314.79635057,7505454794.716157
2024-01-07 09:00:00,30.6,31.2,28.2,28.7,185374544.94394287,5552292165.691684
2024-01-08 09:00:00,28.6,30.0,26.3,29.7,272605494.49495167,7601815397.264803
2024-01-09 09:00:00,29.6,29.8,27.6,28.2,177285710.2208114,5078994161.394973
2024-01-10 09:00:00,28.2,31.1,27.2,30.5,190185509.8770176,5533607809.28194
2024-01-11 09:00:00,30.6,31.8,30.1,31.4,242077777.10683239,7523272863.773839
2024-01-12 09:00:00,31.4,32.3,29.2,30.0,220980331.0323368,6881484174.778831
2024-01-13 09:00:00,30.1,30.6,28.7,30.4,102959068.63114864,3076912460.5236726
2024-01-14 09:00:00,30.4,30.4,29.2,29.3,80327314.18052097,2409109824.4237947
2024-01-15 09:00:00,29.3,30.4,29.2,29.9,95593179.36019447,2859576777.19576
2024-01-16 09:00:00,29.9,31.9,29.8,31.4,183905580.8832648,5643133910.693083
2024-01-17 09:00:00,31.4,32.1,30.5,31.7,133108358.93926689,4178821122.041766
2024-01-18 09:00:00,31.6,32.0,29.5,29.8,157431239.31831008,4823319444.236783
2024-01-19 09:00:00,29.8,30.0,28.2,29.5,158846908.18810406,4633209576.979552
2024-01-20 09:00:00,29.5,31.1,29.0,30.3,139687096.26198643,4207531778.9284945
2024-01-21 09:00:00,30.3,30.8,29.8,29.8,52899243.18201833,1594097354.0246677
2024-01-22 09:00:00,29.9,30.1,28.0,28.1,120621833.32679878,3491772096.5127506
2024-01-23 09:00:00,28.1,28.8,26.2,27.6,134103084.21872103,3654552340.287902
2024-01-24 09:00:00,27.6,28.4,27.0,28.0,55279963.1545277,1522123485.4270155
2024-01-25 09:00:00,27.9,28.4,27.5,27.9,44614105.45108563,1240860009.9172657
2024-01-26 09:00:00,27.9,28.6,27.5,28.6,52970363.64183525,1494314384.917372
2024-01-27 09:00:00,28.6,28.9,28.1,28.8,38777012.94172001,1109209469.559933
2024-01-28 09:00:00,28.8,29.1,28.0,28.14,43436726.35222691,1242757567.328349
2024-01-29 09:00:00,28.14,28.59,27.75,28.51,50886125.17839157,1436150788.2810276
2024-01-30 09:00:00,28.51,28.6,27.92,28.12,54529193.67883835,1541420305.2806578
2024-01-31 09:00:00,28.19,28.26,27.2,27.59,54224606.54009695,1503272280.0666063
2024-02-01 09:00:00,27.59,27.85,27.05,27.83,32114401.33239963,883210933.6216822
2024-02-02 09:00:00,27.75,28.05,27.36,27.99,44285475.8928708,1223576056.0260081
2024-02-03 09:00:00,27.99,28.08,27.51,27.9,40622900.355537,1127418577.21454
2024-02-04 09:00:00,27.85,27.89,27.3,27.3,30822586.87113019,849845273.9721584
2024-02-05 09:00:00,27.3,27.6,27.0,27.39,33716533.9222783,921268079.5447886
2024-02-06 09:00:00,27.39,27.4,27.01,27.09,36956486.52944934,1004157350.1120077
2024-02-07 09:00:00,27.08,27.79,27.04,27.56,60889193.98848861,1667746836.6453872
2024-02-08 09:00:00,27.6,28.06,27.56,27.84,52560360.73850497,1460857040.1296587
2024-02-09 09:00:00,27.84,28.79,27.84,28.64,76112621.33320142,2154242277.2918067
2024-02-10 09:00:00,28.64,28.87,27.83,28.36,49015214.11528197,1392657662.6121073
2024-02-11 09:00:00,28.41,28.97,28.32,28.38,62359886.13644023,1784818287.919088
2024-02-12 09:00:00,28.49,29.08,28.04,28.9,69497968.85079645,1983142561.4639328
2024-02-13 09:00:00,28.9,29.2,28.2,28.78,77829141.0903249,2241383888.177834
2024-02-14 09:00:00,28.8,29.8,28.44,29.71,87441274.36677074,2561101995.111368
2024-02-15 09:00:00,29.7,32.5,29.51,31.3,343921079.4694813,10725008033.181152
2024-02-16 09:00:00,31.31,32.5,30.9,32.01,185003422.60449284,5880761034.04853
2024-02-17 09:00:00,32.01,32.2,30.37,31.63,109265964.09504385,3423974903.1326995
2024-02-18 09:00:00,31.63,32.8,31.19,32.7,84421204.50299121,2691588599.071202
2024-02-19 09:00:00,32.7,33.9,32.36,33.61,176043973.44511685,5793963481.78486
2024-02-20 09:00:00,33.68,33.94,31.65,32.5,193827024.89889598,6395853553.661172
2024-02-21 09:00:00,32.49,34.1,31.16,32.02,464265038.3254513,15317560859.666893
2024-02-22 09:00:00,31.99,32.88,31.4,32.69,132593202.79025523,4270429298.7290263
2024-02-23 09:00:00,32.65,32.87,31.62,32.19,106979318.88701956,3446359466.5613003
2024-02-24 09:00:00,32.19,33.65,31.55,33.13,181231366.00855935,5951876816.184299
2024-02-25 09:00:00,33.17,35.99,32.1,35.47,287749893.03625786,9833108879.342415
2024-02-26 09:00:00,35.37,36.69,33.32,35.68,483469354.1631153,17010355091.952614
2024-02-27 09:00:00,35.66,37.77,35.02,36.09,696995204.0516788,25526346167.11707
2024-02-28 09:00:00,36.1,41.42,35.72,38.42,1574972975.6897025,60774708126.43986
2024-02-29 09:00:00,38.4,40.93,37.48,39.05,448212177.9445031,17656439656.599884
2024-03-01 09:00:00,39.12,41.0,39.0,40.87,267156172.31092206,10678877391.123695
2024-03-02 09:00:00,40.87,43.96,40.75,43.64,482357089.33426815,20272254648.897907
2024-03-03 09:00:00,43.64,44.25,39.11,42.11,317922837.6037986,13346498594.580389
2024-03-04 09:00:00,42.24,46.72,41.41,45.25,831939706.4002528,37429644793.601204
2024-03-05 09:00:00,45.24,53.55,39.39,43.26,1970794036.1728764,94907161012.27917
2024-03-06 09:00:00,43.32,56.25,42.75,51.77,5311418356.998018,268523479146.62634
2024-03-07 09:00:00,51.79,51.95,47.74,49.86,996413038.6362364,49457465249.38001
2024-03-08 09:00:00,49.86,50.45,46.67,49.2,396907607.7660822,19384218667.81167
2024-03-09 09:00:00,49.27,50.69,48.4,49.3,284736808.4321185,14084651281.456736
2024-03-10 09:00:00,49.35,53.25,48.37,51.0,529376594.7607497,26774945750.72733
2024-03-11 09:00:00,50.98,52.88,47.53,52.65,488126066.95031816,24769647351.19838
2024-03-12 09:00:00,52.63,53.44,49.3,53.32,340481679.9440253,17622450487.25555
2024-03-13 09:00:00,53.4,63.37,52.36,57.61,2714055647.953117,161050172545.22473
2024-03-14 09:00:00,57.6,59.89,53.0,56.55,799868543.307369,45711528990.34931
2024-03-15 09:00:00,56.61,59.43,49.11,53.54,702532778.3241372,38106515309.32986
2024-03-16 09:00:00,53.64,54.18,47.17,48.51,249070024.42140797,12729806414.51446
2024-03-17 09:00:00,48.65,50.2,44.59,49.65,278186864.9645357,13281304392.865316
2024-03-18 09:00:00,49.72,49.97,46.07,46.56,149130895.3287423,7166122610.221335
2024-03-19 09:00:00,46.55,48.56,41.2,46.03,415616329.38536006,18593728432.571373
2024-03-20 09:00:00,45.95,50.17,43.46,50.08,237315955.65769562,11204042882.940876
2024-03-21 09:00:00,50.07,50.5,47.91,49.1,172766635.28122577,8532435445.674067
2024-03-22 09:00:00,49.1,50.48,46.78,48.23,163011137.81883675,7931814119.078927
2024-03-23 09:00:00,48.27,49.18,47.34,47.8,69380480.21094581,3351068647.8552227
2024-03-24 09:00:00,47.8,48.99,46.81,48.81,151802674.91232044,7264821147.279608
2024-03-25 09:00:00,48.85,51.4,48.02,51.1,173524322.12837088,8635166333.624104
2024-03-26 09:00:00,51.12,54.51,50.96,53.51,407139208.86928695,21613908018.297955
2024-03-27 09:00:00,53.52,54.1,49.96,51.02,265500088.8472909,13792401924.409874
2024-03-28 09:00:00,51.11,56.0,49.6,53.33,678721707.5207181,36079101581.58973
2024-03-29 09:00:00,53.23,53.33,51.13,52.55,205111548.31387097,10710399657.217115
2024-03-30 09:00:00,52.64,54.71,51.71,53.21,231762857.8611307,12370147738.798697
2024-03-31 09:00:00,53.13,61.81,52.5,55.25,1728036469.6087685,98681641911.23958
2024-04-01 09:00:00,55.28,55.3,50.37,51.58,553608645.0723654,29261587322.92349
2024-04-02 09:00:00,51.57,51.58,46.81,47.7,295416854.28218585,14360297285.377005
2024-04-03 09:00:00,47.83,48.46,45.53,46.68,169522130.53565118,8045441087.034433
2024-04-04 09:00:00,46.6,48.8,45.78,47.91,145424010.94740784,6902180332.355711
2024-04-05 09:00:00,47.91,47.93,45.61,46.9,108124299.35854287,5053133140.315408
2024-04-06 09:00:00,46.82,47.9,46.34,47.53,53833116.70835358,2536169336.084051
2024-04-07 09:00:00,47.52,48.47,47.29,48.01,68537560.4230536,3288545610.413113
2024-04-08 09:00:00,47.99,50.69,46.67,50.48,210754296.56760857,10341227270.391916
2024-04-09 09:00:00,50.45,50.64,47.34,47.56,154016090.68626615,7534555175.1292925
2024-04-10 09:00:00,47.43,48.34,45.45,47.08,137433545.7352718,6464442295.025775
2024-04-11 09:00:00,47.09,48.79,46.71,48.4,194101816.1646199,9279781564.617794
2024-04-12 09:00:00,48.37,49.72,40.49,41.62,427493358.50139886,19655742188.819935
2024-04-13 09:00:00,41.62,41.78,31.76,35.76,433379652.7350371,16299271529.490973
2024-04-14 09:00:00,35.62,38.45,34.0,37.85,266903762.96400082,9657059856.749268
2024-04-15 09:00:00,37.85,39.18,35.52,36.97,196221680.73579073,7423704137.443705
2024-04-16 09:00:00,36.92,37.2,34.81,36.35,156317087.7980486,5624329491.2813835
2024-04-17 09:00:00,36.33,36.6,34.08,34.87,133214482.8089214,4683891034.860569
2024-04-18 09:00:00,34.89,36.05,33.48,35.75,127608877.73054689,4448814971.298236
2024-04-19 09:00:00,35.75,37.2,33.2,36.25,188776253.038246,6743129597.39651
2024-04-20 09:00:00,36.25,38.83,35.91,38.54,115533423.95690158,4292372589.0549583
2024-04-21 09:00:00,38.54,38.99,37.28,37.78,99596044.34291172,3804368160.520409
2024-04-22 09:00:00,37.84,38.95,37.68,38.7,112537265.6205643,4330835716.207783
2024-04-23 09:00:00,38.7,39.5,37.81,39.48,133348024.7492391,5156849659.141503
2024-04-24 09:00:00,39.45,41.5,36.89,37.22,339396681.33885115,13464309310.57472
2024-04-25 09:00:00,37.33,37.89,35.98,37.06,106987001.57876302,3938336926.6145487
2024-04-26 09:00:00,37.04,37.19,35.8,36.06,72532707.75206797,2641800121.007005
2024-04-27 09:00:00,36.1,36.53,35.01,36.29,68300528.38134839,2440605899.7336707
2024-04-28 09:00:00,36.28,36.8,35.08,35.22,64797826.46589996,2341199012.77359
2024-04-29 09:00:00,35.22,35.65,34.0,34.71,108618150.48743068,3777012375.7668858
2024-04-30 09:00:00,34.65,35.25,31.76,32.78,152300313.8978313,5061909696.54419
2024-05-01 09:00:00,32.78,33.45,29.71,32.97,175691013.06249,5532757441.02923
2024-05-02 09:00:00,32.98,33.5,31.53,32.98,59056506.28541713,1921367903.417218
2024-05-03 09:00:00,32.98,35.05,32.84,34.85,78386011.3913775,2651316954.6804037
2024-05-04 09:00:00,34.85,35.27,34.13,34.73,46086604.26890423,1601892692.9027433
2024-05-05 09:00:00,34.73,35.1,33.82,34.98,41529348.74472628,1429744112.9237552
2024-05-06 09:00:00,34.98,35.67,33.87,33.95,66755549.82659271,2317695440.1597557
2024-05-07 09:00:00,33.88,34.44,33.1,33.16,41186740.39176444,1393452382.1832397
2024-05-08 09:00:00,33.24,33.64,32.41,32.8,63709142.87342298,2096492719.6155713
2024-05-09 09:00:00,32.8,34.02,32.22,33.91,61459645.76498451,2037030069.9863982
2024-05-10 09:00:00,33.93,34.13,32.14,32.55,55636434.45051455,1856479972.4052427
2024-05-11 09:00:00,32.55,33.0,32.28,32.4,26697144.86184557,870725860.1681519
2024-05-12 09:00:00,32.41,32.58,31.93,31.98,33867928.86109334,1093134696.7380002
2024-05-13 09:00:00,32.01,32.23,30.8,31.33,66774707.85416931,2104098333.8946855
2024-05-14 09:00:00,31.32,31.59,30.41,30.53,54961733.79315629,1707969439.4678524
2024-05-15 09:00:00,30.53,32.33,30.52,32.08,65236724.76048446,2050281928.068771
2024-05-16 09:00:00,32.18,32.85,31.64,32.23,50972562.93991744,1645436453.626565
2024-05-17 09:00:00,32.22,33.25,31.89,32.93,33618548.24968421,1094745124.8462048
2024-05-18 09:00:00,32.99,33.22,32.62,32.8,38187800.38085975,1259698766.3059793
2024-05-19 09:00:00,32.82,32.96,31.33,31.4,36809458.00054852,1181766255.4885643
2024-05-20 09:00:00,31.4,33.76,31.0,33.66,66799457.53706275,2161143677.2114005
2024-05-21 09:00:00,33.66,34.49,33.09,34.11,68290706.45867114,2313976185.158928
2024-05-22 09:00:00,34.11,34.18,32.91,33.48,62804143.83797881,2104730939.8342204
2024-05-23 09:00:00,33.49,34.1,31.51,33.11,81920830.3509915,2708964358.294737
2024-05-24 09:00:00,33.15,33.55,32.35,33.38,58997944.40332505,1950859172.4701178
2024-05-25 09:00:00,33.45,34.09,33.24,33.7,33671301.54811037,1136504175.464382
2024-05-26 09:00:00,33.7,33.89,33.0,33.52,34640668.04593712,1161111165.0504282
2024-05-27 09:00:00,33.44,35.24,33.2,34.68,111736650.01756142,3811148346.748072
2024-05-28 09:00:00,34.66,34.8,33.4,34.43,55082531.30639123,1887778380.4218326
2024-05-29 09:00:00,34.45,34.82,33.7,33.85,46352136.76293546,1589591896.2460577
2024-05-30 09:00:00,33.79,34.15,32.85,33.34,44590989.56476857,1494048636.4704716
2024-05-31 09:00:00,33.34,33.41,32.5,33.08,28815407.64199415,950200802.7809798
2024-06-01 09:00:00,33.03,33.3,32.68,33.04,21804891.5097955,715718010.5250026
2024-06-02 09:00:00,33.04,33.37,32.24,32.46,26724347.66669855,880705233.562468
2024-06-03 09:00:00,32.44,32.79,32.07,32.3,54790405.13137632,1778933395.8908768
2024-06-04 09:00:00,32.3,32.79,31.81,32.63,38173897.06444582,1226137250.6426477
2024-06-05 09:00:00,32.65,33.4,32.48,33.38,32181480.75332591,1057235511.6434758
2024-06-06 09:00:00,33.38,33.68,32.77,32.93,31037046.91847846,1031891154.6747582
2024-06-07 09:00:00,33.05,34.88,30.01,32.03,133674984.01129937,4411958334.786754
2024-06-08 09:00:00,31.95,32.05,29.71,29.93,89893388.76995195,2777950058.296938
2024-06-09 09:00:00,29.93,30.5,29.62,30.37,39751351.76687883,1192598510.0925784
2024-06-10 09:00:00,30.31,30.59,29.25,29.69,75240539.18525358,2249527230.718603
2024-06-11 09:00:00,29.65,29.81,28.03,28.6,75473884.6776719,2181688566.601817
2024-06-12 09:00:00,28.51,30.17,27.86,29.54,56520104.44789299,1650544960.1292908
2024-06-13 09:00:00,29.54,29.73,28.19,28.35,48756174.66783186,1407305357.7133925
2024-06-14 09:00:00,28.35,28.82,27.0,27.6,56815880.47792722,1587428447.320745
2024-06-15 09:00:00,27.6,28.22,27.51,28.0,12736137.21303841,354838493.8872168
2024-06-16 09:00:00,28.0,28.18,27.37,27.79,23821226.62327628,660634479.8754153
2024-06-17 09:00:00,27.72,28.18,25.0,25.3,162691398.33344883,4347028250.4370775
2024-06-18 09:00:00,25.25,25.37,21.88,23.74,112206173.443208,2629751924.293497
2024-06-19 09:00:00,23.68,24.95,23.41,24.2,33117916.24144198,804320863.9397943
2024-06-20 09:00:00,24.2,26.55,24.07,24.36,175353393.19273746,4489468651.308875
2024-06-21 09:00:00,24.43,25.07,23.94,24.02,64368510.1575761,1577461122.5529032
2024-06-22 09:00:00,23.96,24.6,23.74,24.57,19751146.83623521,477076431.65112185
2024-06-23 09:00:00,24.57,25.07,23.76,23.92,24708273.32226302,603654951.8645326
2024-06-24 09:00:00,23.92,24.66,22.8,24.48,67734616.16566537,1611017243.8185885
2024-06-25 09:00:00,24.47,25.68,24.26,25.09,73267796.09054235,1824118773.7487128
2024-06-26 09:00:00,25.09,25.5,24.6,25.06,32839593.59921016,823664048.0662599
2024-06-27 09:00:00,25.05,25.65,24.39,25.51,36694647.18406225,920431115.3740644
2024-06-28 09:00:00,25.48,25.6,24.53,24.61,40373580.09803247,1012004717.2850995
2024-06-29 09:00:00,24.64,25.06,24.04,24.16,42405146.09324388,1048111926.2840759
2024-06-30 09:00:00,24.16,25.07,23.8,24.99,27713930.36318075,674554959.7420834
2024-07-01 09:00:00,24.99,25.33,23.98,24.08,63240823.18945592,1554807191.774612
2024-07-02 09:00:00,24.16,24.96,23.98,24.89,26666385.06757702,648347152.4296945
2024-07-03 09:00:00,24.89,24.9,23.52,23.92,39469658.51092012,953818450.3437115
2024-07-04 09:00:00,23.92,24.1,21.7,21.99,98940407.8028278,2246203804.8287687
2024-07-05 09:00:00,21.82,21.82,19.12,21.28,167519143.80845264,3410034981.253609
2024-07-06 09:00:00,21.29,22.51,20.9,22.33,69297819.69466698,1491856527.9690547
2024-07-07 09:00:00,22.33,22.33,20.49,20.69,74377798.10120445,1597802855.9622147
2024-07-08 09:00:00,20.69,21.85,19.8,21.09,83442324.49585187,1747395768.9109683
2024-07-09 09:00:00,21.17,21.82,20.91,21.63,41418645.05738963,884426315.8969309
2024-07-10 09:00:00,21.63,22.55,21.35,22.35,67623722.76823983,1493037446.2752614
2024-07-11 09:00:00,22.36,22.72,21.74,21.91,56397042.57165896,1252950404.5687542
2024-07-12 09:00:00,21.86,22.13,21.51,22.09,37243376.52694372,813561067.1679381
2024-07-13 09:00:00,22.05,23.21,22.0,23.01,37420520.32937269,842938403.5977757
2024-07-14 09:00:00,22.93,23.19,22.67,23.07,35183231.22865415,806225790.1856809
2024-07-15 09:00:00,23.07,24.39,23.06,24.26,64605420.47407567,1527130121.8283885
2024-07-16 09:00:00,24.26,24.97,23.21,24.55,71726525.05768448,1726902472.2154717
2024-07-17 09:00:00,24.55,25.15,24.22,24.33,78679164.25944573,1945147876.6115453
2024-07-18 09:00:00,24.34,24.95,23.77,24.27,43613363.71041301,1064137976.3120035
2024-07-19 09:00:00,24.22,25.35,23.8,24.93,87681387.44761303,2150854821.914071
2024-07-20 09:00:00,24.85,25.31,24.81,25.05,49583982.79321185,1244324698.5535042
2024-07-21 09:00:00,25.07,25.5,24.11,25.3,98654917.41197874,2476944292.372067
2024-07-22 09:00:00,25.28,25.42,24.17,24.31,63711890.62997757,1577715675.753075
2024-07-23 09:00:00,24.31,24.75,23.49,23.69,58545329.85379456,1411927532.3437161
2024-07-24 09:00:00,23.67,24.37,23.36,23.55,40385078.62031423,961366130.4006221
2024-07-25 09:00:00,23.55,23.6,21.9,22.92,76837462.9925464,1737392212.4224787
2024-07-26 09:00:00,22.93,24.1,22.92,24.1,31508879.02532114,741177523.982008
2024-07-27 09:00:00,24.09,24.48,23.8,24.06,46120015.47057065,1112803868.5988622
2024-07-28 09:00:00,24.06,24.25,23.61,24.09,41313675.15829337,986690466.9823945
2024-07-29 09:00:00,24.01,24.4,23.64,24.11,63953487.76426246,1542614685.6735003
2024-07-30 09:00:00,24.05,24.35,23.2,23.53,46218706.58772372,1105617616.4237
2024-07-31 09:00:00,23.64,23.75,22.79,22.93,42554198.18936428,991922950.1760864
2024-08-01 09:00:00,22.92,23.06,21.1,22.67,60608588.85442635,1350402278.4082594
2024-08-02 09:00:00,22.6,22.75,21.02,21.23,51211342.23175453,1114506741.3877163
2024-08-03 09:00:00,21.23,21.57,19.82,20.25,54567859.56372241,1127888185.3087316
2024-08-04 09:00:00,20.25,20.38,18.61,19.09,66785559.25542424,1302101195.5465403
2024-08-05 09:00:00,19.1,19.18,15.7,17.87,246049096.53104392,4216037009.2710404
2024-08-06 09:00:00,17.87,19.25,17.87,18.7,65032708.43409594,1211559129.771681
2024-08-07 09:00:00,18.68,19.1,17.7,17.96,62152729.10427792,1150637913.4509416
2024-08-08 09:00:00,17.99,19.75,17.6,19.71,69971419.52561033,1317714248.089025
2024-08-09 09:00:00,19.71,19.74,19.0,19.6,69337483.35466158,1349849067.514328
2024-08-10 09:00:00,19.59,20.09,19.38,20.05,54177354.68206086,1069277497.9230045
2024-08-11 09:00:00,20.04,20.34,18.75,18.86,67460805.30603845,1327508203.6485589
2024-08-12 09:00:00,18.82,19.99,18.61,19.58,72470021.40604208,1402431453.2094476
2024-08-13 09:00:00,19.57,19.7,18.97,19.54,38592394.28739615,745336106.4206502
2024-08-14 09:00:00,19.54,19.55,18.76,19.21,54716769.28564934,1050719369.6787267
2024-08-15 09:00:00,19.2,19.44,18.4,18.71,46419779.96487342,881067544.4547393
2024-08-16 09:00:00,18.68,18.75,17.91,18.43,34050721.8613271,626938123.0232229
2024-08-17 09:00:00,18.37,18.71,18.22,18.67,11566407.50102694,213918325.42786664
2024-08-18 09:00:00,18.64,19.07,18.4,18.63,20663617.62870755,387456076.88266623
2024-08-19 09:00:00,18.61,18.84,18.17,18.8,33824370.29763672,623287222.8199285
2024-08-20 09:00:00,18.8,19.04,18.4,18.88,50225566.3150816,944262693.1300737
2024-08-21 09:00:00,18.85,19.59,18.67,19.45,36791945.58359297,701465601.7087032
2024-08-22 09:00:00,19.45,19.99,19.17,19.93,41136866.54299234,805145839.3773842
2024-08-23 09:00:00,19.93,20.82,19.82,20.7,50404307.64387062,1026460659.527957
2024-08-24 09:00:00,20.7,21.4,20.42,21.02,38754904.46134198,807616844.8348453
2024-08-25 09:00:00,21.02,21.08,20.17,20.74,40595491.36721016,837308006.2804451
2024-08-26 09:00:00,20.72,20.86,19.35,19.41,51984533.36590379,1044461511.0959134
2024-08-27 09:00:00,19.38,19.78,18.22,18.67,45158923.82068798,863655440.7320951
2024-08-28 09:00:00,18.58,19.08,17.9,18.5,48448466.57224898,897294476.5477172
2024-08-29 09:00:00,18.53,19.1,18.3,18.52,22530138.91338104,419493408.42611885
2024-08-30 09:00:00,18.51,18.63,17.77,18.45,47862830.17830428,871353203.2316154
2024-08-31 09:00:00,18.4,18.52,17.95,18.13,13290499.80079171,242713550.9672873
2024-09-01 09:00:00,18.13,18.13,17.47,17.61,28913202.57716992,516255264.65119874
2024-09-02 09:00:00,17.56,18.44,17.34,18.38,25546277.15814132,454587534.75584126
2024-09-03 09:00:00,18.36,18.8,17.8,17.91,37005066.01329387,676375690.2117894
2024-09-04 09:00:00,17.88,18.47,17.13,18.26,56716357.58813087,1011507704.4689238
2024-09-05 09:00:00,18.19,18.34,17.5,17.71,27760819.39779409,496286990.37026316
2024-09-06 09:00:00,17.71,18.0,16.62,17.13,66652578.85760231,1156158753.99113
2024-09-07 09:00:00,17.13,17.77,16.91,17.35,27477636.91398215,476674004.3240512
2024-09-08 09:00:00,17.35,17.81,17.22,17.49,13700168.98467836,238810217.89746484
2024-09-09 09:00:00,17.49,18.14,17.27,18.03,33747393.77812664,596125338.4953554
2024-09-10 09:00:00,18.03,18.28,17.81,18.16,26309672.24398168,473940066.51777804
2024-09-11 09:00:00,18.16,18.18,17.45,17.91,44234522.32702902,787428979.8393892
2024-09-12 09:00:00,17.91,18.28,17.88,18.27,33154968.04608753,600206344.1980554
2024-09-13 09:00:00,18.27,18.63,18.13,18.52,41084615.50410358,751283341.2732506
2024-09-14 09:00:00,18.49,18.73,18.21,18.5,28493012.23310383,525816511.68986154
2024-09-15 09:00:00,18.5,18.75,17.7,17.93,28095262.83273991,516367788.4690153
2024-09-16 09:00:00,17.88,18.15,17.41,17.75,38448205.92693446,683164434.5745335
2024-09-17 09:00:00,17.62,18.26,17.47,18.19,42515432.92033229,762022116.0399854
2024-09-18 09:00:00,18.19,18.48,17.57,18.48,65191798.06417674,1172716284.3604867
2024-09-19 09:00:00,18.47,19.2,18.4,19.04,100083718.226423,1881649363.8361356
2024-09-20 09:00:00,19.04,19.87,18.9,19.69,111269661.31242026,2163191101.4207745
2024-09-21 09:00:00,19.69,21.2,19.62,20.67,219600348.63206655,4491367636.116106
2024-09-22 09:00:00,20.7,20.73,19.42,19.98,92194020.78154154,1847117434.4245172
2024-09-23 09:00:00,19.98,20.84,19.61,20.63,79407733.07911706,1619918646.5157049
2024-09-24 09:00:00,20.65,21.17,20.13,21.1,84094421.6297077,1746187675.5561752
2024-09-25 09:00:00,21.06,21.27,20.71,20.96,66839997.6545664,1402471816.0400388
2024-09-26 09:00:00,20.87,21.69,20.58,21.38,66548390.21305027,1408489468.9661007
2024-09-27 09:00:00,21.3,22.92,21.16,22.15,272295004.0799433,6033795185.425016
2024-09-28 09:00:00,22.15,22.3,21.05,21.38,72627759.38213491,1577721234.2560709
2024-09-29 09:00:00,21.31,21.42,20.7,21.01,48436579.76541875,1017488989.2714638
2024-09-30 09:00:00,21.01,21.07,19.68,19.88,92550813.10460898,1885769507.5807228
2024-10-01 09:00:00,19.88,20.7,18.3,18.58,188854171.05364156,3726401391.9320455
2024-10-02 09:00:00,18.58,19.53,18.0,18.43,229156578.94930947,4321414740.3533325
2024-10-03 09:00:00,18.43,18.82,17.91,18.53,59537878.73816858,1091079134.4793377
2024-10-04 09:00:00,18.53,19.25,18.28,19.14,46173765.44904744,872751764.2097499
2024-10-05 09:00:00,19.14,19.43,18.8,19.15,37873612.61868222,726309506.8432548
2024-10-06 09:00:00,19.11,19.59,19.02,19.55,40330856.43866443,779206607.6574289
2024-10-07 09:00:00,19.53,19.99,19.3,19.45,73012462.5195772,1437334361.8766277
2024-10-08 09:00:00,19.38,19.74,19.2,19.29,47030565.79341538,915063847.8835903
2024-10-09 09:00:00,19.39,20.34,18.79,19.07,276379220.0003747,5451037492.185834
2024-10-10 09:00:00,19.02,19.28,18.5,19.02,68510506.81480943,1296855273.0918899
2024-10-11 09:00:00,18.99,19.7,18.9,19.6,36950099.94894636,711189636.1310875
2024-10-12 09:00:00,19.62,20.19,19.58,19.93,123731391.27023318,2468221769.948546
2024-10-13 09:00:00,19.98,20.16,19.47,20.01,76989904.51358867,1532646916.0211208
2024-10-14 09:00:00,20.01,21.45,19.73,20.73,213197790.35782897,4441201823.193265
2024-10-15 09:00:00,20.75,21.15,19.95,20.69,158594457.79769322,3277621276.880034
2024-10-16 09:00:00,20.69,20.79,20.18,20.38,50491469.86295377,1030552026.2688453
2024-10-17 09:00:00,20.3,20.52,19.76,20.02,44041586.69983273,886632850.3566507
2024-10-18 09:00:00,20.02,20.67,19.93,20.62,44134986.11168283,891569264.6226604
2024-10-19 09:00:00,20.62,21.73,20.58,21.09,206261938.1296083,4365989899.10149
2024-10-20 09:00:00,21.05,22.0,20.74,21.92,83896134.29315086,1791228433.541544
2024-10-21 09:00:00,21.92,22.44,20.84,21.57,92900039.24797317,2006282791.841567
2024-10-22 09:00:00,21.59,21.59,20.6,21.11,62720356.14601204,1318611228.8614192
2024-10-23 09:00:00,21.1,21.1,19.9,20.27,48345459.87824772,991215800.1481651
2024-10-24 09:00:00,20.26,21.37,20.06,20.99,49272793.24718601,1015432011.0265459
2024-10-25 09:00:00,20.99,21.36,19.09,19.73,70044767.93949255,1430243356.7475994
2024-10-26 09:00:00,19.73,20.17,19.45,19.67,31129930.73326113,616824331.1261919
2024-10-27 09:00:00,19.66,20.09,19.48,19.93,17175831.42120093,339659191.7868971
2024-10-28 09:00:00,19.9,19.95,19.22,19.84,50241634.12720153,984539813.8151006
2024-10-29 09:00:00,19.77,20.66,19.75,20.63,53570207.98576582,1080505561.3687484
2024-10-30 09:00:00,20.62,21.29,20.3,20.43,139524326.0297903,2911736791.0940247
2024-10-31 09:00:00,20.38,20.42,19.18,19.34,70622129.52237912,1402655452.7848177
2024-11-01 09:00:00,19.34,19.84,18.9,19.49,49563328.65220862,960162422.804508
2024-11-02 09:00:00,19.49,19.89,18.95,19.14,24227938.38784647,469466996.7332449
2024-11-03 09:00:00,19.15,19.16,17.76,18.3,65749493.45331463,1211939346.3624108
2024-11-04 09:00:00,18.24,18.55,17.43,17.73,36270481.28290601,650838889.7956606
2024-11-05 09:00:00,17.79,18.8,17.79,18.63,34048227.31504707,623023000.1821728
2024-11-06 09:00:00,18.62,20.05,18.59,19.98,84461036.87305225,1653642927.3172376
2024-11-07 09:00:00,19.98,20.5,19.61,19.95,61070422.0408786,1220680341.7895095
2024-11-08 09:00:00,19.95,20.65,19.64,20.65,63666504.10515996,1276921629.9123175
2024-11-09 09:00:00,20.65,21.1,20.23,21.04,73820211.7383508,1525531664.6482723
2024-11-10 09:00:00,21.03,22.83,20.77,22.41,225389720.50739247,4951311351.651408
2024-11-11 09:00:00,22.39,26.6,21.9,25.61,434043648.9492933,10471495605.848242
2024-11-12 09:00:00,25.61,26.69,23.61,25.11,312484490.6771346,7861121667.480988
2024-11-13 09:00:00,25.1,25.54,22.9,24.34,176507534.57058907,4248079614.3320546
2024-11-14 09:00:00,24.36,25.0,22.82,23.27,133051749.29251754,3182926588.0751705
2024-11-15 09:00:00,23.27,25.84,22.64,25.56,156926303.8130723,3825371504.850213
2024-11-16 09:00:00,25.46,29.45,25.25,28.81,262177568.8724331,7066739035.9710655
2024-11-17 09:00:00,28.87,30.74,26.07,26.36,253418137.09916982,7217905322.626475
2024-11-18 09:00:00,26.43,31.2,26.09,29.23,316849018.89439255,9131403897.886429
2024-11-19 09:00:00,29.23,30.4,28.3,29.16,193821103.60693955,5687064825.202986
2024-11-20 09:00:00,29.16,29.22,27.43,27.85,87585635.96051084,2474549674.8542557
2024-11-21 09:00:00,27.87,29.27,27.13,29.11,85284316.48647673,2414516577.8796678
2024-11-22 09:00:00,29.11,30.8,27.27,30.8,190225068.7792009,5599239270.755334
2024-11-23 09:00:00,30.8,34.77,30.1,33.89,603095272.6617796,19985322346.706146
2024-11-24 09:00:00,33.98,36.94,31.23,34.49,424926314.99846095,14609362470.929045
2024-11-25 09:00:00,34.49,35.45,32.04,32.76,227927080.15634844,7710433861.871675
2024-11-26 09:00:00,32.77,35.09,31.46,34.45,279299311.3786296,9290995877.465027
2024-11-27 09:00:00,34.53,35.73,33.41,35.7,181511337.51400515,6247116950.389312
2024-11-28 09:00:00,35.71,35.71,34.01,34.93,114572319.8880924,3970311581.530278
2024-11-29 09:00:00,34.93,37.16,33.86,36.28,177534799.70480582,6265208913.891032
2024-11-30 09:00:00,36.32,39.17,35.85,36.68,545963670.9557598,20351536158.521732
2024-12-01 09:00:00,36.68,37.94,35.44,36.89,201380969.81090462,7394445692.465268
2024-12-02 09:00:00,36.92,43.97,35.57,42.45,834733130.4512873,33191124235.886467
2024-12-03 09:00:00,42.45,52.93,30.0,49.38,3205529166.424927,150276347721.61276
2024-12-04 09:00:00,49.38,50.52,45.33,47.84,607415357.8711042,29313934822.311165
2024-12-05 09:00:00,47.84,51.26,45.0,49.85,446974897.74215955,21490367777.516876
2024-12-06 09:00:00,49.89,50.58,45.28,50.17,399639876.49081564,19416090510.666454
2024-12-07 09:00:00,50.06,52.2,47.84,48.9,307631206.2468815,15445111246.49576
2024-12-08 09:00:00,48.79,49.65,47.35,48.63,158858346.8341565,7690087474.089509
2024-12-09 09:00:00,48.63,48.99,35.42,39.99,459145277.6049876,19655369455.54441
2024-12-10 09:00:00,39.99,40.19,34.27,37.76,335924780.8274621,12633732511.167759
2024-12-11 09:00:00,37.76,40.74,35.73,40.07,154274030.88374355,5894762456.151031
2024-12-12 09:00:00,40.1,42.19,39.51,40.51,137281346.2128808,5617036556.7263365
2024-12-13 09:00:00,40.51,40.89,39.04,40.77,89735201.94811909,3597144068.600582
2024-12-14 09:00:00,40.71,41.08,37.83,38.5,83680931.13730073,3290168212.7691
2024-12-15 09:00:00,38.57,40.13,37.52,39.47,82008427.11113976,3175213746.91059
2024-12-16 09:00:00,39.37,40.38,37.37,38.29,105231703.61595748,4073831561.7586474
2024-12-17 09:00:00,38.3,38.6,36.5,37.04,90815056.05259776,3424397698.6066327
2024-12-18 09:00:00,37.09,37.25,32.75,32.96,139245439.26806954,4896533266.3116255
2024-12-19 09:00:00,32.86,34.23,29.5,30.53,191315456.9072934,6162728005.473845
2024-12-20 09:00:00,30.54,32.92,27.2,32.47,207723330.62410673,6208514710.167561
2024-12-21 09:00:00,32.53,35.11,30.7,31.14,123364984.64613397,4067315379.692157
2024-12-22 09:00:00,31.16,32.8,30.75,31.49,95014423.03448118,3000996483.0767636
2024-12-23 09:00:00,31.6,33.97,30.74,33.6,105435892.92218551,3406615320.052263
2024-12-24 09:00:00,33.6,35.79,32.7,35.09,83753283.1017316,2872071512.951461
2024-12-25 09:00:00,35.09,35.09,33.4,33.72,78094679.21428633,2674310966.0436788
2024-12-26 09:00:00,33.69,34.05,31.27,31.51,67524427.53667396,2178866792.790759
2024-12-27 09:00:00,31.56,33.23,31.11,31.7,54975890.99018256,1767878433.131843
2024-12-28 09:00:00,31.76,33.29,31.55,33.05,47218852.22714313,1518565710.748166
2024-12-29 09:00:00,33.1,33.15,30.6,31.19,51917679.89737525,1663211693.0177526
2024-12-30 09:00:00,31.19,32.34,29.8,31.04,78311037.6536256,2455537859.98377
2024-12-31 09:00:00,31.05,31.46,29.55,29.95,59118248.91012634,1801322446.5159667
2025-01-01 09:00:00,30.0,31.85,29.6,31.64,109427287.15386556,3360221774.9145293
2025-01-02 09:00:00,31.57,32.57,31.52,31.95,47140186.32995472,1513273541.426208
2025-01-03 09:00:00,32.0,34.59,31.44,34.38,55606035.37087463,1846293561.595501
2025-01-04 09:00:00,34.38,34.53,33.52,34.17,40422221.10359782,1379331400.687272
2025-01-05 09:00:00,34.17,34.44,33.42,34.11,54838495.32519517,1861303360.1917188
2025-01-06 09:00:00,34.11,36.6,33.67,35.78,146865300.59635252,5171266327.733075
2025-01-07 09:00:00,35.82,35.94,31.91,31.91,112804346.61864296,3818620698.7593837
2025-01-08 09:00:00,32.04,33.29,30.26,31.38,255826897.40815586,8117628012.170947
2025-01-09 09:00:00,31.37,32.73,30.79,32.57,334553629.9315861,10649187521.243855
2025-01-10 09:00:00,32.57,33.48,31.41,33.1,221743756.63184437,7147015445.276232
2025-01-11 09:00:00,33.12,33.74,31.81,32.29,107283726.18331228,3510702040.87326
2025-01-12 09:00:00,32.3,33.12,31.2,31.57,102054955.63174285,3298787699.639174
2025-01-13 09:00:00,31.57,32.4,28.8,30.32,141822854.73965603,4305770605.8217945
2025-01-14 09:00:00,30.26,32.29,29.9,32.13,83939923.59218772,2621527794.265436
2025-01-15 09:00:00,32.13,33.82,30.98,33.74,114569775.18077332,3708410460.707764
2025-01-16 09:00:00,33.65,33.85,32.18,33.0,83943137.89399615,2769192317.9332347
2025-01-17 09:00:00,33.0,34.99,33.0,34.55,79160374.0067035,2713020828.4904957
2025-01-18 09:00:00,34.56,35.1,32.18,32.74,70063795.91021048,2332094008.6858854
2025-01-19 09:00:00,32.74,33.48,29.53,30.16,107651436.65614536,3393721688.861408
2025-01-20 09:00:00,30.16,32.53,29.19,29.82,120251574.78936584,3658538485.630034
2025-01-21 09:00:00,29.82,31.14,28.8,30.37,77761352.1988996,2316682520.2396803
2025-01-22 09:00:00,30.45,30.64,29.73,29.95,45510772.43845961,1375986294.2863345
2025-01-23 09:00:00,29.96,30.3,28.86,29.74,40051563.35202743,1179894569.7437637
2025-01-24 09:00:00,29.76,30.39,28.75,29.14,48555962.59549337,1431500411.7809272
2025-01-25 09:00:00,29.14,29.57,28.84,29.2,27668978.22685983,807924162.8958927
2025-01-26 09:00:00,29.21,30.08,29.09,29.13,44247269.7405801,1315487908.0468493
2025-01-27 09:00:00,29.2,29.42,27.1,28.69,83447796.98678103,2349917167.717525
2025-01-28 09:00:00,28.63,28.91,27.34,27.49,27067451.31373714,764292898.7515296
2025-01-29 09:00:00,27.44,28.32,26.95,27.7,41880214.58456128,1156465142.3282213
2025-01-30 09:00:00,27.72,28.95,27.3,27.91,37061524.67379843,1043697939.2059783
2025-01-31 09:00:00,27.97,29.48,27.71,28.75,72715667.1561581,2090282874.307518
2025-02-01 09:00:00,28.74,29.48,26.92,27.17,64212628.86632424,1824603193.6795647
2025-02-02 09:00:00,27.15,27.6,23.08,23.92,134389894.85262248,3388692356.062659
2025-02-03 09:00:00,23.9,24.65,19.88,24.15,229864940.4942506,5106375335.569499
2025-02-04 09:00:00,24.17,24.68,21.7,22.88,144748550.45610133,3300391161.6964536
2025-02-05 09:00:00,22.79,23.15,22.01,22.27,50397457.51066233,1142834625.4891639
2025-02-06 09:00:00,22.27,22.66,21.0,21.38,53056839.32953077,1159184547.546223
2025-02-07 09:00:00,21.46,22.15,20.7,21.25,45704896.72688767,979492895.4122732
2025-02-08 09:00:00,21.18,22.2,20.93,22.14,22202868.82265762,475558407.72382575
2025-02-09 09:00:00,22.14,22.73,21.1,21.86,61428081.75991583,1350590054.224146
2025-02-10 09:00:00,21.86,23.0,21.2,22.57,90607663.407256,2015255796.8750088
2025-02-11 09:00:00,22.57,23.15,22.1,22.47,49698937.69110617,1128874502.5917716
2025-02-12 09:00:00,22.41,23.67,21.52,23.46,53990428.25206475,1208637147.1328177
2025-02-13 09:00:00,23.46,23.57,22.31,22.75,36662049.5176842,835360979.412488
2025-02-14 09:00:00,22.74,23.44,22.56,22.97,25050085.01117672,574993533.3508314
2025-02-15 09:00:00,22.9,23.11,22.09,22.29,22522009.15021805,511225338.26507866
2025-02-16 09:00:00,22.24,22.79,22.03,22.06,29043494.6394609,648242097.8820934
2025-02-17 09:00:00,22.06,22.79,21.6,22.29,36858152.18915249,815675766.18842
2025-02-18 09:00:00,22.28,22.37,20.75,21.23,46279760.82371699,992455738.9910849
2025-02-19 09:00:00,21.27,21.74,20.89,21.58,30824037.1644353,655781781.103061
2025-02-20 09:00:00,21.59,22.09,21.42,22.03,18482780.96711036,401900885.59684986
2025-02-21 09:00:00,22.08,22.85,21.11,21.45,79465116.0842297,1766967946.7355282
2025-02-22 09:00:00,21.39,22.13,21.27,22.0,43287392.4836216,941608218.0358568
2025-02-23 09:00:00,22.0,22.13,21.27,21.46,28200826.43509784,613728278.2953695
2025-02-24 09:00:00,21.46,21.51,18.76,18.96,77655940.26898877,1563297481.7046957
2025-02-25 09:00:00,18.97,19.65,17.71,19.46,91804905.87974916,1716222123.5611086
2025-02-26 09:00:00,19.45,19.75,18.76,19.43,42188037.03745434,812679175.2249649
2025-02-27 09:00:00,19.49,20.58,19.17,20.19,72074559.04548468,1452040954.8057368
2025-02-28 09:00:00,20.19,20.45,18.7,20.24,77141626.3889381,1495410219.1567297
2025-03-01 09:00:00,20.2,20.57,19.5,20.15,46785379.72425976,939451771.6476197
2025-03-02 09:00:00,20.14,22.55,19.83,22.4,77564699.7650513,1650111101.2148461
2025-03-03 09:00:00,22.39,22.49,18.95,19.18,86602310.59514542,1805284801.3640506
2025-03-04 09:00:00,19.31,19.48,17.9,19.09,73390932.39465259,1370246751.7091954
2025-03-05 09:00:00,19.04,19.58,18.56,19.43,38064543.16619926,725504059.5585276
2025-03-06 09:00:00,19.46,19.89,18.95,19.1,26318957.33215601,511333377.286999
2025-03-07 09:00:00,19.03,19.7,18.25,19.13,33873029.09132448,644762972.1912265
2025-03-08 09:00:00,19.13,19.39,18.66,18.82,17669864.36521402,335389237.77605885
2025-03-09 09:00:00,18.82,18.89,17.0,17.26,59176488.67729197,1050367648.4780029
2025-03-10 09:00:00,17.31,18.75,16.77,16.89,107708161.47153965,1917624431.6346471
2025-03-11 09:00:00,16.89,17.94,15.84,17.58,66512877.68411061,1120408809.1480021
2025-03-12 09:00:00,17.56,18.2,16.89,17.97,52247837.36147858,920228619.9552559
2025-03-13 09:00:00,17.97,18.37,17.23,17.62,40745310.58565232,722987520.5087484
2025-03-14 09:00:00,17.58,18.37,17.55,17.97,20485187.32467465,368243647.6374474
2025-03-15 09:00:00,17.95,18.31,17.6,18.31,17080129.78307401,307919863.9019026
2025-03-16 09:00:00,18.29,18.33,17.41,17.56,28611919.15629092,510534354.8967648
2025-03-17 09:00:00,17.56,18.44,17.55,18.21,25448508.25608749,459181613.22305423
2025-03-18 09:00:00,18.19,18.42,17.68,18.34,41531776.80633682,748354261.1922385
2025-03-19 09:00:00,18.38,19.08,18.33,19.06,50689086.90623277,944115061.4277298
2025-03-20 09:00:00,19.03,19.08,18.55,18.91,47662648.92454767,897067689.4732231
2025-03-21 09:00:00,18.88,18.98,18.27,18.44,18410236.02769868,342239169.7406673
2025-03-22 09:00:00,18.47,18.81,18.25,18.53,15917065.50350597,294704452.1010805
2025-03-23 09:00:00,18.51,18.65,18.0,18.09,19516979.29760067,358198000.09891915
2025-03-24 09:00:00,18.09,21.14,18.01,19.15,567645604.7468036,11235246119.078535
2025-03-25 09:00:00,19.12,19.46,18.99,19.41,61497230.20234067,1182141973.462828
2025-03-26 09:00:00,19.41,19.83,18.75,18.95,60001864.93404946,1159288435.6071498
2025-03-27 09:00:00,18.93,19.19,18.55,18.82,29334984.85752394,554376675.792221
2025-03-28 09:00:00,18.76,18.8,17.29,17.41,54606970.27880858,975875826.6288743
2025-03-29 09:00:00,17.41,17.54,16.54,16.73,36764040.85690326,622336258.6256814
2025-03-30 09:00:00,16.75,17.16,16.47,16.62,22094624.61689847,371318703.4754371
2025-03-31 09:00:00,16.67,16.95,16.22,16.86,48031068.59344544,797177907.8315187
2025-04-01 09:00:00,16.86,17.48,16.79,17.16,32973166.92834194,564043242.4230801
2025-04-02 09:00:00,17.17,17.44,15.94,16.18,125154795.47174023,2082113440.519869
2025-04-03 09:00:00,16.18,16.73,15.76,16.45,32891567.44409078,532883730.2076631
2025-04-04 09:00:00,16.45,16.74,16.05,16.58,22377311.0481104,368213250.0139768
2025-04-05 09:00:00,16.62,16.86,16.24,16.37,24412796.75659635,403071449.91184384
2025-04-06 09:00:00,16.4,16.48,14.75,15.12,75426252.35919791,1173779129.9734344
2025-04-07 09:00:00,15.18,15.9,13.81,15.05,100692245.85781763,1486844025.58349
2025-04-08 09:00:00,15.03,15.47,14.3,14.47,47185860.79468097,702425513.209776
2025-04-09 09:00:00,14.49,15.94,14.04,15.72,85381060.58563514,1285818823.4588015
2025-04-10 09:00:00,15.72,16.05,15.15,15.78,67158212.06788947,1049448648.3364033
2025-04-11 09:00:00,15.77,16.14,15.55,16.01,42733410.58878125,680184618.7488049
2025-04-12 09:00:00,15.99,16.68,15.74,16.61,58066121.88510449,940865533.9296292
2025-04-13 09:00:00,16.61,16.7,15.78,16.04,37621431.29782207,611032409.6875345
2025-04-14 09:00:00,16.01,16.45,15.7,15.76,37165535.17431141,598827962.9302286
2025-04-15 09:00:00,15.76,16.3,15.59,15.87,50751408.10510038,807382488.64754
2025-04-16 09:00:00,15.87,16.24,15.61,15.97,87746937.00013208,1402109279.5260367
2025-04-17 09:00:00,15.92,16.8,15.88,16.61,59990597.58102831,979634653.3396442
2025-04-18 09:00:00,16.61,17.19,16.17,16.93,152179357.61722136,2561408128.9635096
2025-04-19 09:00:00,16.93,19.18,16.71,17.14,478147698.39108247,8468061398.931126
2025-04-20 09:00:00,17.08,17.3,16.34,17.06,103015654.6391777,1742248367.8451846
2025-04-21 09:00:00,17.02,17.39,16.79,16.95,51046100.77872822,873710248.848656
2025-04-22 09:00:00,16.94,18.57,16.67,18.13,87308429.65440746,1515638138.8247178
2025-04-23 09:00:00,18.16,18.46,17.76,18.18,59531801.32543796,1080808705.2940874
2025-04-24 09:00:00,18.19,18.75,17.62,18.74,53700560.81928153,970428945.960935
2025-04-25 09:00:00,18.7,19.12,18.3,19.01,71105538.22089015,1337253334.1922429
2025-04-26 09:00:00,19.0,19.4,18.67,19.09,46950604.06722503,894651682.252497
2025-04-27 09:00:00,19.09,19.23,18.35,18.42,45755462.44527464,858020530.2529964
2025-04-28 09:00:00,18.42,19.05,17.89,18.83,55827141.23771896,1039504257.3927613
2025-04-29 09:00:00,18.77,19.04,18.23,18.41,34723238.71649373,649927848.4382937
2025-04-30 09:00:00,18.4,18.52,17.62,18.44,35010464.27485302,635914498.851113
2025-05-01 09:00:00,18.44,19.07,18.39,18.97,31480857.34617321,591834707.2315689
2025-05-02 09:00:00,18.97,19.07,18.44,18.72,19789743.83309992,371115434.20525765
2025-05-03 09:00:00,18.72,18.73,17.51,17.78,43342442.48032508,780909612.8216717
2025-05-04 09:00:00,17.77,17.92,17.05,17.14,34502867.56068202,601727589.4804283
2025-05-05 09:00:00,17.12,17.4,16.61,17.2,51741154.35497573,879909302.7973425
2025-05-06 09:00:00,17.21,17.3,16.26,17.0,37005205.89762653,619266547.1603353
2025-05-07 09:00:00,16.94,17.13,16.78,17.02,19193731.32884513,325827114.8505932
2025-05-08 09:00:00,17.06,18.88,16.96,18.78,43438077.83486762,779567338.61874
2025-05-09 09:00:00,18.78,19.75,18.74,19.69,61767743.90309502,1190975861.2926364
2025-05-10 09:00:00,19.69,20.67,19.48,20.58,54648281.18525614,1091742223.076515
2025-05-11 09:00:00,20.62,20.9,19.81,20.49,60110488.37836119,1229045708.776867
2025-05-12 09:00:00,20.49,21.34,19.51,20.37,84482042.62920465,1742771632.900623
2025-05-13 09:00:00,20.44,21.07,19.23,20.98,59499570.14251364,1198471294.3095791
2025-05-14 09:00:00,20.9,21.34,19.87,20.0,59399155.76920171,1225668261.821415
2025-05-15 09:00:00,20.0,20.18,18.65,19.13,43543786.47025912,839755718.5255078
2025-05-16 09:00:00,19.13,19.49,18.52,18.67,32191325.04444591,612082869.5211123
2025-05-17 09:00:00,18.67,18.74,17.73,17.9,54745968.22250066,993548394.0443767
2025-05-18 09:00:00,17.96,18.72,17.37,18.53,47228462.10743951,852158626.3757726
2025-05-19 09:00:00,18.55,18.6,17.31,17.8,48657672.63700002,859876320.6083636
2025-05-20 09:00:00,17.8,18.38,17.46,18.19,48406722.95204041,866988370.480707
2025-05-21 09:00:00,18.26,18.49,17.68,18.31,41787431.5045242,756139185.4187943
2025-05-22 09:00:00,18.35,19.08,18.31,19.02,45605681.16254196,857010194.9791434
2025-05-23 09:00:00,18.97,19.44,17.68,17.7,69893580.71255079,1287064424.3637633
2025-05-24 09:00:00,17.75,18.11,17.46,17.52,35725621.44810533,634371028.7477566
2025-05-25 09:00:00,17.52,17.76,16.91,17.57,32511752.28673138,561183892.0316225
2025-05-26 09:00:00,17.6,17.84,17.27,17.59,25880178.55569308,455323330.7251269
2025-05-27 09:00:00,17.55,17.97,17.1,17.81,23049164.40017627,407521981.0109514
2025-05-28 09:00:00,17.82,17.93,17.18,17.65,24592801.00441824,431201981.31586665
2025-05-29 09:00:00,17.67,18.02,17.01,17.04,35859721.2570868,625099853.538682
2025-05-30 09:00:00,17.04,17.12,15.5,15.59,86444582.5731876,1412892895.0268238
2025-05-31 09:00:00,15.59,16.39,15.25,15.99,43726843.04100751,686405376.4326878
2025-06-01 09:00:00,16.01,16.2,15.7,16.05,21848778.69066622,348300599.16969174
2025-06-02 09:00:00,16.05,16.56,15.75,16.47,27951834.67005382,446669768.6089449
2025-06-03 09:00:00,16.51,16.76,16.29,16.38,22335285.4502685,369061839.7698922
2025-06-04 09:00:00,16.38,16.67,15.9,15.99,18624425.15134606,303695575.04565793
2025-06-05 09:00:00,15.99,17.31,14.79,15.06,288109360.23216766,4671573387.01979
2025-06-06 09:00:00,15.06,15.93,14.98,15.55,33337160.99685714,515132903.6113833
2025-06-07 09:00:00,15.55,16.12,15.46,16.0,11965915.51930539,190255735.1505433
2025-06-08 09:00:00,15.99,16.06,15.8,15.91,10568955.5474048,168498627.76478273
2025-06-09 09:00:00,15.9,16.7,15.59,16.63,24475860.48270685,393689654.14505
2025-06-10 09:00:00,16.67,17.09,16.44,17.08,30854780.96164391,517484557.78104746
2025-06-11 09:00:00,17.03,17.13,16.43,16.52,22797329.60851058,383204580.39506304
2025-06-12 09:00:00,16.51,16.56,15.63,15.64,34304497.65108495,550715703.3402268
2025-06-13 09:00:00,15.65,15.65,14.83,15.38,54167105.61046438,816564520.6137054
2025-06-14 09:00:00,15.34,15.43,15.01,15.41,13870076.46030902,211090760.19466782
2025-06-15 09:00:00,15.36,15.55,15.04,15.33,15671342.71450148,240121686.8360462
2025-06-16 09:00:00,15.3,15.98,15.1,15.28,31511192.56252356,488211214.91641384
2025-06-17 09:00:00,15.26,15.45,14.8,14.94,29208985.88405514,440678592.87735945
2025-06-18 09:00:00,14.94,15.12,14.47,14.92,33854412.22391082,501682460.0687696
2025-06-19 09:00:00,14.95,15.07,14.66,14.91,20252712.81474993,301285672.01053655
2025-06-20 09:00:00,14.93,15.18,14.46,14.7,34017077.08760826,504537269.54842514
2025-06-21 09:00:00,14.7,14.89,13.84,14.15,58252755.33677041,840222092.3511513
2025-06-22 09:00:00,14.16,14.29,13.11,13.79,63672948.76189524,869788681.7663523
2025-06-23 09:00:00,13.79,15.1,13.78,15.04,45522331.59160216,651380265.1704313
2025-06-24 09:00:00,15.08,15.29,14.89,15.19,25754587.33128295,387919751.65884984
2025-06-25 09:00:00,15.2,15.25,14.76,14.83,17547798.97191675,262443027.07960287
2025-06-26 09:00:00,14.91,15.05,14.36,14.49,30490205.27506215,445134940.16564655
2025-06-27 09:00:00,14.51,14.71,14.38,14.6,15751397.90680703,229201157.25761732
2025-06-28 09:00:00,14.65,14.9,14.51,14.87,9708400.37061421,142651548.07252783
2025-06-29 09:00:00,14.83,15.3,14.67,15.23,19758749.7013088,296573278.4283376
2025-06-30 09:00:00,15.2,15.23,14.52,14.57,22123002.96913231,327282127.092627
2025-07-01 09:00:00,14.57,14.67,14.0,14.06,39799624.59962444,568089385.5898737
2025-07-02 09:00:00,14.03,15.22,13.94,14.97,48337176.52585891,704623280.0234025
2025-07-03 09:00:00,14.97,19.29,14.96,16.14,3315437958.650491,57626505362.07689
2025-07-04 09:00:00,16.12,16.8,15.02,15.33,429212613.7547135,6754452757.130196
2025-07-05 09:00:00,15.33,15.6,14.97,15.11,74843522.88577047,1137679325.7262173
2025-07-06 09:00:00,15.19,15.19,14.8,15.0,48180247.34684985,720779614.0589767
2025-07-07 09:00:00,14.96,15.2,14.7,14.71,66400702.08155994,985696481.2779936
2025-07-08 09:00:00,14.76,15.15,14.7,14.9,38879043.15377157,577140071.3458377
2025-07-09 09:00:00,14.97,15.5,14.78,15.37,56929419.46134003,861431365.2570938
2025-07-10 09:00:00,15.37,16.18,15.15,16.07,109642697.25754368,1703909854.8893802
2025-07-11 09:00:00,16.13,17.0,15.82,16.64,306635831.5537843,5075386945.8116045
2025-07-12 09:00:00,16.57,17.73,16.1,16.73,298298025.98295045,4981002912.839336
2025-07-13 09:00:00,16.73,17.4,16.4,17.13,124609215.52402607,2106535138.2884986
2025-07-14 09:00:00,17.11,17.76,16.59,16.85,99573585.37456723,1712923102.0204747
2025-07-15 09:00:00,16.85,17.39,16.16,17.38,74187538.20618998,1235907458.8298051
2025-07-16 09:00:00,17.38,17.81,17.13,17.5,72847510.1776888,1269442764.359995
2025-07-17 09:00:00,17.49,17.8,17.01,17.63,75376856.51897553,1317709697.93921
2025-07-18 09:00:00,17.61,18.53,17.0,17.49,143046875.21279973,2580426470.4781394
2025-07-19 09:00:00,17.57,18.25,17.22,18.13,69340231.21155117,1229144992.6740534
2025-07-20 09:00:00,18.13,19.0,17.91,18.59,98729623.44364107,1808222482.693088
2025-07-21 09:00:00,18.54,18.88,18.27,18.57,110007929.56398174,2042758606.6314106
2025-07-22 09:00:00,18.57,18.65,17.66,18.41,107635157.56837384,1945221932.9786572
2025-07-23 09:00:00,18.39,18.45,16.34,16.92,120157657.06123072,2094496024.2523232
2025-07-24 09:00:00,16.93,17.34,15.82,16.4,95310922.9964455,1575070190.07371
2025-07-25 09:00:00,16.41,16.75,16.03,16.48,57845917.38589503,944657819.4099259
2025-07-26 09:00:00,16.48,16.83,16.41,16.69,22470316.2809761,373816346.9222815
2025-07-27 09:00:00,16.69,17.44,16.63,17.29,79530278.19560881,1357951763.903305
2025-07-28 09:00:00,17.29,17.37,16.51,16.59,65282042.85403168,1109477906.1186256
2025-07-29 09:00:00,16.59,16.94,16.15,16.45,54828777.39813925,903827084.3953698
2025-07-30 09:00:00,16.41,16.63,16.05,16.6,57358071.93308355,933185776.0634758
2025-07-31 09:00:00,16.5,17.1,16.08,16.08,60075321.52986286,998885018.3577801
2025-08-01 09:00:00,16.08,17.9,15.3,15.3,223212112.6820163,3678654186.4059997
2025-08-02 09:00:00,15.4,17.1,15.1,15.3,286457066.50559944,4593359650.683867
2025-08-03 09:00:00,15.3,15.8,14.9,15.6,59830063.54040298,914821166.0799755
2025-08-04 09:00:00,15.6,16.9,15.3,16.1,47072992.97576843,744040983.6375185
2025-08-05 09:00:00,16.1,16.1,15.5,15.7,35858870.19645191,563217627.6076562
2025-08-06 09:00:00,15.7,15.8,15.1,15.7,24483262.48813575,377143222.83731055
2025-08-07 09:00:00,15.6,16.0,15.4,15.9,18106227.02196773,285276212.8968679
2025-08-08 09:00:00,15.9,16.4,15.8,16.2,40639967.60507031,652781191.5159171
2025-08-09 09:00:00,16.3,16.7,16.1,16.5,33218034.01568005,546089447.8537954
2025-08-10 09:00:00,16.5,16.8,16.1,16.6,52750486.69179791,870741853.590862
2025-08-11 09:00:00,16.5,16.9,15.7,15.9,49929497.97225425,812445972.1475105
2025-08-12 09:00:00,15.8,16.7,15.7,16.5,50124568.13598623,807847934.6429784
2025-08-13 09:00:00,16.4,17.1,16.3,16.9,51744135.21698543,865364170.0517237
2025-08-14 09:00:00,17.1,17.4,15.6,15.9,115534705.6900037,1899648839.3296344
2025-08-15 09:00:00,15.8,16.1,15.2,15.8,42144053.46738915,663161100.0425339
2025-08-16 09:00:00,15.7,16.3,15.7,16.2,17473376.33629293,280054771.217852
2025-08-17 09:00:00,16.2,16.4,16.0,16.0,15849334.87011578,257076684.23755446
2025-08-18 09:00:00,16.0,16.1,15.2,15.4,131393220.95597672,2025744535.7093968
2025-08-19 09:00:00,15.4,15.6,14.9,15.0,79044712.22207636,1206310828.919024
2025-08-20 09:00:00,15.0,15.9,14.9,15.9,66427190.73099562,1029939937.6481994
2025-08-21 09:00:00,15.9,16.1,15.6,16.0,38671285.44648574,612606607.4595042
2025-08-22 09:00:00,16.0,16.9,15.5,16.8,94640645.93158591,1532811598.375753
2025-08-23 09:00:00,16.8,17.0,16.0,16.9,39512993.34858308,659134855.7135848
2025-08-24 09:00:00,16.8,17.1,16.1,16.4,69168116.4824621,1147318363.3773534
2025-08-25 09:00:00,16.6,17.1,15.6,15.7,167272881.34891188,2744798146.738479
2025-08-26 09:00:00,15.7,16.2,15.5,16.1,70442811.7171023,1115919686.412844
2025-08-27 09:00:00,16.1,16.5,15.9,16.0,71453067.54786114,1151924422.8677278
2025-08-28 09:00:00,16.0,17.0,15.9,16.5,113104051.73818062,1860138244.437079
2025-08-29 09:00:00,16.5,16.6,15.5,15.7,68158449.65034622,1085496418.1766999
2025-08-30 09:00:00,15.7,15.8,15.4,15.8,34944177.96035518,546262217.9458622
2025-08-31 09:00:00,15.8,16.3,15.6,15.7,36004238.85445738,575265208.2490557
2025-09-01 09:00:00,15.7,16.0,15.2,15.5,71349123.37031826,1104766834.8605978
2025-09-02 09:00:00,15.4,15.9,15.4,15.8,36192625.02357361,563737291.3555691
2025-09-03 09:00:00,15.8,16.0,15.6,15.9,20012788.04966971,315691978.31536996
2025-09-04 09:00:00,15.8,16.0,15.3,15.4,33965846.8762044,528839664.8326428
2025-09-05 09:00:00,15.4,16.0,15.4,15.9,42942697.56833742,676040056.438748
2025-09-06 09:00:00,15.9,16.0,15.6,15.8,19486413.00952505,308790370.0528777
2025-09-07 09:00:00,15.7,15.9,15.7,15.9,13978552.65157686,221081286.87309024
2025-09-08 09:00:00,15.9,16.2,15.7,16.2,19096321.18266286,305760020.3081082
2025-09-09 09:00:00,16.1,16.8,16.0,16.7,56464497.70931921,930094369.2268989
2025-09-10 09:00:00,16.7,16.7,16.2,16.3,35313542.81515992,583601086.1174248
2025-09-11 09:00:00,16.3,16.6,16.2,16.5,39297540.78241023,645313925.3958989
2025-09-12 09:00:00,16.5,16.8,16.3,16.7,36206009.28681204,600576543.9917439
2025-09-13 09:00:00,16.7,17.1,16.6,17.0,43581424.10711372,735756771.6506491
2025-09-14 09:00:00,17.0,17.1,16.2,16.4,34284379.96246368,569283207.063472
2025-09-15 09:00:00,16.3,16.5,15.7,15.8,56861441.39641736,913058886.7730949
2025-09-16 09:00:00,15.9,16.5,15.6,16.4,34217806.4616675,548006599.949647
2025-09-17 09:00:00,16.4,16.7,15.9,16.7,30066628.54465447,490413213.2735164
2025-09-18 09:00:00,16.7,17.0,16.5,16.9,23017472.51856408,384614227.0465835
2025-09-19 09:00:00,16.9,17.2,16.5,16.7,44483374.56551055,749087876.5914865
2025-09-20 09:00:00,16.6,17.1,16.5,17.0,44159637.88757857,746477969.7888495
2025-09-21 09:00:00,17.0,17.0,16.4,16.5,39292600.76557303,655797107.9072382
2025-09-22 09:00:00,16.4,16.5,15.1,15.4,86405701.21412855,1352197121.701788
2025-09-23 09:00:00,15.6,15.7,15.1,15.4,26975441.37845346,415989063.8158139
2025-09-24 09:00:00,15.3,15.7,15.2,15.4,22668172.54643806,350598657.0697231
2025-09-25 09:00:00,15.4,15.4,14.7,14.8,44556523.30432005,668344071.5086831
2025-09-26 09:00:00,14.9,15.1,14.7,15.1,29166613.30824902,435160503.3873472
2025-09-27 09:00:00,15.1,15.1,14.69,15.0,21748925.48013573,324856994.0605511
2025-09-28 09:00:00,15.0,15.2,14.6,15.2,16119725.20384991,239852490.23305225
2025-09-29 09:00:00,15.2,15.2,14.7,15.0,23123380.82025944,346254135.7257997
2025-09-30 09:00:00,15.0,15.0,14.41,14.7,36851252.58480892,541239289.99639
2025-10-01 09:00:00,14.8,15.7,14.7,15.7,39499799.68612897,601513825.9250821
2025-10-02 09:00:00,15.7,16.1,15.6,16.0,33566223.55220559,531504247.4325712
2025-10-03 09:00:00,16.0,16.2,15.7,16.1,26736131.28395799,424937406.262196
2025-10-04 09:00:00,16.1,16.1,15.3,15.6,27819417.90685913,433609517.6982056
2025-10-05 09:00:00,15.6,16.0,15.4,15.7,27425473.9939535,430318644.334526
2025-10-06 09:00:00,15.6,16.0,15.5,16.0,16381731.60260161,258603012.91740233
2025-10-07 09:00:00,16.0,16.0,15.2,15.3,29693534.80750581,463784182.7157858
2025-10-08 09:00:00,15.2,15.8,15.2,15.7,20091754.96033969,311189787.1167705
2025-10-09 09:00:00,15.7,15.7,15.2,15.4,25420068.54360963,392187205.39024186
2025-10-10 09:00:00,15.6,16.0,11.3,11.8,183357858.79398614,2462904975.788189
2025-10-11 09:00:00,11.7,12.5,11.5,11.8,108173343.05504487,1296570169.5161376
2025-10-12 09:00:00,11.7,12.8,11.6,12.6,53654504.49057722,657279212.7626058
2025-10-13 09:00:00,12.6,13.3,12.5,13.3,57436098.35208502,737160697.279949
2025-10-14 09:00:00,13.2,13.4,12.3,13.2,68546043.28167143,881776237.1940466
2025-10-15 09:00:00,13.2,13.6,12.7,12.9,44676990.43320014,589517092.504914
2025-10-16 09:00:00,12.9,13.0,12.2,12.4,31882309.32034499,402550304.55073136
2025-10-17 09:00:00,12.4,12.5,11.5,12.1,56882551.18056317,678668949.1071885
2025-10-18 09:00:00,12.1,12.3,12.0,12.3,25834958.48861145,314447928.37552685
2025-10-19 09:00:00,12.3,12.5,12.0,12.1,20366138.16669892,247756018.32315418
2025-10-20 09:00:00,12.1,12.5,11.9,12.1,38709179.72767805,469887461.6547301
2025-10-21 09:00:00,12.0,12.5,11.7,11.9,44723439.48422309,535995605.1161887
2025-10-22 09:00:00,11.9,12.1,11.4,11.7,36230929.80441265,424953141.2980634
2025-10-23 09:00:00,11.7,12.0,11.6,11.8,29006619.35478733,340795061.39752764
2025-10-24 09:00:00,11.8,12.0,11.7,12.0,22320245.31311943,265591945.76988977
2025-10-25 09:00:00,12.0,12.0,11.7,11.9,11350451.13649758,134375762.95630205
2025-10-26 09:00:00,11.8,12.2,11.8,12.1,31845144.34071719,382281380.49655443
2025-10-27 09:00:00,12.0,12.3,11.7,11.7,39276164.12964074,468826550.1332307
2025-10-28 09:00:00,11.7,12.0,11.4,11.6,46664836.29676135,542806658.7955314
2025-10-29 09:00:00,11.5,11.9,11.3,11.6,34087182.5301804,393060824.17722315
2025-10-30 09:00:00,11.5,11.7,10.7,11.0,55151768.24547306,619670133.2655619
2025-10-31 09:00:00,10.9,11.2,10.9,11.2,24258533.43548499,268801269.5283218
2025-11-01 09:00:00,11.2,11.4,11.0,11.4,19545801.68842763,219207206.38185257
2025-11-02 09:00:00,11.4,11.7,11.1,11.7,31855677.60397033,363240038.410933
2025-11-03 09:00:00,11.7,11.7,9.97,10.2,106689044.04843321,1118823703.2808
2025-11-04 09:00:00,10.2,10.6,9.54,10.1,130836928.77119191,1317136338.874807
2025-11-05 09:00:00,10.0,10.5,9.39,10.5,74526703.15619332,741532849.4217386
2025-11-06 09:00:00,10.5,10.5,10.0,10.5,38365450.68867845,395943336.8539508
2025-11-07 09:00:00,10.4,12.2,10.4,12.0,93983801.73917212,1069455843.7308264
2025-11-08 09:00:00,11.9,12.2,11.3,11.8,36396293.44850085,428714415.6399768
2025-11-09 09:00:00,11.8,11.8,11.2,11.6,31173774.23624617,361562793.7048792
2025-11-10 09:00:00,11.6,12.1,11.4,11.8,30825641.34911129,359105361.5940321
2025-11-11 09:00:00,11.8,12.2,11.0,11.2,162919366.75626504,1919535083.7506034
2025-11-12 09:00:00,11.1,11.7,10.8,11.0,99349599.2691195,1122656911.1793914
2025-11-13 09:00:00,11.0,11.3,10.4,10.7,69008308.1848521,747854229.6800425
2025-11-14 09:00:00,10.6,10.8,10.2,10.5,52106130.32657554,547497207.055647
2025-11-15 09:00:00,10.4,10.8,10.4,10.6,26336911.67077751,278491430.34769493
2025-11-16 09:00:00,10.6,10.6,10.0,10.2,38862148.98824623,400688221.22338605
2025-11-17 09:00:00,10.1,10.4,9.7,9.86,42104170.4713448,424546931.52270883
2025-11-18 09:00:00,9.84,10.2,9.63,10.1,72845933.31699543,718710668.106308
2025-11-19 09:00:00,10.1,10.1,9.45,9.85,48615334.67805556,477412529.1156695
2025-11-20 09:00:00,9.82,10.1,9.23,9.41,57131042.9502434,552192219.8866836
2025-11-21 09:00:00,9.46,9.54,8.5,8.79,157617873.15007904,1402435960.5899308
2025-11-22 09:00:00,8.78,8.92,8.6,8.73,39838736.68176207,348755089.8249899
2025-11-23 09:00:00,8.74,9.1,8.71,8.92,66796135.43926957,598355632.1209867
2025-11-24 09:00:00,8.91,9.33,8.8,9.21,38057931.61367952,343471262.8421669
2025-11-25 09:00:00,9.2,9.26,8.96,9.18,31262036.64043917,284736221.4851454
2025-11-26 09:00:00,9.18,9.21,8.76,8.92,40311845.30761966,360751341.28578323
2025-11-27 09:00:00,8.91,9.11,8.85,9.09,55817396.16623,500681428.0510556
2025-11-28 09:00:00,9.08,9.85,8.96,9.08,132536208.57131205,1230396181.1146872
2025-11-29 09:00:00,9.08,9.77,8.99,9.2,131456647.56769456,1222636546.9292293
2025-11-30 09:00:00,9.21,9.27,8.89,8.91,36059286.33764732,328028207.47916776
2025-12-01 09:00:00,8.89,9.05,7.98,8.1,73531725.97705366,609364381.348678
2025-12-02 09:00:00,8.12,8.33,7.73,8.19,110957681.12426278,881907804.8083849
2025-12-03 09:00:00,8.19,8.41,8.14,8.3,53220180.83975667,441148347.22354424
2025-12-04 09:00:00,8.3,8.35,7.95,8.04,33120378.83294654,270681483.44956577
2025-12-05 09:00:00,8.06,8.1,7.53,7.72,64917669.86668358,509909192.9268126
2025-12-06 09:00:00,7.72,9.06,7.71,8.35,446541768.5976623,3712715379.9648895
2025-12-07 09:00:00,8.36,8.73,7.84,7.91,233249529.79216176,1952003401.049354
2025-12-08 09:00:00,7.91,8.19,7.88,7.94,34243674.37667038,274318813.5618048
2025-12-09 09:00:00,7.92,8.63,7.85,8.43,124082559.13122474,1024919089.7543662
2025-12-10 09:00:00,8.45,8.52,8.19,8.21,47603846.03757308,396054126.8020769
2025-12-11 09:00:00,8.2,8.21,7.8,8.02,43165935.9450809,342666037.22792333
2025-12-12 09:00:00,8.02,8.07,7.62,7.8,32507794.57906651,254177114.22564527
2025-12-13 09:00:00,7.83,7.99,7.79,7.9,21654098.56167024,171275267.8440548
2025-12-14 09:00:00,7.9,7.93,7.54,7.61,32251020.24936287,248620776.38127294
2025-12-15 09:00:00,7.62,7.75,7.1,7.29,68823500.16366059,511847390.3186388
2025-12-16 09:00:00,7.29,7.43,7.18,7.34,35731413.99496972,260291951.69498897
2025-12-17 09:00:00,7.33,7.45,6.88,6.93,43505514.61353308,310262362.6128555
2025-12-18 09:00:00,6.92,6.98,6.42,6.5,55620662.68024724,373500664.953874
2025-12-19 09:00:00,6.5,6.99,6.37,6.92,45831491.02058564,305175232.1810701
2025-12-20 09:00:00,6.92,7.04,6.88,6.98,29464664.63601448,205158796.94868177
2025-12-21 09:00:00,6.98,7.0,6.65,6.73,52037335.89631482,356672750.0629102
2025-12-22 09:00:00,6.76,6.97,6.66,6.89,50553469.49443461,345173976.8295675
2025-12-23 09:00:00,6.86,6.96,6.66,6.82,32909175.78357064,223785652.2929837
2025-12-24 09:00:00,6.82,6.82,6.57,6.77,39824877.61352512,265344453.23001912
2025-12-25 09:00:00,6.77,7.25,6.72,6.79,59556476.15427331,413534328.910096
2025-12-26 09:00:00,6.78,6.97,6.71,6.88,24799741.62771731,169935942.9961111
2025-12-27 09:00:00,6.88,7.17,6.8,7.15,37027527.74358058,259303168.22005293
2025-12-28 09:00:00,7.15,7.23,6.95,7.01,44532359.83692151,318074532.0059839
2025-12-29 09:00:00,7.0,7.14,6.88,6.95,43134547.1955124,302395229.5382921
2025-12-30 09:00:00,6.93,7.35,6.88,7.05,196407877.9176913,1396882141.2666883
2025-12-31 09:00:00,7.04,7.06,6.76,6.84,63119580.43528114,440011892.16125345
2026-01-01 09:00:00,6.84,7.36,6.8,7.32,42812341.89017352,305030760.13510674
2026-01-02 09:00:00,7.32,7.44,7.14,7.41,53688780.5375428,389502050.6858117
2026-01-03 09:00:00,7.41,7.5,7.23,7.4,32991808.7784107,242889071.78686798
2026-01-04 09:00:00,7.4,7.64,7.39,7.5,41156004.45082193,307335003.82093334
2026-01-05 09:00:00,7.47,7.74,7.37,7.68,45870591.21406165,345727003.3610483
2026-01-06 09:00:00,7.68,7.94,7.51,7.84,70617475.74203749,547283941.0755469
2026-01-07 09:00:00,7.84,8.11,7.46,7.58,229201189.58233327,1798911970.6798363
2026-01-08 09:00:00,7.57,8.06,7.54,7.76,216109844.58017966,1671270574.4594088
2026-01-09 09:00:00,7.76,7.88,7.59,7.69,68400012.45861778,528321360.1402961
2026-01-10 09:00:00,7.69,8.01,7.58,7.83,103808285.03390259,812909167.561677
2026-01-11 09:00:00,7.81,7.89,7.5,7.6,52035629.77797788,404527086.6867406
2026-01-12 09:00:00,7.61,9.12,7.59,8.31,6763105843.141693,56372451415.826256
2026-01-13 09:00:00,8.3,8.74,7.8,8.54,1240813085.8011937,10132325138.05426
2026-01-14 09:00:00,8.55,8.74,8.2,8.33,317492612.00758815,2705109358.319723
2026-01-15 09:00:00,8.31,8.34,8.0,8.09,110754088.86734569,909708482.7302717
2026-01-16 09:00:00,8.09,8.49,7.96,8.48,107894747.49285322,893106790.179677
2026-01-17 09:00:00,8.48,8.95,8.43,8.69,154978689.9971971,1344061057.0199919
2026-01-18 09:00:00,8.67,8.78,8.07,8.07,82099256.63286683,695347002.6820744
2026-01-19 09:00:00,8.08,8.1,7.35,7.84,122364611.25033876,946574397.3745165
2026-01-20 09:00:00,7.85,7.96,7.28,7.38,89757442.12475975,684585034.7334148
2026-01-21 09:00:00,7.37,7.66,7.28,7.5,48848094.08719593,365272773.8698488
2026-01-22 09:00:00,7.53,7.72,7.31,7.36,41200531.96665446,309380413.07085955
2026-01-23 09:00:00,7.37,7.54,7.22,7.29,86982108.77777338,644540037.6422343
2026-01-24 09:00:00,7.33,7.45,7.22,7.33,42636529.51744048,311211772.2704645
2026-01-25 09:00:00,7.33,7.54,6.82,6.94,133724616.51493037,970949228.4358928
2026-01-26 09:00:00,6.95,7.19,6.94,7.16,79969830.62830707,563031373.1535554
2026-01-27 09:00:00,7.17,7.26,7.02,7.2,57679706.44073029,410749643.2275827
2026-01-28 09:00:00,7.2,7.22,7.03,7.08,35092182.41768716,249500543.69806343
2026-01-29 09:00:00,7.08,7.17,6.55,6.73,116371302.71627928,795832896.6190712
2026-01-30 09:00:00,6.73,6.83,6.46,6.79,78796479.85601848,522679226.3365162
2026-01-31 09:00:00,6.8,6.82,5.63,6.12,105120489.99042417,668354540.4937981
2026-02-01 09:00:00,6.1,6.29,5.85,5.95,162873458.51556265,994253983.5358702
2026-02-02 09:00:00,5.95,9.04,5.82,7.99,13579924706.944973,105852819806.98894
2026-02-03 09:00:00,8.02,11.5,7.43,8.23,20950769810.078766,198214700403.58337
2026-02-04 09:00:00,8.23,9.8,7.68,7.97,9721816611.604462,84058065692.62128
2026-02-05 09:00:00,7.97,8.71,6.24,6.3,4209984063.5979257,32245671395.826805
2026-02-06 09:00:00,6.3,6.86,5.63,6.64,1323564683.4942045,8515790863.43459
2026-02-07 09:00:00,6.64,6.64,6.15,6.24,432972271.4200885,2763283311.7378893
2026-02-08 09:00:00,6.24,8.07,5.6,6.75,6614174276.12983,48005985857.10028
2026-02-09 09:00:00,6.74,7.5,6.35,6.52,4399077413.9379425,30483905436.21302
2026-02-10 09:00:00,6.49,6.83,6.12,6.29,1001496087.2674576,6374210323.140577
2026-02-11 09:00:00,6.27,6.8,5.95,6.43,702683316.0507699,4395100399.079423
2026-02-12 09:00:00,6.43,6.96,6.36,6.64,748872146.7869463,4938578830.121091
2026-02-13 09:00:00,6.64,6.75,6.45,6.69,366169913.8783175,2422568023.904795
2026-02-14 09:00:00,6.67,6.85,6.58,6.8,288452441.860635,1926767970.6867933
2026-02-15 09:00:00,6.78,6.8,6.3,6.43,259899343.92511407,1711933143.5970109
2026-02-16 09:00:00,6.43,6.5,6.32,6.46,85759592.0863691,550864227.1580966
2026-02-17 09:00:00,6.46,6.49,6.27,6.31,75366624.8635405,480228420.65817946
2026-02-18 09:00:00,6.31,6.33,5.95,5.97,164715097.31266594,1016106809.4060649
2026-02-19 09:00:00,5.97,6.39,5.76,5.94,477930229.98156685,2871934070.439286
2026-02-20 09:00:00,5.95,6.08,5.87,6.06,129636291.58264318,771623189.571119
2026-02-21 09:00:00,6.07,6.61,6.07,6.24,1520033571.482277,9619483394.89206
2026-02-22 09:00:00,6.24,6.24,5.91,6.02,230169429.53798622,1386155363.4249425
2026-02-23 09:00:00,6.0,6.47,5.8,6.03,1029867724.1674014,6313725418.749769
2026-02-24 09:00:00,6.03,6.07,5.86,5.87,221275603.11085987,1313640872.0617929
2026-02-25 09:00:00,5.87,6.53,5.83,6.25,646736407.047636,4034664880.762317
2026-02-26 09:00:00,6.26,6.29,5.91,6.0,154444207.50119033,944726503.0034232
2026-02-27 09:00:00,6.0,6.31,5.97,6.09,189208509.599353,1168718283.9091887
2026-02-28 09:00:00,6.12,6.14,5.74,6.1,218784753.72738034,1297286566.2940304
2026-03-01 09:00:00,6.1,6.3,5.92,6.04,230792959.69292918,1415369524.697138
2026-03-02 09:00:00,6.05,6.34,5.98,6.2,155577125.06014958,953831320.0924023
2026-03-03 09:00:00,6.2,6.32,5.96,6.04,136642195.7140596,839942227.5406158
2026-03-04 09:00:00,6.02,6.4,5.87,6.28,180979246.08111244,1111028666.1734943
2026-03-05 09:00:00,6.27,6.39,6.17,6.21,65055573.68008684,409277665.29818994
2026-03-06 09:00:00,6.22,6.51,6.0,6.15,516702985.8289559,3246019427.8450685
2026-03-07 09:00:00,6.12,6.12,5.97,6.02,87747340.9108245,530408533.0779404
2026-03-08 09:00:00,6.02,6.19,5.94,6.01,65956100.97509025,396117006.704366
2026-03-09 09:00:00,6.01,6.11,5.97,5.98,54892605.56645869,331007825.9662881
2026-03-10 09:00:00,5.99,6.13,5.98,6.01,50680881.72749065,306649520.1144112
2026-03-11 09:00:00,6.01,6.15,5.98,6.08,73220939.14990476,442150545.869033
2026-03-12 09:00:00,6.08,6.21,5.99,6.19,84979791.52450594,517960867.8281578
2026-03-13 09:00:00,6.19,6.26,6.01,6.04,118995746.76551074,733469441.0566009
2026-03-14 09:00:00,6.03,6.08,5.88,5.99,65248641.54496808,390964165.05771804
2026-03-15 09:00:00,5.99,6.31,5.96,6.23,342274002.81891316,2107478798.710331
2026-03-16 09:00:00,6.23,6.47,6.18,6.46,194313480.47264373,1223580045.801348
2026-03-17 09:00:00,6.46,6.66,6.34,6.4,189331385.04741052,1220109957.5934186
2026-03-18 09:00:00,6.41,7.09,6.07,6.14,3107100183.806212,20864333149.796864
2026-03-19 09:00:00,6.14,6.25,6.07,6.14,190345068.06991196,1173184650.7170188
2026-03-20 09:00:00,6.15,6.29,6.08,6.18,127623078.73996544,789120150.8135059
2026-03-21 09:00:00,6.19,6.77,6.06,6.09,1079843278.1821132,6880870537.9360695
2026-03-22 09:00:00,6.08,6.09,5.81,5.87,190657680.84974286,1138018496.3740668
2026-03-23 09:00:00,5.87,6.11,5.82,6.0,128607638.33946536,765102911.7735088
2026-03-24 09:00:00,6.01,6.04,5.91,6.01,95425484.04437105,569423472.8951372
2026-03-25 09:00:00,6.0,6.05,5.9,5.99,93514317.53489055,558738246.0652509
2026-03-26 09:00:00,6.01,6.04,5.79,5.82,118271459.24246562,694159006.3994834
2026-03-27 09:00:00,5.83,6.04,5.68,5.75,281509878.90048635,1655242867.5252821
2026-03-28 09:00:00,5.77,5.97,5.64,5.68,585157811.0193739,3390822035.9540987
2026-03-29 09:00:00,5.69,5.8,5.5,5.58,216392265.560569,1227372205.1386042
2026-03-30 09:00:00,5.58,5.77,5.55,5.68,74678792.9370205,423612329.34283334
2026-03-31 09:00:00,5.68,5.91,5.6,5.79,121502383.73829193,694759668.9074522
2026-04-01 09:00:00,5.79,5.93,5.73,5.92,74893398.71106036,436747874.9476859
2026-04-02 09:00:00,5.91,5.93,5.72,5.79,94209391.12150832,546539335.2198794
2026-04-03 09:00:00,5.79,5.97,5.75,5.91,71509142.06506594,420104556.69047093
2026-04-04 09:00:00,5.91,5.95,5.8,5.82,40757892.93328971,239490678.36886567
2026-04-05 09:00:00,5.83,5.85,5.69,5.77,36662236.31346556,211114122.26416606
2026-04-06 09:00:00,5.78,5.9,5.72,5.76,48695211.86025931,283497328.32359916
2026-04-07 09:00:00,5.78,6.04,5.7,6.02,108288776.3606993,634417354.7646037
2026-04-08 09:00:00,6.02,6.03,5.83,5.83,53506420.93671395,316915427.3757869
2026-04-09 09:00:00,5.83,5.91,5.78,5.84,35159074.31627358,204711953.33702493
2026-04-10 09:00:00,5.84,5.93,5.78,5.88,38369625.93777212,224856784.34186345
2026-04-11 09:00:00,5.88,5.94,5.79,5.86,21138189.50527777,123605309.96470936
2026-04-12 09:00:00,5.87,6.01,5.66,5.68,226487294.00490448,1331055152.426637
2026-04-13 09:00:00,5.68,5.88,5.68,5.87,69291018.14317863,398349673.10700965
2026-04-14 09:00:00,5.87,5.9,5.72,5.75,41442297.4929128,240462147.88375133
2026-04-15 09:00:00,5.75,5.89,5.74,5.81,42270200.66910827,244838669.10773155
2026-04-16 09:00:00,5.84,6.07,5.81,6.05,112680731.46997087,668057065.5223296
2026-04-17 09:00:00,6.05,6.17,5.93,6.09,73704738.10504967,447325912.3571512
2026-04-18 09:00:00,6.1,6.21,5.94,6.0,62236640.9886591,378817002.52461314
2026-04-19 09:00:00,5.98,6.01,5.79,5.79,56913650.0753053,335330201.6025176
2026-04-20 09:00:00,5.82,6.13,5.79,6.06,46043566.88218325,273268516.4797546
2026-04-21 09:00:00,6.07,6.11,5.92,6.01,35750305.17423457,214563913.43683398
2026-04-22 09:00:00,6.01,6.13,5.97,6.01,34145271.58776437,207140263.88929957
2026-04-23 09:00:00,6.01,6.05,5.91,6.05,38075153.56020411,226810252.03965014
2026-04-24 09:00:00,6.03,6.22,6.0,6.17,51068144.63351788,310931080.44194776
2026-04-25 09:00:00,6.17,6.22,6.06,6.13,32389476.92671969,199174751.2349231
2026-04-26 09:00:00,6.13,6.24,6.07,6.22,44984371.67990585,277557418.95885015
2026-04-27 09:00:00,6.2,6.25,5.98,6.09,45477080.61298106,277054083.4334086
2026-04-28 09:00:00,6.06,6.1,5.99,6.03,31015414.56469552,186787569.9366724
2026-04-29 09:00:00,6.03,6.1,5.81,5.92,64041012.32702777,381779296.4276493
2026-04-30 09:00:00,5.93,6.0,5.86,5.89,48430260.11675115,285911259.8739728
2026-05-01 09:00:00,5.89,5.98,5.87,5.91,23353942.29337504,138338910.6688462
2026-05-02 09:00:00,5.91,6.08,5.9,6.06,41684544.69630175,249411959.7955727
2026-05-03 09:00:00,6.06,6.09,5.98,6.06,25058133.84692036,150760119.6045179
2026-05-04 09:00:00,6.04,6.22,6.01,6.14,54284137.59418323,332431213.2144243
2026-05-05 09:00:00,6.14,8.6,6.14,6.93,11068339929.346088,82605061301.66803
2026-05-06 09:00:00,6.93,7.69,6.4,6.45,3950396357.539733,27377132070.747765
2026-05-07 09:00:00,6.45,6.45,6.21,6.27,579101154.0850284,3653645650.0685105
2026-05-08 09:00:00,6.26,6.45,6.21,6.43,201125999.43950614,1267882694.8898344
2026-05-09 09:00:00,6.43,6.5,6.29,6.32,157669111.71193096,1011214160.6093954
2026-05-10 09:00:00,6.32,6.53,6.24,6.46,137893087.4728839,878230957.3372139
2026-05-11 09:00:00,6.47,6.55,6.32,6.52,134361837.27432397,863948487.5301187
2026-05-12 09:00:00,6.5,6.55,6.28,6.35,108595503.1342105,697656752.6688381
2026-05-13 09:00:00,6.36,6.47,6.14,6.18,93022255.80772144,585338118.7975864
2026-05-14 09:00:00,6.18,6.28,6.1,6.2,45813579.35263571,283837968.29139125
2026-05-15 09:00:00,6.22,6.27,5.91,6.0,109279277.44254301,662579854.5377074
2026-05-16 09:00:00,6.0,6.04,5.77,5.93,65204160.60492151,383864094.4993086
2026-05-17 09:00:00,5.92,6.01,5.68,5.81,58183845.54346114,342560123.36747336
2026-05-18 09:00:00,5.81,5.9,5.73,5.86,57426868.2825796,333243604.2319134
2026-05-19 09:00:00,5.85,5.92,5.77,5.78,44400546.88481481,259226711.1482537
2026-05-20 09:00:00,5.77,5.92,5.76,5.88,29741154.79870335,173068621.25082803
2026-05-21 09:00:00,5.89,6.02,5.88,5.97,50601198.25453123,301696528.2983256
2026-05-22 09:00:00,5.99,6.07,5.82,5.84,82339038.67970555,494321958.6977739
2026-05-23 09:00:00,5.83,6.05,5.7,5.98,47634601.41525385,278422083.2873807
2026-05-24 09:00:00,5.98,6.0,5.76,5.81,42331566.00549709,248947602.44311765
2026-05-25 09:00:00,5.82,5.89,5.79,5.83,26884714.42167244,156811300.96481848
2026-05-26 09:00:00,5.81,5.87,5.72,5.79,51087715.09204284,295502913.2569838
2026-05-27 09:00:00,5.79,5.82,5.65,5.68,59477802.83739077,341063560.4351144
2026-05-28 09:00:00,5.68,5.75,5.44,5.57,111226763.48774356,622491550.58706
2026-05-29 09:00:00,5.58,5.62,5.44,5.55,44226553.04031474,245552092.94264215
2026-05-30 09:00:00,5.56,5.69,5.56,5.6,32911616.6496026,185360217.79764074
2026-05-31 09:00:00,5.6,5.7,5.53,5.62,57532319.72249767,324590438.4050807
2026-06-01 09:00:00,5.62,5.69,5.45,5.53,77304911.86037494,427643103.7597792
2026-06-02 09:00:00,5.51,5.52,5.15,5.21,122872396.90351894,656504175.0747309
2026-06-03 09:00:00,5.22,5.37,5.16,5.22,82892706.29609174,438736452.09824455
2026-06-04 09:00:00,5.24,5.25,4.85,5.07,159639602.58502126,802786288.4744341
2026-06-05 09:00:00,5.08,5.09,4.52,4.66,225846588.49441937,1079992902.7945113
2026-06-06 09:00:00,4.65,4.72,4.39,4.61,87945321.00465377,401082441.19068164
2026-06-07 09:00:00,4.62,4.78,4.53,4.63,76558498.14778732,357826329.1839862
2026-06-08 09:00:00,4.62,4.71,4.52,4.65,70185889.35092354,324464676.49019784
2026-06-09 09:00:00,4.67,4.67,4.49,4.6,62288258.51418477,286413544.3064909
2026-06-10 09:00:00,4.58,4.68,4.46,4.51,58138430.52011663,265362385.84275
2026-06-11 09:00:00,4.5,4.75,4.5,4.71,85266399.80562854,394692858.0600848
2026-06-12 09:00:00,4.73,4.76,4.64,4.67,88410523.60094135,415713718.65215194
2026-06-13 09:00:00,4.68,4.89,4.68,4.88,80417440.86369859,384469740.65747696
2026-06-14 09:00:00,4.89,4.92,4.73,4.92,31481400.95024586,152569702.00460154
2026-06-15 09:00:00,4.92,5.09,4.87,4.93,61159554.8124906,302357484.6646387
2026-06-16 09:00:00,4.93,5.0,4.83,4.9,55697908.6716788,274990571.74874306
2026-06-17 09:00:00,4.9,4.98,4.83,4.91,34897032.12604717,171008119.1365699
2026-06-18 09:00:00,4.93,4.95,4.66,4.76,42642910.10601379,205454571.0516396
2026-06-19 09:00:00,4.77,5.01,4.65,4.72,168277351.02727896,809927865.4433012
2026-06-20 09:00:00,4.71,4.79,4.68,4.76,26220532.67887089,124061924.9376786
2026-06-21 09:00:00,4.76,4.84,4.68,4.69,36665846.5158716,175469422.2587322
2026-06-22 09:00:00,4.69,4.8,4.65,4.7,48977363.44168404,231938795.31406748
2026-06-23 09:00:00,4.71,5.19,4.47,4.58,516911238.0855737,2459644262.5260024
2026-06-24 09:00:00,4.6,4.61,4.33,4.48,76407774.99710274,343902716.34235936
2026-06-25 09:00:00,4.48,4.5,4.24,4.38,66668651.40496296,292126976.2415798
2026-06-26 09:00:00,4.37,4.53,4.27,4.49,95714937.7731069,422403644.5166961
2026-06-27 09:00:00,4.49,4.56,4.42,4.42,36356487.95664092,164115612.89168686
2026-06-28 09:00:00,4.43,4.48,4.4,4.44,50451547.58719228,224028569.9325733
2026-06-29 09:00:00,4.44,4.6,4.43,4.45,86580947.28464952,390493524.5849244
2026-06-30 09:00:00,4.43,4.44,4.29,4.35,60919009.22499011,265598124.32354873
2026-07-01 09:00:00,4.36,4.51,4.28,4.46,47992711.89605327,210653392.2275844
2026-07-02 09:00:00,4.47,4.56,4.44,4.51,56379880.04415988,254005429.7802047
2026-07-03 09:00:00,4.53,4.64,4.5,4.62,35960774.07228058,163825764.552727
2026-07-04 09:00:00,4.64,5.05,4.58,4.76,99432733.1323219,479268509.587262
2026-07-05 09:00:00,4.76,4.79,4.62,4.66,26263010.53934757,123220964.68338348
2026-07-06 09:00:00,4.68,4.72,4.51,4.65,17921665.26465876,82879695.40477405
2026-07-07 09:00:00,4.65,4.66,4.46,4.48,23802760.17937884,107962257.22656097
2026-07-08 09:00:00,4.5,4.58,4.38,4.49,75149278.64239487,335918782.78981656
2026-07-09 09:00:00,4.5,4.55,4.45,4.48,18196515.80213344,81938851.2692974
2026-07-10 09:00:00,4.49,4.58,4.47,4.5,29121954.42056393,131777516.97591344
2026-07-11 09:00:00,4.5,4.89,4.49,4.51,327062120.60627747,1517484135.2780335
2026-07-12 09:00:00,4.5,4.71,4.41,4.42,432008443.0513401,1963068187.7578704
2026-07-13 09:00:00,4.42,4.47,4.35,4.41,47278879.1452811,208175968.87696669
2026-07-14 09:00:00,4.41,4.46,4.34,4.4,48251519.53360136,212096526.66185525
2026-07-15 09:00:00,4.4,4.49,4.37,4.42,45202566.23588901,199825538.50137237
2026-07-16 09:00:00,4.42,4.46,4.32,4.34,40023718.32650947,176172592.2893923
2026-07-17 09:00:00,4.34,4.36,4.26,4.27,54000529.56077169,232002395.0376661
2026-07-18 09:00:00,4.27,4.3,4.17,4.18,64553636.20836081,273151088.94699854
2026-07-19 09:00:00,4.19,4.2,3.87,3.89,194102500.14327478,781659413.1666627
2026-07-20 09:00:00,3.89,5.35,3.59,4.23,8087345953.060209,35928507773.890495
2026-07-21 09:00:00,4.23,4.46,3.84,4.02,2826148531.264148,11760318802.503376
2026-07-22 09:00:00,4.01,4.04,3.49,3.63,1560529924.5435495,5789095461.53743
2026-07-23 09:00:00,3.63,3.97,3.52,3.66,3011260540.978387,11210383323.964401
2026-07-24 09:00:00,3.66,3.72,3.54,3.72,784182737.5734177,2827813686.2937126
2026-07-25 09:00:00,3.7,3.93,3.57,3.64,843161063.6973217,3140789519.590691
2026-07-26 09:00:00,3.64,3.65,3.48,3.52,280324062.4818841,994496837.5259086
2026-07-27 09:00:00,3.51,3.54,3.25,3.38,446378315.92589444,1509151180.5200791
2026-07-28 09:00:00,3.36,3.71,3.24,3.46,1460998671.327949,5097501192.358608
2026-07-29 09:00:00,3.46,3.85,3.11,3.25,1519345990.157694,5334218209.975584
2026-07-30 09:00:00,3.25,3.27,3.1,3.2,267195570.64715272,848753015.709513
2026-07-31 09:00:00,3.19,3.24,2.99,3.08,284083831.4310632,880503785.991863
2026-08-01 09:00:00,3.08,3.36,3.02,3.1,714383042.4221333,2269075332.1963024
2026-08-02 09:00:00,3.1,3.19,3.02,3.08,377622342.48520494,1173316243.1883426
2026-08-03 09:00:00,3.08,3.5,3.05,3.15,1601236472.931202,5203697720.746168
2026-08-04 09:00:00,3.15,3.25,3.02,3.14,352823677.0172978,1105907668.136738
2026-08-05 09:00:00,3.13,3.17,3.03,3.09,144830471.38589588,445856217.24726045
2026-08-06 09:00:00,3.11,3.17,3.04,3.09,133263636.98302174,412840704.0236624
2026-08-07 09:00:00,3.08,3.38,3.03,3.1,556352113.5241177,1756998831.9966698
2026-08-08 09:00:00,3.1,3.14,3.04,3.13,107919640.82932325,332795367.7377794
2026-08-09 09:00:00,3.12,3.15,3.07,3.12,54205073.83165818,168544410.48358375
2026-08-10 09:00:00,3.11,3.18,3.06,3.09,84569643.584551,261238643.3974415
2026-08-11 09:00:00,3.12,3.16,3.0,3.01,101412163.95729207,312758048.55846065
2026-08-12 09:00:00,3.02,3.25,2.84,3.04,559533966.9302523,1702210079.4885018
2026-08-13 09:00:00,3.07,3.32,2.96,3.06,743311677.9112034,2329959316.1386414
2026-08-14 09:00:00,3.09,3.35,3.0,3.07,827663950.2032803,2606541176.7926183
2026-08-15 09:00:00,3.08,3.32,3.04,3.15,490055915.59398866,1550777969.0899634
2026-08-16 09:00:00,3.16,3.2,3.04,3.12,137453838.07862985,426339720.89216876
2026-08-17 09:00:00,3.12,3.12,3.03,3.04,98301493.87971719,300479172.0313073
2026-08-18 09:00:00,3.04,3.07,3.0,3.06,89152136.41936027,270703919.02619
2026-08-19 09:00:00,3.05,3.1,3.01,3.07,131331840.63091916,400629313.4098283
2026-08-20 09:00:00,3.07,3.19,3.05,3.19,168185628.413731,524111873.7279031
2026-08-21 09:00:00,3.16,3.39,3.12,3.36,299448326.0640962,975498651.7812675
2026-08-22 09:00:00,3.38,3.55,3.12,3.24,470874528.26198095,1577955873.253567
2026-08-23 09:00:00,3.24,3.53,3.16,3.32,669252541.7673354,2245714594.4268117
2026-08-24 09:00:00,3.33,3.43,3.23,3.33,187802390.71718583,619751293.484596
2026-08-25 09:00:00,3.34,3.34,3.22,3.23,113918508.0913606,373031905.64833254
2026-08-26 09:00:00,3.24,3.28,3.08,3.21,71810807.31699252,230044401.40972203
2026-08-27 09:00:00,3.21,3.4,3.17,3.22,158556676.4327681,515267798.0886693
2026-08-28 09:00:00,3.23,3.53,3.21,3.31,981842873.9545081,3295325355.7753577
2026-08-29 09:00:00,3.31,3.34,3.2,3.27,137299513.454155,448714608.2046048
2026-08-30 09:00:00,3.27,3.28,3.18,3.22,124308970.33337376,401796126.2469581
2026-08-31 09:00:00,3.22,3.82,3.21,3.4,2682559181.264953,9369132271.390081
2026-09-01 09:00:00,3.41,3.54,3.35,3.47,330582224.25332737,1137363891.4185576
