,open,high,low,close,volume,value
2021-09-27 09:00:00,3739000.0,3836000.0,3598000.0,3599000.0,70918.83518849,264914242972.37918
2021-09-28 09:00:00,3599000.0,3631000.0,3428000.0,3445000.0,81142.9338129,287466551336.2194
2021-09-29 09:00:00,3447000.0,3590000.0,3415000.0,3489000.0,71946.02446449,252226869935.40793
2021-09-30 09:00:00,3485000.0,3709000.0,3474000.0,3663000.0,75964.18742052,276395058728.96576
2021-10-01 09:00:00,3663000.0,4031000.0,3650000.0,4011000.0,113115.85590455,435815987441.9341
2021-10-02 09:00:00,4012000.0,4210000.0,3961000.0,4134000.0,76351.38408153,310046644076.15094
2021-10-03 09:00:00,4134000.0,4214000.0,4062000.0,4154000.0,54562.06081694,226284602771.63962
2021-10-04 09:00:00,4154000.0,4168000.0,3998000.0,4131000.0,76789.78280382,313965525768.4938
2021-10-05 09:00:00,4134000.0,4260000.0,4087000.0,4211000.0,57086.91311704,237037580196.11484
2021-10-06 09:00:00,4214000.0,4386000.0,4058000.0,4328000.0,109169.63919188,463530984640.3398
2021-10-07 09:00:00,4328000.0,4421000.0,4222000.0,4361000.0,70607.88991296,306157507218.3364
2021-10-08 09:00:00,4362000.0,4469000.0,4322000.0,4355000.0,56829.03515054,249703652413.8403
2021-10-09 09:00:00,4353000.0,4441000.0,4333000.0,4370000.0,48110.57954428,211692940860.13815
2021-10-10 09:00:00,4369000.0,4394000.0,4230000.0,4241000.0,48285.52893444,209124048893.8007
2021-10-11 09:00:00,4242000.0,4439000.0,4200000.0,4375000.0,61370.87201744,267656682959.52792
2021-10-12 09:00:00,4374000.0,4378000.0,4232000.0,4311000.0,55160.97807905,237046950424.48795
2021-10-13 09:00:00,4311000.0,4403000.0,4204000.0,4394000.0,51655.33194948,222157958940.40482
2021-10-14 09:00:00,4389000.0,4649000.0,4370000.0,4609000.0,79166.71112686,358067671907.0831
2021-10-15 09:00:00,4609000.0,4770000.0,4555000.0,4752000.0,115787.57113377,539609933228.682
2021-10-16 09:00:00,4752000.0,4848000.0,4681000.0,4713000.0,64732.07463143,308397464751.61365
2021-10-17 09:00:00,4713000.0,4808000.0,4575000.0,4744000.0,44259.83586468,208715975553.71063
2021-10-18 09:00:00,4741000.0,4796000.0,4550000.0,4631000.0,62399.95901938,291810115964.4838
2021-10-19 09:00:00,4631000.0,4764000.0,4612000.0,4743000.0,44383.16759226,207640659534.97238
2021-10-20 09:00:00,4743000.0,5045000.0,4690000.0,5040000.0,89963.75000424,438579355717.2174
2021-10-21 09:00:00,5039000.0,5299000.0,4950000.0,4967000.0,132665.08258039,676797579861.6123
2021-10-22 09:00:00,4966000.0,5100000.0,4800000.0,4867000.0,72389.53679528,359555603946.8616
2021-10-23 09:00:00,4867000.0,5097000.0,4821000.0,5080000.0,48233.9916998,238623560870.26364
2021-10-24 09:00:00,5085000.0,5120000.0,4900000.0,4999000.0,46799.7842703,234017892375.53418
2021-10-25 09:00:00,4999000.0,5117000.0,4976000.0,5105000.0,43456.67793782,219388214860.96375
2021-10-26 09:00:00,5105000.0,5149000.0,4990000.0,5018000.0,47113.38098229,238994829384.73407
2021-10-27 09:00:00,5019000.0,5185000.0,4802000.0,4820000.0,126385.48324463,631220160658.3412
2021-10-28 09:00:00,4820000.0,5172000.0,4752000.0,5170000.0,78326.34882504,389622856218.3352
2021-10-29 09:00:00,5170000.0,5350000.0,5140000.0,5291000.0,73803.82788089,386834324491.0435
2021-10-30 09:00:00,5292000.0,5305000.0,5067000.0,5131000.0,52850.3713316,273357091145.8974
2021-10-31 09:00:00,5131000.0,5237000.0,4995000.0,5062000.0,55203.47158334,281826473024.4842
2021-11-01 09:00:00,5068000.0,5200000.0,4950000.0,5134000.0,45890.14870039,233725968624.62253
2021-11-02 09:00:00,5134000.0,5399000.0,5092000.0,5376000.0,53510.60019025,280017813894.83636
2021-11-03 09:00:00,5376000.0,5499000.0,5260000.0,5461000.0,64607.08775705,347528201365.3987
2021-11-04 09:00:00,5460000.0,5487000.0,5372000.0,5450000.0,37988.50867991,205979407870.66748
2021-11-05 09:00:00,5450000.0,5485000.0,5396000.0,5440000.0,27849.88927434,151629484550.508
2021-11-06 09:00:00,5444000.0,5490000.0,5341000.0,5476000.0,29608.67182601,160319073043.9024
2021-11-07 09:00:00,5474000.0,5620000.0,5463000.0,5587000.0,31909.41698857,177319886283.71786
2021-11-08 09:00:00,5587000.0,5813000.0,5584000.0,5805000.0,46591.1720227,266979502141.64648
2021-11-09 09:00:00,5805000.0,5827000.0,5670000.0,5713000.0,41428.79268004,238691328217.70242
2021-11-10 09:00:00,5709000.0,5820000.0,5575000.0,5689000.0,53745.66221832,305465774047.56573
2021-11-11 09:00:00,5689000.0,5790000.0,5601000.0,5749000.0,31934.50541021,182119911755.13028
2021-11-12 09:00:00,5746000.0,5811000.0,5551000.0,5684000.0,40976.82100558,232474640330.14267
2021-11-13 09:00:00,5685000.0,5732000.0,5582000.0,5622000.0,24371.54869301,137596291422.06866
2021-11-14 09:00:00,5622000.0,5681000.0,5504000.0,5609000.0,26096.29283698,146072710246.8613
2021-11-15 09:00:00,5609000.0,5748000.0,5540000.0,5563000.0,39668.68979512,224279067150.72717
2021-11-16 09:00:00,5563000.0,5568000.0,5133000.0,5179000.0,99784.15517403,529216931358.10205
2021-11-17 09:00:00,5181000.0,5273000.0,5000000.0,5253000.0,79363.56576411,407318422621.37354
2021-11-18 09:00:00,5253000.0,5326000.0,4903000.0,4953000.0,83571.43991254,429798828461.8202
2021-11-19 09:00:00,4953000.0,5347000.0,4921000.0,5311000.0,62029.90456799,317537468782.7933
2021-11-20 09:00:00,5311000.0,5484000.0,5230000.0,5450000.0,38367.83900303,205080252300.82108
2021-11-21 09:00:00,5450000.0,5472000.0,5292000.0,5303000.0,30403.79133039,163970393624.77277
2021-11-22 09:00:00,5303000.0,5400000.0,5080000.0,5125000.0,47879.44609946,249932252788.24384
2021-11-23 09:00:00,5127000.0,5458000.0,5088000.0,5401000.0,52600.35190396,276069706670.6974
2021-11-24 09:00:00,5400000.0,5445000.0,5250000.0,5350000.0,46788.77213994,249443720242.2909
2021-11-25 09:00:00,5350000.0,5663000.0,5313000.0,5612000.0,66549.67224376,365305195852.1965
2021-11-26 09:00:00,5609000.0,5651000.0,5107000.0,5153000.0,103690.15858504,549364858618.3516
2021-11-27 09:00:00,5151000.0,5318000.0,5115000.0,5249000.0,34072.6485968,178614077635.0035
2021-11-28 09:00:00,5248000.0,5446000.0,5110000.0,5420000.0,47900.64337207,250914199428.10785
2021-11-29 09:00:00,5420000.0,5567000.0,5370000.0,5551000.0,40742.6861907,222590555397.5434
2021-11-30 09:00:00,5550000.0,5895000.0,5427000.0,5739000.0,92562.74430805,526430466233.4275
2021-12-01 09:00:00,5739000.0,5900000.0,5650000.0,5692000.0,59791.17347692,347537497380.3365
2021-12-02 09:00:00,5692000.0,5766000.0,5544000.0,5626000.0,54944.89495578,310073852056.6519
2021-12-03 09:00:00,5620000.0,5769000.0,5254000.0,5356000.0,65886.39719706,363345172086.61816
2021-12-04 09:00:00,5355000.0,5361000.0,4375000.0,5198000.0,232043.42633775,1160643605574.5789
2021-12-05 09:00:00,5198000.0,5360000.0,5039000.0,5259000.0,101824.30125362,531404756594.43036
2021-12-06 09:00:00,5257000.0,5420000.0,4918000.0,5388000.0,114692.35047943,587131435329.5885
2021-12-07 09:00:00,5384000.0,5486000.0,5308000.0,5379000.0,65179.87858431,352008051683.43005
2021-12-08 09:00:00,5381000.0,5490000.0,5247000.0,5462000.0,57978.69986535,312250202857.1074
2021-12-09 09:00:00,5462000.0,5500000.0,5103000.0,5128000.0,55425.49227787,294081241472.9208
2021-12-10 09:00:00,5128000.0,5250000.0,4939000.0,4955000.0,78341.30249972,398635536697.1041
2021-12-11 09:00:00,4955000.0,5100000.0,4886000.0,5089000.0,45145.83484402,226145630910.6432
2021-12-12 09:00:00,5089000.0,5175000.0,5000000.0,5119000.0,33114.48254025,167724274770.89297
2021-12-13 09:00:00,5120000.0,5135000.0,4662000.0,4747000.0,91931.84106488,447505459814.25494
2021-12-14 09:00:00,4748000.0,4825000.0,4566000.0,4781000.0,79947.03179446,376651893380.551
2021-12-15 09:00:00,4780000.0,5141000.0,4551000.0,5037000.0,90285.06223422,437525893304.8085
2021-12-16 09:00:00,5038000.0,5120000.0,4954000.0,4965000.0,53165.96323269,267554027673.66498
2021-12-17 09:00:00,4965000.0,4999000.0,4676000.0,4872000.0,69380.8533428,335791783208.3432
2021-12-18 09:00:00,4869000.0,4964000.0,4734000.0,4933000.0,36916.42819397,179911471864.84314
2021-12-19 09:00:00,4932000.0,4999000.0,4865000.0,4899000.0,35030.38237327,172399557777.89304
2021-12-20 09:00:00,4899000.0,4947000.0,4700000.0,4866000.0,53342.44206669,255754689727.83612
2021-12-21 09:00:00,4866000.0,4996000.0,4818000.0,4936000.0,48674.2670212,239450815721.82962
2021-12-22 09:00:00,4937000.0,4990000.0,4850000.0,4893000.0,37319.31737659,183801200817.07352
2021-12-23 09:00:00,4893000.0,5010000.0,4802000.0,4971000.0,51755.71477436,253148731225.16714
2021-12-24 09:00:00,4971000.0,5025000.0,4913000.0,4937000.0,40049.96474363,199532555550.88364
2021-12-25 09:00:00,4937000.0,4994000.0,4894000.0,4954000.0,24017.01141226,118703904022.24226
2021-12-26 09:00:00,4954000.0,4979000.0,4890000.0,4917000.0,22468.34968176,110686382182.91162
2021-12-27 09:00:00,4917000.0,4957000.0,4864000.0,4896000.0,26616.36273442,130793474415.23866
2021-12-28 09:00:00,4896000.0,4899000.0,4630000.0,4650000.0,47598.61032631,226682654962.46594
2021-12-29 09:00:00,4650000.0,4682000.0,4423000.0,4456000.0,45101.86807459,206638930993.19547
2021-12-30 09:00:00,4457000.0,4578000.0,4402000.0,4506000.0,35708.67476671,160542691334.32092
2021-12-31 09:00:00,4505000.0,4628000.0,4461000.0,4505000.0,30082.00153897,136926663616.63087
2022-01-01 09:00:00,4505000.0,4599000.0,4504000.0,4577000.0,17660.11399252,80280456174.97699
2022-01-02 09:00:00,4577000.0,4681000.0,4541000.0,4652000.0,17866.26362148,82064170253.96738
2022-01-03 09:00:00,4651000.0,4677000.0,4513000.0,4591000.0,25092.11311102,115708750070.13058
2022-01-04 09:00:00,4591000.0,4743000.0,4516000.0,4619000.0,29575.94121495,136950069110.25677
2022-01-05 09:00:00,4619000.0,4672000.0,4240000.0,4382000.0,48802.18806316,218993948792.92917
2022-01-06 09:00:00,4382000.0,4408000.0,4094000.0,4212000.0,65073.35158243,274750212400.4113
2022-01-07 09:00:00,4212000.0,4222000.0,3850000.0,3955000.0,93597.55268905,372664159339.54175
2022-01-08 09:00:00,3956000.0,4009000.0,3766000.0,3860000.0,56103.74625239,218185653876.883
2022-01-09 09:00:00,3859000.0,3953000.0,3803000.0,3886000.0,32896.5601913,127559508348.72668
2022-01-10 09:00:00,3886000.0,3919000.0,3610000.0,3780000.0,73195.50144802,274651654425.7455
2022-01-11 09:00:00,3781000.0,3978000.0,3727000.0,3965000.0,55654.95136052,214232366219.36185
2022-01-12 09:00:00,3965000.0,4144000.0,3921000.0,4092000.0,47291.24124517,190387598398.24484
2022-01-13 09:00:00,4092000.0,4143000.0,3940000.0,3946000.0,38600.59591717,156194495550.72705
2022-01-14 09:00:00,3947000.0,4056000.0,3895000.0,4011000.0,30750.07027076,122067486853.21088
2022-01-15 09:00:00,4012000.0,4082000.0,3975000.0,4037000.0,17033.09353903,68630103142.41846
2022-01-16 09:00:00,4037000.0,4100000.0,3990000.0,4047000.0,18065.98309858,72977433217.40543
2022-01-17 09:00:00,4049000.0,4062000.0,3838000.0,3917000.0,27376.0171205,108322794278.55981
2022-01-18 09:00:00,3917000.0,3939000.0,3750000.0,3821000.0,30446.39056344,116678297425.8401
2022-01-19 09:00:00,3821000.0,3842000.0,3688000.0,3720000.0,30321.86844904,113953499378.775
2022-01-20 09:00:00,3725000.0,3935000.0,3644000.0,3660000.0,40113.6227371,151834231759.27908
2022-01-21 09:00:00,3660000.0,3692000.0,3098000.0,3196000.0,125351.41975165,426709244589.57886
2022-01-22 09:00:00,3197000.0,3244000.0,2886000.0,2987000.0,148898.03976371,453478133769.0801
2022-01-23 09:00:00,2988000.0,3130000.0,2930000.0,3097000.0,69286.35272975,210160724336.96478
2022-01-24 09:00:00,3100000.0,3101000.0,2672000.0,2980000.0,183862.16762787,522767948650.5325
2022-01-25 09:00:00,2980000.0,3044000.0,2860000.0,2986000.0,86202.77205434,254167276469.5026
2022-01-26 09:00:00,2987000.0,3318000.0,2944000.0,3017000.0,154884.87661006,480520994619.42725
2022-01-27 09:00:00,3016000.0,3093000.0,2884000.0,2987000.0,107811.16720991,321600946482.8601
2022-01-28 09:00:00,2989000.0,3158000.0,2931000.0,3139000.0,87197.50029696,262664365463.8354
2022-01-29 09:00:00,3139000.0,3249000.0,3121000.0,3217000.0,68155.74949735,215973892287.4941
2022-01-30 09:00:00,3218000.0,3278000.0,3165000.0,3243000.0,42594.33578366,137306271507.63676
2022-01-31 09:00:00,3241000.0,3330000.0,3080000.0,3301000.0,56375.81855823,180499880511.92792
2022-02-01 09:00:00,3301000.0,3457000.0,3290000.0,3440000.0,51964.70016778,176423501970.77878
2022-02-02 09:00:00,3440000.0,3459000.0,3255000.0,3303000.0,63925.04833746,215041812476.35135
2022-02-03 09:00:00,3300000.0,3368000.0,3184000.0,3308000.0,54440.06189202,177574843051.52408
2022-02-04 09:00:00,3307000.0,3654000.0,3280000.0,3650000.0,93357.01729261,324433068312.7668
2022-02-05 09:00:00,3651000.0,3759000.0,3613000.0,3695000.0,63702.12950414,234372047716.52576
2022-02-06 09:00:00,3697000.0,3753000.0,3610000.0,3733000.0,46035.86645817,169875741804.7713
2022-02-07 09:00:00,3733000.0,3880000.0,3670000.0,3830000.0,63054.5463089,237992122737.6449
2022-02-08 09:00:00,3828000.0,3934000.0,3693000.0,3801000.0,76304.13924537,290004025020.64594
2022-02-09 09:00:00,3801000.0,3944000.0,3722000.0,3916000.0,40165.23919525,153630183448.02805
2022-02-10 09:00:00,3917000.0,3956000.0,3741000.0,3754000.0,77904.66846625,300580661371.73676
2022-02-11 09:00:00,3752000.0,3804000.0,3510000.0,3578000.0,63212.77979229,233143894230.696
2022-02-12 09:00:00,3582000.0,3630000.0,3490000.0,3565000.0,47259.82847851,168526786647.80826
2022-02-13 09:00:00,3567000.0,3609000.0,3503000.0,3519000.0,25522.19160474,90949768410.69162
2022-02-14 09:00:00,3519000.0,3605000.0,3458000.0,3553000.0,42478.6819087,149616288812.71115
2022-02-15 09:00:00,3553000.0,3859000.0,3536000.0,3847000.0,52135.85630429,193771414573.97656
2022-02-16 09:00:00,3847000.0,3858000.0,3710000.0,3793000.0,46109.7965995,174922696286.3192
2022-02-17 09:00:00,3791000.0,3828000.0,3496000.0,3527000.0,71881.41186376,263165144193.0863
2022-02-18 09:00:00,3527000.0,3580000.0,3372000.0,3410000.0,66458.08128818,231974618110.2473
2022-02-19 09:00:00,3410000.0,3461000.0,3291000.0,3383000.0,41697.56482326,140513230736.3024
2022-02-20 09:00:00,3383000.0,3383000.0,3166000.0,3218000.0,56692.22005006,184000675861.44193
2022-02-21 09:00:00,3219000.0,3357000.0,3128000.0,3149000.0,88888.68086172,289538928195.02234
2022-02-22 09:00:00,3149000.0,3246000.0,3066000.0,3209000.0,74273.55852501,234050844724.40714
2022-02-23 09:00:00,3209000.0,3352000.0,3150000.0,3154000.0,62008.14153107,201245256452.72794
2022-02-24 09:00:00,3155000.0,3318000.0,2860000.0,3184000.0,165160.64730522,498896271013.6363
2022-02-25 09:00:00,3185000.0,3452000.0,3151000.0,3376000.0,82006.48009629,267610331354.92822
2022-02-26 09:00:00,3373000.0,3499000.0,3340000.0,3402000.0,54513.02520941,185628570667.23386
2022-02-27 09:00:00,3403000.0,3454000.0,3158000.0,3217000.0,88005.61635412,292365546391.07306
2022-02-28 09:00:00,3217000.0,3548000.0,3163000.0,3534000.0,110013.72098857,366129838738.6108
2022-03-01 09:00:00,3534000.0,3678000.0,3473000.0,3605000.0,99849.56779748,356786387690.92175
2022-03-02 09:00:00,3605000.0,3673000.0,3541000.0,3587000.0,71023.67883474,256465656765.47073
2022-03-03 09:00:00,3587000.0,3612000.0,3415000.0,3460000.0,60602.47499213,212926176063.0734
2022-03-04 09:00:00,3460000.0,3465000.0,3204000.0,3247000.0,69744.31428106,231612320898.92032
2022-03-05 09:00:00,3247000.0,3310000.0,3210000.0,3290000.0,34010.56847448,110955465853.63278
2022-03-06 09:00:00,3290000.0,3307000.0,3163000.0,3177000.0,32930.15642305,106890771172.42073
2022-03-07 09:00:00,3177000.0,3278000.0,3063000.0,3105000.0,66629.01255852,210835931961.5965
2022-03-08 09:00:00,3108000.0,3260000.0,3099000.0,3203000.0,47433.94052758,151175788094.8742
2022-03-09 09:00:00,3207000.0,3417000.0,3200000.0,3355000.0,72614.18726011,243172845750.28616
2022-03-10 09:00:00,3355000.0,3367000.0,3186000.0,3233000.0,56239.67319363,182747914965.30084
2022-03-11 09:00:00,3235000.0,3325000.0,3155000.0,3193000.0,49198.13050214,158773941843.87628
2022-03-12 09:00:00,3193000.0,3251000.0,3190000.0,3210000.0,21787.82842157,70154627051.1325
2022-03-13 09:00:00,3207000.0,3241000.0,3135000.0,3154000.0,28798.84373267,92001125221.55122
2022-03-14 09:00:00,3154000.0,3245000.0,3134000.0,3210000.0,39914.06359074,127528302108.98364
2022-03-15 09:00:00,3211000.0,3291000.0,3144000.0,3235000.0,39597.05525928,126568306321.11546
2022-03-16 09:00:00,3236000.0,3426000.0,3221000.0,3396000.0,69660.86794033,231232664921.51593
2022-03-17 09:00:00,3396000.0,3463000.0,3360000.0,3440000.0,36843.21317396,125530163693.73878
2022-03-18 09:00:00,3436000.0,3618000.0,3386000.0,3575000.0,51271.625161,178981052020.64108
2022-03-19 09:00:00,3575000.0,3631000.0,3524000.0,3580000.0,37087.05286837,133075391240.04784
2022-03-20 09:00:00,3580000.0,3597000.0,3455000.0,3503000.0,37091.37202412,130958880907.52402
2022-03-21 09:00:00,3504000.0,3610000.0,3470000.0,3533000.0,37449.33115047,132538152305.66235
2022-03-22 09:00:00,3532000.0,3692000.0,3532000.0,3626000.0,52824.64437649,192362308191.3957
2022-03-23 09:00:00,3626000.0,3700000.0,3578000.0,3689000.0,43065.59326015,156345895926.0959
2022-03-24 09:00:00,3688000.0,3770000.0,3650000.0,3735000.0,47114.65382643,174706418801.67456
2022-03-25 09:00:00,3738000.0,3843000.0,3710000.0,3770000.0,39130.86488684,148117654372.2317
2022-03-26 09:00:00,3770000.0,3816000.0,3737000.0,3810000.0,20494.74821835,77593715867.82774
2022-03-27 09:00:00,3810000.0,3940000.0,3780000.0,3931000.0,31376.80514549,120637677099.78406
2022-03-28 09:00:00,3931000.0,4101000.0,3905000.0,4025000.0,50651.35727207,203023839277.12424
2022-03-29 09:00:00,4026000.0,4202000.0,4020000.0,4086000.0,56433.99849142,231788267856.3865
2022-03-30 09:00:00,4086000.0,4116000.0,4007000.0,4066000.0,41753.07299914,169837984166.8185
2022-03-31 09:00:00,4066000.0,4141000.0,3965000.0,3990000.0,43688.57812174,177715321984.13095
2022-04-01 09:00:00,3990000.0,4220000.0,3926000.0,4205000.0,48847.2981487,198586606924.4001
2022-04-02 09:00:00,4205000.0,4300000.0,4188000.0,4210000.0,35242.09886732,149388443461.36862
2022-04-03 09:00:00,4211000.0,4348000.0,4180000.0,4300000.0,28025.43768065,119391029297.79343
2022-04-04 09:00:00,4300000.0,4337000.0,4190000.0,4313000.0,34779.52077611,148307388573.42432
2022-04-05 09:00:00,4309000.0,4344000.0,4209000.0,4213000.0,31142.12730041,133239801859.97012
2022-04-06 09:00:00,4213000.0,4215000.0,3891000.0,3898000.0,73360.04460645,296397301859.45416
2022-04-07 09:00:00,3899000.0,4050000.0,3875000.0,3995000.0,46952.59373046,186092447943.1356
2022-04-08 09:00:00,3995000.0,4120000.0,3983000.0,4004000.0,42130.80023532,170766363101.72488
2022-04-09 09:00:00,4004000.0,4077000.0,3983000.0,4061000.0,18781.5411496,75482588916.85144
2022-04-10 09:00:00,4061000.0,4110000.0,4008000.0,4016000.0,16300.75696583,66122079666.73279
2022-04-11 09:00:00,4016000.0,4027000.0,3760000.0,3774000.0,69912.8622571,269996348769.3111
2022-04-12 09:00:00,3774000.0,3886000.0,3713000.0,3822000.0,63144.91290791,240017444346.27057
2022-04-13 09:00:00,3821000.0,3929000.0,3781000.0,3912000.0,39485.10327985,152039281101.7627
2022-04-14 09:00:00,3912000.0,3932000.0,3751000.0,3797000.0,41424.23365776,159685630375.86835
2022-04-15 09:00:00,3796000.0,3830000.0,3766000.0,3813000.0,22385.16635451,85013215828.36325
2022-04-16 09:00:00,3813000.0,3861000.0,3781000.0,3827000.0,14300.73188653,54473789379.96599
2022-04-17 09:00:00,3823000.0,3845000.0,3756000.0,3766000.0,16250.6855719,61860932625.41913
2022-04-18 09:00:00,3766000.0,3838000.0,3635000.0,3808000.0,42857.78374517,159157936362.1561
2022-04-19 09:00:00,3808000.0,3879000.0,3770000.0,3845000.0,34143.66389879,130765819449.80804
2022-04-20 09:00:00,3846000.0,3919000.0,3792000.0,3823000.0,27374.73284002,105442875138.01099
2022-04-21 09:00:00,3823000.0,3925000.0,3719000.0,3751000.0,34359.07120923,131807019995.14445
2022-04-22 09:00:00,3751000.0,3776000.0,3695000.0,3720000.0,25711.28886244,96199345300.47429
2022-04-23 09:00:00,3720000.0,3740000.0,3671000.0,3702000.0,13455.52258428,49989089445.94153
2022-04-24 09:00:00,3702000.0,3724000.0,3670000.0,3677000.0,14905.4264984,55135258619.85614
2022-04-25 09:00:00,3677000.0,3798000.0,3551000.0,3765000.0,42520.39062027,154908103038.55774
2022-04-26 09:00:00,3766000.0,3799000.0,3553000.0,3596000.0,39317.76054752,144903248081.44562
2022-04-27 09:00:00,3597000.0,3702000.0,3580000.0,3677000.0,24282.80747333,88548828688.10548
2022-04-28 09:00:00,3677000.0,3786000.0,3646000.0,3737000.0,26791.87550921,99426527734.26614
2022-04-29 09:00:00,3737000.0,3753000.0,3603000.0,3628000.0,26801.56704786,98394104872.86331
2022-04-30 09:00:00,3630000.0,3656000.0,3564000.0,3570000.0,17625.43521376,63781250319.53114
2022-05-01 09:00:00,3570000.0,3650000.0,3530000.0,3625000.0,23539.08408716,84345421231.71576
2022-05-02 09:00:00,3625000.0,3690000.0,3575000.0,3668000.0,28558.40556765,103782174253.9549
2022-05-03 09:00:00,3667000.0,3675000.0,3570000.0,3592000.0,22905.50654984,83070066416.85416
2022-05-04 09:00:00,3595000.0,3783000.0,3585000.0,3751000.0,32342.58245616,118580165966.56248
2022-05-05 09:00:00,3752000.0,3775000.0,3525000.0,3576000.0,44544.97316833,162081920675.23267
2022-05-06 09:00:00,3576000.0,3589000.0,3445000.0,3516000.0,35364.11836744,124285381802.65521
2022-05-07 09:00:00,3516000.0,3519000.0,3425000.0,3456000.0,15633.49455129,54460035759.33753
2022-05-08 09:00:00,3456000.0,3463000.0,3285000.0,3311000.0,32698.30972128,109684182917.6429
2022-05-09 09:00:00,3312000.0,3333000.0,3025000.0,3038000.0,92388.66206083,291222948236.28815
2022-05-10 09:00:00,3038000.0,3225000.0,2968000.0,3095000.0,90011.24187953,280700299716.4725
2022-05-11 09:00:00,3097000.0,3299000.0,2812000.0,2884000.0,197471.71707922,605144687161.0381
2022-05-12 09:00:00,2884000.0,2984000.0,2450000.0,2648000.0,205240.63886799,546890751956.0728
2022-05-13 09:00:00,2647000.0,2841000.0,2616000.0,2694000.0,120831.64523344,332745981020.5682
2022-05-14 09:00:00,2694000.0,2780000.0,2609000.0,2733000.0,58405.11587875,158140676751.03912
2022-05-15 09:00:00,2732000.0,2826000.0,2667000.0,2806000.0,41871.49679296,114723383762.19476
2022-05-16 09:00:00,2806000.0,2809000.0,2622000.0,2660000.0,56260.19328081,151401701766.46097
2022-05-17 09:00:00,2661000.0,2742000.0,2617000.0,2695000.0,50208.23970187,134759529542.21405
2022-05-18 09:00:00,2696000.0,2715000.0,2465000.0,2472000.0,59690.49480803,154048479621.01157
2022-05-19 09:00:00,2473000.0,2610000.0,2450000.0,2583000.0,53482.29408966,135070332097.94434
2022-05-20 09:00:00,2582000.0,2649000.0,2491000.0,2538000.0,43075.36229295,110917000433.67976
2022-05-21 09:00:00,2537000.0,2565000.0,2513000.0,2552000.0,19261.93397533,48999660186.0579
2022-05-22 09:00:00,2552000.0,2640000.0,2543000.0,2627000.0,23558.4776052,61023064019.73132
2022-05-23 09:00:00,2626000.0,2666000.0,2512000.0,2533000.0,40295.78705015,104983242210.2991
2022-05-24 09:00:00,2533000.0,2553000.0,2450000.0,2525000.0,36764.88947898,92251527003.25043
2022-05-25 09:00:00,2525000.0,2564000.0,2478000.0,2494000.0,33407.42272637,84111796331.72502
2022-05-26 09:00:00,2495000.0,2513000.0,2252000.0,2314000.0,95110.33605038,226257512123.19876
2022-05-27 09:00:00,2314000.0,2331000.0,2201000.0,2225000.0,79286.2646599,179097885044.6717
2022-05-28 09:00:00,2224000.0,2305000.0,2215000.0,2286000.0,36021.51531835,81432223441.44817
2022-05-29 09:00:00,2284000.0,2327000.0,2250000.0,2306000.0,24902.90143411,56988946003.92613
2022-05-30 09:00:00,2305000.0,2519000.0,2290000.0,2494000.0,53397.95269205,128170068120.8211
2022-05-31 09:00:00,2494000.0,2517000.0,2421000.0,2439000.0,49419.62944699,122184077567.29393
2022-06-01 09:00:00,2439000.0,2476000.0,2255000.0,2312000.0,55116.37970652,131775092489.48619
2022-06-02 09:00:00,2313000.0,2338000.0,2263000.0,2313000.0,41476.56731005,95581518385.2862
2022-06-03 09:00:00,2314000.0,2319000.0,2220000.0,2262000.0,42175.56090269,95528779262.53906
2022-06-04 09:00:00,2262000.0,2304000.0,2235000.0,2291000.0,17061.98617453,38552923839.52855
2022-06-05 09:00:00,2290000.0,2319000.0,2255000.0,2296000.0,17244.84958029,39383694187.69209
2022-06-06 09:00:00,2295000.0,2412000.0,2292000.0,2346000.0,40136.37012001,95098952320.3937
2022-06-07 09:00:00,2346000.0,2366000.0,2213000.0,2296000.0,70598.49647443,159530796095.0496
2022-06-08 09:00:00,2296000.0,2330000.0,2251000.0,2286000.0,34792.74294188,79603110028.30067
2022-06-09 09:00:00,2286000.0,2321000.0,2265000.0,2273000.0,26390.6466693,60306704016.1736
2022-06-10 09:00:00,2273000.0,2291000.0,2150000.0,2156000.0,52867.74297214,117325010312.92293
2022-06-11 09:00:00,2156000.0,2178000.0,1956000.0,2001000.0,126370.28881024,257906649957.03098
2022-06-12 09:00:00,2001000.0,2011000.0,1855000.0,1873500.0,106369.66771498,203764315913.7205
2022-06-13 09:00:00,1873500.0,1895000.0,1524500.0,1577500.0,355457.20955066,589404696551.2993
2022-06-14 09:00:00,1576000.0,1637500.0,1407000.0,1573500.0,296154.22378216,456264295698.04254
2022-06-15 09:00:00,1573500.0,1620000.0,1350000.0,1601500.0,465129.37958289,685409940844.5015
2022-06-16 09:00:00,1601500.0,1621000.0,1388500.0,1408000.0,225398.70182606,337115687972.48676
2022-06-17 09:00:00,1408000.0,1462500.0,1378500.0,1432500.0,135065.08203595,192792498590.64236
2022-06-18 09:00:00,1432000.0,1445500.0,1201500.0,1313000.0,268059.05323275,350980975632.78906
2022-06-19 09:00:00,1312500.0,1487500.0,1237500.0,1462000.0,275753.35360358,377143596577.1303
2022-06-20 09:00:00,1462000.0,1516000.0,1373000.0,1460500.0,222374.50569095,321114390295.92267
2022-06-21 09:00:00,1460500.0,1535500.0,1440000.0,1466500.0,167537.16091613,249535652186.18726
2022-06-22 09:00:00,1466500.0,1468000.0,1374000.0,1378000.0,124033.77233742,176491955219.74014
2022-06-23 09:00:00,1378000.0,1495000.0,1373500.0,1481500.0,92824.65778478,133490849353.95209
2022-06-24 09:00:00,1481500.0,1613500.0,1468500.0,1591500.0,115083.32085358,176671084620.9381
2022-06-25 09:00:00,1592000.0,1630000.0,1536500.0,1608500.0,77594.97887183,122836582762.7896
2022-06-26 09:00:00,1608000.0,1660000.0,1560000.0,1564500.0,75761.6078682,121910899748.95718
2022-06-27 09:00:00,1563500.0,1604000.0,1528000.0,1553000.0,73384.76766253,115030117044.86818
2022-06-28 09:00:00,1553000.0,1600500.0,1490500.0,1498000.0,77320.59417323,119332715640.22128
2022-06-29 09:00:00,1498000.0,1510000.0,1435500.0,1453000.0,75102.95523452,110798956613.25607
2022-06-30 09:00:00,1453000.0,1462000.0,1331500.0,1400500.0,100591.49476261,138513409990.66605
2022-07-01 09:00:00,1398500.0,1450000.0,1365000.0,1403500.0,101323.79220658,142208338852.03918
2022-07-02 09:00:00,1405000.0,1424000.0,1364000.0,1409500.0,42066.22324614,58517932849.08219
2022-07-03 09:00:00,1409500.0,1433500.0,1381500.0,1416000.0,37904.04946525,53328185296.65972
2022-07-04 09:00:00,1416000.0,1514500.0,1380000.0,1500000.0,75465.56686933,108503352129.02858
2022-07-05 09:00:00,1501000.0,1539500.0,1432000.0,1491500.0,91375.82056706,136243000501.61783
2022-07-06 09:00:00,1491000.0,1576000.0,1468500.0,1553500.0,75022.15020396,113215485322.83221
2022-07-07 09:00:00,1553500.0,1628000.0,1527000.0,1607500.0,69315.71204157,109185587967.44456
2022-07-08 09:00:00,1607000.0,1651000.0,1567000.0,1590000.0,97530.60463689,156938220113.36545
2022-07-09 09:00:00,1590000.0,1607000.0,1575000.0,1588000.0,33637.7630676,53457809599.89213
2022-07-10 09:00:00,1587500.0,1592000.0,1516500.0,1530000.0,42677.09468012,66012146984.74809
2022-07-11 09:00:00,1530000.0,1537000.0,1451000.0,1454500.0,56091.08838472,84072765660.0976
2022-07-12 09:00:00,1454500.0,1456500.0,1378000.0,1381000.0,74666.41992519,105921954202.00853
2022-07-13 09:00:00,1380500.0,1468000.0,1345500.0,1466500.0,120082.70369892,168105669620.92642
2022-07-14 09:00:00,1466500.0,1596000.0,1423000.0,1571000.0,100722.61070183,150585577410.8559
2022-07-15 09:00:00,1571000.0,1693000.0,1556500.0,1627000.0,98180.14470438,158155202780.53372
2022-07-16 09:00:00,1625500.0,1857500.0,1577500.0,1780500.0,140751.06067051,239998919500.46524
2022-07-17 09:00:00,1780500.0,1820000.0,1742000.0,1767500.0,117113.6074361,208908511123.2119
2022-07-18 09:00:00,1767500.0,2092000.0,1764000.0,2072000.0,185860.47179199,357242600697.55676
2022-07-19 09:00:00,2072000.0,2135000.0,1965000.0,2027000.0,184621.23102597,375119567884.9929
2022-07-20 09:00:00,2027000.0,2124000.0,1974000.0,1999000.0,156830.45497546,321994156628.2839
2022-07-21 09:00:00,2000000.0,2108000.0,1936000.0,2068000.0,118447.39370384,237430191670.66367
2022-07-22 09:00:00,2067000.0,2166000.0,2012000.0,2033000.0,113668.10271551,238318064405.7184
2022-07-23 09:00:00,2036000.0,2102000.0,1985000.0,2049000.0,75889.32780029,155127131331.11377
2022-07-24 09:00:00,2049000.0,2184000.0,2046000.0,2109000.0,107719.82301329,227248159349.5799
2022-07-25 09:00:00,2111000.0,2127000.0,1926500.0,1932000.0,138488.87743122,279208674505.4448
2022-07-26 09:00:00,1932000.0,1944000.0,1818500.0,1936500.0,128053.76286449,241291275305.01987
2022-07-27 09:00:00,1937000.0,2159000.0,1902500.0,2153000.0,155223.37232726,313186568853.13635
2022-07-28 09:00:00,2152000.0,2328000.0,2106000.0,2256000.0,174828.14347247,383259186250.1904
2022-07-29 09:00:00,2256000.0,2325000.0,2189000.0,2275000.0,130199.32382854,293865374017.02216
2022-07-30 09:00:00,2275000.0,2295000.0,2221000.0,2243000.0,70837.76991132,160120207458.5159
2022-07-31 09:00:00,2243000.0,2299000.0,2205000.0,2215000.0,58264.26142957,130993897197.39735
2022-08-01 09:00:00,2215000.0,2246000.0,2139000.0,2167000.0,60371.54762382,132869223576.31882
2022-08-02 09:00:00,2166000.0,2223000.0,2082000.0,2183000.0,89154.46927378,190971096703.0954
2022-08-03 09:00:00,2186000.0,2239000.0,2141000.0,2178000.0,62501.80645118,136872956063.4605
2022-08-04 09:00:00,2179000.0,2215000.0,2125000.0,2151000.0,56928.04169836,123548518763.86002
2022-08-05 09:00:00,2154000.0,2297000.0,2148000.0,2293000.0,82392.36236105,183516912305.61313
2022-08-06 09:00:00,2293000.0,2314000.0,2241000.0,2247000.0,43800.97341668,99978137989.23006
2022-08-07 09:00:00,2247000.0,2283000.0,2223000.0,2254000.0,33461.90984268,75266059250.64198
2022-08-08 09:00:00,2254000.0,2390000.0,2249000.0,2348000.0,74919.47021129,174462387049.59262
2022-08-09 09:00:00,2345000.0,2370000.0,2236000.0,2280000.0,79232.51817752,182363971627.1987
2022-08-10 09:00:00,2281000.0,2485000.0,2232000.0,2445000.0,140841.91742328,332917055245.8659
2022-08-11 09:00:00,2445000.0,2561000.0,2442000.0,2497000.0,123980.30363001,310779497349.46936
2022-08-12 09:00:00,2495000.0,2604000.0,2472000.0,2597000.0,65164.83866398,164749516106.4614
2022-08-13 09:00:00,2598000.0,2676000.0,2583000.0,2644000.0,71717.54285086,189182069281.75128
2022-08-14 09:00:00,2644000.0,2694000.0,2554000.0,2594000.0,64628.39473699,170039279264.01144
2022-08-15 09:00:00,2594000.0,2673000.0,2525000.0,2561000.0,81769.50668028,211138547177.32095
2022-08-16 09:00:00,2561000.0,2573000.0,2501000.0,2524000.0,53258.02056165,134959650973.4285
2022-08-17 09:00:00,2524000.0,2606000.0,2451000.0,2482000.0,81404.27555476,205054852306.85724
2022-08-18 09:00:00,2482000.0,2543000.0,2469000.0,2529000.0,44019.75852175,110446801783.21062
2022-08-19 09:00:00,2529000.0,2531000.0,2205000.0,2212000.0,154699.60806269,366921543710.0419
2022-08-20 09:00:00,2210000.0,2287000.0,2110000.0,2191000.0,90251.24350029,200765969776.57904
2022-08-21 09:00:00,2190000.0,2251000.0,2149000.0,2216000.0,63612.43451599,140412793221.41196
2022-08-22 09:00:00,2216000.0,2224000.0,2112000.0,2221000.0,78025.55255116,168963728285.40982
2022-08-23 09:00:00,2221000.0,2277000.0,2142000.0,2263000.0,75519.49567835,167195943708.38538
2022-08-24 09:00:00,2262000.0,2300000.0,2202000.0,2255000.0,60758.06197723,136637420449.11765
2022-08-25 09:00:00,2255000.0,2335000.0,2251000.0,2300000.0,48167.54069692,110754656991.51288
2022-08-26 09:00:00,2302000.0,2315000.0,2060000.0,2086000.0,134844.99961486,298576992851.59143
2022-08-27 09:00:00,2086000.0,2102000.0,2010000.0,2063000.0,65272.84085762,134647599812.40726
2022-08-28 09:00:00,2063000.0,2090000.0,1975000.0,1979500.0,42888.04738823,87467460530.23451
2022-08-29 09:00:00,1978000.0,2138000.0,1970500.0,2127000.0,74358.77669216,152315066121.40573
2022-08-30 09:00:00,2126000.0,2203000.0,2047000.0,2103000.0,94895.85651126,202500054228.69333
2022-08-31 09:00:00,2101000.0,2209000.0,2100000.0,2136000.0,89723.27581206,194103998395.4236
2022-09-01 09:00:00,2136000.0,2193000.0,2098000.0,2175000.0,76365.25878029,163585697814.19833
2022-09-02 09:00:00,2176000.0,2260000.0,2145000.0,2176000.0,97587.30500072,214881159136.77457
2022-09-03 09:00:00,2176000.0,2189000.0,2131000.0,2152000.0,37260.34287108,80366888160.73984
2022-09-04 09:00:00,2153000.0,2184000.0,2135000.0,2173000.0,28386.65885899,61221611093.1573
2022-09-05 09:00:00,2174000.0,2247000.0,2153000.0,2228000.0,61973.01936844,135750120540.85236
2022-09-06 09:00:00,2226000.0,2321000.0,2178000.0,2183000.0,121839.9062408,275595198519.5428
2022-09-07 09:00:00,2183000.0,2295000.0,2103000.0,2262000.0,91984.82916811,200250546316.33698
2022-09-08 09:00:00,2262000.0,2300000.0,2225000.0,2270000.0,58246.54243785,131921429028.16817
2022-09-09 09:00:00,2271000.0,2376000.0,2267000.0,2355000.0,68702.92218077,160632726375.16324
2022-09-10 09:00:00,2353000.0,2430000.0,2335000.0,2416000.0,41928.39890199,99457097650.84038
2022-09-11 09:00:00,2414000.0,2431000.0,2373000.0,2407000.0,38460.47103801,92397900399.16684
2022-09-12 09:00:00,2407000.0,2427000.0,2320000.0,2346000.0,60911.50652523,144742750403.25772
2022-09-13 09:00:00,2346000.0,2384000.0,2163000.0,2184000.0,107648.9831191,242809340589.65463
2022-09-14 09:00:00,2183000.0,2303000.0,2160000.0,2291000.0,74307.19599593,165634499045.09576
2022-09-15 09:00:00,2290000.0,2342000.0,2110000.0,2128000.0,176152.22708184,392510831420.4816
2022-09-16 09:00:00,2128000.0,2132000.0,2000000.0,2025000.0,76559.08373101,157738582042.99066
2022-09-17 09:00:00,2025000.0,2069000.0,1993500.0,2058000.0,46838.07809105,95011724297.89688
2022-09-18 09:00:00,2059000.0,2060000.0,1872000.0,1891500.0,75313.04333253,147388499831.6635
2022-09-19 09:00:00,1891500.0,1965000.0,1827500.0,1940500.0,94088.49472047,177102460467.9704
2022-09-20 09:00:00,1941000.0,1955000.0,1862000.0,1876000.0,46218.56556958,88399184299.86623
2022-09-21 09:00:00,1877000.0,1977000.0,1758000.0,1792000.0,92873.63134318,173306735356.07474
2022-09-22 09:00:00,1791000.0,1916500.0,1781500.0,1884500.0,77566.50325844,142386934625.2645
2022-09-23 09:00:00,1885000.0,1936000.0,1817500.0,1899500.0,76845.60696966,144475066910.04434
2022-09-24 09:00:00,1899000.0,1936500.0,1880000.0,1898500.0,35926.22204513,68545656487.0577
2022-09-25 09:00:00,1899500.0,1917000.0,1835000.0,1864000.0,31052.69584987,58503477533.69439
2022-09-26 09:00:00,1862000.0,1920000.0,1848000.0,1916000.0,47431.3927679,89517064193.76021
2022-09-27 09:00:00,1916000.0,1995000.0,1880500.0,1914000.0,73822.0026406,143903948620.72134
2022-09-28 09:00:00,1915500.0,1948000.0,1830000.0,1924000.0,64703.99805668,122115498229.62772
2022-09-29 09:00:00,1923000.0,1948000.0,1864500.0,1910500.0,51168.69648733,97785611983.19449
2022-09-30 09:00:00,1910000.0,1964000.0,1892500.0,1911000.0,43457.25421101,83458740837.1484
2022-10-01 09:00:00,1909000.0,1920000.0,1884500.0,1896500.0,16267.92768355,31001648371.883755
2022-10-02 09:00:00,1896500.0,1901500.0,1850000.0,1858500.0,20412.14703543,38355965591.14375
2022-10-03 09:00:00,1858500.0,1917500.0,1842500.0,1906000.0,26808.03074008,50628004135.77595
2022-10-04 09:00:00,1904500.0,1950000.0,1901500.0,1940000.0,33773.94138755,65183089834.69298
2022-10-05 09:00:00,1941000.0,1944500.0,1890000.0,1926000.0,32019.5797596,61447977779.23106
2022-10-06 09:00:00,1926000.0,1956500.0,1916000.0,1924500.0,34152.03550581,66136307307.3257
2022-10-07 09:00:00,1922500.0,1937500.0,1881500.0,1895500.0,30949.93175791,59124049103.02814
2022-10-08 09:00:00,1895000.0,1904000.0,1870000.0,1880000.0,13556.55780948,25643420411.008293
2022-10-09 09:00:00,1879000.0,1895500.0,1870500.0,1886000.0,10945.68468209,20594551912.59772
2022-10-10 09:00:00,1884000.0,1905000.0,1848000.0,1849500.0,21362.50137419,40056446161.550476
2022-10-11 09:00:00,1848000.0,1860000.0,1821500.0,1837000.0,25606.38459016,47091373556.99697
2022-10-12 09:00:00,1836500.0,1871500.0,1832500.0,1855500.0,16729.52029344,31030672176.82745
2022-10-13 09:00:00,1854000.0,1871500.0,1730500.0,1848000.0,62168.07247711,111894571191.97801
2022-10-14 09:00:00,1848000.0,1922000.0,1841500.0,1869000.0,37584.03472847,71104629683.35362
2022-10-15 09:00:00,1868500.0,1874500.0,1828000.0,1841000.0,12730.5289991,23612641998.826157
2022-10-16 09:00:00,1841000.0,1891500.0,1841000.0,1875000.0,11775.96745396,21935397949.164536
2022-10-17 09:00:00,1875000.0,1916000.0,1861000.0,1904500.0,22658.67867432,42874186471.05257
2022-10-18 09:00:00,1904500.0,1920000.0,1856500.0,1884500.0,26722.47034139,50665057052.74121
2022-10-19 09:00:00,1884500.0,1888000.0,1851000.0,1856500.0,19567.43082187,36581868180.26014
2022-10-20 09:00:00,1857000.0,1883000.0,1840000.0,1852500.0,19019.0417125,35336553915.80535
2022-10-21 09:00:00,1850500.0,1880000.0,1820500.0,1873000.0,21268.10721478,39430633706.78191
2022-10-22 09:00:00,1872000.0,1896500.0,1865000.0,1887000.0,12044.13378539,22652229338.411144
2022-10-23 09:00:00,1888500.0,1959500.0,1875000.0,1951500.0,22786.8753008,43608832860.99844
2022-10-24 09:00:00,1950000.0,1963000.0,1910000.0,1931500.0,24414.14305213,47282660925.4281
2022-10-25 09:00:00,1932000.0,2150000.0,1918000.0,2072000.0,63350.10661563,128726082300.11053
2022-10-26 09:00:00,2072000.0,2234000.0,2067000.0,2193000.0,79074.25710068,170828301446.35675
2022-10-27 09:00:00,2194000.0,2208000.0,2120000.0,2133000.0,53601.07121186,116519030368.9388
2022-10-28 09:00:00,2133000.0,2211000.0,2103000.0,2186000.0,45917.62433924,98782566656.883
2022-10-29 09:00:00,2184000.0,2310000.0,2177000.0,2265000.0,59175.04040145,133982969058.3425
2022-10-30 09:00:00,2263000.0,2300000.0,2218000.0,2231000.0,29756.86074612,67100385313.8704
2022-10-31 09:00:00,2234000.0,2291000.0,2184000.0,2208000.0,38155.11993488,85097269275.84097
2022-11-01 09:00:00,2207000.0,2250000.0,2200000.0,2218000.0,26295.8236365,58476358599.08694
2022-11-02 09:00:00,2215000.0,2285000.0,2136000.0,2157000.0,55494.97503566,122484620348.4188
2022-11-03 09:00:00,2157000.0,2207000.0,2156000.0,2176000.0,25689.20587408,56130564664.83186
2022-11-04 09:00:00,2175000.0,2330000.0,2173000.0,2288000.0,58125.28789819,131111476196.01773
2022-11-05 09:00:00,2286000.0,2319000.0,2267000.0,2276000.0,25680.01447063,58829616868.64788
2022-11-06 09:00:00,2276000.0,2291000.0,2207000.0,2213000.0,19443.52880578,43871761578.052
2022-11-07 09:00:00,2210000.0,2250000.0,2182000.0,2209000.0,32548.57903294,72068914556.4595
2022-11-08 09:00:00,2206000.0,2216000.0,1860000.0,1917000.0,162725.49897791,329776704435.08777
2022-11-09 09:00:00,1917000.0,1930000.0,1548500.0,1588500.0,258495.89406217,447396296688.31714
2022-11-10 09:00:00,1589500.0,1874500.0,1573500.0,1830000.0,208222.15128443,361629546486.5822
2022-11-11 09:00:00,1832000.0,1854000.0,1675000.0,1788500.0,130043.0206583,228754736545.57074
2022-11-12 09:00:00,1788000.0,1794500.0,1714500.0,1748500.0,58148.92357943,101921770429.89806
2022-11-13 09:00:00,1748500.0,1765000.0,1671500.0,1684000.0,64133.016662,109712196174.88977
2022-11-14 09:00:00,1684500.0,1763500.0,1583000.0,1695500.0,129820.89771468,217686342235.90118
2022-11-15 09:00:00,1695500.0,1751000.0,1682000.0,1708500.0,59212.91692913,101645852077.50876
2022-11-16 09:00:00,1707000.0,1725500.0,1640000.0,1678000.0,53914.82626128,90731073957.30714
2022-11-17 09:00:00,1675500.0,1687500.0,1630000.0,1654500.0,38325.42284165,63485671763.97253
2022-11-18 09:00:00,1654000.0,1690000.0,1653500.0,1674000.0,31570.66432163,52769972239.42025
2022-11-19 09:00:00,1674000.0,1700000.0,1662500.0,1683500.0,19004.32067435,31863911388.307724
2022-11-20 09:00:00,1683500.0,1691500.0,1586500.0,1600500.0,44970.21827324,73610745919.7523
2022-11-21 09:00:00,1601500.0,1604500.0,1530500.0,1560000.0,58130.11222646,91361933631.43307
2022-11-22 09:00:00,1560000.0,1593000.0,1516500.0,1586000.0,63393.44471679,98663890597.92409
2022-11-23 09:00:00,1585500.0,1644500.0,1575000.0,1639000.0,49509.39394667,79953156319.35641
2022-11-24 09:00:00,1639500.0,1673500.0,1625500.0,1648000.0,40350.7194246,66491136682.28195
2022-11-25 09:00:00,1647500.0,1651500.0,1602000.0,1645000.0,27212.06336001,44321847536.07245
2022-11-26 09:00:00,1645000.0,1689500.0,1643500.0,1659000.0,23198.99568381,38710686522.29617
2022-11-27 09:00:00,1659000.0,1678500.0,1641000.0,1648000.0,15501.31519788,25819490964.31697
2022-11-28 09:00:00,1645500.0,1651000.0,1600000.0,1609000.0,28742.94119608,46536773961.65374
2022-11-29 09:00:00,1609500.0,1672000.0,1595000.0,1657000.0,33161.62513414,54527166386.91002
2022-11-30 09:00:00,1657000.0,1766500.0,1655000.0,1752500.0,50982.60763895,87964238429.10722
2022-12-01 09:00:00,1752500.0,1754500.0,1710000.0,1729000.0,29415.60567537,50990524695.3476
2022-12-02 09:00:00,1729000.0,1742500.0,1701000.0,1735500.0,25238.85332789,43415970311.50549
2022-12-03 09:00:00,1735500.0,1747000.0,1675000.0,1679000.0,18346.12178334,31304937757.0601
2022-12-04 09:00:00,1679000.0,1722500.0,1677500.0,1713500.0,19206.2947805,32586603965.32487
2022-12-05 09:00:00,1712500.0,1736000.0,1678000.0,1688000.0,27626.89059598,47360280335.58779
2022-12-06 09:00:00,1688000.0,1702500.0,1668500.0,1699000.0,18723.2152135,31593946211.3745
2022-12-07 09:00:00,1699000.0,1706000.0,1634500.0,1651000.0,26828.18280443,44482878652.72713
2022-12-08 09:00:00,1651000.0,1720000.0,1640000.0,1703500.0,23448.70305849,39232909463.18479
2022-12-09 09:00:00,1703500.0,1722500.0,1680000.0,1685000.0,23495.11937177,39931357248.88188
2022-12-10 09:00:00,1685000.0,1707500.0,1681500.0,1687500.0,12815.65008258,21653241308.79677
2022-12-11 09:00:00,1687500.0,1704000.0,1675500.0,1683500.0,9875.75455867,16696965742.829475
2022-12-12 09:00:00,1682000.0,1696500.0,1652500.0,1694500.0,20297.26232075,33864499981.31113
2022-12-13 09:00:00,1693000.0,1762500.0,1658000.0,1721500.0,57381.66818205,98411218714.33356
2022-12-14 09:00:00,1721500.0,1761000.0,1706500.0,1707500.0,32061.15570552,55504527146.04187
2022-12-15 09:00:00,1708000.0,1717000.0,1666500.0,1674000.0,26876.15691993,45363986179.79208
2022-12-16 09:00:00,1674000.0,1682500.0,1547500.0,1563500.0,57734.68015563,92914823876.8965
2022-12-17 09:00:00,1563000.0,1575500.0,1538500.0,1575000.0,26096.69784848,40717283078.90595
2022-12-18 09:00:00,1574500.0,1584000.0,1557500.0,1571000.0,13864.55169752,21776846699.556644
2022-12-19 09:00:00,1570500.0,1580000.0,1518500.0,1537000.0,22686.95713957,35230705692.01427
2022-12-20 09:00:00,1537000.0,1603000.0,1531500.0,1586000.0,38125.49864738,60138691783.90965
2022-12-21 09:00:00,1584000.0,1595000.0,1569500.0,1582500.0,21225.55903531,33582972431.15557
2022-12-22 09:00:00,1582500.0,1609000.0,1546500.0,1583000.0,24386.49342984,38381172425.41427
2022-12-23 09:00:00,1583000.0,1600000.0,1575500.0,1588500.0,19943.34580122,31651223187.671974
2022-12-24 09:00:00,1588500.0,1599000.0,1584000.0,1590500.0,7103.47327831,11289507513.29591
2022-12-25 09:00:00,1590500.0,1596500.0,1560000.0,1580500.0,11979.05613206,18931265993.085766
2022-12-26 09:00:00,1580500.0,1582500.0,1557500.0,1573500.0,13217.72941708,20738435318.745415
2022-12-27 09:00:00,1573000.0,1580000.0,1538500.0,1547000.0,14958.7106907,23299058701.564045
2022-12-28 09:00:00,1547000.0,1549500.0,1506000.0,1514500.0,30225.1559503,45949324902.700165
2022-12-29 09:00:00,1514500.0,1541000.0,1503000.0,1531500.0,20298.10904091,30885537085.867516
2022-12-30 09:00:00,1530000.0,1532000.0,1500000.0,1524000.0,19483.61525262,29471077893.66816
2022-12-31 09:00:00,1524000.0,1537000.0,1514000.0,1525000.0,10909.81178105,16629168260.79408
2023-01-01 09:00:00,1524000.0,1535500.0,1519000.0,1528000.0,6939.24978598,10585761629.68307
2023-01-02 09:00:00,1526500.0,1559500.0,1517500.0,1543500.0,15985.15740468,24645927521.108807
2023-01-03 09:00:00,1542500.0,1561000.0,1541500.0,1554500.0,13129.52565995,20386043318.343586
2023-01-04 09:00:00,1554500.0,1622500.0,1553500.0,1610000.0,24454.26040321,39024414057.45501
2023-01-05 09:00:00,1610000.0,1614000.0,1589000.0,1602500.0,15009.41414501,24035390201.5543
2023-01-06 09:00:00,1602500.0,1619500.0,1575500.0,1610000.0,17944.20535514,28642782290.45908
2023-01-07 09:00:00,1609500.0,1615500.0,1603500.0,1609000.0,8188.42654967,13168060165.941416
2023-01-08 09:00:00,1608000.0,1639500.0,1600000.0,1634500.0,9740.45544412,15716872311.444904
2023-01-09 09:00:00,1633500.0,1688000.0,1627000.0,1663500.0,27871.12087451,46209558164.13791
2023-01-10 09:00:00,1661000.0,1693000.0,1654500.0,1680500.0,19557.02169213,32742171387.532677
2023-01-11 09:00:00,1680500.0,1745000.0,1668000.0,1739500.0,20554.06036094,34755055938.04014
2023-01-12 09:00:00,1738000.0,1800000.0,1718500.0,1770500.0,47485.94533828,83479577997.10413
2023-01-13 09:00:00,1770000.0,1824000.0,1753000.0,1807000.0,34629.79180923,61663275790.71977
2023-01-14 09:00:00,1807000.0,1947500.0,1803500.0,1912000.0,90423.82535039,171979417403.1146
2023-01-15 09:00:00,1912000.0,1936000.0,1876000.0,1921000.0,24401.15547827,46390615201.47928
2023-01-16 09:00:00,1922000.0,1988000.0,1895000.0,1961000.0,31947.05590299,61887378863.842926
2023-01-17 09:00:00,1959500.0,1988000.0,1918500.0,1945000.0,25945.82345604,50649901177.344246
2023-01-18 09:00:00,1945000.0,1995000.0,1875000.0,1881000.0,48284.07794865,93722052538.25331
2023-01-19 09:00:00,1880500.0,1943500.0,1876000.0,1931500.0,20150.04124129,38411160872.64972
2023-01-20 09:00:00,1929000.0,2060000.0,1926000.0,2050000.0,30816.94716617,61009776961.28999
2023-01-21 09:00:00,2049000.0,2091000.0,2020000.0,2025000.0,37878.83663199,77803984038.61105
2023-01-22 09:00:00,2025000.0,2065000.0,2011000.0,2036000.0,20565.76734139,41817658100.83074
2023-01-23 09:00:00,2033000.0,2055000.0,1995000.0,2032000.0,22976.03736418,46776456706.50542
2023-01-24 09:00:00,2032000.0,2053000.0,1926000.0,1951500.0,30171.07216408,60552400812.77796
2023-01-25 09:00:00,1950500.0,2036000.0,1904000.0,2008000.0,38782.30756307,75787539936.20059
2023-01-26 09:00:00,2008000.0,2034000.0,1990000.0,2014000.0,23814.51888877,48000120329.83877
2023-01-27 09:00:00,2014000.0,2025000.0,1960500.0,2005000.0,24645.68520936,48959412787.03065
2023-01-28 09:00:00,2006000.0,2016000.0,1970000.0,1987000.0,15830.04379059,31602710646.951256
2023-01-29 09:00:00,1987000.0,2073000.0,1980500.0,2055000.0,28137.01155837,56984495968.64615
2023-01-30 09:00:00,2054000.0,2060000.0,1938000.0,1969500.0,34622.60834159,69112677403.17416
2023-01-31 09:00:00,1969500.0,2011000.0,1952000.0,1992500.0,21724.12665767,43002844038.7737
2023-02-01 09:00:00,1992500.0,2060000.0,1957500.0,2048000.0,32184.49044106,64638302315.18338
2023-02-02 09:00:00,2046000.0,2138000.0,2046000.0,2072000.0,39206.03462398,82009776024.92003
2023-02-03 09:00:00,2068000.0,2101000.0,2047000.0,2091000.0,28141.30390457,58300148769.64866
2023-02-04 09:00:00,2089000.0,2130000.0,2080000.0,2098000.0,17423.07542741,36635868531.37358
2023-02-05 09:00:00,2098000.0,2110000.0,2040000.0,2058000.0,22748.59299063,47263650577.21196
2023-02-06 09:00:00,2058000.0,2106000.0,2035000.0,2070000.0,23958.11129238,49605827487.33629
2023-02-07 09:00:00,2070000.0,2121000.0,2067000.0,2116000.0,26775.07269888,56000556753.14311
2023-02-08 09:00:00,2116000.0,2141000.0,2083000.0,2105000.0,24319.28089463,51495885230.20758
2023-02-09 09:00:00,2105000.0,2113000.0,1987000.0,1997500.0,38116.9182666,78344847803.19926
2023-02-10 09:00:00,1997500.0,2007000.0,1942500.0,1968500.0,30826.68228942,61127213671.06335
2023-02-11 09:00:00,1969000.0,1998500.0,1962000.0,1996500.0,11283.77242243,22305340742.64103
2023-02-12 09:00:00,1996500.0,1999000.0,1947000.0,1965500.0,12255.51122468,24266147372.396595
2023-02-13 09:00:00,1965500.0,1977000.0,1908000.0,1957500.0,24013.81481564,46633800930.54544
2023-02-14 09:00:00,1958500.0,2022000.0,1926500.0,2016000.0,30715.37434156,60635709161.76563
2023-02-15 09:00:00,2015000.0,2161000.0,2002000.0,2148000.0,40171.95514925,83286531918.26604
2023-02-16 09:00:00,2148000.0,2238000.0,2109000.0,2119000.0,46336.61980939,100552490964.02802
2023-02-17 09:00:00,2119000.0,2211000.0,2110000.0,2182000.0,28593.91282163,61908380961.2939
2023-02-18 09:00:00,2182000.0,2203000.0,2171000.0,2183000.0,12752.74176602,27908690176.67296
2023-02-19 09:00:00,2183000.0,2215000.0,2165000.0,2176000.0,17396.48168394,38098068319.39229
2023-02-20 09:00:00,2173000.0,2211000.0,2144000.0,2187000.0,23634.93365643,51633125983.1783
2023-02-21 09:00:00,2185000.0,2213000.0,2134000.0,2153000.0,25780.5372663,56213801407.57452
2023-02-22 09:00:00,2153000.0,2166000.0,2095000.0,2151000.0,21781.47976324,46441459151.89287
2023-02-23 09:00:00,2151000.0,2182000.0,2132000.0,2164000.0,19451.10183339,42033296911.01125
2023-02-24 09:00:00,2161000.0,2173000.0,2101000.0,2142000.0,20676.0305149,44275240785.93021
2023-02-25 09:00:00,2138000.0,2142000.0,2090000.0,2132000.0,10833.04554015,22965885757.29468
2023-02-26 09:00:00,2132000.0,2184000.0,2113000.0,2178000.0,12162.92540296,26116353592.49711
2023-02-27 09:00:00,2178000.0,2210000.0,2150000.0,2174000.0,20636.19825638,45049190282.63448
2023-02-28 09:00:00,2175000.0,2188000.0,2145000.0,2150000.0,15149.45803341,32821483880.05073
2023-03-01 09:00:00,2153000.0,2200000.0,2135000.0,2194000.0,17948.88144113,39110134338.09386
2023-03-02 09:00:00,2194000.0,2205000.0,2151000.0,2183000.0,17265.46065718,37583631220.48354
2023-03-03 09:00:00,2182000.0,2187000.0,2061000.0,2084000.0,31622.52544171,66313699267.23187
2023-03-04 09:00:00,2085000.0,2104000.0,2082000.0,2092000.0,9649.95960847,20178260037.04875
2023-03-05 09:00:00,2091000.0,2110000.0,2072000.0,2092000.0,10317.26137593,21611792331.45769
2023-03-06 09:00:00,2092000.0,2105000.0,2066000.0,2080000.0,10036.33871283,20922680213.06703
2023-03-07 09:00:00,2080000.0,2106000.0,2049000.0,2077000.0,17959.0162593,37353879945.96744
2023-03-08 09:00:00,2077000.0,2089000.0,2045000.0,2050000.0,14602.47360275,30247476516.23981
2023-03-09 09:00:00,2052000.0,2069000.0,1930000.0,1948000.0,26425.69235116,52960939539.99355
2023-03-10 09:00:00,1948500.0,1949000.0,1870000.0,1936000.0,36619.65255686,69975611209.01907
2023-03-11 09:00:00,1937000.0,1999500.0,1914500.0,1993500.0,33283.89089861,65279230587.72679
2023-03-12 09:00:00,1992000.0,2109000.0,1947500.0,2098000.0,31187.49325864,62961809265.79157
2023-03-13 09:00:00,2096000.0,2218000.0,2070000.0,2200000.0,56367.30900385,121006386299.59698
2023-03-14 09:00:00,2200000.0,2319000.0,2169000.0,2235000.0,65616.34345179,147408428781.20035
2023-03-15 09:00:00,2236000.0,2264000.0,2165000.0,2209000.0,36147.4991288,80169344882.65965
2023-03-16 09:00:00,2209000.0,2250000.0,2185000.0,2230000.0,17760.27360209,39270623765.94247
2023-03-17 09:00:00,2229000.0,2374000.0,2222000.0,2361000.0,44140.65590116,101664427417.937
2023-03-18 09:00:00,2361000.0,2427000.0,2333000.0,2338000.0,34753.80351268,82967752704.11871
2023-03-19 09:00:00,2336000.0,2429000.0,2335000.0,2371000.0,20426.02416302,48560647209.89022
2023-03-20 09:00:00,2371000.0,2393000.0,2317000.0,2328000.0,25048.21222605,59013981074.67851
2023-03-21 09:00:00,2328000.0,2436000.0,2295000.0,2385000.0,34771.89706446,82502999454.80708
2023-03-22 09:00:00,2385000.0,2414000.0,2281000.0,2312000.0,32597.51391096,76888832930.63383
2023-03-23 09:00:00,2312000.0,2427000.0,2280000.0,2390000.0,31298.49369139,73711644114.229
2023-03-24 09:00:00,2392000.0,2403000.0,2322000.0,2344000.0,28578.75911508,67702280973.9379
2023-03-25 09:00:00,2344000.0,2351000.0,2305000.0,2328000.0,10121.52559915,23600892320.09089
2023-03-26 09:00:00,2332000.0,2388000.0,2323000.0,2354000.0,11780.23911254,27745617185.11256
2023-03-27 09:00:00,2356000.0,2374000.0,2256000.0,2287000.0,21506.02939894,49703487167.43179
2023-03-28 09:00:00,2284000.0,2363000.0,2260000.0,2340000.0,20430.38688311,47042685593.18155
2023-03-29 09:00:00,2340000.0,2408000.0,2340000.0,2369000.0,28879.9968053,68691668158.30444
2023-03-30 09:00:00,2367000.0,2406000.0,2345000.0,2377000.0,24965.03109193,59333928509.80594
2023-03-31 09:00:00,2377000.0,2436000.0,2361000.0,2402000.0,26968.73809818,64625137256.40446
2023-04-01 09:00:00,2402000.0,2426000.0,2398000.0,2406000.0,10847.76909492,26162127320.52384
2023-04-02 09:00:00,2406000.0,2409000.0,2355000.0,2375000.0,12746.09523314,30438759882.67649
2023-04-03 09:00:00,2378000.0,2424000.0,2352000.0,2395000.0,19475.72390999,46471924007.31646
2023-04-04 09:00:00,2395000.0,2494000.0,2389000.0,2471000.0,28876.66058731,70625488021.9313
2023-04-05 09:00:00,2471000.0,2550000.0,2461000.0,2516000.0,30301.7991432,76179055041.33327
2023-04-06 09:00:00,2516000.0,2521000.0,2458000.0,2475000.0,20632.75137047,51297914059.56018
2023-04-07 09:00:00,2477000.0,2494000.0,2446000.0,2471000.0,12034.72253608,29726849191.16421
2023-04-08 09:00:00,2471000.0,2484000.0,2452000.0,2454000.0,7057.81692957,17421845794.15153
2023-04-09 09:00:00,2454000.0,2472000.0,2421000.0,2450000.0,12129.28557316,29645091939.03754
2023-04-10 09:00:00,2450000.0,2520000.0,2441000.0,2511000.0,17427.94384456,43187011570.38303
2023-04-11 09:00:00,2509000.0,2545000.0,2495000.0,2505000.0,24009.28116064,60594424095.18881
2023-04-12 09:00:00,2506000.0,2560000.0,2460000.0,2537000.0,31521.72874403,79317591203.47995
2023-04-13 09:00:00,2537000.0,2656000.0,2516000.0,2641000.0,35824.11464467,93298169131.13284
2023-04-14 09:00:00,2642000.0,2780000.0,2638000.0,2745000.0,45288.73775493,124111752792.96515
2023-04-15 09:00:00,2745000.0,2773000.0,2720000.0,2750000.0,12806.38762872,35222941960.91495
2023-04-16 09:00:00,2750000.0,2795000.0,2732000.0,2765000.0,12624.6706927,34784410097.76524
2023-04-17 09:00:00,2765000.0,2769000.0,2706000.0,2727000.0,18527.94558241,50641326841.5845
2023-04-18 09:00:00,2727000.0,2778000.0,2696000.0,2744000.0,17399.51990878,47755134845.53757
2023-04-19 09:00:00,2744000.0,2749000.0,2560000.0,2576000.0,33266.47616791,88029124521.5471
2023-04-20 09:00:00,2574000.0,2627000.0,2553000.0,2588000.0,26018.33757155,67280203240.18701
2023-04-21 09:00:00,2588000.0,2601000.0,2440000.0,2464000.0,28112.65765096,70878974591.22688
2023-04-22 09:00:00,2464000.0,2521000.0,2450000.0,2509000.0,14383.17251671,35720612301.97765
2023-04-23 09:00:00,2508000.0,2510000.0,2469000.0,2487000.0,8445.29357528,21031639845.44736
2023-04-24 09:00:00,2487000.0,2515000.0,2425000.0,2460000.0,15285.39474523,37787721818.31383
2023-04-25 09:00:00,2460000.0,2517000.0,2416000.0,2499000.0,15944.07589604,39139847392.00564
2023-04-26 09:00:00,2498000.0,2610000.0,2406000.0,2498000.0,36057.5956763,90946911111.21082
2023-04-27 09:00:00,2494000.0,2588000.0,2491000.0,2544000.0,20899.40978255,53133682017.4248
2023-04-28 09:00:00,2544000.0,2563000.0,2511000.0,2523000.0,11671.39567975,29664264024.45041
2023-04-29 09:00:00,2524000.0,2554000.0,2515000.0,2541000.0,6967.72424274,17648391394.15131
2023-04-30 09:00:00,2541000.0,2580000.0,2505000.0,2506000.0,11586.19455054,29461177204.66259
2023-05-01 09:00:00,2506000.0,2529000.0,2437000.0,2461000.0,15709.55278897,38874540295.98831
2023-05-02 09:00:00,2462000.0,2522000.0,2443000.0,2504000.0,11158.90118877,27625751421.25152
2023-05-03 09:00:00,2502000.0,2561000.0,2475000.0,2542000.0,14557.35902083,36544374268.83767
2023-05-04 09:00:00,2540000.0,2556000.0,2503000.0,2509000.0,11725.09750625,29717272962.80344
2023-05-05 09:00:00,2509000.0,2655000.0,2507000.0,2639000.0,25859.92550711,66903555115.90557
2023-05-06 09:00:00,2638000.0,2674000.0,2501000.0,2540000.0,27430.42628511,70672993340.67754
2023-05-07 09:00:00,2541000.0,2576000.0,2509000.0,2510000.0,14244.18122268,36288925952.28291
2023-05-08 09:00:00,2510000.0,2527000.0,2455000.0,2486000.0,22088.99092266,54994082536.47454
2023-05-09 09:00:00,2486000.0,2504000.0,2457000.0,2483000.0,13839.66285181,34336732469.59829
2023-05-10 09:00:00,2483000.0,2531000.0,2439000.0,2469000.0,19391.12775649,48192722505.42713
2023-05-11 09:00:00,2469000.0,2477000.0,2410000.0,2421000.0,13047.85646707,31902637555.31541
2023-05-12 09:00:00,2421000.0,2465000.0,2350000.0,2452000.0,17564.99947666,42134626509.34897
2023-05-13 09:00:00,2450000.0,2465000.0,2426000.0,2441000.0,7265.30463506,17777146387.96908
2023-05-14 09:00:00,2441000.0,2465000.0,2434000.0,2436000.0,7164.85102746,17524969392.16239
2023-05-15 09:00:00,2435000.0,2487000.0,2418000.0,2448000.0,12176.26025979,29943117400.55538
2023-05-16 09:00:00,2448000.0,2473000.0,2430000.0,2455000.0,8888.33191864,21774912697.48198
2023-05-17 09:00:00,2455000.0,2472000.0,2416000.0,2442000.0,11156.72231935,27240631307.65154
2023-05-18 09:00:00,2442000.0,2460000.0,2405000.0,2432000.0,8501.05575966,20768077831.13614
2023-05-19 09:00:00,2433000.0,2455000.0,2418000.0,2435000.0,6455.63854209,15709292855.15476
2023-05-20 09:00:00,2435000.0,2458000.0,2433000.0,2444000.0,3593.67667048,8780497308.37089
2023-05-21 09:00:00,2444000.0,2455000.0,2428000.0,2430000.0,4559.65227999,11128399274.15181
2023-05-22 09:00:00,2432000.0,2446000.0,2410000.0,2431000.0,8934.95873873,21684967406.97454
2023-05-23 09:00:00,2431000.0,2490000.0,2425000.0,2478000.0,11718.46251175,28938563209.29938
2023-05-24 09:00:00,2477000.0,2481000.0,2395000.0,2420000.0,13895.1467431,33808822336.43844
2023-05-25 09:00:00,2420000.0,2439000.0,2380000.0,2424000.0,10107.51919019,24293696257.55716
2023-05-26 09:00:00,2423000.0,2464000.0,2411000.0,2448000.0,8267.90111888,20154435922.53573
2023-05-27 09:00:00,2445000.0,2458000.0,2432000.0,2444000.0,5144.13257379,12589290345.4662
2023-05-28 09:00:00,2445000.0,2550000.0,2439000.0,2542000.0,14274.730884,35557449977.51373
2023-05-29 09:00:00,2540000.0,2566000.0,2508000.0,2523000.0,11183.74734608,28369093436.9858
2023-05-30 09:00:00,2522000.0,2558000.0,2509000.0,2528000.0,9231.34999814,23425021613.40484
2023-05-31 09:00:00,2529000.0,2541000.0,2480000.0,2504000.0,11020.11830343,27599124967.33986
2023-06-01 09:00:00,2504000.0,2523000.0,2467000.0,2485000.0,8684.99495383,21661578173.24414
2023-06-02 09:00:00,2487000.0,2531000.0,2470000.0,2524000.0,9085.26449827,22762089782.47167
2023-06-03 09:00:00,2524000.0,2528000.0,2501000.0,2507000.0,4347.15329853,10937476164.31932
2023-06-04 09:00:00,2507000.0,2525000.0,2496000.0,2502000.0,4729.98669462,11879663475.62171
2023-06-05 09:00:00,2503000.0,2503000.0,2390000.0,2414000.0,18452.67523129,45083775429.0867
2023-06-06 09:00:00,2413000.0,2502000.0,2380000.0,2482000.0,16219.34920318,39440322382.72837
2023-06-07 09:00:00,2480000.0,2494000.0,2422000.0,2430000.0,12951.97681952,31894662238.33231
2023-06-08 09:00:00,2431000.0,2457000.0,2425000.0,2438000.0,6313.34425442,15399419493.94898
2023-06-09 09:00:00,2437000.0,2441000.0,2415000.0,2421000.0,6264.20782221,15196401045.13274
2023-06-10 09:00:00,2421000.0,2429000.0,2290000.0,2329000.0,27377.42686564,64178455887.80963
2023-06-11 09:00:00,2329000.0,2351000.0,2311000.0,2324000.0,8239.54132731,19166356043.23203
2023-06-12 09:00:00,2324000.0,2327000.0,2277000.0,2293000.0,9786.06395133,22484903795.63542
2023-06-13 09:00:00,2293000.0,2309000.0,2270000.0,2273000.0,15133.86526636,34606446486.60903
2023-06-14 09:00:00,2274000.0,2289000.0,2154000.0,2168000.0,19326.2334054,42930457100.08296
2023-06-15 09:00:00,2169000.0,2192000.0,2130000.0,2179000.0,17144.63501461,37018045433.34956
2023-06-16 09:00:00,2178000.0,2265000.0,2168000.0,2253000.0,12652.51697208,27887814456.37627
2023-06-17 09:00:00,2251000.0,2310000.0,2246000.0,2267000.0,9451.17782492,21522675610.60382
2023-06-18 09:00:00,2265000.0,2287000.0,2248000.0,2253000.0,5981.68886874,13558907241.92145
2023-06-19 09:00:00,2253000.0,2289000.0,2233000.0,2269000.0,8624.03796608,19506325122.17027
2023-06-20 09:00:00,2270000.0,2345000.0,2259000.0,2339000.0,16805.33253345,38637297542.68723
2023-06-21 09:00:00,2340000.0,2481000.0,2333000.0,2469000.0,29533.91520298,71148192315.43935
2023-06-22 09:00:00,2468000.0,2524000.0,2446000.0,2451000.0,22519.5367668,55984529076.38944
2023-06-23 09:00:00,2450000.0,2549000.0,2450000.0,2509000.0,22720.87360738,56843272819.14702
2023-06-24 09:00:00,2509000.0,2527000.0,2487000.0,2499000.0,12464.75026181,31262173461.13739
2023-06-25 09:00:00,2500000.0,2571000.0,2489000.0,2514000.0,17601.44824111,44590379706.26661
2023-06-26 09:00:00,2513000.0,2526000.0,2439000.0,2466000.0,16937.66977875,42031007276.28892
2023-06-27 09:00:00,2465000.0,2527000.0,2461000.0,2498000.0,12190.3560018,30307467460.0963
2023-06-28 09:00:00,2498000.0,2502000.0,2430000.0,2431000.0,11483.37444699,28275591237.95608
2023-06-29 09:00:00,2431000.0,2500000.0,2428000.0,2469000.0,10760.74349905,26573009371.94704
2023-06-30 09:00:00,2469000.0,2586000.0,2431000.0,2574000.0,37417.47737274,94085524847.89354
2023-07-01 09:00:00,2574000.0,2591000.0,2540000.0,2563000.0,14579.46659515,37420264836.35272
2023-07-02 09:00:00,2563000.0,2600000.0,2519000.0,2572000.0,10435.2565061,26671069325.80907
2023-07-03 09:00:00,2572000.0,2616000.0,2567000.0,2582000.0,13983.4896511,36251275625.19516
2023-07-04 09:00:00,2582000.0,2599000.0,2552000.0,2557000.0,8905.38686615,22948269133.54767
2023-07-05 09:00:00,2557000.0,2567000.0,2495000.0,2531000.0,12811.91101646,32418660596.61272
2023-07-06 09:00:00,2531000.0,2583000.0,2465000.0,2465000.0,16636.13653825,41970688925.37265
2023-07-07 09:00:00,2465000.0,2489000.0,2442000.0,2481000.0,9222.60652251,22747441262.10085
2023-07-08 09:00:00,2480000.0,2484000.0,2451000.0,2474000.0,3906.75761279,9640715929.19211
2023-07-09 09:00:00,2474000.0,2484000.0,2455000.0,2460000.0,4170.14853444,10296973638.62544
2023-07-10 09:00:00,2460000.0,2504000.0,2445000.0,2475000.0,7990.80717012,19708223004.06372
2023-07-11 09:00:00,2475000.0,2483000.0,2453000.0,2461000.0,6766.91384544,16688216590.64259
2023-07-12 09:00:00,2464000.0,2489000.0,2450000.0,2450000.0,9665.69536096,23850740380.15955
2023-07-13 09:00:00,2453000.0,2563000.0,2424000.0,2553000.0,29360.39864047,73424672567.07268
2023-07-14 09:00:00,2553000.0,2580000.0,2456000.0,2499000.0,20635.81285221,52330735234.25173
2023-07-15 09:00:00,2499000.0,2500000.0,2471000.0,2479000.0,7464.71148614,18526137471.0983
2023-07-16 09:00:00,2480000.0,2498000.0,2465000.0,2476000.0,6250.04660511,15510076012.76805
2023-07-17 09:00:00,2477000.0,2486000.0,2422000.0,2455000.0,11899.57478072,29285489010.18721
2023-07-18 09:00:00,2455000.0,2462000.0,2421000.0,2441000.0,7965.48694257,19420812736.6084
2023-07-19 09:00:00,2441000.0,2468000.0,2420000.0,2423000.0,9679.56338381,23676587373.52546
2023-07-20 09:00:00,2422000.0,2473000.0,2419000.0,2447000.0,9790.13083834,23957461772.10574
2023-07-21 09:00:00,2447000.0,2469000.0,2442000.0,2456000.0,5000.53776901,12267487493.19425
2023-07-22 09:00:00,2459000.0,2463000.0,2418000.0,2430000.0,5126.53499805,12528665880.06694
2023-07-23 09:00:00,2431000.0,2461000.0,2417000.0,2444000.0,5631.67228633,13714027888.59749
2023-07-24 09:00:00,2444000.0,2447000.0,2391000.0,2404000.0,10498.41860257,25321778508.56971
2023-07-25 09:00:00,2404000.0,2427000.0,2389000.0,2411000.0,7104.7112561,17088445555.90945
2023-07-26 09:00:00,2411000.0,2438000.0,2392000.0,2416000.0,7922.51466144,19093291791.88489
2023-07-27 09:00:00,2417000.0,2442000.0,2411000.0,2414000.0,6485.17115559,15728888340.86552
2023-07-28 09:00:00,2416000.0,2439000.0,2405000.0,2424000.0,6070.8203604,14676090013.09183
2023-07-29 09:00:00,2424000.0,2439000.0,2420000.0,2426000.0,2791.41307963,6770333968.7839
2023-07-30 09:00:00,2426000.0,2439000.0,2404000.0,2409000.0,5899.88309291,14291827848.83553
2023-07-31 09:00:00,2412000.0,2428000.0,2405000.0,2409000.0,5699.32510605,13751492474.96759
2023-08-01 09:00:00,2409000.0,2438000.0,2370000.0,2437000.0,9480.33228066,22724190304.88848
2023-08-02 09:00:00,2434000.0,2450000.0,2403000.0,2420000.0,9006.37549768,21892734317.57228
2023-08-03 09:00:00,2420000.0,2446000.0,2411000.0,2418000.0,5472.98632265,13263223941.40806
2023-08-04 09:00:00,2420000.0,2442000.0,2410000.0,2420000.0,5937.46376119,14400347186.88549
2023-08-05 09:00:00,2422000.0,2435000.0,2413000.0,2431000.0,3567.00492201,8650357350.3352
2023-08-06 09:00:00,2431000.0,2440000.0,2425000.0,2427000.0,3716.31649356,9040501468.1996
2023-08-07 09:00:00,2429000.0,2443000.0,2391000.0,2421000.0,8794.63221003,21289788391.37105
2023-08-08 09:00:00,2419000.0,2467000.0,2413000.0,2455000.0,7830.32340198,19113867402.60781
2023-08-09 09:00:00,2455000.0,2477000.0,2454000.0,2460000.0,6442.23903253,15869710154.23651
2023-08-10 09:00:00,2461000.0,2475000.0,2449000.0,2460000.0,6362.94655955,15653713042.66584
2023-08-11 09:00:00,2461000.0,2472000.0,2452000.0,2468000.0,4388.70160989,10805994468.75891
2023-08-12 09:00:00,2468000.0,2472000.0,2463000.0,2469000.0,2521.51312876,6224130797.21422
2023-08-13 09:00:00,2469000.0,2483000.0,2455000.0,2456000.0,3841.95806389,9482974905.20007
2023-08-14 09:00:00,2456000.0,2480000.0,2453000.0,2464000.0,5042.74629614,12433647929.64359
2023-08-15 09:00:00,2463000.0,2483000.0,2461000.0,2468000.0,7297.14740493,18044057777.32988
2023-08-16 09:00:00,2468000.0,2475000.0,2447000.0,2453000.0,10499.53110496,25866504739.75838
2023-08-17 09:00:00,2453000.0,2457000.0,2246000.0,2311000.0,31908.59296929,74800319558.666
2023-08-18 09:00:00,2311000.0,2333000.0,2265000.0,2289000.0,17375.02558661,39954344184.44444
2023-08-19 09:00:00,2291000.0,2339000.0,2281000.0,2305000.0,6215.03085492,14294724647.70751
2023-08-20 09:00:00,2305000.0,2327000.0,2288000.0,2312000.0,5413.87973207,12467578241.98527
2023-08-21 09:00:00,2311000.0,2314000.0,2270000.0,2286000.0,6212.73072977,14235933275.4512
2023-08-22 09:00:00,2286000.0,2293000.0,2200000.0,2241000.0,9746.65016816,21938546723.21783
2023-08-23 09:00:00,2241000.0,2305000.0,2230000.0,2285000.0,9088.13226077,20528567715.69898
2023-08-24 09:00:00,2285000.0,2289000.0,2232000.0,2262000.0,6645.60216871,14992475999.17083
2023-08-25 09:00:00,2262000.0,2283000.0,2233000.0,2252000.0,6814.57636751,15330348041.46816
2023-08-26 09:00:00,2253000.0,2255000.0,2238000.0,2242000.0,2551.75979583,5733354691.16971
2023-08-27 09:00:00,2243000.0,2253000.0,2236000.0,2247000.0,3668.40285298,8235446476.93085
2023-08-28 09:00:00,2247000.0,2253000.0,2206000.0,2234000.0,8167.75124613,18219163642.69238
2023-08-29 09:00:00,2235000.0,2354000.0,2223000.0,2336000.0,16491.43112496,37983717521.01063
2023-08-30 09:00:00,2333000.0,2341000.0,2303000.0,2319000.0,8138.87155698,18906903064.27346
2023-08-31 09:00:00,2319000.0,2347000.0,2238000.0,2255000.0,11984.26800497,27538904588.30581
2023-09-01 09:00:00,2252000.0,2263000.0,2205000.0,2232000.0,8982.78369445,20120546175.75009
2023-09-02 09:00:00,2233000.0,2246000.0,2216000.0,2227000.0,6907.10929356,15400810802.25993
2023-09-03 09:00:00,2227000.0,2239000.0,2216000.0,2225000.0,3739.18000339,8318309200.50679
2023-09-04 09:00:00,2226000.0,2229000.0,2200000.0,2211000.0,5602.36360002,12400718059.9983
2023-09-05 09:00:00,2212000.0,2244000.0,2190000.0,2220000.0,6349.17011364,14050582585.10994
2023-09-06 09:00:00,2222000.0,2285000.0,2200000.0,2220000.0,5685.82639271,12637585211.36144
2023-09-07 09:00:00,2222000.0,2251000.0,2212000.0,2238000.0,6196.76061625,13792550819.98256
2023-09-08 09:00:00,2237000.0,2245000.0,2201000.0,2227000.0,5286.28240101,11775411131.10475
2023-09-09 09:00:00,2228000.0,2231000.0,2218000.0,2227000.0,1909.028127,4248510499.41062
2023-09-10 09:00:00,2228000.0,2229000.0,2192000.0,2205000.0,4430.74710411,9809066804.40808
2023-09-11 09:00:00,2205000.0,2205000.0,2100000.0,2117000.0,13922.14735187,29971553661.79598
2023-09-12 09:00:00,2117000.0,2200000.0,2113000.0,2161000.0,9429.84549733,20364730491.88921
2023-09-13 09:00:00,2161000.0,2190000.0,2150000.0,2177000.0,7085.961545,15364007524.84293
2023-09-14 09:00:00,2177000.0,2223000.0,2175000.0,2197000.0,8069.59226178,17759890313.07642
2023-09-15 09:00:00,2197000.0,2233000.0,2186000.0,2215000.0,7022.22991005,15494045731.12432
2023-09-16 09:00:00,2215000.0,2227000.0,2208000.0,2215000.0,4623.75862002,10241851273.35356
2023-09-17 09:00:00,2215000.0,2215000.0,2182000.0,2187000.0,3693.71801142,8113241895.0174
2023-09-18 09:00:00,2188000.0,2242000.0,2170000.0,2200000.0,9680.42187766,21387600547.83918
2023-09-19 09:00:00,2200000.0,2227000.0,2183000.0,2205000.0,7059.36743428,15556070654.84847
2023-09-20 09:00:00,2205000.0,2214000.0,2166000.0,2185000.0,9245.59533712,20282756042.65265
2023-09-21 09:00:00,2185000.0,2197000.0,2130000.0,2146000.0,9363.54786053,20313393730.36888
2023-09-22 09:00:00,2148000.0,2165000.0,2140000.0,2158000.0,4711.55265038,10155472623.35448
2023-09-23 09:00:00,2157000.0,2162000.0,2151000.0,2158000.0,2464.08351452,5313279067.78274
2023-09-24 09:00:00,2158000.0,2164000.0,2131000.0,2137000.0,4256.95000112,9159824335.57397
2023-09-25 09:00:00,2139000.0,2158000.0,2115000.0,2141000.0,7290.94258798,15550798805.1503
2023-09-26 09:00:00,2141000.0,2169000.0,2139000.0,2161000.0,6260.72166095,13493352796.95734
2023-09-27 09:00:00,2163000.0,2220000.0,2160000.0,2181000.0,9964.15053052,21798444404.85844
2023-09-28 09:00:00,2181000.0,2260000.0,2181000.0,2241000.0,11132.04483823,24765704167.93085
2023-09-29 09:00:00,2240000.0,2290000.0,2235000.0,2256000.0,10905.0472871,24674896598.25821
2023-09-30 09:00:00,2256000.0,2296000.0,2255000.0,2267000.0,5502.60656591,12511316670.70376
2023-10-01 09:00:00,2267000.0,2355000.0,2264000.0,2340000.0,8769.47725934,20189142630.55746
2023-10-02 09:00:00,2340000.0,2359000.0,2235000.0,2258000.0,16781.44482815,38711791910.20768
2023-10-03 09:00:00,2260000.0,2284000.0,2236000.0,2247000.0,9754.7788017,22037891772.7946
2023-10-04 09:00:00,2247000.0,2253000.0,2216000.0,2232000.0,8299.55898977,18530095309.81042
2023-10-05 09:00:00,2228000.0,2243000.0,2190000.0,2191000.0,9031.0849183,19995039576.46407
2023-10-06 09:00:00,2192000.0,2244000.0,2191000.0,2228000.0,6999.20251086,15504403406.68843
2023-10-07 09:00:00,2228000.0,2234000.0,2213000.0,2218000.0,3218.42453002,7157332415.5173
2023-10-08 09:00:00,2218000.0,2228000.0,2198000.0,2216000.0,4949.39718585,10954144384.38422
2023-10-09 09:00:00,2218000.0,2226000.0,2121000.0,2155000.0,10820.526698,23530626248.5689
2023-10-10 09:00:00,2155000.0,2174000.0,2121000.0,2138000.0,7826.16836224,16839586824.19786
2023-10-11 09:00:00,2138000.0,2149000.0,2113000.0,2140000.0,8038.53737358,17116561834.72838
2023-10-12 09:00:00,2140000.0,2140000.0,2087000.0,2115000.0,9380.70654373,19822414596.09143
2023-10-13 09:00:00,2115000.0,2159000.0,2111000.0,2134000.0,5640.03949515,12000056153.44133
2023-10-14 09:00:00,2134000.0,2143000.0,2126000.0,2131000.0,4496.12488795,9591498228.41915
2023-10-15 09:00:00,2130000.0,2140000.0,2120000.0,2127000.0,4487.44237392,9550897816.93704
2023-10-16 09:00:00,2128000.0,2223000.0,2122000.0,2172000.0,18989.86842281,41119301558.8533
2023-10-17 09:00:00,2172000.0,2176000.0,2121000.0,2129000.0,9961.08587977,21411404038.82505
2023-10-18 09:00:00,2129000.0,2160000.0,2127000.0,2138000.0,9499.66588597,20355093791.83543
2023-10-19 09:00:00,2138000.0,2147000.0,2112000.0,2129000.0,10174.85389173,21614565279.8333
2023-10-20 09:00:00,2129000.0,2200000.0,2120000.0,2176000.0,17053.87360505,36936920514.42158
2023-10-21 09:00:00,2176000.0,2212000.0,2159000.0,2199000.0,8301.46600465,18124799868.17502
2023-10-22 09:00:00,2199000.0,2244000.0,2192000.0,2236000.0,9290.55790941,20530488107.65891
2023-10-23 09:00:00,2235000.0,2395000.0,2234000.0,2361000.0,27468.50654502,63133494147.5802
2023-10-24 09:00:00,2361000.0,2484000.0,2345000.0,2399000.0,48659.14722108,117939789063.23071
2023-10-25 09:00:00,2399000.0,2447000.0,2383000.0,2409000.0,17865.28744952,43141820429.58078
2023-10-26 09:00:00,2410000.0,2516000.0,2388000.0,2435000.0,30777.2640978,75411760250.79918
2023-10-27 09:00:00,2436000.0,2441000.0,2373000.0,2415000.0,10774.59664338,25974051640.2057
2023-10-28 09:00:00,2415000.0,2446000.0,2411000.0,2418000.0,7480.99899374,18169549959.65607
2023-10-29 09:00:00,2417000.0,2450000.0,2406000.0,2436000.0,7430.91380487,18063199382.418
2023-10-30 09:00:00,2436000.0,2477000.0,2420000.0,2450000.0,13478.32477918,33039741783.41948
2023-10-31 09:00:00,2450000.0,2465000.0,2420000.0,2464000.0,14574.68334448,35640523107.24779
2023-11-01 09:00:00,2465000.0,2515000.0,2440000.0,2504000.0,20122.66665763,49802624189.48707
2023-11-02 09:00:00,2503000.0,2543000.0,2431000.0,2447000.0,21396.94765181,53156934234.83552
2023-11-03 09:00:00,2450000.0,2466000.0,2405000.0,2465000.0,16119.05250071,39138005557.92379
2023-11-04 09:00:00,2465000.0,2507000.0,2454000.0,2489000.0,10745.49912624,26578812972.62308
2023-11-05 09:00:00,2490000.0,2564000.0,2480000.0,2541000.0,20156.45084589,50998968560.73598
2023-11-06 09:00:00,2541000.0,2555000.0,2499000.0,2536000.0,16088.29720154,40716137857.94618
2023-11-07 09:00:00,2540000.0,2545000.0,2489000.0,2524000.0,14516.09523972,36576203122.56453
2023-11-08 09:00:00,2524000.0,2530000.0,2502000.0,2518000.0,11367.46446311,28598478731.92906
2023-11-09 09:00:00,2518000.0,2868000.0,2513000.0,2855000.0,89935.54953643,240475254393.8201
2023-11-10 09:00:00,2855000.0,2875000.0,2781000.0,2792000.0,56254.72441588,158892912404.14462
2023-11-11 09:00:00,2791000.0,2799000.0,2725000.0,2748000.0,23809.43564358,65627597466.7676
2023-11-12 09:00:00,2748000.0,2752000.0,2702000.0,2724000.0,15305.19836546,41786860794.50963
2023-11-13 09:00:00,2725000.0,2841000.0,2717000.0,2767000.0,38650.4893523,107257038311.57425
2023-11-14 09:00:00,2765000.0,2784000.0,2653000.0,2673000.0,30538.2291856,83499507921.75075
2023-11-15 09:00:00,2673000.0,2749000.0,2612000.0,2746000.0,27310.33132117,73185653185.68709
2023-11-16 09:00:00,2745000.0,2802000.0,2620000.0,2654000.0,43574.26050616,118969071273.31854
2023-11-17 09:00:00,2654000.0,2677000.0,2587000.0,2650000.0,20373.50821536,53805105103.52268
2023-11-18 09:00:00,2650000.0,2651000.0,2588000.0,2638000.0,10428.16621738,27319048757.65498
2023-11-19 09:00:00,2639000.0,2688000.0,2618000.0,2680000.0,10513.86465412,27785893270.24223
2023-11-20 09:00:00,2680000.0,2747000.0,2661000.0,2708000.0,16939.08492044,45735258731.63362
2023-11-21 09:00:00,2708000.0,2720000.0,2620000.0,2620000.0,22890.56276139,61187988275.03368
2023-11-22 09:00:00,2621000.0,2790000.0,2618000.0,2761000.0,22918.35349663,62366076716.9616
2023-11-23 09:00:00,2761000.0,2790000.0,2730000.0,2761000.0,15741.35935334,43459431061.59199
2023-11-24 09:00:00,2762000.0,2848000.0,2756000.0,2790000.0,21099.34124927,59177619236.15726
2023-11-25 09:00:00,2790000.0,2807000.0,2765000.0,2785000.0,11020.3006189,30751600144.52614
2023-11-26 09:00:00,2785000.0,2801000.0,2746000.0,2768000.0,11851.31085043,32908579791.4613
2023-11-27 09:00:00,2768000.0,2780000.0,2690000.0,2738000.0,17215.119901,47016040612.94566
2023-11-28 09:00:00,2738000.0,2770000.0,2688000.0,2740000.0,13528.30248369,36907660315.25005
2023-11-29 09:00:00,2738000.0,2770000.0,2711000.0,2718000.0,12351.50622653,33858708498.23188
2023-11-30 09:00:00,2718000.0,2753000.0,2705000.0,2750000.0,9822.63848335,26789121554.55258
2023-12-01 09:00:00,2752000.0,2820000.0,2743000.0,2794000.0,19739.32963453,55210937095.19525
2023-12-02 09:00:00,2792000.0,2894000.0,2791000.0,2886000.0,16806.42410297,47656291886.26678
2023-12-03 09:00:00,2886000.0,2962000.0,2874000.0,2942000.0,16728.34967595,48571043091.14733
2023-12-04 09:00:00,2942000.0,3055000.0,2942000.0,3037000.0,48072.97174081,144480930180.70935
2023-12-05 09:00:00,3037000.0,3146000.0,2962000.0,3137000.0,38533.43281853,117725343836.48042
2023-12-06 09:00:00,3136000.0,3163000.0,3071000.0,3081000.0,37796.18709323,117998050809.78326
2023-12-07 09:00:00,3081000.0,3260000.0,3043000.0,3227000.0,43637.37366543,137251172997.31754
2023-12-08 09:00:00,3227000.0,3274000.0,3199000.0,3215000.0,36337.91703626,117290173014.72057
2023-12-09 09:00:00,3215000.0,3268000.0,3200000.0,3218000.0,24027.37073979,77501685495.75601
2023-12-10 09:00:00,3215000.0,3243000.0,3174000.0,3213000.0,16339.27125901,52490626244.68115
2023-12-11 09:00:00,3213000.0,3221000.0,2980000.0,3073000.0,42430.05486636,130810594135.38252
2023-12-12 09:00:00,3073000.0,3115000.0,3011000.0,3061000.0,25375.19812794,77795218021.62102
2023-12-13 09:00:00,3060000.0,3150000.0,2988000.0,3114000.0,22851.65969833,69860564864.29575
2023-12-14 09:00:00,3113000.0,3190000.0,3088000.0,3159000.0,20862.32700603,65337749641.86981
2023-12-15 09:00:00,3160000.0,3165000.0,3070000.0,3073000.0,16753.72629495,52076667933.33604
2023-12-16 09:00:00,3072000.0,3109000.0,3050000.0,3056000.0,10617.71712305,32703365010.16991
2023-12-17 09:00:00,3056000.0,3069000.0,3011000.0,3013000.0,11598.77484088,35254570658.57737
2023-12-18 09:00:00,3013000.0,3033000.0,2885000.0,3024000.0,31802.98881981,94022619722.89583
2023-12-19 09:00:00,3024000.0,3066000.0,2900000.0,2979000.0,22119.98963222,66616394475.68272
2023-12-20 09:00:00,2980000.0,3068000.0,2944000.0,2991000.0,27682.32100148,83198081232.42871
2023-12-21 09:00:00,2991000.0,3092000.0,2971000.0,3037000.0,26712.19581689,80929834316.70222
2023-12-22 09:00:00,3037000.0,3189000.0,3029000.0,3150000.0,52791.28227638,164643992257.8496
2023-12-23 09:00:00,3148000.0,3168000.0,3085000.0,3126000.0,17959.28784477,55994885978.09464
2023-12-24 09:00:00,3126000.0,3160000.0,3041000.0,3050000.0,19549.75104766,60712314938.87335
2023-12-25 09:00:00,3054000.0,3089000.0,3016000.0,3028000.0,24986.32832605,76213082187.10358
2023-12-26 09:00:00,3028000.0,3039000.0,2952000.0,2994000.0,26979.78869011,80827069997.1986
2023-12-27 09:00:00,2994000.0,3188000.0,2961000.0,3171000.0,34377.53265899,105824257510.89793
2023-12-28 09:00:00,3171000.0,3250000.0,3129000.0,3131000.0,44269.98214825,141172130349.83252
2023-12-29 09:00:00,3131000.0,3171000.0,3043000.0,3087000.0,30798.0442077,95956849719.94936
2023-12-30 09:00:00,3087000.0,3115000.0,3057000.0,3081000.0,12659.25244862,39047790667.13778
2023-12-31 09:00:00,3081000.0,3109000.0,3060000.0,3082000.0,12170.32394322,37497055063.56301
2024-01-01 09:00:00,3082000.0,3140000.0,3070000.0,3136000.0,11918.79208026,36923910457.09838
2024-01-02 09:00:00,3134000.0,3230000.0,3128000.0,3154000.0,29124.21085963,92574730778.70413
2024-01-03 09:00:00,3154000.0,3190000.0,2851000.0,3024000.0,57149.37569621,173530569460.93912
2024-01-04 09:00:00,3024000.0,3078000.0,2967000.0,3053000.0,24389.84136858,73593717136.83714
2024-01-05 09:00:00,3051000.0,3066000.0,2986000.0,3050000.0,15766.16708558,47749691249.87387
2024-01-06 09:00:00,3050000.0,3055000.0,2992000.0,3024000.0,10438.6928511,31546263044.46241
2024-01-07 09:00:00,3027000.0,3056000.0,2971000.0,2995000.0,12655.58462533,38204324554.38899
2024-01-08 09:00:00,2995000.0,3156000.0,2906000.0,3131000.0,38601.96158539,117131630602.21927
2024-01-09 09:00:00,3131000.0,3199000.0,3004000.0,3156000.0,47027.55624852,146047654016.06033
2024-01-10 09:00:00,3156000.0,3687000.0,3143000.0,3525000.0,159046.51357756,533806488999.8752
2024-01-11 09:00:00,3528000.0,3676000.0,3485000.0,3593000.0,117962.14125507,421538928934.6025
2024-01-12 09:00:00,3592000.0,3719000.0,3408000.0,3504000.0,95292.68830208,342973917624.59766
2024-01-13 09:00:00,3503000.0,3561000.0,3408000.0,3549000.0,40003.71009096,139995973634.34543
2024-01-14 09:00:00,3549000.0,3553000.0,3392000.0,3396000.0,24419.80382683,84862858288.68475
2024-01-15 09:00:00,3397000.0,3498000.0,3395000.0,3451000.0,21700.83871257,74972790672.26944
2024-01-16 09:00:00,3451000.0,3582000.0,3444000.0,3551000.0,24323.57335643,85161223184.99738
2024-01-17 09:00:00,3550000.0,3560000.0,3460000.0,3483000.0,18068.41265923,63422637453.05194
2024-01-18 09:00:00,3480000.0,3499000.0,3383000.0,3424000.0,21121.02028717,72775620545.31949
2024-01-19 09:00:00,3424000.0,3460000.0,3348000.0,3454000.0,23954.45376833,81454626895.44716
2024-01-20 09:00:00,3453000.0,3454000.0,3393000.0,3410000.0,6889.31878909,23571927450.40589
2024-01-21 09:00:00,3411000.0,3433000.0,3389000.0,3391000.0,6645.82828342,22678549398.63996
2024-01-22 09:00:00,3391000.0,3402000.0,3191000.0,3199000.0,30769.77623665,100990567785.45796
2024-01-23 09:00:00,3198000.0,3250000.0,3003000.0,3117000.0,47740.78765273,148344768628.9498
2024-01-24 09:00:00,3118000.0,3123000.0,3036000.0,3077000.0,20173.85360732,62126170737.33706
2024-01-25 09:00:00,3077000.0,3089000.0,3008000.0,3060000.0,14467.03203071,44206395177.26879
2024-01-26 09:00:00,3061000.0,3140000.0,3030000.0,3119000.0,23218.49666472,71910815501.71613
2024-01-27 09:00:00,3119000.0,3148000.0,3100000.0,3129000.0,11615.92960707,36312485525.27998
2024-01-28 09:00:00,3129000.0,3178000.0,3088000.0,3105000.0,12674.53321335,39755800444.04751
2024-01-29 09:00:00,3106000.0,3167000.0,3074000.0,3165000.0,13174.29066467,41148664275.86347
2024-01-30 09:00:00,3164000.0,3280000.0,3137000.0,3216000.0,26276.33572381,83897096457.42857
2024-01-31 09:00:00,3216000.0,3230000.0,3130000.0,3150000.0,18557.21499881,59142573019.52928
2024-02-01 09:00:00,3150000.0,3174000.0,3100000.0,3166000.0,11973.44886114,37557854747.81372
2024-02-02 09:00:00,3167000.0,3189000.0,3143000.0,3169000.0,10055.07728165,31834870046.4976
2024-02-03 09:00:00,3170000.0,3200000.0,3161000.0,3164000.0,6678.60460798,21249553550.34105
2024-02-04 09:00:00,3164000.0,3187000.0,3140000.0,3160000.0,6338.06068968,20068752373.19098
2024-02-05 09:00:00,3158000.0,3210000.0,3130000.0,3173000.0,10183.63136922,32331223467.39826
2024-02-06 09:00:00,3173000.0,3267000.0,3166000.0,3249000.0,12606.15139286,40463265731.78391
2024-02-07 09:00:00,3249000.0,3328000.0,3229000.0,3299000.0,16084.68938116,52616687695.94582
2024-02-08 09:00:00,3297000.0,3347000.0,3296000.0,3316000.0,16566.43952226,54917493980.46467
2024-02-09 09:00:00,3316000.0,3427000.0,3304000.0,3355000.0,26373.94877681,88960337741.51804
2024-02-10 09:00:00,3357000.0,3414000.0,3324000.0,3378000.0,13358.49431129,45066906399.31177
2024-02-11 09:00:00,3378000.0,3423000.0,3367000.0,3390000.0,11557.50199041,39270100767.6954
2024-02-12 09:00:00,3389000.0,3579000.0,3360000.0,3570000.0,26193.10338046,90519849581.46077
2024-02-13 09:00:00,3569000.0,3636000.0,3525000.0,3580000.0,37336.49801367,133650321485.48166
2024-02-14 09:00:00,3580000.0,3777000.0,3550000.0,3764000.0,40029.1437364,147657414201.39502
2024-02-15 09:00:00,3763000.0,3932000.0,3761000.0,3876000.0,52308.63752129,200819429694.76074
2024-02-16 09:00:00,3876000.0,3949000.0,3830000.0,3877000.0,35535.47003839,138277266176.24017
2024-02-17 09:00:00,3878000.0,3886000.0,3752000.0,3857000.0,27209.45962297,104000136813.44295
2024-02-18 09:00:00,3858000.0,3990000.0,3818000.0,3976000.0,20434.6805547,79586073122.8269
2024-02-19 09:00:00,3976000.0,4134000.0,3950000.0,4076000.0,35193.53130713,141853708408.71222
2024-02-20 09:00:00,4078000.0,4189000.0,3989000.0,4162000.0,43605.13062905,177773400536.9704
2024-02-21 09:00:00,4162000.0,4182000.0,4036000.0,4149000.0,37048.65536918,152157594175.25485
2024-02-22 09:00:00,4146000.0,4200000.0,4070000.0,4147000.0,30276.59224322,125410358425.48604
2024-02-23 09:00:00,4145000.0,4180000.0,4065000.0,4076000.0,21194.96635661,87249937227.04999
2024-02-24 09:00:00,4078000.0,4148000.0,4051000.0,4127000.0,15927.60895115,65291738789.32207
2024-02-25 09:00:00,4124000.0,4299000.0,4111000.0,4291000.0,29245.39803966,123055814827.44254
2024-02-26 09:00:00,4291000.0,4376000.0,4167000.0,4358000.0,50651.82084915,217163848139.15775
2024-02-27 09:00:00,4357000.0,4537000.0,4336000.0,4469000.0,57585.74517797,256570556624.18506
2024-02-28 09:00:00,4472000.0,4820000.0,4440000.0,4751000.0,102959.80227533,476265651455.8253
2024-02-29 09:00:00,4752000.0,4945000.0,4670000.0,4697000.0,97515.20306275,470845134889.9307
2024-03-01 09:00:00,4697000.0,4868000.0,4695000.0,4807000.0,33198.16474571,159265594138.99026
2024-03-02 09:00:00,4807000.0,4863000.0,4751000.0,4761000.0,31343.7988341,150449712397.98337
2024-03-03 09:00:00,4761000.0,4871000.0,4650000.0,4869000.0,37547.09990831,179010598947.4518
2024-03-04 09:00:00,4864000.0,5095000.0,4824000.0,5077000.0,71535.56779796,352496142821.56287
2024-03-05 09:00:00,5076000.0,5399000.0,4783000.0,5085000.0,143847.21218308,741220818966.9607
2024-03-06 09:00:00,5081000.0,5480000.0,4910000.0,5406000.0,106971.46342862,563465816438.1088
2024-03-07 09:00:00,5406000.0,5500000.0,5283000.0,5446000.0,53150.5506066,286131306427.3534
2024-03-08 09:00:00,5445000.0,5624000.0,5425000.0,5496000.0,54953.07236597,303900225714.46875
2024-03-09 09:00:00,5496000.0,5545000.0,5420000.0,5480000.0,26266.51563385,144262530830.84595
2024-03-10 09:00:00,5480000.0,5546000.0,5400000.0,5488000.0,27671.81222527,152373861216.56805
2024-03-11 09:00:00,5488000.0,5694000.0,5291000.0,5659000.0,64958.17916841,361848575303.336
2024-03-12 09:00:00,5659000.0,5730000.0,5510000.0,5646000.0,45609.43829937,257648476052.60037
2024-03-13 09:00:00,5646000.0,5783000.0,5620000.0,5711000.0,45007.0728902,256818163883.0858
2024-03-14 09:00:00,5711000.0,5738000.0,5366000.0,5580000.0,66306.17755256,369902680068.60175
2024-03-15 09:00:00,5580000.0,5653000.0,5192000.0,5436000.0,88349.17875259,474012841844.99866
2024-03-16 09:00:00,5437000.0,5506000.0,5101000.0,5210000.0,39986.20454682,213362923315.71103
2024-03-17 09:00:00,5210000.0,5364000.0,4979000.0,5326000.0,52592.63850199,271338632566.21225
2024-03-18 09:00:00,5324000.0,5330000.0,5124000.0,5156000.0,27564.23718391,144093941217.1744
2024-03-19 09:00:00,5155000.0,5195000.0,4705000.0,4719000.0,75346.75713799,368848795173.27844
2024-03-20 09:00:00,4719000.0,5211000.0,4518000.0,5173000.0,88974.95615277,432460834409.36475
2024-03-21 09:00:00,5172000.0,5249000.0,5000000.0,5087000.0,41218.04719797,211466569309.63763
2024-03-22 09:00:00,5087000.0,5123000.0,4812000.0,4913000.0,35643.35409561,176959739813.0671
2024-03-23 09:00:00,4910000.0,4980000.0,4807000.0,4855000.0,22091.29662814,108063983929.81905
2024-03-24 09:00:00,4854000.0,4999000.0,4811000.0,4964000.0,21252.24543321,104079550776.39412
2024-03-25 09:00:00,4963000.0,5170000.0,4916000.0,5096000.0,30427.85527757,153129261809.43497
2024-03-26 09:00:00,5096000.0,5188000.0,5067000.0,5126000.0,25157.79873622,129140338734.2299
2024-03-27 09:00:00,5131000.0,5200000.0,5002000.0,5040000.0,27531.91485484,140359286419.1747
2024-03-28 09:00:00,5040000.0,5134000.0,5000000.0,5076000.0,20318.47143343,103095350039.72041
2024-03-29 09:00:00,5076000.0,5097000.0,4980000.0,5020000.0,17798.13887258,89808604545.5349
2024-03-30 09:00:00,5020000.0,5083000.0,4996000.0,5033000.0,11479.34811219,57721578831.27771
2024-03-31 09:00:00,5029000.0,5176000.0,5026000.0,5161000.0,16263.00537524,83457630710.70831
2024-04-01 09:00:00,5161000.0,5175000.0,4951000.0,5040000.0,24685.96464989,124840631160.27283
2024-04-02 09:00:00,5040000.0,5041000.0,4747000.0,4812000.0,35092.27163147,170496736171.90277
2024-04-03 09:00:00,4809000.0,4899000.0,4701000.0,4842000.0,20384.31783526,98397363011.92348
2024-04-04 09:00:00,4837000.0,4966000.0,4769000.0,4838000.0,22541.06744322,109450933506.08485
2024-04-05 09:00:00,4838000.0,4845000.0,4710000.0,4815000.0,20664.28797197,98924104288.41219
2024-04-06 09:00:00,4811000.0,4880000.0,4789000.0,4823000.0,8380.56851987,40449933203.59952
2024-04-07 09:00:00,4823000.0,4960000.0,4817000.0,4947000.0,12120.39640254,59065900708.32203
2024-04-08 09:00:00,4947000.0,5300000.0,4886000.0,5260000.0,42092.70767985,215641655119.36597
2024-04-09 09:00:00,5260000.0,5301000.0,4980000.0,5042000.0,38933.33364928,200637119913.0457
2024-04-10 09:00:00,5042000.0,5099000.0,4920000.0,5059000.0,26415.17289302,132816765294.85231
2024-04-11 09:00:00,5060000.0,5146000.0,5007000.0,5023000.0,18630.31987467,94375774832.55974
2024-04-12 09:00:00,5023000.0,5066000.0,4757000.0,4822000.0,35983.52127968,176661620563.12323
2024-04-13 09:00:00,4822000.0,4860000.0,4400000.0,4570000.0,60042.61564863,279971892172.5484
2024-04-14 09:00:00,4570000.0,4794000.0,4450000.0,4752000.0,40038.72296705,184134153013.65112
2024-04-15 09:00:00,4752000.0,4912000.0,4624000.0,4719000.0,45456.53181041,217067072870.23495
2024-04-16 09:00:00,4720000.0,4738000.0,4520000.0,4623000.0,28364.32097481,131237053330.68121
2024-04-17 09:00:00,4625000.0,4680000.0,4402000.0,4451000.0,26879.70134692,121584818916.4873
2024-04-18 09:00:00,4451000.0,4554000.0,4367000.0,4506000.0,23606.9354781,105417084301.12048
2024-04-19 09:00:00,4507000.0,4575000.0,4257000.0,4475000.0,33555.54628173,148970774203.48746
2024-04-20 09:00:00,4475000.0,4622000.0,4431000.0,4610000.0,14667.50567125,66357518355.94368
2024-04-21 09:00:00,4610000.0,4673000.0,4568000.0,4600000.0,12888.54993046,59602260381.43098
2024-04-22 09:00:00,4600000.0,4695000.0,4586000.0,4652000.0,15860.25660111,73713861344.28378
2024-04-23 09:00:00,4653000.0,4718000.0,4563000.0,4661000.0,17663.50298925,81893908609.1039
2024-04-24 09:00:00,4662000.0,4736000.0,4519000.0,4567000.0,20594.06731367,95796669247.85196
2024-04-25 09:00:00,4569000.0,4621000.0,4444000.0,4535000.0,17799.5080669,80712283925.30592
2024-04-26 09:00:00,4539000.0,4554000.0,4470000.0,4512000.0,9453.45597913,42630441684.26977
2024-04-27 09:00:00,4512000.0,4721000.0,4453000.0,4689000.0,14248.38595476,65166948586.31143
2024-04-28 09:00:00,4689000.0,4795000.0,4660000.0,4679000.0,19459.29548227,92122345297.95251
2024-04-29 09:00:00,4679000.0,4713000.0,4459000.0,4604000.0,26475.49144265,120827618762.77795
2024-04-30 09:00:00,4604000.0,4653000.0,4221000.0,4327000.0,37466.78977518,164144616207.2637
2024-05-01 09:00:00,4327000.0,4351000.0,3980000.0,4252000.0,51845.88467646,215113410232.3157
2024-05-02 09:00:00,4252000.0,4280000.0,4076000.0,4201000.0,21713.65119788,90983767245.23065
2024-05-03 09:00:00,4201000.0,4434000.0,4187000.0,4400000.0,30242.38832656,129999551382.33586
2024-05-04 09:00:00,4401000.0,4470000.0,4352000.0,4410000.0,14527.76629291,64124895986.23945
2024-05-05 09:00:00,4408000.0,4465000.0,4314000.0,4410000.0,11299.23551254,49699770407.18325
2024-05-06 09:00:00,4409000.0,4500000.0,4300000.0,4308000.0,17631.6953589,77597195614.93643
2024-05-07 09:00:00,4308000.0,4379000.0,4220000.0,4229000.0,15313.59926725,65986557845.46256
2024-05-08 09:00:00,4229000.0,4273000.0,4137000.0,4169000.0,17129.43001809,72097529579.0471
2024-05-09 09:00:00,4169000.0,4269000.0,4130000.0,4243000.0,10698.70620335,44829651933.39667
2024-05-10 09:00:00,4240000.0,4250000.0,4073000.0,4108000.0,13965.70859863,58135031681.12279
2024-05-11 09:00:00,4109000.0,4143000.0,4070000.0,4111000.0,6260.73117421,25690386361.56444
2024-05-12 09:00:00,4111000.0,4160000.0,4094000.0,4125000.0,4943.89919655,20390469241.74202
2024-05-13 09:00:00,4125000.0,4189000.0,4030000.0,4125000.0,13954.28928201,57365575462.12745
2024-05-14 09:00:00,4125000.0,4139000.0,4021000.0,4053000.0,11590.18759865,47224279825.67949
2024-05-15 09:00:00,4053000.0,4228000.0,4027000.0,4220000.0,21486.28715644,89088727334.33789
2024-05-16 09:00:00,4219000.0,4237000.0,4079000.0,4096000.0,18486.0052916,76689470485.42046
2024-05-17 09:00:00,4096000.0,4305000.0,4084000.0,4278000.0,19464.37439518,81866872849.37
2024-05-18 09:00:00,4278000.0,4369000.0,4270000.0,4343000.0,12033.72639043,51947961790.17
2024-05-19 09:00:00,4341000.0,4351000.0,4246000.0,4268000.0,11075.12487303,47579788599.72051
2024-05-20 09:00:00,4270000.0,5028000.0,4236000.0,4992000.0,55370.88344543,261592698574.4615
2024-05-21 09:00:00,4992000.0,5283000.0,4941000.0,5231000.0,88166.45238357,451792852020.0628
2024-05-22 09:00:00,5231000.0,5250000.0,5008000.0,5152000.0,48070.40246033,247208327309.25784
2024-05-23 09:00:00,5152000.0,5449000.0,4936000.0,5288000.0,130842.61414347,691974912982.9915
2024-05-24 09:00:00,5288000.0,5350000.0,5080000.0,5177000.0,41377.02372914,215704715688.38657
2024-05-25 09:00:00,5177000.0,5262000.0,5154000.0,5206000.0,15213.74909172,79301710998.25748
2024-05-26 09:00:00,5206000.0,5420000.0,5193000.0,5342000.0,30017.81080353,159689779388.8609
2024-05-27 09:00:00,5342000.0,5495000.0,5338000.0,5390000.0,43131.29067968,234508424773.13165
2024-05-28 09:00:00,5390000.0,5450000.0,5262000.0,5325000.0,30074.07167826,161073499535.292
2024-05-29 09:00:00,5324000.0,5360000.0,5207000.0,5234000.0,20567.85268384,108638438430.44653
2024-05-30 09:00:00,5235000.0,5300000.0,5160000.0,5212000.0,19948.1542936,104226611185.7857
2024-05-31 09:00:00,5213000.0,5362000.0,5188000.0,5269000.0,22302.82686802,117481742657.70273
2024-06-01 09:00:00,5270000.0,5350000.0,5253000.0,5341000.0,7810.23704078,41428692098.77002
2024-06-02 09:00:00,5341000.0,5372000.0,5279000.0,5300000.0,10137.32908139,53933095082.06719
2024-06-03 09:00:00,5302000.0,5345000.0,5240000.0,5259000.0,16241.96489053,86017441722.71556
2024-06-04 09:00:00,5259000.0,5286000.0,5215000.0,5273000.0,11937.42614555,62690906235.57363
2024-06-05 09:00:00,5274000.0,5364000.0,5235000.0,5345000.0,19036.86062537,100585137441.04279
2024-06-06 09:00:00,5348000.0,5358000.0,5256000.0,5296000.0,14232.05197492,75841876594.56308
2024-06-07 09:00:00,5297000.0,5328000.0,5168000.0,5199000.0,20758.68202929,109002283061.60799
2024-06-08 09:00:00,5199000.0,5228000.0,5187000.0,5212000.0,7977.14504652,41501229928.78264
2024-06-09 09:00:00,5214000.0,5240000.0,5185000.0,5208000.0,4505.91341029,23459542205.29592
2024-06-10 09:00:00,5208000.0,5216000.0,5105000.0,5135000.0,10482.50687807,54030164485.61946
2024-06-11 09:00:00,5135000.0,5140000.0,4868000.0,4959000.0,24054.27510469,119872977663.00256
2024-06-12 09:00:00,4959000.0,5143000.0,4891000.0,5006000.0,20001.23554614,100560399893.82623
2024-06-13 09:00:00,5006000.0,5010000.0,4870000.0,4915000.0,12941.49944375,63913284851.4603
2024-06-14 09:00:00,4914000.0,5016000.0,4805000.0,4957000.0,14240.54467667,70159427003.78476
2024-06-15 09:00:00,4957000.0,5085000.0,4931000.0,5062000.0,10578.38989324,53044022990.83324
2024-06-16 09:00:00,5062000.0,5159000.0,5015000.0,5121000.0,8296.87748129,42115816842.06471
2024-06-17 09:00:00,5120000.0,5138000.0,4891000.0,4946000.0,21811.28892214,108707589260.80505
2024-06-18 09:00:00,4946000.0,4957000.0,4765000.0,4900000.0,22981.77375906,111119820834.87225
2024-06-19 09:00:00,4900000.0,5058000.0,4872000.0,5020000.0,17294.02573891,86300782868.29309
2024-06-20 09:00:00,5020000.0,5102000.0,4935000.0,4973000.0,18943.70045827,95188680536.46143
2024-06-21 09:00:00,4973000.0,5000000.0,4867000.0,4955000.0,12049.94048423,59482660216.29358
2024-06-22 09:00:00,4955000.0,4964000.0,4913000.0,4945000.0,4621.11187892,22845103838.48815
2024-06-23 09:00:00,4945000.0,4976000.0,4820000.0,4820000.0,7251.01882151,35512480308.03881
2024-06-24 09:00:00,4821000.0,4850000.0,4590000.0,4753000.0,30684.13103684,144600998245.2471
2024-06-25 09:00:00,4753000.0,4838000.0,4706000.0,4803000.0,16011.6925981,76452221554.90483
2024-06-26 09:00:00,4803000.0,4844000.0,4707000.0,4766000.0,10684.96639011,51085695708.23111
2024-06-27 09:00:00,4767000.0,4902000.0,4743000.0,4863000.0,14258.70561148,68752895106.33495
2024-06-28 09:00:00,4863000.0,4908000.0,4744000.0,4761000.0,12469.9668292,60152257889.19671
2024-06-29 09:00:00,4766000.0,4791000.0,4750000.0,4754000.0,4807.29740895,22919922463.51227
2024-06-30 09:00:00,4755000.0,4852000.0,4712000.0,4821000.0,7303.2091009,34880820598.90995
2024-07-01 09:00:00,4821000.0,4948000.0,4808000.0,4835000.0,13062.43303048,63726649101.19514
2024-07-02 09:00:00,4835000.0,4867000.0,4777000.0,4811000.0,8116.49859659,39166856913.89802
2024-07-03 09:00:00,4811000.0,4826000.0,4627000.0,4672000.0,15381.79799769,72374415859.46214
2024-07-04 09:00:00,4673000.0,4696000.0,4370000.0,4379000.0,27350.47368514,123292891965.39285
2024-07-05 09:00:00,4379000.0,4470000.0,4058000.0,4266000.0,54320.25098026,229135043602.49792
2024-07-06 09:00:00,4270000.0,4384000.0,4205000.0,4365000.0,16840.01916105,72343231944.79562
2024-07-07 09:00:00,4367000.0,4373000.0,4151000.0,4164000.0,14286.49375127,60893159180.67498
2024-07-08 09:00:00,4167000.0,4397000.0,4050000.0,4290000.0,29118.59168736,123089222444.99115
2024-07-09 09:00:00,4290000.0,4401000.0,4267000.0,4336000.0,17246.36563577,74890400997.43117
2024-07-10 09:00:00,4335000.0,4461000.0,4297000.0,4397000.0,15470.04317181,67747775692.84169
2024-07-11 09:00:00,4397000.0,4530000.0,4336000.0,4381000.0,18453.49877196,81698884814.75555
2024-07-12 09:00:00,4382000.0,4444000.0,4318000.0,4413000.0,13081.55017339,57185122664.6878
2024-07-13 09:00:00,4414000.0,4485000.0,4383000.0,4450000.0,9560.11424826,42347876027.69968
2024-07-14 09:00:00,4450000.0,4595000.0,4440000.0,4557000.0,14424.35579172,64918966753.16691
2024-07-15 09:00:00,4557000.0,4911000.0,4548000.0,4900000.0,25924.20998981,122624019953.45682
2024-07-16 09:00:00,4900000.0,4927000.0,4681000.0,4809000.0,36014.81626314,173156616107.05838
2024-07-17 09:00:00,4810000.0,4900000.0,4719000.0,4730000.0,23618.60327732,114050720437.09503
2024-07-18 09:00:00,4730000.0,4890000.0,4720000.0,4811000.0,19001.4084744,91243495325.70834
2024-07-19 09:00:00,4811000.0,4939000.0,4737000.0,4888000.0,26682.94953578,128835068971.6963
2024-07-20 09:00:00,4888000.0,4954000.0,4864000.0,4928000.0,13048.62329511,64031055342.88903
2024-07-21 09:00:00,4928000.0,4943000.0,4800000.0,4932000.0,17578.67977648,86234029591.3293
2024-07-22 09:00:00,4932000.0,4968000.0,4790000.0,4808000.0,20954.67495221,102016832302.58246
2024-07-23 09:00:00,4808000.0,4960000.0,4770000.0,4870000.0,36754.29343537,178982050682.70685
2024-07-24 09:00:00,4870000.0,4883000.0,4632000.0,4674000.0,25375.65302735,121024762904.98196
2024-07-25 09:00:00,4675000.0,4679000.0,4350000.0,4463000.0,48005.1759814,214357082726.9975
2024-07-26 09:00:00,4464000.0,4587000.0,4458000.0,4571000.0,23329.72368025,105874831308.51556
2024-07-27 09:00:00,4571000.0,4645000.0,4466000.0,4515000.0,24830.19541085,113413811635.52718
2024-07-28 09:00:00,4515000.0,4587000.0,4471000.0,4569000.0,12324.30551991,55894508810.55171
2024-07-29 09:00:00,4569000.0,4723000.0,4559000.0,4641000.0,25974.61606615,120720133780.07263
2024-07-30 09:00:00,4642000.0,4697000.0,4544000.0,4597000.0,16872.56665312,78296493759.69182
2024-07-31 09:00:00,4597000.0,4669000.0,4514000.0,4518000.0,16139.98745664,74165299523.7872
2024-08-01 09:00:00,4517000.0,4537000.0,4351000.0,4500000.0,22863.74612233,101748343532.18732
2024-08-02 09:00:00,4500000.0,4521000.0,4192000.0,4213000.0,25758.2783992,111522674457.72092
2024-08-03 09:00:00,4213000.0,4248000.0,4060000.0,4110000.0,24088.61427559,100121030942.86938
2024-08-04 09:00:00,4111000.0,4140000.0,3781000.0,3790000.0,35345.57199199,139733175899.61078
2024-08-05 09:00:00,3790000.0,3812000.0,3162000.0,3483000.0,209059.78437835,707815074376.8756
2024-08-06 09:00:00,3485000.0,3719000.0,3450000.0,3526000.0,63843.90206178,229074628532.84708
2024-08-07 09:00:00,3525000.0,3620000.0,3300000.0,3338000.0,62637.5096902,217067413590.7039
2024-08-08 09:00:00,3338000.0,3818000.0,3301000.0,3757000.0,66896.54790791,237186068166.68304
2024-08-09 09:00:00,3757000.0,3803000.0,3600000.0,3654000.0,45674.66493233,169800846408.80627
2024-08-10 09:00:00,3655000.0,3721000.0,3634000.0,3669000.0,14996.39495676,55139856193.57484
2024-08-11 09:00:00,3670000.0,3802000.0,3578000.0,3601000.0,27693.30377307,102218246609.68507
2024-08-12 09:00:00,3601000.0,3851000.0,3526000.0,3817000.0,47047.06375201,173918990486.20743
2024-08-13 09:00:00,3817000.0,3833000.0,3665000.0,3774000.0,31402.59148145,117648212565.40073
2024-08-14 09:00:00,3776000.0,3880000.0,3687000.0,3732000.0,31024.18634867,117163216298.62173
2024-08-15 09:00:00,3732000.0,3748000.0,3554000.0,3616000.0,26660.40354577,97806497796.17358
2024-08-16 09:00:00,3616000.0,3674000.0,3583000.0,3623000.0,16427.07077551,59577005194.34091
2024-08-17 09:00:00,3624000.0,3659000.0,3612000.0,3638000.0,6040.62477411,21923926060.66072
2024-08-18 09:00:00,3638000.0,3730000.0,3618000.0,3640000.0,11637.14391624,42772483660.33981
2024-08-19 09:00:00,3638000.0,3672000.0,3537000.0,3620000.0,19155.47885333,68903537879.42747
2024-08-20 09:00:00,3620000.0,3664000.0,3502000.0,3522000.0,24665.63748092,88482469871.42484
2024-08-21 09:00:00,3522000.0,3606000.0,3475000.0,3564000.0,17055.74817855,60368708028.79046
2024-08-22 09:00:00,3564000.0,3579000.0,3515000.0,3557000.0,11272.60438165,40057078245.7567
2024-08-23 09:00:00,3558000.0,3739000.0,3554000.0,3690000.0,23079.4896545,83946668014.73335
2024-08-24 09:00:00,3690000.0,3758000.0,3667000.0,3701000.0,19509.04801722,72228176077.47653
2024-08-25 09:00:00,3701000.0,3735000.0,3662000.0,3689000.0,13184.09937805,48711673350.25593
2024-08-26 09:00:00,3690000.0,3701000.0,3590000.0,3605000.0,14360.43533042,52388851981.38471
2024-08-27 09:00:00,3606000.0,3619000.0,3312000.0,3346000.0,40415.42698563,139654557253.23016
2024-08-28 09:00:00,3347000.0,3485000.0,3300000.0,3445000.0,33287.94799445,112639950873.39107
2024-08-29 09:00:00,3444000.0,3511000.0,3411000.0,3437000.0,15008.10389037,51906444974.222
2024-08-30 09:00:00,3437000.0,3465000.0,3334000.0,3435000.0,14911.40895858,50764583696.0494
2024-08-31 09:00:00,3437000.0,3447000.0,3389000.0,3419000.0,5024.24239219,17191653870.13801
2024-09-01 09:00:00,3420000.0,3425000.0,3295000.0,3317000.0,14201.47534825,47708903724.83734
2024-09-02 09:00:00,3317000.0,3480000.0,3315000.0,3442000.0,14145.6070705,47974112567.66902
2024-09-03 09:00:00,3443000.0,3464000.0,3297000.0,3304000.0,14343.18800238,48440426224.18017
2024-09-04 09:00:00,3306000.0,3373000.0,3170000.0,3323000.0,23444.67416023,76375325394.10748
2024-09-05 09:00:00,3323000.0,3340000.0,3201000.0,3220000.0,14573.90468953,47415963620.32564
2024-09-06 09:00:00,3221000.0,3256000.0,2955000.0,3039000.0,44219.82937118,137999644248.573
2024-09-07 09:00:00,3040000.0,3143000.0,3021000.0,3088000.0,14017.5280694,43215423940.21836
2024-09-08 09:00:00,3090000.0,3157000.0,3043000.0,3118000.0,10300.35731911,31955697482.71299
2024-09-09 09:00:00,3118000.0,3222000.0,3090000.0,3196000.0,17744.35623605,55941506064.55418
2024-09-10 09:00:00,3196000.0,3247000.0,3153000.0,3232000.0,13695.61356941,43705573271.06431
2024-09-11 09:00:00,3232000.0,3237000.0,3092000.0,3158000.0,15786.03025654,49832917531.33946
2024-09-12 09:00:00,3160000.0,3220000.0,3126000.0,3179000.0,16569.10444639,52555889491.7461
2024-09-13 09:00:00,3179000.0,3302000.0,3143000.0,3267000.0,15560.59420983,49821922370.24901
2024-09-14 09:00:00,3267000.0,3270000.0,3202000.0,3244000.0,6996.08817392,22726341954.7793
2024-09-15 09:00:00,3244000.0,3262000.0,3070000.0,3125000.0,10529.51033891,33603844585.63629
2024-09-16 09:00:00,3124000.0,3138000.0,3039000.0,3094000.0,18468.29411243,57024429772.8968
2024-09-17 09:00:00,3095000.0,3210000.0,3053000.0,3147000.0,17377.03669075,54575571461.14015
2024-09-18 09:00:00,3145000.0,3182000.0,3073000.0,3179000.0,15046.97637117,46992586044.70646
2024-09-19 09:00:00,3179000.0,3325000.0,3170000.0,3286000.0,24509.45725456,79492382401.25186
2024-09-20 09:00:00,3285000.0,3432000.0,3250000.0,3423000.0,25952.85970737,87705808335.08325
2024-09-21 09:00:00,3423000.0,3492000.0,3385000.0,3482000.0,13053.29599215,44720579878.27295
2024-09-22 09:00:00,3480000.0,3507000.0,3383000.0,3451000.0,12506.05384614,43204300642.21022
2024-09-23 09:00:00,3451000.0,3612000.0,3397000.0,3538000.0,17569.94623681,62226584101.28181
2024-09-24 09:00:00,3538000.0,3562000.0,3470000.0,3519000.0,15919.473443,56022342626.98302
2024-09-25 09:00:00,3520000.0,3545000.0,3420000.0,3449000.0,15003.13740572,52291699659.80785
2024-09-26 09:00:00,3450000.0,3512000.0,3417000.0,3478000.0,18412.42990809,64088741949.67118
2024-09-27 09:00:00,3477000.0,3595000.0,3467000.0,3560000.0,17593.35999966,61932755057.81347
2024-09-28 09:00:00,3560000.0,3573000.0,3490000.0,3519000.0,12179.05077833,42992198187.50481
2024-09-29 09:00:00,3523000.0,3535000.0,3471000.0,3480000.0,10060.76287732,35184234769.19786
2024-09-30 09:00:00,3480000.0,3484000.0,3400000.0,3440000.0,14482.46668055,49752276607.51501
2024-10-01 09:00:00,3440000.0,3512000.0,3244000.0,3281000.0,22924.6552267,77464120525.71494
2024-10-02 09:00:00,3281000.0,3339000.0,3169000.0,3188000.0,19143.68117348,62417759467.34854
2024-10-03 09:00:00,3189000.0,3237000.0,3141000.0,3189000.0,15632.61506716,49796887018.92873
2024-10-04 09:00:00,3190000.0,3299000.0,3170000.0,3261000.0,13531.92475097,43683274209.26287
2024-10-05 09:00:00,3259000.0,3284000.0,3233000.0,3271000.0,5747.72595945,18745401819.27019
2024-10-06 09:00:00,3271000.0,3308000.0,3257000.0,3282000.0,5778.18274717,18955550183.32208
2024-10-07 09:00:00,3282000.0,3380000.0,3245000.0,3269000.0,15285.2476685,50781253285.99885
2024-10-08 09:00:00,3267000.0,3330000.0,3254000.0,3305000.0,8264.23032122,27180801266.69205
2024-10-09 09:00:00,3304000.0,3346000.0,3202000.0,3219000.0,9195.7597896,30182540789.88285
2024-10-10 09:00:00,3219000.0,3285000.0,3190000.0,3246000.0,10039.6379945,32496182677.44791
2024-10-11 09:00:00,3245000.0,3335000.0,3237000.0,3292000.0,8708.92039959,28620349374.69856
2024-10-12 09:00:00,3292000.0,3348000.0,3285000.0,3330000.0,5913.80851485,19591285705.01655
2024-10-13 09:00:00,3329000.0,3341000.0,3292000.0,3329000.0,5784.48896088,19202206501.8169
2024-10-14 09:00:00,3329000.0,3551000.0,3302000.0,3528000.0,23396.05091579,80710182441.4487
2024-10-15 09:00:00,3528000.0,3623000.0,3442000.0,3524000.0,26297.17721469,92556042223.79253
2024-10-16 09:00:00,3524000.0,3575000.0,3504000.0,3541000.0,14774.89568611,52349708275.67698
2024-10-17 09:00:00,3540000.0,3591000.0,3526000.0,3550000.0,12369.72789713,44041662539.41018
2024-10-18 09:00:00,3550000.0,3630000.0,3533000.0,3601000.0,14707.16418733,52720109602.50055
2024-10-19 09:00:00,3602000.0,3624000.0,3589000.0,3615000.0,8535.60151237,30781806455.39339
2024-10-20 09:00:00,3615000.0,3749000.0,3596000.0,3738000.0,13950.7309814,51193065651.84487
2024-10-21 09:00:00,3738000.0,3766000.0,3630000.0,3651000.0,20139.64890469,74463174058.10226
2024-10-22 09:00:00,3654000.0,3665000.0,3579000.0,3612000.0,16457.63092853,59505553776.73881
2024-10-23 09:00:00,3613000.0,3622000.0,3421000.0,3499000.0,18442.7799884,65051744022.04393
2024-10-24 09:00:00,3500000.0,3549000.0,3468000.0,3500000.0,19747.27755035,69210221795.93613
2024-10-25 09:00:00,3501000.0,3555000.0,3365000.0,3433000.0,26843.95353763,93315124726.05083
2024-10-26 09:00:00,3433000.0,3509000.0,3415000.0,3475000.0,8581.39273147,29619618105.32299
2024-10-27 09:00:00,3475000.0,3522000.0,3450000.0,3496000.0,8852.66124091,30810075638.04242
2024-10-28 09:00:00,3496000.0,3600000.0,3450000.0,3579000.0,20957.24113424,73729717331.47176
2024-10-29 09:00:00,3577000.0,3718000.0,3566000.0,3674000.0,30553.94623926,111548837817.24911
2024-10-30 09:00:00,3672000.0,3784000.0,3611000.0,3695000.0,34506.64298788,127973725978.33928
2024-10-31 09:00:00,3695000.0,3711000.0,3490000.0,3514000.0,28120.4176214,101437146295.88966
2024-11-01 09:00:00,3514000.0,3604000.0,3430000.0,3516000.0,22234.71357426,78081482061.56998
2024-11-02 09:00:00,3516000.0,3535000.0,3460000.0,3496000.0,8879.04296817,31072231687.2933
2024-11-03 09:00:00,3493000.0,3500000.0,3366000.0,3426000.0,16360.67448075,56004693083.0632
2024-11-04 09:00:00,3426000.0,3469000.0,3290000.0,3335000.0,17474.44070891,59187180696.61445
2024-11-05 09:00:00,3335000.0,3456000.0,3316000.0,3364000.0,18545.11863348,62875399074.74453
2024-11-06 09:00:00,3364000.0,3767000.0,3359000.0,3755000.0,67605.64742831,242808765964.32556
2024-11-07 09:00:00,3755000.0,3996000.0,3701000.0,3981000.0,77549.45915897,301637242267.4991
2024-11-08 09:00:00,3981000.0,4150000.0,3980000.0,4136000.0,56303.17740095,228163009667.56516
2024-11-09 09:00:00,4136000.0,4370000.0,4111000.0,4332000.0,51487.66492851,217528807671.71124
2024-11-10 09:00:00,4332000.0,4480000.0,4239000.0,4411000.0,79667.42987071,350232401034.0704
2024-11-11 09:00:00,4411000.0,4744000.0,4304000.0,4725000.0,94436.67599839,425613455738.6513
2024-11-12 09:00:00,4725000.0,4894000.0,4500000.0,4614000.0,114399.58980313,536127532322.3308
2024-11-13 09:00:00,4617000.0,4720000.0,4443000.0,4524000.0,78624.55264031,359584771216.968
2024-11-14 09:00:00,4523000.0,4609000.0,4250000.0,4331000.0,60396.76445997,270443591356.31253
2024-11-15 09:00:00,4332000.0,4437000.0,4281000.0,4359000.0,55055.53538293,239792794744.1718
2024-11-16 09:00:00,4358000.0,4600000.0,4326000.0,4402000.0,93673.91828829,415591460794.52313
2024-11-17 09:00:00,4403000.0,4441000.0,4260000.0,4329000.0,55854.27740223,243665211974.5452
2024-11-18 09:00:00,4330000.0,4545000.0,4298000.0,4511000.0,65533.18964987,287422928153.6785
2024-11-19 09:00:00,4511000.0,4540000.0,4328000.0,4372000.0,59172.97943945,259927782476.22433
2024-11-20 09:00:00,4373000.0,4426000.0,4300000.0,4338000.0,50466.16391361,219661255322.39038
2024-11-21 09:00:00,4338000.0,4733000.0,4309000.0,4685000.0,171843.33892139,787027882083.3922
2024-11-22 09:00:00,4684000.0,4789000.0,4350000.0,4614000.0,146127.28769417,677739961647.2914
2024-11-23 09:00:00,4613000.0,4821000.0,4572000.0,4727000.0,143847.9807842,674864414814.1405
2024-11-24 09:00:00,4725000.0,4805000.0,4492000.0,4672000.0,97500.64238663,453677236870.9255
2024-11-25 09:00:00,4672000.0,4932000.0,4555000.0,4759000.0,148214.90666338,709308382729.2284
2024-11-26 09:00:00,4759000.0,4826000.0,4572000.0,4654000.0,76285.74332921,357948154276.02637
2024-11-27 09:00:00,4653000.0,5130000.0,4605000.0,5070000.0,110089.52819386,538039091556.10925
2024-11-28 09:00:00,5071000.0,5106000.0,4944000.0,4988000.0,69262.01043321,348146000175.752
2024-11-29 09:00:00,4988000.0,5031000.0,4909000.0,4966000.0,53466.12119607,266118190530.1911
2024-11-30 09:00:00,4966000.0,5180000.0,4941000.0,5133000.0,74323.20634377,377718460841.5679
2024-12-01 09:00:00,5132000.0,5197000.0,5090000.0,5105000.0,57600.32815629,295948070494.35016
2024-12-02 09:00:00,5104000.0,5215000.0,4995000.0,5085000.0,92668.98148974,471837730264.9652
2024-12-03 09:00:00,5085000.0,5113000.0,3120000.0,5051000.0,194378.38958533,937921600907.501
2024-12-04 09:00:00,5051000.0,5456000.0,5049000.0,5402000.0,144258.1324972,762064210203.1035
2024-12-05 09:00:00,5403000.0,5541000.0,5250000.0,5364000.0,109634.89808137,594670763277.8694
2024-12-06 09:00:00,5365000.0,5700000.0,5314000.0,5581000.0,100687.57495466,555753370011.7917
2024-12-07 09:00:00,5580000.0,5619000.0,5500000.0,5562000.0,40010.31325566,222806817684.55334
2024-12-08 09:00:00,5563000.0,5618000.0,5503000.0,5591000.0,31185.08927395,173706375728.83615
2024-12-09 09:00:00,5591000.0,5601000.0,5030000.0,5300000.0,100138.49608584,540298622557.10077
2024-12-10 09:00:00,5306000.0,5398000.0,5084000.0,5194000.0,86983.17685599,456753787903.885
2024-12-11 09:00:00,5195000.0,5463000.0,5056000.0,5423000.0,58403.24536639,308048115241.4238
2024-12-12 09:00:00,5423000.0,5656000.0,5382000.0,5544000.0,66453.10443169,369351605333.27997
2024-12-13 09:00:00,5544000.0,5636000.0,5500000.0,5567000.0,39779.35859923,222062907060.2618
2024-12-14 09:00:00,5567000.0,5616000.0,5459000.0,5567000.0,36733.36984228,204256608008.20886
2024-12-15 09:00:00,5568000.0,5678000.0,5524000.0,5651000.0,34257.59594488,191440643919.68698
2024-12-16 09:00:00,5651000.0,5900000.0,5627000.0,5774000.0,72832.00733754,417577361215.9774
2024-12-17 09:00:00,5774000.0,5870000.0,5606000.0,5701000.0,74340.6396922,429357315109.5025
2024-12-18 09:00:00,5701000.0,5750000.0,5325000.0,5351000.0,76232.47968916,425331909919.75
2024-12-19 09:00:00,5351000.0,5557000.0,5063000.0,5170000.0,92729.86100951,495852424329.88995
2024-12-20 09:00:00,5171000.0,5298000.0,4685000.0,5256000.0,146072.66128234,729751132714.195
2024-12-21 09:00:00,5256000.0,5342000.0,5020000.0,5078000.0,51213.78404086,265535077943.11832
2024-12-22 09:00:00,5079000.0,5147000.0,4928000.0,4989000.0,34304.09259124,173085347127.83698
2024-12-23 09:00:00,4989000.0,5228000.0,4882000.0,5154000.0,46638.63886925,235344514611.2026
2024-12-24 09:00:00,5154000.0,5271000.0,5050000.0,5195000.0,39126.33015294,202108674524.52225
2024-12-25 09:00:00,5193000.0,5300000.0,5142000.0,5207000.0,30448.87062105,158567352484.659
2024-12-26 09:00:00,5210000.0,5237000.0,5000000.0,5013000.0,30793.74467593,156647716375.55997
2024-12-27 09:00:00,5016000.0,5161000.0,4973000.0,5019000.0,32824.60710768,166151379351.82983
2024-12-28 09:00:00,5019000.0,5120000.0,4992000.0,5083000.0,16383.32552449,82578621416.73279
2024-12-29 09:00:00,5083000.0,5093000.0,4952000.0,5004000.0,17479.72125233,87961785202.1677
2024-12-30 09:00:00,5005000.0,5099000.0,4901000.0,4994000.0,36488.01921003,182710547997.9693
2024-12-31 09:00:00,4995000.0,5129000.0,4910000.0,4978000.0,29159.80238019,146125350847.7893
2025-01-01 09:00:00,4981000.0,5034000.0,4960000.0,5021000.0,22855.21646766,114373407194.17838
2025-01-02 09:00:00,5021000.0,5194000.0,5008000.0,5132000.0,32248.60106402,164575568051.4994
2025-01-03 09:00:00,5132000.0,5342000.0,5080000.0,5312000.0,33499.43117214,174235783706.6259
2025-01-04 09:00:00,5313000.0,5408000.0,5276000.0,5382000.0,27146.70915723,144929738608.54337
2025-01-05 09:00:00,5382000.0,5421000.0,5295000.0,5350000.0,19994.50780744,106912676495.77798
2025-01-06 09:00:00,5350000.0,5472000.0,5320000.0,5413000.0,28745.06387996,155167871825.47357
2025-01-07 09:00:00,5413000.0,5433000.0,5023000.0,5059000.0,49827.86162171,259239519263.22318
2025-01-08 09:00:00,5060000.0,5114000.0,4897000.0,4985000.0,54649.32004664,273144420860.63953
2025-01-09 09:00:00,4986000.0,5028000.0,4810000.0,4864000.0,39961.59546364,197179275230.9468
2025-01-10 09:00:00,4865000.0,5009000.0,4854000.0,4915000.0,30858.62295268,152064199005.62238
2025-01-11 09:00:00,4914000.0,4967000.0,4862000.0,4915000.0,17682.51073335,86751309446.12523
2025-01-12 09:00:00,4915000.0,4950000.0,4857000.0,4909000.0,16640.31257341,81587964228.54976
2025-01-13 09:00:00,4910000.0,4989000.0,4550000.0,4717000.0,82269.66404162,387388770439.4823
2025-01-14 09:00:00,4719000.0,4850000.0,4691000.0,4791000.0,36715.55013156,175233138135.45398
2025-01-15 09:00:00,4793000.0,5096000.0,4716000.0,5057000.0,59689.32080063,291072148636.4134
2025-01-16 09:00:00,5056000.0,5069000.0,4831000.0,4858000.0,66876.4626488,329093912199.47003
2025-01-17 09:00:00,4858000.0,5171000.0,4853000.0,5085000.0,59111.25787492,296619809878.62866
2025-01-18 09:00:00,5084000.0,5150000.0,4854000.0,4929000.0,82796.72095787,410007894059.57404
2025-01-19 09:00:00,4930000.0,5200000.0,4789000.0,4892000.0,177220.5764157,881516558269.2473
2025-01-20 09:00:00,4890000.0,5150000.0,4814000.0,4923000.0,123607.25604223,616179901603.5826
2025-01-21 09:00:00,4923000.0,4983000.0,4835000.0,4939000.0,57265.7234037,281573453130.7313
2025-01-22 09:00:00,4939000.0,4986000.0,4829000.0,4846000.0,36064.7041644,176783669707.37604
2025-01-23 09:00:00,4847000.0,4990000.0,4780000.0,4976000.0,50947.62522375,247710343275.9758
2025-01-24 09:00:00,4979000.0,5093000.0,4890000.0,4968000.0,52225.07879733,261455788008.75687
2025-01-25 09:00:00,4969000.0,5017000.0,4920000.0,4985000.0,18641.27383917,92613815181.99393
2025-01-26 09:00:00,4985000.0,5033000.0,4914000.0,4923000.0,22205.55327073,110592497167.51984
2025-01-27 09:00:00,4924000.0,4950000.0,4700000.0,4835000.0,62266.31673199,298325901134.4992
2025-01-28 09:00:00,4835000.0,4879000.0,4710000.0,4741000.0,29747.18416335,143010374173.58896
2025-01-29 09:00:00,4742000.0,4839000.0,4732000.0,4776000.0,22500.52857446,107577540925.55
2025-01-30 09:00:00,4776000.0,4962000.0,4754000.0,4898000.0,34359.52096114,167868528256.2655
2025-01-31 09:00:00,4898000.0,5188000.0,4886000.0,5042000.0,61921.58487457,312141567369.63025
2025-02-01 09:00:00,5046000.0,5099000.0,4840000.0,4877000.0,36610.6865729,182400799920.88193
2025-02-02 09:00:00,4878000.0,4930000.0,4451000.0,4541000.0,75379.0187667,355047439536.6165
2025-02-03 09:00:00,4540000.0,4616000.0,3950000.0,4501000.0,297904.15179666,1259165876437.769
2025-02-04 09:00:00,4502000.0,4528000.0,4130000.0,4302000.0,115830.88075495,501198061206.6177
2025-02-05 09:00:00,4302000.0,4402000.0,4235000.0,4366000.0,53979.5496893,233431128819.7789
2025-02-06 09:00:00,4366000.0,4431000.0,4165000.0,4214000.0,49024.04714407,211778112372.4218
2025-02-07 09:00:00,4214000.0,4311000.0,4000000.0,4068000.0,57555.36884913,239182680197.40796
2025-02-08 09:00:00,4068000.0,4133000.0,4004000.0,4061000.0,27440.64503176,111336122287.39488
2025-02-09 09:00:00,4063000.0,4149000.0,3910000.0,4022000.0,34860.88929122,140690954810.278
2025-02-10 09:00:00,4022000.0,4078000.0,3921000.0,4040000.0,32637.54022819,130815350659.85368
2025-02-11 09:00:00,4040000.0,4121000.0,3941000.0,3970000.0,36081.56301496,145716200632.1076
2025-02-12 09:00:00,3970000.0,4232000.0,3895000.0,4143000.0,51230.79378974,205526692900.0933
2025-02-13 09:00:00,4142000.0,4166000.0,3970000.0,4037000.0,35500.90326179,143803758246.75726
2025-02-14 09:00:00,4037000.0,4179000.0,4012000.0,4095000.0,30344.34895779,123820017727.32573
2025-02-15 09:00:00,4095000.0,4119000.0,4038000.0,4069000.0,16209.78417081,66163998379.74526
2025-02-16 09:00:00,4071000.0,4102000.0,4015000.0,4029000.0,13404.72473619,54445001053.57216
2025-02-17 09:00:00,4029000.0,4288000.0,3997000.0,4134000.0,44405.63390749,183713292935.83774
2025-02-18 09:00:00,4134000.0,4155000.0,3941000.0,4018000.0,41219.89181871,166327018050.27255
2025-02-19 09:00:00,4019000.0,4087000.0,3984000.0,4055000.0,22485.33318242,90898078590.21323
2025-02-20 09:00:00,4055000.0,4100000.0,4025000.0,4058000.0,21774.32051158,88508491074.48953
2025-02-21 09:00:00,4058000.0,4188000.0,3904000.0,3954000.0,54228.55224353,218894569028.0972
2025-02-22 09:00:00,3955000.0,4117000.0,3938000.0,4069000.0,24281.81040519,97615136566.72653
2025-02-23 09:00:00,4067000.0,4180000.0,4044000.0,4136000.0,29100.77674765,119618827346.80556
2025-02-24 09:00:00,4135000.0,4169000.0,3601000.0,3634000.0,91391.65167115,353300241825.2081
2025-02-25 09:00:00,3633000.0,3696000.0,3368000.0,3643000.0,104476.40214578,369177938993.9168
2025-02-26 09:00:00,3643000.0,3647000.0,3310000.0,3408000.0,54240.03720454,188695471019.2365
2025-02-27 09:00:00,3409000.0,3487000.0,3291000.0,3384000.0,50712.57835669,172327717698.033
2025-02-28 09:00:00,3385000.0,3395000.0,3102000.0,3301000.0,99995.73247429,320901646874.37177
2025-03-01 09:00:00,3301000.0,3392000.0,3191000.0,3302000.0,38713.41266559,127471382622.44502
2025-03-02 09:00:00,3303000.0,3836000.0,3251000.0,3803000.0,143493.60113926,512103824018.0113
2025-03-03 09:00:00,3803000.0,3816000.0,3164000.0,3242000.0,103237.41486759,361002321385.0225
2025-03-04 09:00:00,3243000.0,3336000.0,3028000.0,3244000.0,80459.11167763,254275094569.4006
2025-03-05 09:00:00,3247000.0,3404000.0,3215000.0,3340000.0,44872.78394999,148379019746.79434
2025-03-06 09:00:00,3340000.0,3452000.0,3253000.0,3278000.0,44271.36978156,148998006893.01584
2025-03-07 09:00:00,3278000.0,3350000.0,3154000.0,3196000.0,51557.59294533,166847962388.97842
2025-03-08 09:00:00,3197000.0,3330000.0,3150000.0,3286000.0,32841.34340225,106246919288.24239
2025-03-09 09:00:00,3283000.0,3296000.0,2985000.0,3031000.0,49719.64162942,154520410257.12668
2025-03-10 09:00:00,3031000.0,3199000.0,2725000.0,2791000.0,95529.40093701,282365124723.3145
2025-03-11 09:00:00,2791000.0,2910000.0,2635000.0,2855000.0,97082.41937325,272142292939.06244
2025-03-12 09:00:00,2855000.0,2901000.0,2732000.0,2825000.0,79771.40243888,224914075924.34213
2025-03-13 09:00:00,2825000.0,2847000.0,2710000.0,2762000.0,44754.0062395,124514257273.70267
2025-03-14 09:00:00,2765000.0,2866000.0,2756000.0,2820000.0,28614.93592062,80496534833.05753
2025-03-15 09:00:00,2820000.0,2882000.0,2808000.0,2848000.0,19018.34323669,53972652968.754
2025-03-16 09:00:00,2848000.0,2855000.0,2746000.0,2781000.0,25573.30770589,71470396737.89317
2025-03-17 09:00:00,2781000.0,2848000.0,2761000.0,2818000.0,19551.12722675,54779985935.46289
2025-03-18 09:00:00,2817000.0,2838000.0,2758000.0,2831000.0,19218.54762982,53624023131.69182
2025-03-19 09:00:00,2830000.0,3039000.0,2820000.0,3013000.0,50073.76889593,147584840719.88608
2025-03-20 09:00:00,3013000.0,3037000.0,2887000.0,2926000.0,29318.59259867,86391279194.35132
2025-03-21 09:00:00,2926000.0,2944000.0,2858000.0,2910000.0,17908.661867,52080846421.33509
2025-03-22 09:00:00,2910000.0,2963000.0,2907000.0,2930000.0,11015.69978666,32338364332.59825
2025-03-23 09:00:00,2930000.0,2990000.0,2926000.0,2960000.0,12943.09164222,38325712709.06938
2025-03-24 09:00:00,2957000.0,3103000.0,2924000.0,3067000.0,28645.97307649,87138398116.01344
2025-03-25 09:00:00,3064000.0,3094000.0,3010000.0,3044000.0,22033.217464,67189222246.17766
2025-03-26 09:00:00,3044000.0,3061000.0,2938000.0,2972000.0,27718.32732569,83447817196.75288
2025-03-27 09:00:00,2972000.0,3007000.0,2942000.0,2958000.0,17949.09388996,53457326026.39626
2025-03-28 09:00:00,2960000.0,2974000.0,2777000.0,2828000.0,39476.7855392,112302474052.68025
2025-03-29 09:00:00,2829000.0,2849000.0,2691000.0,2729000.0,27360.68470704,75648369610.01062
2025-03-30 09:00:00,2729000.0,2763000.0,2655000.0,2702000.0,23100.41148998,62791141026.99932
2025-03-31 09:00:00,2703000.0,2762000.0,2652000.0,2721000.0,28030.57486973,75626763890.1628
2025-04-01 09:00:00,2721000.0,2857000.0,2707000.0,2829000.0,24826.98269964,69185093852.50142
2025-04-02 09:00:00,2829000.0,2885000.0,2653000.0,2670000.0,37700.44866082,104103045316.00316
2025-04-03 09:00:00,2672000.0,2738000.0,2609000.0,2693000.0,30868.97206949,82317904423.20148
2025-04-04 09:00:00,2694000.0,2705000.0,2607000.0,2670000.0,40892.52621536,108699757300.69418
2025-04-05 09:00:00,2670000.0,2689000.0,2616000.0,2665000.0,13232.8408925,35233028840.63903
2025-04-06 09:00:00,2666000.0,2682000.0,2312000.0,2368000.0,75605.69433852,186402038052.6523
2025-04-07 09:00:00,2368000.0,2444000.0,2151000.0,2315000.0,123935.53082182,283573161076.33026
2025-04-08 09:00:00,2318000.0,2410000.0,2174000.0,2210000.0,53874.12067469,123571649276.47697
2025-04-09 09:00:00,2210000.0,2485000.0,2096000.0,2454000.0,161682.41178082,364693679098.3884
2025-04-10 09:00:00,2454000.0,2455000.0,2193000.0,2257000.0,88093.25489361,204186774759.46115
2025-04-11 09:00:00,2257000.0,2320000.0,2227000.0,2282000.0,48600.18799062,110906699216.36078
2025-04-12 09:00:00,2282000.0,2417000.0,2257000.0,2381000.0,44374.4574551,104005977304.14624
2025-04-13 09:00:00,2380000.0,2390000.0,2280000.0,2320000.0,44168.40871491,102986169344.87846
2025-04-14 09:00:00,2320000.0,2449000.0,2316000.0,2356000.0,46078.19911727,109882324863.87456
2025-04-15 09:00:00,2355000.0,2405000.0,2317000.0,2322000.0,34743.00526244,81951422383.64665
2025-04-16 09:00:00,2325000.0,2338000.0,2240000.0,2288000.0,39803.18898401,91442020842.92511
2025-04-17 09:00:00,2290000.0,2335000.0,2268000.0,2287000.0,19143.96798645,44065543071.48066
2025-04-18 09:00:00,2288000.0,2316000.0,2280000.0,2301000.0,12865.17393557,29538006140.51802
2025-04-19 09:00:00,2302000.0,2355000.0,2297000.0,2327000.0,16901.43526424,39168575291.82643
2025-04-20 09:00:00,2325000.0,2339000.0,2269000.0,2288000.0,18319.91245859,42079209882.77743
2025-04-21 09:00:00,2289000.0,2374000.0,2251000.0,2278000.0,42931.79931453,99428049104.07732
2025-04-22 09:00:00,2278000.0,2539000.0,2226000.0,2515000.0,82581.90579624,196304943657.72385
2025-04-23 09:00:00,2515000.0,2625000.0,2498000.0,2575000.0,79026.39087701,202775243274.6763
2025-04-24 09:00:00,2576000.0,2582000.0,2480000.0,2539000.0,41740.02501896,105691000426.57283
2025-04-25 09:00:00,2539000.0,2635000.0,2509000.0,2577000.0,44412.45139652,114089194997.28442
2025-04-26 09:00:00,2577000.0,2647000.0,2566000.0,2627000.0,31039.11298091,80728181520.53503
2025-04-27 09:00:00,2626000.0,2679000.0,2575000.0,2582000.0,26831.13939611,70206742989.41081
2025-04-28 09:00:00,2581000.0,2631000.0,2521000.0,2591000.0,38027.2974503,98105152302.34724
2025-04-29 09:00:00,2592000.0,2657000.0,2575000.0,2600000.0,30596.56329699,79973864209.22676
2025-04-30 09:00:00,2600000.0,2615000.0,2505000.0,2590000.0,28417.05014029,72884867977.74037
2025-05-01 09:00:00,2590000.0,2692000.0,2587000.0,2651000.0,31699.34592199,83887720510.12253
2025-05-02 09:00:00,2650000.0,2678000.0,2595000.0,2635000.0,27938.03351499,73562530158.27563
2025-05-03 09:00:00,2635000.0,2651000.0,2599000.0,2629000.0,13627.21153253,35723540125.15973
2025-05-04 09:00:00,2630000.0,2653000.0,2594000.0,2601000.0,14900.7009202,39159119949.41599
2025-05-05 09:00:00,2602000.0,2613000.0,2546000.0,2593000.0,25387.90084827,65388439493.95391
2025-05-06 09:00:00,2591000.0,2599000.0,2496000.0,2581000.0,24819.73325829,63152264924.23317
2025-05-07 09:00:00,2582000.0,2620000.0,2541000.0,2573000.0,23970.61044751,62025346716.97341
2025-05-08 09:00:00,2573000.0,3112000.0,2565000.0,3097000.0,98048.9452723,279374045036.1538
2025-05-09 09:00:00,3097000.0,3483000.0,3051000.0,3273000.0,175356.79697053,571388520290.4143
2025-05-10 09:00:00,3274000.0,3596000.0,3241000.0,3577000.0,100113.51302626,339721021849.4617
2025-05-11 09:00:00,3577000.0,3600000.0,3419000.0,3517000.0,71358.23985657,250215338353.01276
2025-05-12 09:00:00,3518000.0,3659000.0,3400000.0,3517000.0,95407.46932095,338683283073.40765
2025-05-13 09:00:00,3517000.0,3819000.0,3409000.0,3750000.0,88179.5535739,318911602630.34625
2025-05-14 09:00:00,3750000.0,3825000.0,3601000.0,3674000.0,79814.4379215,296185488019.18787
2025-05-15 09:00:00,3673000.0,3727000.0,3519000.0,3587000.0,62486.83982119,225484095926.7929
2025-05-16 09:00:00,3588000.0,3726000.0,3564000.0,3594000.0,47530.09759806,173446451780.7842
2025-05-17 09:00:00,3595000.0,3598000.0,3483000.0,3521000.0,37608.41814803,132555947847.55862
2025-05-18 09:00:00,3521000.0,3654000.0,3362000.0,3529000.0,71157.97452855,249393492565.38538
2025-05-19 09:00:00,3529000.0,3594000.0,3348000.0,3558000.0,71118.27245687,245793276018.72266
2025-05-20 09:00:00,3558000.0,3642000.0,3463000.0,3558000.0,53754.6372125,191456293875.12015
2025-05-21 09:00:00,3558000.0,3660000.0,3440000.0,3549000.0,80269.26115218,285567652992.9593
2025-05-22 09:00:00,3550000.0,3738000.0,3541000.0,3693000.0,83489.64128097,305651226922.77997
2025-05-23 09:00:00,3695000.0,3776000.0,3500000.0,3536000.0,105682.44742343,383553134730.9678
2025-05-24 09:00:00,3536000.0,3589000.0,3518000.0,3540000.0,26620.68492953,94609008821.94072
2025-05-25 09:00:00,3540000.0,3574000.0,3461000.0,3558000.0,29647.76264445,104099617771.82404
2025-05-26 09:00:00,3558000.0,3596000.0,3516000.0,3562000.0,24967.56152832,88894656957.98383
2025-05-27 09:00:00,3563000.0,3750000.0,3500000.0,3694000.0,65742.73168594,239776015350.38495
2025-05-28 09:00:00,3694000.0,3743000.0,3629000.0,3742000.0,48121.47030788,177296894631.09836
2025-05-29 09:00:00,3741000.0,3880000.0,3658000.0,3673000.0,76855.86903846,289460268549.3931
2025-05-30 09:00:00,3673000.0,3704000.0,3550000.0,3584000.0,60879.69990872,221396441861.83057
2025-05-31 09:00:00,3583000.0,3618000.0,3519000.0,3577000.0,30227.3916508,107946209861.95605
2025-06-01 09:00:00,3577000.0,3598000.0,3502000.0,3581000.0,21542.46723257,76543188686.23326
2025-06-02 09:00:00,3582000.0,3662000.0,3483000.0,3647000.0,35487.43181135,125722877081.46594
2025-06-03 09:00:00,3647000.0,3707000.0,3603000.0,3624000.0,38778.9411032,141774500479.34357
2025-06-04 09:00:00,3621000.0,3717000.0,3606000.0,3622000.0,32518.23825679,118873827596.81107
2025-06-05 09:00:00,3621000.0,3650000.0,3350000.0,3373000.0,62094.05107909,217810825255.06134
2025-06-06 09:00:00,3372000.0,3509000.0,3321000.0,3444000.0,44634.60394987,153139050179.8236
2025-06-07 09:00:00,3444000.0,3530000.0,3418000.0,3504000.0,17642.58302933,61178120970.17708
2025-06-08 09:00:00,3503000.0,3509000.0,3446000.0,3462000.0,18830.18929292,65434238160.86005
2025-06-09 09:00:00,3462000.0,3671000.0,3412000.0,3655000.0,43166.60003909,152022819340.51932
2025-06-10 09:00:00,3655000.0,3862000.0,3646000.0,3848000.0,83653.54332485,313706963133.8005
2025-06-11 09:00:00,3847000.0,3953000.0,3786000.0,3820000.0,73476.35988792,283267668716.9529
2025-06-12 09:00:00,3819000.0,3837000.0,3620000.0,3642000.0,57958.52256286,217313396156.87772
2025-06-13 09:00:00,3642000.0,3648000.0,3410000.0,3584000.0,106046.61593284,372400871972.3409
2025-06-14 09:00:00,3583000.0,3584000.0,3463000.0,3515000.0,24507.54996395,86287045635.83235
2025-06-15 09:00:00,3514000.0,3543000.0,3463000.0,3520000.0,23345.99917818,81952181714.37827
2025-06-16 09:00:00,3522000.0,3673000.0,3480000.0,3495000.0,57719.93636451,206629659942.00415
2025-06-17 09:00:00,3496000.0,3599000.0,3415000.0,3490000.0,50458.43391275,177223457962.0435
2025-06-18 09:00:00,3490000.0,3527000.0,3430000.0,3498000.0,39623.49871762,138175748686.27795
2025-06-19 09:00:00,3497000.0,3527000.0,3457000.0,3492000.0,21490.5816418,75121576666.47794
2025-06-20 09:00:00,3493000.0,3548000.0,3322000.0,3358000.0,51279.93731536,175998112719.25128
2025-06-21 09:00:00,3357000.0,3404000.0,3112000.0,3212000.0,54301.06805478,177301525116.8774
2025-06-22 09:00:00,3213000.0,3246000.0,2956000.0,3110000.0,114601.50620576,356590513028.8162
2025-06-23 09:00:00,3110000.0,3376000.0,3070000.0,3347000.0,83577.90694849,268394744551.6486
2025-06-24 09:00:00,3348000.0,3413000.0,3275000.0,3362000.0,49807.6674652,166094558538.92853
2025-06-25 09:00:00,3362000.0,3389000.0,3300000.0,3321000.0,39041.59807298,130571040894.52948
2025-06-26 09:00:00,3322000.0,3450000.0,3300000.0,3321000.0,48140.99995826,162158882575.82248
2025-06-27 09:00:00,3320000.0,3378000.0,3271000.0,3325000.0,29152.49619118,97213683305.07738
2025-06-28 09:00:00,3327000.0,3353000.0,3310000.0,3340000.0,12097.6289359,40279484062.29062
2025-06-29 09:00:00,3340000.0,3444000.0,3315000.0,3411000.0,24508.02634798,82566257785.44463
2025-06-30 09:00:00,3411000.0,3445000.0,3332000.0,3377000.0,29625.23213664,100227505631.5454
2025-07-01 09:00:00,3377000.0,3394000.0,3281000.0,3303000.0,25648.37288865,85691237038.97765
2025-07-02 09:00:00,3304000.0,3535000.0,3258000.0,3477000.0,44087.20920643,150449983573.8055
2025-07-03 09:00:00,3477000.0,3576000.0,3471000.0,3517000.0,33519.97559885,117939397732.63132
2025-07-04 09:00:00,3518000.0,3542000.0,3390000.0,3429000.0,29822.03862684,103195767969.0981
2025-07-05 09:00:00,3433000.0,3458000.0,3410000.0,3445000.0,10682.73914723,36760251332.6951
2025-07-06 09:00:00,3445000.0,3538000.0,3422000.0,3501000.0,20764.72767841,72114417948.10635
2025-07-07 09:00:00,3500000.0,3525000.0,3432000.0,3481000.0,25685.20338168,89460110500.87735
2025-07-08 09:00:00,3481000.0,3575000.0,3456000.0,3557000.0,26039.74798854,91522647508.3625
2025-07-09 09:00:00,3557000.0,3780000.0,3536000.0,3751000.0,52891.1321597,192866301348.51196
2025-07-10 09:00:00,3751000.0,4029000.0,3729000.0,3983000.0,83555.03840207,322454913635.65656
2025-07-11 09:00:00,3982000.0,4108000.0,3904000.0,3981000.0,91579.98960883,368251444932.8012
2025-07-12 09:00:00,3981000.0,4030000.0,3937000.0,4001000.0,30051.39228611,119928268403.17876
2025-07-13 09:00:00,4001000.0,4077000.0,3993000.0,4036000.0,27051.21998627,108996593692.52383
2025-07-14 09:00:00,4038000.0,4176000.0,4027000.0,4123000.0,63449.4092868,261324934577.77634
2025-07-15 09:00:00,4123000.0,4293000.0,3998000.0,4289000.0,82456.44465665,340390238075.99603
2025-07-16 09:00:00,4289000.0,4649000.0,4247000.0,4581000.0,101462.90989585,448627703128.95325
2025-07-17 09:00:00,4580000.0,4778000.0,4523000.0,4728000.0,125862.09864227,586210636920.4244
2025-07-18 09:00:00,4728000.0,4997000.0,4715000.0,4847000.0,140714.96074459,687589717472.0869
2025-07-19 09:00:00,4846000.0,4940000.0,4793000.0,4917000.0,39792.17579076,194164607287.52695
2025-07-20 09:00:00,4918000.0,5191000.0,4898000.0,5124000.0,85427.71218161,432507580224.9476
2025-07-21 09:00:00,5127000.0,5214000.0,5051000.0,5130000.0,74152.21009852,381392730377.8179
2025-07-22 09:00:00,5130000.0,5180000.0,4940000.0,5078000.0,95383.74702664,480435528723.2473
2025-07-23 09:00:00,5078000.0,5125000.0,4801000.0,4951000.0,93328.53889487,462502647423.5885
2025-07-24 09:00:00,4952000.0,5128000.0,4745000.0,5041000.0,99291.99486731,491158536802.25366
2025-07-25 09:00:00,5036000.0,5115000.0,4900000.0,5078000.0,68357.34688314,342701416668.3999
2025-07-26 09:00:00,5078000.0,5160000.0,5045000.0,5107000.0,37715.1554141,192603952432.1175
2025-07-27 09:00:00,5107000.0,5281000.0,5100000.0,5279000.0,57091.54483571,296990285658.2653
2025-07-28 09:00:00,5279000.0,5349000.0,5161000.0,5224000.0,73058.50648448,384777367578.1196
2025-07-29 09:00:00,5224000.0,5335000.0,5155000.0,5252000.0,61304.24816335,321822048671.8944
2025-07-30 09:00:00,5252000.0,5286000.0,5155000.0,5268000.0,45533.4105138,238268413814.81354
2025-07-31 09:00:00,5269000.0,5335000.0,5147000.0,5153000.0,54031.58867476,284136530894.7267
2025-08-01 09:00:00,5153000.0,5193000.0,4819000.0,4861000.0,117132.02386593,588411212040.0134
2025-08-02 09:00:00,4861000.0,4941000.0,4722000.0,4748000.0,70793.35755627,343344627694.33704
2025-08-03 09:00:00,4748000.0,4934000.0,4696000.0,4910000.0,51567.14783802,249425323710.4616
2025-08-04 09:00:00,4910000.0,5206000.0,4888000.0,5177000.0,70452.40803355,355584677153.83997
2025-08-05 09:00:00,5178000.0,5188000.0,4980000.0,5061000.0,69705.13507662,353906843940.0226
2025-08-06 09:00:00,5065000.0,5145000.0,4993000.0,5120000.0,43296.04151622,219345338564.03854
2025-08-07 09:00:00,5120000.0,5400000.0,5087000.0,5382000.0,88097.18548477,464283238239.99475
2025-08-08 09:00:00,5383000.0,5578000.0,5333000.0,5492000.0,94836.89661808,516274316160.487
2025-08-09 09:00:00,5492000.0,5926000.0,5486000.0,5861000.0,131955.77452722,758444643996.9391
2025-08-10 09:00:00,5861000.0,5971000.0,5692000.0,5846000.0,112987.74415936,657710492226.2045
2025-08-11 09:00:00,5845000.0,5978000.0,5727000.0,5844000.0,112946.73888881,662020362617.264
2025-08-12 09:00:00,5844000.0,6325000.0,5837000.0,6282000.0,147825.2867161,896554918891.0743
2025-08-13 09:00:00,6281000.0,6500000.0,6248000.0,6479000.0,144373.54412265,920449025629.2845
2025-08-14 09:00:00,6480000.0,6542000.0,6101000.0,6335000.0,209603.13106914,1335921591658.7837
2025-08-15 09:00:00,6337000.0,6477000.0,6114000.0,6215000.0,109561.23275784,691518032729.1886
2025-08-16 09:00:00,6215000.0,6257000.0,6063000.0,6146000.0,51853.30137427,318768416595.29297
2025-08-17 09:00:00,6146000.0,6342000.0,6107000.0,6219000.0,63107.49862696,393942594324.421
2025-08-18 09:00:00,6219000.0,6240000.0,5901000.0,5999000.0,128999.19045748,776414428820.0756
2025-08-19 09:00:00,6000000.0,6055000.0,5672000.0,5682000.0,112939.66623754,662619232416.0273
2025-08-20 09:00:00,5683000.0,6087000.0,5681000.0,6041000.0,125763.77831649,739738144028.1299
2025-08-21 09:00:00,6042000.0,6053000.0,5901000.0,5930000.0,59310.34210238,354685361439.7075
2025-08-22 09:00:00,5930000.0,6742000.0,5896000.0,6664000.0,257077.61025997,1633302657037.888
2025-08-23 09:00:00,6664000.0,6668000.0,6431000.0,6614000.0,92371.36499211,605242878407.7913
2025-08-24 09:00:00,6617000.0,6845000.0,6550000.0,6634000.0,106471.57981683,709330481197.7029
2025-08-25 09:00:00,6634000.0,6671000.0,6160000.0,6197000.0,141498.38833224,907205408322.7616
2025-08-26 09:00:00,6197000.0,6481000.0,6091000.0,6444000.0,109464.41595673,688984385732.2004
2025-08-27 09:00:00,6443000.0,6500000.0,6268000.0,6308000.0,75105.36384434,481708490425.83344
2025-08-28 09:00:00,6309000.0,6440000.0,6200000.0,6286000.0,60487.64577139,382953025570.40967
2025-08-29 09:00:00,6286000.0,6294000.0,5991000.0,6121000.0,106820.73215115,653497419800.4542
2025-08-30 09:00:00,6122000.0,6164000.0,5934000.0,6100000.0,49998.27028477,303258884140.91174
2025-08-31 09:00:00,6101000.0,6250000.0,6097000.0,6114000.0,50204.37322369,311243494801.25464
2025-09-01 09:00:00,6114000.0,6250000.0,5923000.0,6025000.0,79154.97480709,482083853578.13184
2025-09-02 09:00:00,6026000.0,6135000.0,5951000.0,6027000.0,72085.90045342,435409929666.00464
2025-09-03 09:00:00,6030000.0,6213000.0,5974000.0,6164000.0,60822.31430829,370710823233.2787
2025-09-04 09:00:00,6164000.0,6213000.0,6000000.0,6039000.0,52040.89940365,317633707683.14954
2025-09-05 09:00:00,6040000.0,6258000.0,5983000.0,6030000.0,86642.86725439,527868377767.933
2025-09-06 09:00:00,6029000.0,6054000.0,5970000.0,5990000.0,22968.03918758,138054218337.77374
2025-09-07 09:00:00,5990000.0,6037000.0,5982000.0,6014000.0,24522.71363204,147263973716.58014
2025-09-08 09:00:00,6015000.0,6087000.0,5980000.0,6000000.0,54099.54166782,325411461667.4861
2025-09-09 09:00:00,6000000.0,6072000.0,5965000.0,6002000.0,51768.32690444,311231041481.6231
2025-09-10 09:00:00,6001000.0,6178000.0,5985000.0,6056000.0,65932.28270406,399757982466.52936
2025-09-11 09:00:00,6056000.0,6230000.0,6042000.0,6196000.0,74294.77526974,456607191857.07996
2025-09-12 09:00:00,6196000.0,6557000.0,6190000.0,6539000.0,72127.65275987,457717802979.829
2025-09-13 09:00:00,6538000.0,6609000.0,6377000.0,6471000.0,60212.46658856,391880765632.99414
2025-09-14 09:00:00,6472000.0,6500000.0,6355000.0,6403000.0,32037.71407899,206067597007.25595
2025-09-15 09:00:00,6403000.0,6474000.0,6237000.0,6304000.0,47023.77058418,297747584513.8777
2025-09-16 09:00:00,6304000.0,6325000.0,6184000.0,6261000.0,45638.98319997,284999309729.2805
2025-09-17 09:00:00,6261000.0,6419000.0,6180000.0,6358000.0,54263.66483327,340992610507.8865
2025-09-18 09:00:00,6358000.0,6440000.0,6323000.0,6365000.0,42744.80594295,272722209669.37106
2025-09-19 09:00:00,6365000.0,6411000.0,6221000.0,6272000.0,37913.99193469,239220355066.75208
2025-09-20 09:00:00,6272000.0,6306000.0,6252000.0,6287000.0,16379.72197412,102822423051.09653
2025-09-21 09:00:00,6286000.0,6293000.0,6230000.0,6231000.0,16291.22173221,101990114440.7379
2025-09-22 09:00:00,6231000.0,6245000.0,5897000.0,5994000.0,117483.51164217,703887276994.0693
2025-09-23 09:00:00,5994000.0,6019000.0,5854000.0,5932000.0,40871.39605637,243123681104.74295
2025-09-24 09:00:00,5933000.0,5977000.0,5831000.0,5889000.0,35715.9768436,211152829544.5041
2025-09-25 09:00:00,5890000.0,5903000.0,5565000.0,5619000.0,95599.57021992,547740868348.7305
2025-09-26 09:00:00,5619000.0,5840000.0,5618000.0,5817000.0,61358.28520663,351333173655.25226
2025-09-27 09:00:00,5817000.0,5818000.0,5716000.0,5781000.0,14940.42185502,86234858871.92361
2025-09-28 09:00:00,5782000.0,5932000.0,5727000.0,5931000.0,23795.46652588,138351159208.9621
2025-09-29 09:00:00,5931000.0,6038000.0,5842000.0,6009000.0,36958.91141701,219367997594.20197
2025-09-30 09:00:00,6009000.0,6048000.0,5880000.0,5918000.0,29411.48413252,175148812327.66733
2025-10-01 09:00:00,5919000.0,6180000.0,5900000.0,6176000.0,48978.72914199,297377749893.6311
2025-10-02 09:00:00,6173000.0,6377000.0,6139000.0,6349000.0,52875.26710706,330486185132.0449
2025-10-03 09:00:00,6349000.0,6480000.0,6276000.0,6396000.0,53562.29392409,341126880575.3196
2025-10-04 09:00:00,6396000.0,6433000.0,6340000.0,6411000.0,26288.29447501,168015255596.8331
2025-10-05 09:00:00,6411000.0,6550000.0,6381000.0,6473000.0,44662.79097685,289225677033.7723
2025-10-06 09:00:00,6471000.0,6709000.0,6455000.0,6672000.0,48927.13818115,322130864714.2393
2025-10-07 09:00:00,6672000.0,6793000.0,6426000.0,6432000.0,95851.94132575,633572893719.7845
2025-10-08 09:00:00,6433000.0,6553000.0,6426000.0,6530000.0,45114.32455106,293014114817.82367
2025-10-09 09:00:00,6525000.0,6542000.0,6292000.0,6375000.0,64589.22955365,412087037498.1972
2025-10-10 09:00:00,6376000.0,6415000.0,5565000.0,5900000.0,195889.51556067,1178224406326.2007
2025-10-11 09:00:00,5900000.0,5983000.0,5634000.0,5777000.0,106966.5970071,621630852880.0232
2025-10-12 09:00:00,5777000.0,6287000.0,5677000.0,6275000.0,118717.34080711,717450542902.5002
2025-10-13 09:00:00,6275000.0,6370000.0,6085000.0,6314000.0,68277.45701991,426756946950.60376
2025-10-14 09:00:00,6315000.0,6355000.0,5930000.0,6197000.0,104741.29268243,640197531220.7365
2025-10-15 09:00:00,6199000.0,6300000.0,6007000.0,6061000.0,52498.17303908,323156660428.65686
2025-10-16 09:00:00,6066000.0,6178000.0,5889000.0,5955000.0,53288.36809392,321532759872.03937
2025-10-17 09:00:00,5957000.0,6030000.0,5680000.0,5889000.0,91033.99740922,528964778230.0348
2025-10-18 09:00:00,5891000.0,5982000.0,5867000.0,5937000.0,20394.0983391,120872159002.17654
2025-10-19 09:00:00,5939000.0,6110000.0,5835000.0,6040000.0,37285.62765462,223027685865.77557
2025-10-20 09:00:00,6040000.0,6136000.0,5906000.0,5973000.0,47795.02502884,288196726391.6699
2025-10-21 09:00:00,5974000.0,6100000.0,5801000.0,5837000.0,64045.9147134,378964247519.20795
2025-10-22 09:00:00,5838000.0,5862000.0,5691000.0,5768000.0,48950.92214083,283169095166.01514
2025-10-23 09:00:00,5768000.0,5895000.0,5746000.0,5804000.0,35561.42477091,206548240822.80283
2025-10-24 09:00:00,5806000.0,6000000.0,5790000.0,5869000.0,48986.53196054,288416807224.0213
2025-10-25 09:00:00,5869000.0,5900000.0,5845000.0,5891000.0,16231.99731658,95342283760.41249
2025-10-26 09:00:00,5891000.0,6173000.0,5857000.0,6149000.0,45239.47008143,272143924164.52606
2025-10-27 09:00:00,6150000.0,6272000.0,6070000.0,6096000.0,55503.68803342,342682531951.50226
2025-10-28 09:00:00,6097000.0,6148000.0,5900000.0,5940000.0,45713.43765398,276180485115.4204
2025-10-29 09:00:00,5940000.0,5992000.0,5800000.0,5839000.0,43747.1097889,258270755370.46915
2025-10-30 09:00:00,5839000.0,5900000.0,5610000.0,5769000.0,58241.20624073,335690583144.6368
2025-10-31 09:00:00,5770000.0,5843000.0,5715000.0,5768000.0,25536.92310258,147393040817.87646
2025-11-01 09:00:00,5768000.0,5816000.0,5742000.0,5770000.0,11196.52480004,64576905571.19446
2025-11-02 09:00:00,5771000.0,5814000.0,5720000.0,5798000.0,14722.82312102,84887623108.43015
2025-11-03 09:00:00,5792000.0,5800000.0,5305000.0,5363000.0,93796.31764493,516428628034.23804
2025-11-04 09:00:00,5368000.0,5485000.0,4582000.0,4954000.0,189633.41346489,956275927273.0795
2025-11-05 09:00:00,4954000.0,5199000.0,4693000.0,5135000.0,115891.14339255,573606477500.909
2025-11-06 09:00:00,5136000.0,5160000.0,4862000.0,4957000.0,48704.2918419,244954898485.81628
2025-11-07 09:00:00,4957000.0,5174000.0,4800000.0,5112000.0,65075.33970918,323693913575.0896
2025-11-08 09:00:00,5111000.0,5195000.0,5010000.0,5070000.0,28333.50989455,144783844569.5225
2025-11-09 09:00:00,5070000.0,5360000.0,5006000.0,5320000.0,37507.35742626,194873676771.81097
2025-11-10 09:00:00,5320000.0,5430000.0,5203000.0,5283000.0,59004.66212691,314608082447.3085
2025-11-11 09:00:00,5284000.0,5401000.0,5092000.0,5120000.0,42734.85704364,224863541305.98654
2025-11-12 09:00:00,5120000.0,5350000.0,5067000.0,5148000.0,42734.38639637,221819586574.33075
2025-11-13 09:00:00,5148000.0,5319000.0,4812000.0,4907000.0,84429.34948088,424270033200.3175
2025-11-14 09:00:00,4907000.0,4935000.0,4640000.0,4728000.0,106773.19096437,511705071708.7625
2025-11-15 09:00:00,4728000.0,4869000.0,4727000.0,4786000.0,30136.03025587,144319250198.03168
2025-11-16 09:00:00,4786000.0,4876000.0,4500000.0,4613000.0,57987.78953557,271612619175.6675
2025-11-17 09:00:00,4613000.0,4799000.0,4461000.0,4528000.0,76494.83051268,355272254964.5648
2025-11-18 09:00:00,4528000.0,4695000.0,4386000.0,4627000.0,88826.65628278,400394604029.0537
2025-11-19 09:00:00,4629000.0,4635000.0,4301000.0,4510000.0,83485.68975644,374617402057.8463
2025-11-20 09:00:00,4510000.0,4561000.0,4212000.0,4243000.0,87088.76132241,382368659707.035
2025-11-21 09:00:00,4247000.0,4310000.0,3950000.0,4163000.0,144780.73785541,596044612938.1366
2025-11-22 09:00:00,4162000.0,4200000.0,4062000.0,4166000.0,29044.72818138,120094604861.00224
2025-11-23 09:00:00,4165000.0,4322000.0,4157000.0,4262000.0,51732.82062775,220273958920.01508
2025-11-24 09:00:00,4259000.0,4472000.0,4184000.0,4431000.0,61906.1251503,267643620167.96637
2025-11-25 09:00:00,4431000.0,4455000.0,4292000.0,4429000.0,46575.07391865,203791057240.0588
2025-11-26 09:00:00,4429000.0,4531000.0,4333000.0,4521000.0,44275.58669725,196434580574.25513
2025-11-27 09:00:00,4520000.0,4596000.0,4469000.0,4511000.0,36409.00506721,164912218082.89905
2025-11-28 09:00:00,4511000.0,4627000.0,4480000.0,4541000.0,35055.00132577,159590980186.8927
2025-11-29 09:00:00,4539000.0,4579000.0,4445000.0,4478000.0,18018.55746893,81191851239.34496
2025-11-30 09:00:00,4479000.0,4568000.0,4462000.0,4486000.0,15221.83106288,68743482021.14294
2025-12-01 09:00:00,4487000.0,4500000.0,4079000.0,4193000.0,88080.84539986,372457511359.3442
2025-12-02 09:00:00,4192000.0,4518000.0,4156000.0,4452000.0,53907.98161619,233442393921.9273
2025-12-03 09:00:00,4453000.0,4770000.0,4436000.0,4737000.0,64214.47998486,294332042842.2119
2025-12-04 09:00:00,4736000.0,4813000.0,4583000.0,4676000.0,55285.80788927,261697667553.12408
2025-12-05 09:00:00,4672000.0,4761000.0,4470000.0,4525000.0,55323.89877067,256261339920.93106
2025-12-06 09:00:00,4528000.0,4593000.0,4507000.0,4551000.0,17049.67124255,77479272825.04037
2025-12-07 09:00:00,4552000.0,4699000.0,4362000.0,4582000.0,40781.52093433,185325237087.10562
2025-12-08 09:00:00,4582000.0,4730000.0,4550000.0,4655000.0,42032.1288929,195717192748.91245
2025-12-09 09:00:00,4652000.0,5026000.0,4602000.0,4912000.0,61117.13714345,294486182360.9266
2025-12-10 09:00:00,4912000.0,5108000.0,4873000.0,4938000.0,60790.58570185,302430476727.8428
2025-12-11 09:00:00,4939000.0,4945000.0,4693000.0,4813000.0,63958.92879298,306463016563.5818
2025-12-12 09:00:00,4813000.0,4856000.0,4565000.0,4611000.0,56322.61840414,265139099779.37177
2025-12-13 09:00:00,4611000.0,4674000.0,4591000.0,4651000.0,17527.5821689,81165803642.1356
2025-12-14 09:00:00,4650000.0,4670000.0,4531000.0,4576000.0,24844.33029317,114505980431.76627
2025-12-15 09:00:00,4576000.0,4720000.0,4337000.0,4434000.0,63184.9073986,286215329850.52716
2025-12-16 09:00:00,4434000.0,4442000.0,4285000.0,4406000.0,49512.59962866,216725868449.4314
2025-12-17 09:00:00,4406000.0,4500000.0,4179000.0,4229000.0,51180.78507876,221880888601.72937
2025-12-18 09:00:00,4229000.0,4449000.0,4150000.0,4211000.0,64415.05572016,276275748311.0786
2025-12-19 09:00:00,4211000.0,4486000.0,4180000.0,4440000.0,61063.65179977,266543275857.7398
2025-12-20 09:00:00,4441000.0,4470000.0,4416000.0,4432000.0,15073.69619179,66977626369.38642
2025-12-21 09:00:00,4433000.0,4480000.0,4383000.0,4465000.0,19977.98445876,88634391074.1091
2025-12-22 09:00:00,4468000.0,4578000.0,4422000.0,4490000.0,43848.7189658,197763462524.44443
2025-12-23 09:00:00,4488000.0,4524000.0,4330000.0,4422000.0,37247.15183936,164497658297.44284
2025-12-24 09:00:00,4422000.0,4424000.0,4271000.0,4346000.0,26115.2036845,113298616206.25009
2025-12-25 09:00:00,4346000.0,4370000.0,4254000.0,4275000.0,20006.79703828,86441893367.87494
2025-12-26 09:00:00,4275000.0,4382000.0,4252000.0,4290000.0,29138.21540955,125708928181.3101
2025-12-27 09:00:00,4290000.0,4321000.0,4267000.0,4307000.0,7703.59132645,33036215586.03879
2025-12-28 09:00:00,4307000.0,4310000.0,4266000.0,4294000.0,7304.45083913,31350068502.55759
2025-12-29 09:00:00,4293000.0,4416000.0,4238000.0,4278000.0,37417.62330324,161616333333.97772
2025-12-30 09:00:00,4278000.0,4371000.0,4244000.0,4316000.0,23063.56391036,99529975543.82515
2025-12-31 09:00:00,4317000.0,4384000.0,4305000.0,4335000.0,13533.55349717,58649194056.29461
2026-01-01 09:00:00,4335000.0,4369000.0,4333000.0,4360000.0,9061.10451074,39416453329.03751
2026-01-02 09:00:00,4360000.0,4551000.0,4344000.0,4515000.0,32578.5337904,144868189752.68576
2026-01-03 09:00:00,4515000.0,4547000.0,4444000.0,4523000.0,22071.89202347,99396205240.3464
2026-01-04 09:00:00,4523000.0,4576000.0,4516000.0,4548000.0,22579.25398754,102683457079.83958
2026-01-05 09:00:00,4545000.0,4711000.0,4543000.0,4675000.0,47255.40244554,218530791495.98193
2026-01-06 09:00:00,4674000.0,4796000.0,4628000.0,4795000.0,46064.80088092,216649726914.2004
2026-01-07 09:00:00,4795000.0,4796000.0,4563000.0,4612000.0,44970.10745765,210063352036.87115
2026-01-08 09:00:00,4615000.0,4647000.0,4472000.0,4548000.0,33425.26674591,152283291225.0058
2026-01-09 09:00:00,4548000.0,4609000.0,4502000.0,4546000.0,20622.74109506,93886142491.30502
2026-01-10 09:00:00,4550000.0,4581000.0,4536000.0,4554000.0,7755.18981326,35332727703.88973
2026-01-11 09:00:00,4555000.0,4627000.0,4547000.0,4592000.0,11519.36878324,52756610599.89193
2026-01-12 09:00:00,4593000.0,4664000.0,4532000.0,4567000.0,29251.00028257,134602185264.89426
2026-01-13 09:00:00,4567000.0,4900000.0,4563000.0,4870000.0,39246.20899111,185244886225.69913
2026-01-14 09:00:00,4871000.0,4970000.0,4815000.0,4917000.0,52063.60771253,254823967716.5551
2026-01-15 09:00:00,4917000.0,4968000.0,4812000.0,4891000.0,35143.9937308,171893590945.603
2026-01-16 09:00:00,4891000.0,4907000.0,4821000.0,4867000.0,17431.25629016,84805828460.67532
2026-01-17 09:00:00,4870000.0,4914000.0,4850000.0,4886000.0,10611.05824176,51750789029.86015
2026-01-18 09:00:00,4886000.0,4979000.0,4862000.0,4868000.0,19304.91186247,94876007832.98296
2026-01-19 09:00:00,4868000.0,4870000.0,4696000.0,4723000.0,38712.86348242,184548266489.2532
2026-01-20 09:00:00,4723000.0,4744000.0,4375000.0,4387000.0,62336.92023561,283188522319.8031
2026-01-21 09:00:00,4390000.0,4545000.0,4268000.0,4416000.0,69850.75874437,307511786482.1732
2026-01-22 09:00:00,4419000.0,4497000.0,4326000.0,4381000.0,26832.37083642,118619817326.30132
2026-01-23 09:00:00,4383000.0,4459000.0,4310000.0,4356000.0,27125.86615731,118652455406.23224
2026-01-24 09:00:00,4356000.0,4381000.0,4346000.0,4355000.0,8263.19769241,36057767128.57702
2026-01-25 09:00:00,4356000.0,4371000.0,4139000.0,4182000.0,34987.64989031,148682229286.456
2026-01-26 09:00:00,4182000.0,4312000.0,4170000.0,4295000.0,33268.3484593,140936102707.65677
2026-01-27 09:00:00,4295000.0,4414000.0,4244000.0,4397000.0,25437.71933792,109697853542.22726
2026-01-28 09:00:00,4399000.0,4408000.0,4319000.0,4352000.0,22732.95585265,99262544836.60893
2026-01-29 09:00:00,4352000.0,4355000.0,4056000.0,4144000.0,56215.57179576,235298695512.37195
2026-01-30 09:00:00,4144000.0,4151000.0,3919000.0,4025000.0,83633.87793744,336114182844.52594
2026-01-31 09:00:00,4027000.0,4030000.0,3500000.0,3664000.0,118288.52662476,440215564932.9663
2026-02-01 09:00:00,3664000.0,3699000.0,3290000.0,3349000.0,116989.62450597,408905209898.91205
2026-02-02 09:00:00,3349000.0,3544000.0,3205000.0,3481000.0,127622.60947699,429871173640.7734
2026-02-03 09:00:00,3481000.0,3499000.0,3150000.0,3303000.0,99845.04939402,333976647843.4798
2026-02-04 09:00:00,3303000.0,3386000.0,3089000.0,3170000.0,87977.90198151,283922300300.2442
2026-02-05 09:00:00,3170000.0,3205000.0,2680000.0,2703000.0,205776.04808864,605542784153.3029
2026-02-06 09:00:00,2703000.0,3100000.0,2590000.0,3067000.0,223294.93746732,641538869908.6711
2026-02-07 09:00:00,3068000.0,3147000.0,2945000.0,3089000.0,121667.73593451,370048037274.5308
2026-02-08 09:00:00,3090000.0,3187000.0,3059000.0,3106000.0,61448.20525081,192161710897.021
2026-02-09 09:00:00,3108000.0,3165000.0,2979000.0,3105000.0,60727.05832644,186238234925.08414
2026-02-10 09:00:00,3104000.0,3138000.0,2963000.0,2999000.0,67073.95303163,201813061060.30298
2026-02-11 09:00:00,2999000.0,3010000.0,2828000.0,2873000.0,79227.2214987,229856229436.04892
2026-02-12 09:00:00,2871000.0,2931000.0,2796000.0,2859000.0,51483.24772594,147954069679.7917
2026-02-13 09:00:00,2859000.0,3031000.0,2827000.0,2997000.0,49014.48956743,143171806391.70486
2026-02-14 09:00:00,2998000.0,3104000.0,2989000.0,3071000.0,42483.34086575,129750718530.55872
2026-02-15 09:00:00,3071000.0,3107000.0,2860000.0,2922000.0,102943.02585795,309460269896.6821
2026-02-16 09:00:00,2922000.0,2995000.0,2880000.0,2958000.0,43075.96009305,126146087215.90688
2026-02-17 09:00:00,2958000.0,2978000.0,2886000.0,2947000.0,32908.48764714,96545995599.21635
2026-02-18 09:00:00,2948000.0,3006000.0,2867000.0,2902000.0,37092.76967477,108815540307.22472
2026-02-19 09:00:00,2903000.0,2933000.0,2820000.0,2875000.0,38969.36956998,112081292911.35323
2026-02-20 09:00:00,2875000.0,2919000.0,2842000.0,2899000.0,38985.28018233,112310090456.3588
2026-02-21 09:00:00,2899000.0,2930000.0,2880000.0,2900000.0,18671.83081008,54228580807.93068
2026-02-22 09:00:00,2902000.0,2916000.0,2850000.0,2881000.0,17009.28033876,49052409204.53665
2026-02-23 09:00:00,2883000.0,2883000.0,2710000.0,2739000.0,68805.00729721,190741408093.2957
2026-02-24 09:00:00,2739000.0,2752000.0,2650000.0,2712000.0,53900.69905151,145382232804.469
2026-02-25 09:00:00,2713000.0,3080000.0,2698000.0,2962000.0,89954.3916629,259068039409.8867
2026-02-26 09:00:00,2961000.0,3002000.0,2863000.0,2931000.0,54047.87935671,159346190882.69586
2026-02-27 09:00:00,2931000.0,2978000.0,2765000.0,2820000.0,52744.2728459,151564221213.84753
2026-02-28 09:00:00,2821000.0,2892000.0,2700000.0,2863000.0,65936.76819097,182881745044.11322
2026-03-01 09:00:00,2862000.0,2985000.0,2788000.0,2829000.0,57100.14796515,165413591882.7399
2026-03-02 09:00:00,2830000.0,3045000.0,2813000.0,2961000.0,69215.57496035,202870431586.43387
2026-03-03 09:00:00,2962000.0,2994000.0,2851000.0,2913000.0,60552.9241504,176326670782.66583
2026-03-04 09:00:00,2913000.0,3185000.0,2851000.0,3084000.0,91010.23513684,274713216505.5239
2026-03-05 09:00:00,3084000.0,3165000.0,3021000.0,3038000.0,56332.08717948,174152467607.1961
2026-03-06 09:00:00,3038000.0,3072000.0,2898000.0,2928000.0,47912.23571802,142751697773.5912
2026-03-07 09:00:00,2928000.0,2947000.0,2886000.0,2912000.0,21006.58718816,61333843482.11844
2026-03-08 09:00:00,2912000.0,2930000.0,2847000.0,2869000.0,34016.66708372,98128499001.18596
2026-03-09 09:00:00,2869000.0,3008000.0,2861000.0,2927000.0,46543.3188903,137019133534.42651
2026-03-10 09:00:00,2928000.0,3036000.0,2924000.0,2981000.0,42766.20473859,128021434753.0936
2026-03-11 09:00:00,2982000.0,3045000.0,2938000.0,3001000.0,36855.00499571,110317631353.5091
2026-03-12 09:00:00,3001000.0,3064000.0,2964000.0,3033000.0,37062.20001227,111700628760.90784
2026-03-13 09:00:00,3033000.0,3227000.0,3030000.0,3083000.0,80743.28025199,252175944891.24463
2026-03-14 09:00:00,3080000.0,3106000.0,3045000.0,3097000.0,21054.58500979,64750077842.99553
2026-03-15 09:00:00,3097000.0,3229000.0,3075000.0,3200000.0,34936.43977356,109480998310.60114
2026-03-16 09:00:00,3200000.0,3503000.0,3174000.0,3461000.0,96532.98814544,322981706807.05914
2026-03-17 09:00:00,3462000.0,3512000.0,3380000.0,3420000.0,72992.40509961,251414943354.81534
2026-03-18 09:00:00,3420000.0,3465000.0,3206000.0,3278000.0,75015.77519522,249577199054.24512
2026-03-19 09:00:00,3280000.0,3322000.0,3131000.0,3182000.0,60500.63953258,194186504283.5911
2026-03-20 09:00:00,3182000.0,3240000.0,3166000.0,3207000.0,37001.40425396,118368462558.56227
2026-03-21 09:00:00,3208000.0,3248000.0,3122000.0,3142000.0,19776.73814716,63424785301.15884
2026-03-22 09:00:00,3142000.0,3191000.0,3057000.0,3083000.0,40948.87145433,127856332373.85553
2026-03-23 09:00:00,3084000.0,3280000.0,3051000.0,3199000.0,77805.75898316,247274904404.0928
2026-03-24 09:00:00,3200000.0,3240000.0,3151000.0,3215000.0,33524.1570198,107254460137.90015
2026-03-25 09:00:00,3215000.0,3279000.0,3200000.0,3240000.0,33892.99375731,109835992087.21057
2026-03-26 09:00:00,3241000.0,3246000.0,3083000.0,3112000.0,39448.1672792,124221706667.03322
2026-03-27 09:00:00,3112000.0,3133000.0,2995000.0,3035000.0,41808.07092294,127499685359.26021
2026-03-28 09:00:00,3035000.0,3097000.0,3011000.0,3031000.0,16985.46507577,51740233521.43673
2026-03-29 09:00:00,3032000.0,3062000.0,2961000.0,3016000.0,19586.05095688,59145642614.71277
2026-03-30 09:00:00,3017000.0,3155000.0,3013000.0,3080000.0,35529.74967985,110193952319.7989
2026-03-31 09:00:00,3080000.0,3215000.0,3067000.0,3182000.0,43665.29325238,137248507809.17523
2026-04-01 09:00:00,3185000.0,3269000.0,3154000.0,3239000.0,38129.11155127,122565270891.3617
2026-04-02 09:00:00,3242000.0,3268000.0,3080000.0,3129000.0,49811.49276898,156756725409.93323
2026-04-03 09:00:00,3130000.0,3151000.0,3099000.0,3120000.0,17986.43329208,56109436731.81677
2026-04-04 09:00:00,3120000.0,3170000.0,3106000.0,3133000.0,9255.1448548,28905554244.79513
2026-04-05 09:00:00,3133000.0,3206000.0,3081000.0,3187000.0,19097.36768528,59770985839.49426
2026-04-06 09:00:00,3187000.0,3260000.0,3154000.0,3182000.0,41811.89518925,134476661944.499
2026-04-07 09:00:00,3184000.0,3385000.0,3107000.0,3341000.0,53569.03059254,172971238567.09286
2026-04-08 09:00:00,3341000.0,3365000.0,3247000.0,3262000.0,47885.08781984,158627127936.14536
2026-04-09 09:00:00,3262000.0,3323000.0,3221000.0,3254000.0,31215.45217019,101811762719.1184
2026-04-10 09:00:00,3255000.0,3349000.0,3243000.0,3335000.0,32733.93677958,108083132033.59827
2026-04-11 09:00:00,3335000.0,3451000.0,3316000.0,3392000.0,27562.33783847,92936865531.14517
2026-04-12 09:00:00,3395000.0,3402000.0,3250000.0,3276000.0,37538.20654559,123934590986.44122
2026-04-13 09:00:00,3276000.0,3521000.0,3251000.0,3493000.0,55083.85979276,185155739940.60492
2026-04-14 09:00:00,3491000.0,3557000.0,3414000.0,3438000.0,63223.89503459,220772504795.98227
2026-04-15 09:00:00,3441000.0,3517000.0,3425000.0,3485000.0,31422.544272,108724785322.45006
2026-04-16 09:00:00,3485000.0,3494000.0,3388000.0,3467000.0,47031.3946645,162330689608.411
2026-04-17 09:00:00,3467000.0,3614000.0,3425000.0,3568000.0,66353.57979208,234327372783.22437
2026-04-18 09:00:00,3568000.0,3585000.0,3465000.0,3489000.0,36491.91962419,128305122725.34496
2026-04-19 09:00:00,3490000.0,3497000.0,3364000.0,3374000.0,38631.79393647,132851597705.50789
2026-04-20 09:00:00,3374000.0,3468000.0,3366000.0,3431000.0,31935.77379257,109055292958.39026
2026-04-21 09:00:00,3431000.0,3456000.0,3398000.0,3449000.0,29156.33188765,99940774670.3431
2026-04-22 09:00:00,3450000.0,3581000.0,3429000.0,3519000.0,45888.50430477,161818042792.03363
2026-04-23 09:00:00,3519000.0,3534000.0,3409000.0,3469000.0,44088.78910566,153052897042.7963
2026-04-24 09:00:00,3470000.0,3479000.0,3432000.0,3449000.0,26817.78711207,92608301067.87334
2026-04-25 09:00:00,3449000.0,3460000.0,3435000.0,3455000.0,10973.61710906,37856464120.16857
2026-04-26 09:00:00,3455000.0,3528000.0,3439000.0,3515000.0,19113.49230247,66571986489.02213
2026-04-27 09:00:00,3515000.0,3559000.0,3389000.0,3434000.0,46376.21636899,160433650386.30344
2026-04-28 09:00:00,3435000.0,3437000.0,3361000.0,3400000.0,23290.1703495,79034815658.48125
2026-04-29 09:00:00,3401000.0,3482000.0,3328000.0,3372000.0,34560.623677,117979520132.91476
2026-04-30 09:00:00,3372000.0,3402000.0,3333000.0,3368000.0,17627.69425342,59328755507.7591
2026-05-01 09:00:00,3368000.0,3441000.0,3364000.0,3405000.0,16716.23136039,56907113751.254
2026-05-02 09:00:00,3406000.0,3470000.0,3402000.0,3432000.0,14586.01869124,49956348275.10259
2026-05-03 09:00:00,3433000.0,3481000.0,3414000.0,3444000.0,15856.09564861,54569001603.36401
2026-05-04 09:00:00,3445000.0,3535000.0,3425000.0,3485000.0,47794.03706658,166537205943.40714
2026-05-05 09:00:00,3487000.0,3544000.0,3482000.0,3493000.0,39005.27141889,137171979683.63373
2026-05-06 09:00:00,3493000.0,3535000.0,3440000.0,3452000.0,47298.05463017,164820844263.04456
2026-05-07 09:00:00,3452000.0,3452000.0,3362000.0,3377000.0,36261.85221697,123482112088.64204
2026-05-08 09:00:00,3377000.0,3421000.0,3351000.0,3398000.0,24265.64875142,82042215103.6852
2026-05-09 09:00:00,3399000.0,3441000.0,3392000.0,3428000.0,12992.18322006,44370859710.97877
2026-05-10 09:00:00,3429000.0,3478000.0,3395000.0,3474000.0,25972.07665367,89388895660.4222
2026-05-11 09:00:00,3475000.0,3480000.0,3401000.0,3439000.0,26826.92205453,92315578083.00008
2026-05-12 09:00:00,3439000.0,3443000.0,3351000.0,3373000.0,32539.03240941,110379948351.80777
2026-05-13 09:00:00,3374000.0,3429000.0,3331000.0,3355000.0,29400.75579338,99430764833.11156
2026-05-14 09:00:00,3355000.0,3420000.0,3328000.0,3373000.0,28209.1113976,95101596745.15727
2026-05-15 09:00:00,3375000.0,3399000.0,3283000.0,3309000.0,32648.34693746,108767097544.8175
2026-05-16 09:00:00,3309000.0,3323000.0,3224000.0,3256000.0,21913.53366258,71596086195.48412
2026-05-17 09:00:00,3257000.0,3277000.0,3134000.0,3178000.0,18408.37254586,59403082379.98762
2026-05-18 09:00:00,3178000.0,3209000.0,3096000.0,3161000.0,32399.64871852,102047171860.0758
2026-05-19 09:00:00,3162000.0,3192000.0,3125000.0,3144000.0,15421.69263422,48729440729.76229
2026-05-20 09:00:00,3145000.0,3186000.0,3131000.0,3155000.0,18055.94526303,57011799588.61248
2026-05-21 09:00:00,3156000.0,3195000.0,3134000.0,3164000.0,20135.22763871,63694513461.00471
2026-05-22 09:00:00,3166000.0,3182000.0,3085000.0,3100000.0,19001.48907496,59725573423.43413
2026-05-23 09:00:00,3099000.0,3206000.0,3027000.0,3167000.0,30209.05122837,93534688936.42897
2026-05-24 09:00:00,3169000.0,3184000.0,3091000.0,3143000.0,14580.0141096,45978346936.9184
2026-05-25 09:00:00,3143000.0,3183000.0,3126000.0,3139000.0,12506.6526354,39377023731.70279
2026-05-26 09:00:00,3140000.0,3163000.0,3060000.0,3071000.0,23922.81208416,74404190866.91316
2026-05-27 09:00:00,3071000.0,3092000.0,2970000.0,2980000.0,32770.38418281,99474760855.35986
2026-05-28 09:00:00,2980000.0,2995000.0,2904000.0,2963000.0,37589.60776701,110649583676.8774
2026-05-29 09:00:00,2962000.0,3025000.0,2931000.0,2984000.0,20618.87851998,61281536942.36186
2026-05-30 09:00:00,2984000.0,3010000.0,2969000.0,2995000.0,10865.21074986,32512212703.94738
2026-05-31 09:00:00,2995000.0,3016000.0,2945000.0,2953000.0,11368.35660528,33902055122.23177
2026-06-01 09:00:00,2953000.0,2974000.0,2871000.0,2927000.0,35234.12847749,102769828322.6786
2026-06-02 09:00:00,2927000.0,2927000.0,2727000.0,2751000.0,49679.14606157,141008331094.12796
2026-06-03 09:00:00,2752000.0,2802000.0,2635000.0,2687000.0,46842.82230341,128048554761.623
2026-06-04 09:00:00,2687000.0,2709000.0,2560000.0,2649000.0,54600.98822059,144238049707.46362
2026-06-05 09:00:00,2649000.0,2649000.0,2357000.0,2414000.0,109440.16911927,270569983080.8944
2026-06-06 09:00:00,2414000.0,2437000.0,2300000.0,2386000.0,43759.71489432,103685477154.22081
2026-06-07 09:00:00,2386000.0,2598000.0,2377000.0,2549000.0,40114.29528608,99158613769.77667
2026-06-08 09:00:00,2548000.0,2582000.0,2474000.0,2536000.0,31251.47629716,79023775368.57265
2026-06-09 09:00:00,2537000.0,2547000.0,2431000.0,2459000.0,24292.22517452,60481809874.62713
2026-06-10 09:00:00,2459000.0,2507000.0,2416000.0,2440000.0,25704.09966041,63077667151.88277
2026-06-11 09:00:00,2441000.0,2541000.0,2440000.0,2517000.0,19705.02974671,49146841091.22575
2026-06-12 09:00:00,2517000.0,2548000.0,2488000.0,2514000.0,19026.42460406,47855011775.89171
2026-06-13 09:00:00,2514000.0,2564000.0,2510000.0,2543000.0,13558.40894677,34308878535.74281
2026-06-14 09:00:00,2544000.0,2607000.0,2495000.0,2605000.0,21179.2708881,54100098582.74695
2026-06-15 09:00:00,2605000.0,2780000.0,2565000.0,2697000.0,43432.43343615,115986542014.60973
2026-06-16 09:00:00,2697000.0,2764000.0,2643000.0,2693000.0,32532.49123244,87464201872.64333
2026-06-17 09:00:00,2693000.0,2720000.0,2605000.0,2638000.0,25380.20777854,67473168040.14549
2026-06-18 09:00:00,2638000.0,2653000.0,2532000.0,2582000.0,25902.30403544,67359268995.11442
2026-06-19 09:00:00,2582000.0,2593000.0,2539000.0,2588000.0,16186.97752013,41524974364.44976
2026-06-20 09:00:00,2588000.0,2643000.0,2579000.0,2635000.0,12416.73742565,32400815914.27853
2026-06-21 09:00:00,2635000.0,2636000.0,2569000.0,2572000.0,11335.40408297,29530576772.36014
2026-06-22 09:00:00,2572000.0,2677000.0,2571000.0,2609000.0,21114.09021132,55557864877.19269
2026-06-23 09:00:00,2610000.0,2620000.0,2470000.0,2514000.0,28285.54736488,71572477472.76616
2026-06-24 09:00:00,2513000.0,2556000.0,2377000.0,2460000.0,32909.23956451,81308706813.5555
2026-06-25 09:00:00,2460000.0,2512000.0,2347000.0,2383000.0,37864.44282068,91476889803.68703
2026-06-26 09:00:00,2384000.0,2413000.0,2303000.0,2393000.0,36817.70931453,86863460046.86285
2026-06-27 09:00:00,2393000.0,2440000.0,2376000.0,2388000.0,11084.3676259,26635877739.28209
2026-06-28 09:00:00,2389000.0,2407000.0,2353000.0,2382000.0,11536.8234908,27513771510.39285
2026-06-29 09:00:00,2382000.0,2478000.0,2354000.0,2440000.0,24231.52991507,58218764660.98736
2026-06-30 09:00:00,2439000.0,2442000.0,2368000.0,2391000.0,15263.7494021,36630248826.74161
2026-07-01 09:00:00,2391000.0,2500000.0,2372000.0,2444000.0,22566.51642635,54777800867.26441
2026-07-02 09:00:00,2446000.0,2600000.0,2422000.0,2566000.0,31884.04618389,80297973473.50352
2026-07-03 09:00:00,2567000.0,2672000.0,2557000.0,2650000.0,25751.16304881,67186927262.89702
2026-07-04 09:00:00,2651000.0,2720000.0,2630000.0,2685000.0,17030.03068809,45471863589.58727
2026-07-05 09:00:00,2688000.0,2719000.0,2643000.0,2688000.0,14512.43447786,38756070490.9726
2026-07-06 09:00:00,2685000.0,2757000.0,2607000.0,2702000.0,25815.48409405,68974921161.72842
2026-07-07 09:00:00,2702000.0,2716000.0,2632000.0,2653000.0,21921.40227148,58502307655.02276
2026-07-08 09:00:00,2654000.0,2674000.0,2563000.0,2604000.0,23379.84418589,60918032986.79034
2026-07-09 09:00:00,2605000.0,2629000.0,2569000.0,2605000.0,16977.43818412,44236521980.15613
2026-07-10 09:00:00,2606000.0,2697000.0,2594000.0,2680000.0,18931.4040147,50330858225.42729
2026-07-11 09:00:00,2680000.0,2726000.0,2660000.0,2669000.0,12911.76146867,34775572437.83728
2026-07-12 09:00:00,2669000.0,2721000.0,2657000.0,2691000.0,11702.13284194,31507207361.45793
2026-07-13 09:00:00,2691000.0,2747000.0,2606000.0,2633000.0,27016.28617182,71876757334.31453
2026-07-14 09:00:00,2633000.0,2788000.0,2621000.0,2778000.0,33499.3980181,90932986414.85468
2026-07-15 09:00:00,2779000.0,2865000.0,2743000.0,2817000.0,33051.22236958,92792812544.15096
2026-07-16 09:00:00,2816000.0,2831000.0,2735000.0,2742000.0,23508.14236513,65402259621.02098
2026-07-17 09:00:00,2746000.0,2753000.0,2670000.0,2715000.0,21103.27953063,57168963880.78348
2026-07-18 09:00:00,2718000.0,2753000.0,2709000.0,2743000.0,8817.12495829,24046700015.6979
2026-07-19 09:00:00,2743000.0,2766000.0,2730000.0,2750000.0,9337.17994549,25675285736.01598
2026-07-20 09:00:00,2750000.0,2797000.0,2703000.0,2782000.0,21873.48712925,60172420588.26909
2026-07-21 09:00:00,2783000.0,2847000.0,2775000.0,2819000.0,23148.59272227,65195460445.89436
2026-07-22 09:00:00,2818000.0,2850000.0,2795000.0,2826000.0,22018.55968435,62091577667.33145
2026-07-23 09:00:00,2826000.0,2833000.0,2743000.0,2753000.0,17909.03207134,49885371527.70299
2026-07-24 09:00:00,2754000.0,2781000.0,2705000.0,2728000.0,15893.51945303,43467149635.63612
2026-07-25 09:00:00,2728000.0,2747000.0,2709000.0,2744000.0,6599.53140953,17998798505.68269
2026-07-26 09:00:00,2746000.0,2857000.0,2742000.0,2841000.0,12653.49148551,35322215756.77454
2026-07-27 09:00:00,2843000.0,2876000.0,2753000.0,2765000.0,26316.56155007,74495429323.99579
2026-07-28 09:00:00,2766000.0,2799000.0,2705000.0,2785000.0,21718.39877673,59703739894.49103
2026-07-29 09:00:00,2785000.0,2795000.0,2693000.0,2730000.0,24507.32716106,67009677383.08838
2026-07-30 09:00:00,2730000.0,2747000.0,2702000.0,2714000.0,14521.21048057,39568546732.45327
2026-07-31 09:00:00,2714000.0,2750000.0,2652000.0,2674000.0,16843.68423109,45356292706.88199
2026-08-01 09:00:00,2677000.0,2696000.0,2629000.0,2660000.0,7641.92924779,20411349656.26529
2026-08-02 09:00:00,2660000.0,2718000.0,2655000.0,2697000.0,9100.87562552,24451330750.73107
2026-08-03 09:00:00,2698000.0,2699000.0,2612000.0,2648000.0,14925.21073466,39504292733.6692
2026-08-04 09:00:00,2648000.0,2675000.0,2628000.0,2660000.0,9923.63890768,26340299422.79025
2026-08-05 09:00:00,2660000.0,2732000.0,2642000.0,2705000.0,11666.49954272,31238652297.51079
2026-08-06 09:00:00,2706000.0,2720000.0,2680000.0,2703000.0,9233.54009092,24946408337.94337
2026-08-07 09:00:00,2704000.0,2738000.0,2675000.0,2692000.0,10453.65396111,28193839015.87234
2026-08-08 09:00:00,2693000.0,2708000.0,2688000.0,2694000.0,4874.4755819,13148702987.16692
2026-08-09 09:00:00,2693000.0,2713000.0,2680000.0,2682000.0,5221.78731793,14081662137.46641
2026-08-10 09:00:00,2683000.0,2717000.0,2638000.0,2647000.0,13149.12950307,35214859439.2652
2026-08-11 09:00:00,2646000.0,2669000.0,2615000.0,2651000.0,10462.38240595,27655013110.70543
2026-08-12 09:00:00,2650000.0,2709000.0,2648000.0,2653000.0,12340.99617173,32987724304.60445
2026-08-13 09:00:00,2653000.0,2681000.0,2637000.0,2662000.0,10095.58178263,26867987087.60717
2026-08-14 09:00:00,2660000.0,2667000.0,2632000.0,2662000.0,9884.57421116,26192405633.59057
2026-08-15 09:00:00,2662000.0,2668000.0,2652000.0,2662000.0,3723.65959094,9911561024.64085
2026-08-16 09:00:00,2662000.0,2676000.0,2648000.0,2659000.0,4435.452138,11804997079.18657
2026-08-17 09:00:00,2661000.0,2702000.0,2653000.0,2697000.0,8270.62415732,22199327147.02496
2026-08-18 09:00:00,2697000.0,2701000.0,2658000.0,2694000.0,13621.49194965,36464618188.54338
2026-08-19 09:00:00,2694000.0,3183000.0,2663000.0,3097000.0,63469.90434384,185320187249.4675
2026-08-20 09:00:00,3096000.0,3238000.0,3060000.0,3204000.0,57383.79183723,180768229876.0363
2026-08-21 09:00:00,3204000.0,3483000.0,3198000.0,3452000.0,78098.08663738,258470073507.55862
2026-08-22 09:00:00,3452000.0,3483000.0,3250000.0,3316000.0,72319.03863742,243813661838.52844
2026-08-23 09:00:00,3317000.0,3401000.0,3241000.0,3382000.0,33331.53996041,110943670185.83151
2026-08-24 09:00:00,3382000.0,3475000.0,3324000.0,3414000.0,38209.91247512,130077019831.08212
2026-08-25 09:00:00,3413000.0,3475000.0,3370000.0,3394000.0,36838.39463522,126406038432.46205
2026-08-26 09:00:00,3394000.0,3495000.0,3384000.0,3484000.0,36278.81159967,124554870971.40942
2026-08-27 09:00:00,3484000.0,3542000.0,3441000.0,3471000.0,43312.79322764,150393296922.32587
2026-08-28 09:00:00,3471000.0,3504000.0,3354000.0,3380000.0,34151.97427053,117420149236.27982
2026-08-29 09:00:00,3384000.0,3420000.0,3372000.0,3416000.0,10424.25938637,35351281154.79669
2026-08-30 09:00:00,3416000.0,3512000.0,3326000.0,3361000.0,22195.09948445,75979378975.72954
2026-08-31 09:00:00,3362000.0,3389000.0,3332000.0,3374000.0,10026.21251746,33684465467.92424
