,open,high,low,close,volume,value
2026-02-12 21:00:00,99849000.0,100264000.0,98320000.0,98429000.0,393.87103408,39141656389.90753
2026-02-13 01:00:00,98429000.0,98547000.0,96001000.0,96753000.0,650.37313815,63164228263.10723
2026-02-13 05:00:00,96769000.0,97756000.0,96000000.0,97328000.0,327.35183817,31746916898.04773
2026-02-13 09:00:00,97327000.0,97932000.0,96700000.0,97575000.0,373.43813808,36346758617.50726
2026-02-13 13:00:00,97543000.0,97672000.0,96801000.0,97154000.0,285.38485726,27740773419.38146
2026-02-13 17:00:00,97154000.0,98821000.0,97120000.0,98716000.0,314.52007937,30833696063.65784
2026-02-13 21:00:00,98716000.0,101606000.0,98205000.0,100735000.0,785.3388796,78319224483.05276
2026-02-14 01:00:00,100741000.0,101663000.0,100524000.0,100927000.0,319.71579702,32335003828.62216
2026-02-14 05:00:00,100955000.0,101063000.0,100425000.0,100786000.0,179.2206083,18057163933.21549
2026-02-14 09:00:00,100799000.0,101450000.0,100560000.0,101216000.0,279.99641884,28314193781.19534
2026-02-14 13:00:00,101215000.0,101807000.0,100841000.0,101700000.0,184.21502113,18653225363.53445
2026-02-14 17:00:00,101736000.0,104134000.0,101700000.0,104060000.0,656.14322877,67493249971.56267
2026-02-14 21:00:00,104060000.0,104195000.0,101900000.0,102820000.0,594.41382557,61123624818.68235
2026-02-15 01:00:00,102820000.0,102851000.0,101981000.0,102553000.0,146.12350984,14969304025.52666
2026-02-15 05:00:00,102631000.0,103251000.0,102457000.0,102850000.0,201.02787808,20678086043.73152
2026-02-15 09:00:00,102864000.0,103006000.0,102000000.0,102890000.0,314.3254081,32243175523.34901
2026-02-15 13:00:00,102874000.0,104700000.0,102854000.0,104617000.0,491.4656367,51022873871.59276
2026-02-15 17:00:00,104608000.0,105000000.0,103505000.0,103616000.0,446.47061769,46517893639.68014
2026-02-15 21:00:00,103619000.0,103695000.0,101501000.0,102019000.0,558.90298316,57204412810.57883
2026-02-16 01:00:00,102107000.0,102131000.0,100853000.0,101164000.0,232.50124952,23578251890.88771
2026-02-16 05:00:00,101167000.0,102486000.0,100900000.0,102103000.0,190.01881474,19359538896.65912
2026-02-16 09:00:00,102158000.0,102601000.0,100795000.0,101225000.0,267.61089398,27223721961.60554
2026-02-16 13:00:00,101269000.0,101936000.0,101183000.0,101575000.0,137.27681793,13943581685.84262
2026-02-16 17:00:00,101576000.0,102458000.0,101220000.0,101973000.0,213.14880332,21717192195.76323
2026-02-16 21:00:00,102025000.0,103708000.0,100047000.0,100317000.0,650.57627899,66271107132.33302
2026-02-17 01:00:00,100317000.0,101100000.0,100298000.0,100594000.0,140.37619709,14122821604.46306
2026-02-17 05:00:00,100594000.0,102000000.0,100510000.0,101944000.0,133.16166046,13518855451.96545
2026-02-17 09:00:00,101944000.0,102455000.0,101300000.0,101391000.0,170.40071883,17364644349.87016
2026-02-17 13:00:00,101391000.0,101630000.0,100663000.0,101254000.0,177.35043373,17937561081.16616
2026-02-17 17:00:00,101254000.0,101420000.0,100300000.0,100637000.0,192.21694582,19359661063.5855
2026-02-17 21:00:00,100638000.0,101240000.0,99051000.0,99999000.0,568.72184025,56803624640.97312
2026-02-18 01:00:00,99999000.0,100849000.0,99229000.0,100325000.0,276.05531933,27635759328.85025
2026-02-18 05:00:00,100319000.0,100450000.0,99763000.0,100054000.0,133.8753884,13390141632.34149
2026-02-18 09:00:00,100054000.0,100173000.0,99200000.0,100088000.0,236.3227252,23565832882.06225
2026-02-18 13:00:00,100128000.0,100700000.0,99858000.0,100620000.0,146.83536842,14718577038.98545
2026-02-18 17:00:00,100620000.0,100956000.0,99274000.0,99698000.0,246.86479137,24735954179.50107
2026-02-18 21:00:00,99698000.0,100917000.0,99051000.0,99975000.0,357.91507639,35723459384.66331
2026-02-19 01:00:00,99991000.0,100035000.0,98115000.0,98566000.0,335.93689514,33264166880.07569
2026-02-19 05:00:00,98602000.0,99064000.0,98415000.0,98622000.0,230.58764252,22754938782.4566
2026-02-19 09:00:00,98622000.0,99300000.0,98348000.0,99200000.0,286.12407081,28286921790.18055
2026-02-19 13:00:00,99200000.0,99409000.0,98720000.0,99239000.0,175.80217208,17420776980.27916
2026-02-19 17:00:00,99261000.0,99280000.0,98297000.0,98301000.0,204.42465232,20181802698.72219
2026-02-19 21:00:00,98301000.0,98601000.0,97069000.0,98128000.0,590.0387979,57722234699.60298
2026-02-20 01:00:00,98128000.0,99105000.0,97370000.0,98933000.0,157.34090272,15465434896.36468
2026-02-20 05:00:00,98890000.0,99099000.0,98388000.0,98846000.0,119.63546868,11814953611.86549
2026-02-20 09:00:00,98847000.0,99500000.0,98725000.0,99162000.0,248.71011737,24661968152.29821
2026-02-20 13:00:00,99200000.0,100101000.0,98799000.0,99942000.0,335.64661444,33453763179.57256
2026-02-20 17:00:00,99977000.0,100620000.0,99211000.0,99225000.0,268.16714558,26852811167.33046
2026-02-20 21:00:00,99225000.0,100320000.0,98263000.0,99584000.0,484.90987218,48062759682.76795
2026-02-21 01:00:00,99584000.0,100023000.0,98724000.0,99500000.0,182.71360666,18172620581.45024
2026-02-21 05:00:00,99502000.0,100369000.0,99371000.0,100065000.0,132.43055325,13243533584.20665
2026-02-21 09:00:00,100066000.0,100174000.0,99415000.0,99565000.0,158.59824003,15845338552.52247
2026-02-21 13:00:00,99565000.0,99939000.0,99498000.0,99819000.0,98.85719995,9860217562.65656
2026-02-21 17:00:00,99841000.0,100400000.0,99817000.0,100160000.0,163.46942998,16372435778.66727
2026-02-21 21:00:00,100160000.0,100917000.0,99893000.0,100909000.0,198.57467625,19942107488.15507
2026-02-22 01:00:00,100909000.0,100932000.0,100101000.0,100716000.0,67.84785619,6818828330.43289
2026-02-22 05:00:00,100709000.0,100800000.0,99900000.0,99986000.0,88.10112283,8829441413.60348
2026-02-22 09:00:00,100033000.0,100263000.0,99833000.0,100112000.0,120.97427572,12100730030.84182
2026-02-22 13:00:00,100113000.0,100248000.0,99952000.0,100000000.0,72.50211113,7254613572.12634
2026-02-22 17:00:00,100001000.0,100227000.0,99888000.0,100145000.0,86.95171718,8698431383.64445
2026-02-22 21:00:00,100145000.0,100172000.0,99015000.0,99499000.0,268.64876311,26736109271.46449
2026-02-23 01:00:00,99499000.0,99512000.0,98912000.0,99253000.0,68.33393488,6778362035.72995
2026-02-23 05:00:00,99253000.0,99757000.0,99211000.0,99542000.0,81.22906704,8082604218.97703
2026-02-23 09:00:00,99579000.0,99580000.0,95200000.0,95970000.0,1520.02237319,146685820829.4429
2026-02-23 13:00:00,95983000.0,97188000.0,95556000.0,97098000.0,405.75767483,39047978805.6388
2026-02-23 17:00:00,97098000.0,97839000.0,96356000.0,97162000.0,329.88223577,32050328607.35616
2026-02-23 21:00:00,97199000.0,97614000.0,96232000.0,96399000.0,341.55329634,33106284284.58563
2026-02-24 01:00:00,96399000.0,96500000.0,94600000.0,94860000.0,572.36672591,54555020088.82891
2026-02-24 05:00:00,94860000.0,95875000.0,94346000.0,95352000.0,325.28948656,30977551463.5812
2026-02-24 09:00:00,95352000.0,95762000.0,93166000.0,93340000.0,878.70981814,82846142740.35661
2026-02-24 13:00:00,93357000.0,93450000.0,92339000.0,92967000.0,837.62397389,77793222737.98297
2026-02-24 17:00:00,92967000.0,93241000.0,92550000.0,92800000.0,268.05074745,24901524628.19748
2026-02-24 21:00:00,92800000.0,94028000.0,92000000.0,94028000.0,693.97467922,64457225290.99858
2026-02-25 01:00:00,94028000.0,94800000.0,93500000.0,94405000.0,215.20549328,20267490178.44462
2026-02-25 05:00:00,94430000.0,94646000.0,93544000.0,93807000.0,201.68453144,18959946478.0681
2026-02-25 09:00:00,93807000.0,96893000.0,93400000.0,95174000.0,828.98189102,79376928150.25734
2026-02-25 13:00:00,95174000.0,95450000.0,94000000.0,94440000.0,372.57624313,35280710661.73872
2026-02-25 17:00:00,94434000.0,95461000.0,94337000.0,95069000.0,225.46805225,21423123068.65629
2026-02-25 21:00:00,95069000.0,97471000.0,94919000.0,97250000.0,716.2419197,68994024834.33278
2026-02-26 01:00:00,97250000.0,100000000.0,97129000.0,99233000.0,624.85024723,61719564238.62293
2026-02-26 05:00:00,99233000.0,100482000.0,97400000.0,97937000.0,709.97631422,70196035834.5393
2026-02-26 09:00:00,97935000.0,98864000.0,97276000.0,97930000.0,532.6202322,52259245601.16103
2026-02-26 13:00:00,97919000.0,99223000.0,97630000.0,97700000.0,352.53704163,34716853537.02146
2026-02-26 17:00:00,97681000.0,98913000.0,97638000.0,98050000.0,262.61541343,25815965984.01315
2026-02-26 21:00:00,98050000.0,98467000.0,96591000.0,97329000.0,439.61691021,42900483041.19085
2026-02-27 01:00:00,97329000.0,98097000.0,96343000.0,97544000.0,238.428676,23124038091.95805
2026-02-27 05:00:00,97668000.0,97900000.0,97129000.0,97449000.0,130.51783005,12739080118.52841
2026-02-27 09:00:00,97450000.0,97750000.0,96695000.0,97634000.0,283.20446805,27535004926.2766
2026-02-27 13:00:00,97634000.0,98420000.0,97541000.0,97909000.0,229.89779465,22510936504.98397
2026-02-27 17:00:00,97909000.0,98600000.0,96000000.0,96359000.0,470.6664413,45751168259.10111
2026-02-27 21:00:00,96360000.0,96728000.0,95798000.0,96398000.0,347.69299039,33446607076.84971
2026-02-28 01:00:00,96439000.0,96439000.0,95153000.0,95581000.0,198.4765162,18982434286.72222
2026-02-28 05:00:00,95572000.0,96352000.0,95061000.0,96121000.0,173.69485683,16656526262.82349
2026-02-28 09:00:00,96120000.0,96547000.0,96099000.0,96225000.0,149.01270352,14355591600.04496
2026-02-28 13:00:00,96225000.0,96227000.0,92632000.0,93534000.0,954.76415402,89619114634.60934
2026-02-28 17:00:00,93534000.0,94341000.0,92935000.0,93542000.0,572.20766747,53454269796.25846
2026-02-28 21:00:00,93542000.0,95748000.0,93533000.0,94806000.0,488.02339904,46179931141.79117
2026-03-01 01:00:00,94879000.0,97229000.0,94602000.0,96800000.0,216.11376975,20731266496.90022
2026-03-01 05:00:00,96857000.0,98601000.0,96578000.0,97626000.0,466.88637773,45599146332.07267
2026-03-01 09:00:00,97626000.0,99005000.0,96200000.0,97896000.0,697.18925228,68305910043.95662
2026-03-01 13:00:00,97862000.0,98000000.0,96830000.0,97383000.0,255.97237301,24941150498.11144
2026-03-01 17:00:00,97398000.0,97698000.0,96327000.0,96581000.0,260.33128389,25192147372.43284
2026-03-01 21:00:00,96602000.0,97674000.0,96118000.0,97116000.0,322.53177451,31278855889.83618
2026-03-02 01:00:00,97116000.0,97422000.0,95750000.0,96173000.0,235.45415526,22684109957.74165
2026-03-02 05:00:00,96199000.0,96950000.0,95100000.0,95904000.0,274.25618122,26262780813.46397
2026-03-02 09:00:00,95906000.0,97895000.0,95871000.0,97309000.0,411.80972594,39955626483.41986
2026-03-02 13:00:00,97309000.0,97866000.0,96039000.0,96602000.0,407.86437492,39572357556.73365
2026-03-02 17:00:00,96612000.0,97638000.0,96188000.0,97032000.0,286.20997572,27750864805.05799
2026-03-02 21:00:00,97008000.0,101979000.0,96035000.0,101050000.0,1364.61237895,135496665234.9692
2026-03-03 01:00:00,101050000.0,102200000.0,100080000.0,100559000.0,638.4336036,64655244515.88856
2026-03-03 05:00:00,100599000.0,101356000.0,100108000.0,100520000.0,366.78973581,36985176865.20452
2026-03-03 09:00:00,100578000.0,101549000.0,99803000.0,99898000.0,536.71300024,54010454835.50998
2026-03-03 13:00:00,99898000.0,100285000.0,99296000.0,99783000.0,336.3838268,33533044251.59937
2026-03-03 17:00:00,99857000.0,100000000.0,97493000.0,98772000.0,608.7266618,59866159383.06245
2026-03-03 21:00:00,98776000.0,100220000.0,97899000.0,100051000.0,639.16720957,63343235222.42721
2026-03-04 01:00:00,100096000.0,101518000.0,99557000.0,100594000.0,403.46035442,40598563787.39295
2026-03-04 05:00:00,100527000.0,101119000.0,99841000.0,100274000.0,311.12593532,31251047743.21412
2026-03-04 09:00:00,100310000.0,101330000.0,98907000.0,99333000.0,559.36675536,55964724915.70632
2026-03-04 13:00:00,99333000.0,101684000.0,99058000.0,101588000.0,470.90390773,47221661287.64498
2026-03-04 17:00:00,101588000.0,104950000.0,101048000.0,103622000.0,1308.31439785,135543560827.47755
2026-03-04 21:00:00,103622000.0,106650000.0,102700000.0,106555000.0,1121.60037799,117499873616.65273
2026-03-05 01:00:00,106555000.0,107294000.0,105300000.0,106781000.0,480.30301614,51096949969.70427
2026-03-05 05:00:00,106780000.0,106874000.0,104753000.0,105374000.0,513.22532752,54270388583.90621
2026-03-05 09:00:00,105374000.0,106685000.0,105150000.0,105546000.0,537.52385081,56860440868.84189
2026-03-05 13:00:00,105546000.0,106499000.0,104818000.0,105226000.0,372.65111555,39366670750.81925
2026-03-05 17:00:00,105226000.0,107547000.0,104851000.0,106750000.0,527.22362026,56165445781.62543
2026-03-05 21:00:00,106750000.0,107000000.0,104416000.0,105110000.0,577.61465281,61140156254.8683
2026-03-06 01:00:00,105082000.0,105167000.0,103771000.0,104309000.0,267.32648327,27889661864.62188
2026-03-06 05:00:00,104302000.0,105100000.0,103747000.0,103877000.0,204.07929364,21310775575.54658
2026-03-06 09:00:00,103877000.0,104699000.0,103237000.0,104100000.0,285.42317627,29712679127.51741
2026-03-06 13:00:00,104138000.0,104282000.0,102784000.0,104003000.0,329.42440541,34072296699.41552
2026-03-06 17:00:00,104020000.0,104113000.0,103280000.0,103348000.0,178.63168617,18522778489.34998
2026-03-06 21:00:00,103348000.0,103400000.0,100798000.0,101218000.0,767.02931333,78191860058.24326
2026-03-07 01:00:00,101233000.0,101706000.0,100185000.0,100648000.0,246.31868743,24855252156.50202
2026-03-07 05:00:00,100769000.0,101334000.0,100222000.0,100763000.0,188.75456206,19042137257.44368
2026-03-07 09:00:00,100821000.0,101200000.0,100351000.0,100477000.0,202.89731463,20447864453.78417
2026-03-07 13:00:00,100510000.0,100576000.0,99538000.0,100051000.0,326.79790082,32702574554.02378
2026-03-07 17:00:00,100089000.0,100822000.0,99878000.0,100564000.0,147.13772036,14763613530.94558
2026-03-07 21:00:00,100564000.0,100650000.0,100010000.0,100470000.0,96.91489657,9731001327.07615
2026-03-08 01:00:00,100470000.0,100471000.0,99099000.0,99310000.0,136.07559259,13571380139.77265
2026-03-08 05:00:00,99303000.0,99800000.0,99182000.0,99385000.0,139.88231249,13922535964.18428
2026-03-08 09:00:00,99387000.0,99739000.0,99000000.0,99165000.0,248.98379456,24721315111.35598
2026-03-08 13:00:00,99165000.0,99707000.0,98512000.0,99536000.0,183.9841029,18233202413.40499
2026-03-08 17:00:00,99549000.0,100912000.0,99349000.0,99858000.0,256.09218012,25652842585.49697
2026-03-08 21:00:00,99858000.0,100096000.0,99001000.0,99485000.0,188.66051589,18770580989.80451
2026-03-09 01:00:00,99516000.0,99751000.0,98900000.0,99616000.0,75.62302324,7504708351.59208
2026-03-09 05:00:00,99616000.0,99825000.0,97500000.0,97845000.0,483.37545259,47449904847.79288
2026-03-09 09:00:00,97845000.0,100000000.0,97668000.0,99543000.0,434.45206942,42868570108.06389
2026-03-09 13:00:00,99545000.0,100400000.0,99002000.0,99820000.0,309.97100496,30922224422.83917
2026-03-09 17:00:00,99825000.0,101000000.0,99600000.0,100136000.0,289.78304781,29055318472.82309
2026-03-09 21:00:00,100136000.0,102200000.0,100135000.0,101353000.0,579.88339648,58794308537.36005
2026-03-10 01:00:00,101353000.0,101869000.0,100300000.0,101119000.0,146.6099408,14816192838.81326
2026-03-10 05:00:00,101119000.0,101446000.0,100410000.0,100425000.0,153.53470064,15478481514.79445
2026-03-10 09:00:00,100499000.0,103377000.0,100413000.0,101894000.0,517.84467571,52876863105.77496
2026-03-10 13:00:00,101910000.0,103195000.0,101894000.0,103044000.0,269.32519545,27663133791.22312
2026-03-10 17:00:00,103010000.0,104225000.0,103000000.0,103234000.0,376.25050387,38989437611.79924
2026-03-10 21:00:00,103234000.0,104500000.0,101539000.0,103768000.0,578.34045453,59625397274.53399
2026-03-11 01:00:00,103768000.0,104200000.0,102098000.0,102571000.0,159.63988241,16456087088.71822
2026-03-11 05:00:00,102550000.0,103000000.0,101762000.0,102417000.0,164.38338012,16807940551.85987
2026-03-11 09:00:00,102417000.0,102799000.0,101732000.0,101749000.0,229.85007705,23512778402.96694
2026-03-11 13:00:00,101749000.0,102636000.0,101514000.0,101777000.0,162.71363207,16594639457.55558
2026-03-11 17:00:00,101777000.0,102234000.0,101514000.0,101514000.0,137.38671663,13999553561.6259
2026-03-11 21:00:00,101514000.0,103988000.0,101150000.0,102884000.0,593.72293878,61010561304.14955
2026-03-12 01:00:00,102884000.0,104099000.0,102774000.0,103206000.0,173.03918007,17904191545.98268
2026-03-12 05:00:00,103206000.0,103503000.0,102519000.0,102731000.0,145.13122146,14948335672.80601
2026-03-12 09:00:00,102734000.0,103115000.0,101600000.0,101994000.0,244.63926136,25010628390.23574
2026-03-12 13:00:00,101995000.0,102349000.0,101760000.0,102317000.0,136.83839616,13961773443.69187
2026-03-12 17:00:00,102343000.0,103416000.0,102050000.0,103044000.0,206.50834643,21223834337.03792
2026-03-12 21:00:00,103044000.0,103398000.0,102000000.0,103073000.0,366.61017624,37655382750.545
2026-03-13 01:00:00,103134000.0,103365000.0,102455000.0,103096000.0,100.27886609,10320502093.92904
2026-03-13 05:00:00,103188000.0,103354000.0,102699000.0,103248000.0,141.60235348,14595380030.01216
2026-03-13 09:00:00,103247000.0,104980000.0,103087000.0,104380000.0,608.29818662,63463957200.29301
2026-03-13 13:00:00,104418000.0,104987000.0,104178000.0,104980000.0,228.55515135,23882234476.41171
2026-03-13 17:00:00,104983000.0,106500000.0,104700000.0,105813000.0,604.48316934,63928475984.67305
2026-03-13 21:00:00,105810000.0,108100000.0,105337000.0,105521000.0,1050.74810588,112275095175.31952
2026-03-14 01:00:00,105505000.0,105950000.0,104156000.0,104714000.0,348.23212691,36561021397.43191
2026-03-14 05:00:00,104714000.0,105200000.0,103856000.0,104404000.0,210.07237397,21952228092.58988
2026-03-14 09:00:00,104477000.0,104949000.0,104035000.0,104885000.0,212.18434427,22167187514.96552
2026-03-14 13:00:00,104880000.0,105170000.0,103921000.0,104179000.0,213.85895841,22350695979.6813
2026-03-14 17:00:00,104179000.0,104678000.0,104051000.0,104666000.0,97.33907366,10152563402.71289
2026-03-14 21:00:00,104576000.0,104800000.0,104240000.0,104395000.0,86.3171883,9027357460.84465
2026-03-15 01:00:00,104400000.0,104559000.0,104250000.0,104559000.0,25.95848002,2710485022.47424
2026-03-15 05:00:00,104559000.0,105200000.0,104466000.0,105131000.0,94.95801395,9955863396.12281
2026-03-15 09:00:00,105199000.0,105473000.0,104665000.0,105240000.0,178.85701876,18792923139.74948
2026-03-15 13:00:00,105240000.0,105735000.0,105180000.0,105431000.0,139.69354661,14741637207.78863
2026-03-15 17:00:00,105449000.0,106000000.0,105432000.0,105842000.0,181.27923441,19176433932.67836
2026-03-15 21:00:00,105842000.0,105853000.0,105000000.0,105350000.0,217.29330685,22892705426.94197
2026-03-16 01:00:00,105417000.0,105973000.0,105143000.0,105479000.0,68.52801339,7231824953.02234
2026-03-16 05:00:00,105479000.0,107381000.0,105327000.0,106940000.0,395.89919609,42155013537.35667
2026-03-16 09:00:00,106995000.0,108609000.0,106114000.0,107878000.0,642.54469868,68914718055.32571
2026-03-16 13:00:00,107861000.0,108965000.0,107501000.0,107682000.0,582.0941873,63015174393.57847
2026-03-16 17:00:00,107700000.0,108304000.0,106961000.0,108070000.0,424.57402991,45717123298.95232
2026-03-16 21:00:00,108070000.0,109342000.0,107575000.0,107840000.0,843.21451522,91508634115.26517
2026-03-17 01:00:00,107852000.0,109025000.0,107751000.0,108501000.0,190.23562966,20641182448.57731
2026-03-17 05:00:00,108498000.0,110198000.0,108375000.0,110058000.0,662.82203786,72648731939.85811
2026-03-17 09:00:00,110062000.0,112450000.0,109375000.0,109788000.0,1341.18129023,148957123826.9908
2026-03-17 13:00:00,109800000.0,110350000.0,108680000.0,109526000.0,530.55531488,58055052218.25675
2026-03-17 17:00:00,109527000.0,109955000.0,108666000.0,109290000.0,268.01970061,29275164885.76172
2026-03-17 21:00:00,109284000.0,110438000.0,108500000.0,109256000.0,400.40666098,43741087776.95545
2026-03-18 01:00:00,109256000.0,110212000.0,109157000.0,109841000.0,116.34352266,12768941051.40253
2026-03-18 05:00:00,109841000.0,110392000.0,109010000.0,109012000.0,212.16945022,23287087102.08962
2026-03-18 09:00:00,109015000.0,110022000.0,108629000.0,109960000.0,327.33537559,35788549634.90053
2026-03-18 13:00:00,109907000.0,109958000.0,108896000.0,109182000.0,213.96933158,23398345091.0816
2026-03-18 17:00:00,109199000.0,109720000.0,107700000.0,107738000.0,391.93014271,42544418400.23465
2026-03-18 21:00:00,107738000.0,107835000.0,105120000.0,106230000.0,992.45457496,105832659628.56754
2026-03-19 01:00:00,106216000.0,106900000.0,105531000.0,105661000.0,211.08818993,22407105797.66847
2026-03-19 05:00:00,105661000.0,106329000.0,104935000.0,106000000.0,304.97613897,32238296485.78334
2026-03-19 09:00:00,106000000.0,106392000.0,105181000.0,106086000.0,345.75391003,36573033429.44823
2026-03-19 13:00:00,106073000.0,106086000.0,103490000.0,104489000.0,495.07165282,51801339157.80737
2026-03-19 17:00:00,104489000.0,104866000.0,104000000.0,104095000.0,214.01022239,22341265267.27001
2026-03-19 21:00:00,104095000.0,104283000.0,102580000.0,103376000.0,636.59744457,65794647754.09383
2026-03-20 01:00:00,103390000.0,104600000.0,102950000.0,104165000.0,135.84203329,14095443861.75132
2026-03-20 05:00:00,104051000.0,104879000.0,103816000.0,104078000.0,195.29530283,20397491788.93316
2026-03-20 09:00:00,104078000.0,105454000.0,103960000.0,105448000.0,292.13475015,30605314187.17393
2026-03-20 13:00:00,105448000.0,105775000.0,104750000.0,105583000.0,255.40360587,26920484663.17231
2026-03-20 17:00:00,105585000.0,106200000.0,104868000.0,105318000.0,283.36412159,29920150909.82856
2026-03-20 21:00:00,105319000.0,105500000.0,104000000.0,104528000.0,295.95450514,30971023433.8659
2026-03-21 01:00:00,104535000.0,105131000.0,103865000.0,105042000.0,108.81991438,11360304260.31198
2026-03-21 05:00:00,105131000.0,105937000.0,104517000.0,105314000.0,125.61042134,13245378986.28178
2026-03-21 09:00:00,105399000.0,105846000.0,105304000.0,105686000.0,130.83535979,13824632344.83912
2026-03-21 13:00:00,105733000.0,106200000.0,105665000.0,105940000.0,125.77977553,13324228205.19735
2026-03-21 17:00:00,105966000.0,105980000.0,105609000.0,105743000.0,72.38911361,7657678989.09577
2026-03-21 21:00:00,105750000.0,106446000.0,105687000.0,105871000.0,107.31399077,11377996395.55063
2026-03-22 01:00:00,105928000.0,105928000.0,105340000.0,105498000.0,64.57330182,6815677025.49001
2026-03-22 05:00:00,105498000.0,105679000.0,103452000.0,103782000.0,225.37485478,23561119028.68777
2026-03-22 09:00:00,103831000.0,104488000.0,103000000.0,104265000.0,387.46593884,40201015521.05666
2026-03-22 13:00:00,104265000.0,104428000.0,103500000.0,103567000.0,138.27691476,14369474119.68378
2026-03-22 17:00:00,103569000.0,103785000.0,102274000.0,102274000.0,334.54756524,34450894137.05482
2026-03-22 21:00:00,102274000.0,103529000.0,102274000.0,103339000.0,173.17182426,17836340612.73159
2026-03-23 01:00:00,103339000.0,103404000.0,102530000.0,102630000.0,51.10436567,5266745061.06538
2026-03-23 05:00:00,102635000.0,103049000.0,101659000.0,102021000.0,318.92499912,32621013822.55271
2026-03-23 09:00:00,102021000.0,103000000.0,101384000.0,102350000.0,350.48163193,35771594886.83721
2026-03-23 13:00:00,102392000.0,103294000.0,101890000.0,102888000.0,272.44197916,27976632629.2714
2026-03-23 17:00:00,102888000.0,106700000.0,102216000.0,104552000.0,923.12098081,97117238634.0836
2026-03-23 21:00:00,104611000.0,106545000.0,104160000.0,104240000.0,742.56777616,78327830563.87294
2026-03-24 01:00:00,104240000.0,105666000.0,104239000.0,104901000.0,173.4795922,18221524162.38603
2026-03-24 05:00:00,104901000.0,105437000.0,104499000.0,105247000.0,126.76600084,13311833240.60202
2026-03-24 09:00:00,105290000.0,105630000.0,104850000.0,105189000.0,199.19198644,20959705558.75647
2026-03-24 13:00:00,105189000.0,106100000.0,104650000.0,106025000.0,195.03648557,20536630459.37602
2026-03-24 17:00:00,106025000.0,106270000.0,105472000.0,105986000.0,233.6759106,24765224092.31591
2026-03-24 21:00:00,105999000.0,106049000.0,103908000.0,104391000.0,374.17921382,39232325336.51806
2026-03-25 01:00:00,104389000.0,104505000.0,103300000.0,103904000.0,187.5096628,19468253481.03365
2026-03-25 05:00:00,103900000.0,105557000.0,103812000.0,105149000.0,227.2791709,23838481705.57457
2026-03-25 09:00:00,105149000.0,105700000.0,105005000.0,105501000.0,192.07282668,20237296573.00089
2026-03-25 13:00:00,105501000.0,106191000.0,105466000.0,105675000.0,224.79303202,23805334268.93089
2026-03-25 17:00:00,105675000.0,107301000.0,105600000.0,106869000.0,395.48027908,42157952912.57677
2026-03-25 21:00:00,106898000.0,107200000.0,105320000.0,105762000.0,401.90577851,42775086293.69404
2026-03-26 01:00:00,105762000.0,106958000.0,105521000.0,105917000.0,117.45763006,12468096528.98774
2026-03-26 05:00:00,105923000.0,106763000.0,105575000.0,106523000.0,122.91827636,13066604643.89477
2026-03-26 09:00:00,106524000.0,106754000.0,105699000.0,106100000.0,219.76303301,23355128748.36368
2026-03-26 13:00:00,106135000.0,106156000.0,104798000.0,105285000.0,282.99850414,29798090680.69675
2026-03-26 17:00:00,105285000.0,105323000.0,104070000.0,104267000.0,276.41731575,28932666180.73536
2026-03-26 21:00:00,104267000.0,105201000.0,103908000.0,104216000.0,317.07644911,33139278556.1987
2026-03-27 01:00:00,104216000.0,104216000.0,103154000.0,103679000.0,179.48171233,18609110444.15498
2026-03-27 05:00:00,103727000.0,104964000.0,103511000.0,103849000.0,176.64205639,18400090814.51398
2026-03-27 09:00:00,103959000.0,104300000.0,103630000.0,103771000.0,212.24856351,22062991097.0301
2026-03-27 13:00:00,103771000.0,104065000.0,103200000.0,103520000.0,179.83104068,18636603313.30215
2026-03-27 17:00:00,103520000.0,103644000.0,100672000.0,101280000.0,792.96474871,80745620268.7988
2026-03-27 21:00:00,101234000.0,101295000.0,100000000.0,100442000.0,642.29220461,64605259357.20135
2026-03-28 01:00:00,100442000.0,100744000.0,99952000.0,100421000.0,242.72842383,24312943663.71044
2026-03-28 05:00:00,100421000.0,101098000.0,100044000.0,101019000.0,153.40192048,15419902674.08221
2026-03-28 09:00:00,101019000.0,101326000.0,100172000.0,100607000.0,204.0113308,20550011851.0702
2026-03-28 13:00:00,100607000.0,101100000.0,100486000.0,101094000.0,106.38329733,10727070652.44319
2026-03-28 17:00:00,101093000.0,101105000.0,100334000.0,100701000.0,104.61182026,10533464749.23783
2026-03-28 21:00:00,100701000.0,101969000.0,100492000.0,101501000.0,215.17102689,21797392272.15129
2026-03-29 01:00:00,101503000.0,101698000.0,101100000.0,101430000.0,42.98034716,4357905272.75601
2026-03-29 05:00:00,101430000.0,101579000.0,100704000.0,100895000.0,81.81009842,8271306235.51404
2026-03-29 09:00:00,100892000.0,101775000.0,100752000.0,101429000.0,97.58390308,9872086016.48308
2026-03-29 13:00:00,101400000.0,101548000.0,101054000.0,101221000.0,65.51397082,6633417492.5528
2026-03-29 17:00:00,101251000.0,101624000.0,100860000.0,101452000.0,87.22870633,8830579652.72494
2026-03-29 21:00:00,101449000.0,101490000.0,100800000.0,101041000.0,96.95065381,9808315571.2764
2026-03-30 01:00:00,101041000.0,101150000.0,100512000.0,100883000.0,61.61921974,6215433986.4009
2026-03-30 05:00:00,100911000.0,101350000.0,99212000.0,100379000.0,416.79965006,41757230525.82303
2026-03-30 09:00:00,100379000.0,102100000.0,100166000.0,101737000.0,311.33730679,31523314715.5911
2026-03-30 13:00:00,101737000.0,102485000.0,101736000.0,102379000.0,238.69363817,24378009394.84736
2026-03-30 17:00:00,102377000.0,102785000.0,101976000.0,102540000.0,183.44324775,18788676536.4129
2026-03-30 21:00:00,102540000.0,103182000.0,101809000.0,102460000.0,280.14601247,28739617339.47822
2026-03-31 01:00:00,102460000.0,102460000.0,100732000.0,101149000.0,155.89260753,15801563795.9237
2026-03-31 05:00:00,101210000.0,101780000.0,100926000.0,101468000.0,137.02504706,13895283165.56131
2026-03-31 09:00:00,101468000.0,103734000.0,101183000.0,103148000.0,390.4966267,40143083172.52704
2026-03-31 13:00:00,103181000.0,103400000.0,102200000.0,102662000.0,220.5595029,22693596781.20143
2026-03-31 17:00:00,102662000.0,102840000.0,100900000.0,101833000.0,319.56548729,32482795992.43814
2026-03-31 21:00:00,101853000.0,103100000.0,101450000.0,101788000.0,340.9084841,34844012418.78957
2026-04-01 01:00:00,101818000.0,103800000.0,101780000.0,102515000.0,224.71301759,23117063088.1844
2026-04-01 05:00:00,102554000.0,103400000.0,102516000.0,103275000.0,180.48620868,18609390612.87828
2026-04-01 09:00:00,103342000.0,103343000.0,102347000.0,102932000.0,236.79038367,24348643075.39191
2026-04-01 13:00:00,102936000.0,104211000.0,102857000.0,103300000.0,316.1126112,32761868764.17942
2026-04-01 17:00:00,103300000.0,103742000.0,103100000.0,103591000.0,172.95661782,17884977787.15103
2026-04-01 21:00:00,103580000.0,104049000.0,102726000.0,104000000.0,296.44900872,30652303453.73551
2026-04-02 01:00:00,103999000.0,104142000.0,102642000.0,103088000.0,157.00158657,16219654886.15511
2026-04-02 05:00:00,103132000.0,103600000.0,102800000.0,103129000.0,152.72233552,15766044690.89122
2026-04-02 09:00:00,103129000.0,103819000.0,101313000.0,101514000.0,583.0221919,59661248607.87356
2026-04-02 13:00:00,101514000.0,101782000.0,101002000.0,101728000.0,243.70781863,24695737336.71469
2026-04-02 17:00:00,101728000.0,101729000.0,100833000.0,100999000.0,214.16857937,21655836230.06775
2026-04-02 21:00:00,101001000.0,101961000.0,100408000.0,101576000.0,341.42420061,34513662801.80098
2026-04-03 01:00:00,101566000.0,102280000.0,101254000.0,101884000.0,85.95765765,8751553310.0196
2026-04-03 05:00:00,101881000.0,101980000.0,101404000.0,101723000.0,93.16921494,9481340842.45828
2026-04-03 09:00:00,101737000.0,101756000.0,100839000.0,101071000.0,183.90644965,18618943913.13077
2026-04-03 13:00:00,101119000.0,101830000.0,100909000.0,101655000.0,127.02464989,12854751806.76424
2026-04-03 17:00:00,101650000.0,102000000.0,101297000.0,101553000.0,95.47458237,9697758987.30735
2026-04-03 21:00:00,101553000.0,102030000.0,101030000.0,101354000.0,119.72309314,12145593921.33213
2026-04-04 01:00:00,101398000.0,101678000.0,101260000.0,101482000.0,21.53773594,2184703208.78174
2026-04-04 05:00:00,101558000.0,101650000.0,101416000.0,101648000.0,32.63048982,3313547247.35152
2026-04-04 09:00:00,101648000.0,101653000.0,101462000.0,101464000.0,57.83129911,5872102440.55209
2026-04-04 13:00:00,101464000.0,101739000.0,101450000.0,101633000.0,53.51444154,5437001461.07724
2026-04-04 17:00:00,101633000.0,101998000.0,101552000.0,101891000.0,61.82050091,6292204249.2005
2026-04-04 21:00:00,101904000.0,102470000.0,101799000.0,102300000.0,90.43398662,9231493175.40714
2026-04-05 01:00:00,102300000.0,102438000.0,102073000.0,102073000.0,45.69539219,4673879325.75926
2026-04-05 05:00:00,102074000.0,102304000.0,101958000.0,102147000.0,33.78044092,3449399107.3132
2026-04-05 09:00:00,102131000.0,102168000.0,101610000.0,101890000.0,71.58519371,7294901627.7792
2026-04-05 13:00:00,101890000.0,101967000.0,101395000.0,101606000.0,89.55165695,9103440678.26245
2026-04-05 17:00:00,101606000.0,102005000.0,101603000.0,101855000.0,55.63338249,5664792821.64513
2026-04-05 21:00:00,101855000.0,103021000.0,101510000.0,102247000.0,137.61489402,14056935289.80002
2026-04-06 01:00:00,102247000.0,102506000.0,102118000.0,102296000.0,43.50996312,4452698736.06278
2026-04-06 05:00:00,102296000.0,104567000.0,102228000.0,104288000.0,381.95420776,39572854086.04382
2026-04-06 09:00:00,104289000.0,104998000.0,103700000.0,104038000.0,321.39059153,33511131816.00304
2026-04-06 13:00:00,104038000.0,104221000.0,103505000.0,104044000.0,170.57384697,17731777673.24041
2026-04-06 17:00:00,104044000.0,105400000.0,103933000.0,104602000.0,300.80545717,31522895753.94036
2026-04-06 21:00:00,104645000.0,105108000.0,104117000.0,105108000.0,248.64818777,25997206326.70861
2026-04-07 01:00:00,105110000.0,105600000.0,104300000.0,104902000.0,160.92146333,16895232295.35653
2026-04-07 05:00:00,104967000.0,105346000.0,103240000.0,103923000.0,232.76533114,24246058408.57934
2026-04-07 09:00:00,103964000.0,104311000.0,103120000.0,103945000.0,193.89251901,20115915967.83965
2026-04-07 13:00:00,103945000.0,104084000.0,103352000.0,103543000.0,112.60903756,11672985239.76024
2026-04-07 17:00:00,103543000.0,104050000.0,102703000.0,103057000.0,225.14545445,23266324815.05602
2026-04-07 21:00:00,103041000.0,103370000.0,102400000.0,102914000.0,229.12188026,23556340595.31802
2026-04-08 01:00:00,102944000.0,104000000.0,102886000.0,103934000.0,81.75832004,8459388583.71707
2026-04-08 05:00:00,103934000.0,108318000.0,103844000.0,107255000.0,1041.26976585,110773185833.42258
2026-04-08 09:00:00,107295000.0,107302000.0,105623000.0,105722000.0,514.95540322,54784286487.01171
2026-04-08 13:00:00,105722000.0,106403000.0,105702000.0,106018000.0,198.18951501,21033282263.28435
2026-04-08 17:00:00,106018000.0,106636000.0,105969000.0,106295000.0,169.52248052,18016737215.45927
2026-04-08 21:00:00,106295000.0,108000000.0,105167000.0,105981000.0,532.41014749,56763437488.08925
2026-04-09 01:00:00,105985000.0,106859000.0,105600000.0,106054000.0,92.2537085,9795935691.92298
2026-04-09 05:00:00,106054000.0,106684000.0,105531000.0,105862000.0,142.06373592,15062378890.02394
2026-04-09 09:00:00,105868000.0,105964000.0,105080000.0,105618000.0,215.71353267,22760497930.86464
2026-04-09 13:00:00,105645000.0,105976000.0,105290000.0,105911000.0,95.35931274,10080405084.69732
2026-04-09 17:00:00,105911000.0,106619000.0,105750000.0,106200000.0,152.29886203,16182500170.42313
2026-04-09 21:00:00,106200000.0,107304000.0,105309000.0,107001000.0,311.49719718,33115609168.36015
2026-04-10 01:00:00,107001000.0,107435000.0,106353000.0,106782000.0,160.60922413,17178100790.7388
2026-04-10 05:00:00,106782000.0,108062000.0,106300000.0,106628000.0,311.4853413,33386317477.07796
2026-04-10 09:00:00,106695000.0,107537000.0,106569000.0,106950000.0,214.60678395,22984111699.17842
2026-04-10 13:00:00,106956000.0,107380000.0,106506000.0,106574000.0,167.84823729,17963144006.30575
2026-04-10 17:00:00,106574000.0,107500000.0,106521000.0,107328000.0,145.03667635,15534598874.72748
2026-04-10 21:00:00,107328000.0,108704000.0,107055000.0,107587000.0,528.20203765,57022800291.93227
2026-04-11 01:00:00,107693000.0,108670000.0,107590000.0,108591000.0,115.94316756,12554617705.01108
2026-04-11 05:00:00,108591000.0,108779000.0,107883000.0,108308000.0,179.35130403,19433721958.66917
2026-04-11 09:00:00,108308000.0,108563000.0,107980000.0,108350000.0,155.35027202,16833357037.17633
2026-04-11 13:00:00,108374000.0,108470000.0,108040000.0,108167000.0,104.92312754,11352716827.53603
2026-04-11 17:00:00,108167000.0,108540000.0,108080000.0,108485000.0,106.11341809,11502573100.68124
2026-04-11 21:00:00,108485000.0,108600000.0,108100000.0,108443000.0,127.52097116,13819819507.35321
2026-04-12 01:00:00,108444000.0,109384000.0,108400000.0,109150000.0,182.67039487,19896959109.99278
2026-04-12 05:00:00,109178000.0,109201000.0,108359000.0,108567000.0,170.89222717,18596071962.53968
2026-04-12 09:00:00,108567000.0,108765000.0,106194000.0,106810000.0,650.93784903,69716548882.36089
2026-04-12 13:00:00,106808000.0,107000000.0,106527000.0,106906000.0,139.36775465,14880999144.64892
2026-04-12 17:00:00,106915000.0,107000000.0,106496000.0,106514000.0,125.3965133,13380913415.89364
2026-04-12 21:00:00,106514000.0,106540000.0,105454000.0,105802000.0,330.4858155,35009163721.90062
2026-04-13 01:00:00,105802000.0,105918000.0,105687000.0,105771000.0,18.79330775,1987787994.84585
2026-04-13 05:00:00,105771000.0,105858000.0,105443000.0,105700000.0,100.17511955,10583632837.74733
2026-04-13 09:00:00,105732000.0,106540000.0,105483000.0,105945000.0,209.44250278,22233193264.42752
2026-04-13 13:00:00,105945000.0,106130000.0,105561000.0,105800000.0,129.22346592,13679892692.16124
2026-04-13 17:00:00,105800000.0,105973000.0,105438000.0,105962000.0,139.01219929,14686382128.29596
2026-04-13 21:00:00,105962000.0,107722000.0,105759000.0,106965000.0,349.96393182,37343293166.73496
2026-04-14 01:00:00,106965000.0,108800000.0,106745000.0,108648000.0,210.2224123,22668504031.47911
2026-04-14 05:00:00,108648000.0,110276000.0,108093000.0,109806000.0,743.93509612,81469596129.76166
2026-04-14 09:00:00,109804000.0,110180000.0,109200000.0,110062000.0,387.87593245,42556522382.39743
2026-04-14 13:00:00,110061000.0,110376000.0,109504000.0,110079000.0,245.06667681,26941963103.96428
2026-04-14 17:00:00,110080000.0,110500000.0,109580000.0,109723000.0,244.17674241,26866379307.75312
2026-04-14 21:00:00,109724000.0,111996000.0,109589000.0,111221000.0,680.27777262,75406459228.58961
2026-04-15 01:00:00,111221000.0,111651000.0,109380000.0,109930000.0,216.43110123,23874465151.31041
2026-04-15 05:00:00,109939000.0,110182000.0,109466000.0,109875000.0,172.59390768,18955119167.36988
2026-04-15 09:00:00,109870000.0,110717000.0,109708000.0,110120000.0,220.2810311,24309721352.11526
2026-04-15 13:00:00,110126000.0,110300000.0,109020000.0,109319000.0,250.26501934,27428220680.18843
2026-04-15 17:00:00,109319000.0,110029000.0,109295000.0,109994000.0,162.9412828,17879203207.84227
2026-04-15 21:00:00,109994000.0,110346000.0,109038000.0,109372000.0,337.85914807,37093325680.55423
2026-04-16 01:00:00,109372000.0,110952000.0,109190000.0,110589000.0,127.71158647,14041924582.45066
2026-04-16 05:00:00,110603000.0,111016000.0,109908000.0,110456000.0,198.52959969,21925390337.36845
2026-04-16 09:00:00,110455000.0,110850000.0,110042000.0,110410000.0,201.55395137,22250175504.90013
2026-04-16 13:00:00,110410000.0,110730000.0,110210000.0,110325000.0,140.7817224,15557664410.01351
2026-04-16 17:00:00,110325000.0,110653000.0,109900000.0,110308000.0,245.64418948,27079580248.84377
2026-04-16 21:00:00,110320000.0,110632000.0,108661000.0,110416000.0,483.86269258,53055052719.6373
2026-04-17 01:00:00,110427000.0,111113000.0,109470000.0,111020000.0,202.26891586,22313854336.0578
2026-04-17 05:00:00,111001000.0,111194000.0,110400000.0,110782000.0,185.77624659,20566576354.72778
2026-04-17 09:00:00,110782000.0,110900000.0,110175000.0,110305000.0,202.72145332,22402036705.88609
2026-04-17 13:00:00,110306000.0,110950000.0,110227000.0,110920000.0,228.59258877,25266344226.00784
2026-04-17 17:00:00,110920000.0,112784000.0,110898000.0,111897000.0,593.63329287,66352266633.72883
2026-04-17 21:00:00,111897000.0,114480000.0,111843000.0,114211000.0,1110.06518981,125845660590.46443
2026-04-18 01:00:00,114213000.0,114891000.0,113300000.0,113885000.0,263.9034886,30097580033.46317
2026-04-18 05:00:00,113857000.0,114125000.0,113499000.0,113773000.0,217.73872723,24795698369.06209
2026-04-18 09:00:00,113741000.0,114399000.0,113700000.0,113800000.0,257.95111301,29423630841.94834
2026-04-18 13:00:00,113800000.0,114140000.0,113658000.0,113827000.0,160.20181517,18250413499.45925
2026-04-18 17:00:00,113827000.0,113904000.0,112000000.0,112401000.0,531.20979445,59920626689.74012
2026-04-18 21:00:00,112401000.0,113072000.0,112235000.0,112817000.0,234.48477251,26423839451.5681
2026-04-19 01:00:00,112817000.0,112817000.0,112000000.0,112208000.0,96.18325193,10803619681.62301
2026-04-19 05:00:00,112222000.0,112604000.0,112057000.0,112375000.0,86.74197656,9748982406.83251
2026-04-19 09:00:00,112417000.0,112600000.0,111900000.0,112056000.0,210.26453672,23584299133.28244
2026-04-19 13:00:00,112070000.0,112400000.0,111500000.0,111897000.0,184.39020273,20645465443.81057
2026-04-19 17:00:00,111897000.0,112399000.0,111300000.0,112397000.0,168.18564706,18786124867.62149
2026-04-19 21:00:00,112370000.0,113300000.0,112200000.0,112645000.0,257.48393607,29025805154.09655
2026-04-20 01:00:00,112646000.0,112741000.0,111224000.0,111700000.0,120.8863445,13509012142.30221
2026-04-20 05:00:00,111651000.0,111700000.0,110003000.0,110020000.0,388.1917357,42929742238.31852
2026-04-20 09:00:00,110040000.0,111385000.0,110000000.0,110842000.0,326.27376454,36100840011.59096
2026-04-20 13:00:00,110842000.0,112208000.0,110216000.0,111208000.0,225.01479654,24990087810.95397
2026-04-20 17:00:00,111243000.0,111892000.0,110998000.0,111640000.0,170.66962167,19021138906.54604
2026-04-20 21:00:00,111640000.0,112200000.0,110833000.0,112055000.0,291.66380379,32562248570.68256
2026-04-21 01:00:00,112055000.0,113070000.0,111459000.0,112811000.0,158.75485277,17842111004.74113
2026-04-21 05:00:00,112811000.0,113200000.0,112025000.0,112455000.0,149.67677281,16834270285.34484
2026-04-21 09:00:00,112455000.0,112910000.0,111700000.0,112023000.0,248.5183095,27901519434.89273
2026-04-21 13:00:00,112029000.0,112784000.0,111900000.0,112571000.0,210.32038291,23619315399.21233
2026-04-21 17:00:00,112572000.0,113500000.0,112499000.0,113017000.0,267.73273362,30274821770.57122
2026-04-21 21:00:00,113039000.0,113263000.0,111950000.0,112350000.0,342.61223669,38554464896.13144
2026-04-22 01:00:00,112382000.0,112870000.0,111450000.0,111883000.0,165.77791673,18585291395.0574
2026-04-22 05:00:00,111746000.0,113186000.0,111730000.0,113049000.0,191.99345848,21598859886.93965
2026-04-22 09:00:00,113049000.0,114840000.0,112779000.0,114704000.0,538.21249565,61302440315.62368
2026-04-22 13:00:00,114703000.0,115827000.0,114400000.0,115152000.0,521.78693903,60066886504.51418
2026-04-22 17:00:00,115182000.0,115810000.0,115058000.0,115764000.0,259.31198737,29923874806.87818
2026-04-22 21:00:00,115765000.0,117309000.0,115564000.0,117201000.0,679.17098141,79061813442.73808
2026-04-23 01:00:00,117201000.0,117471000.0,116351000.0,116688000.0,180.85425537,21118762078.39122
2026-04-23 05:00:00,116688000.0,116828000.0,115900000.0,115901000.0,241.93868286,28156328766.6001
2026-04-23 09:00:00,115909000.0,116597000.0,115220000.0,115488000.0,560.33298751,64912887361.75549
2026-04-23 13:00:00,115488000.0,116373000.0,115400000.0,115994000.0,208.95362089,24226882430.58519
2026-04-23 17:00:00,115994000.0,116183000.0,114869000.0,115546000.0,301.8286323,34815766298.19735
2026-04-23 21:00:00,115550000.0,116800000.0,115150000.0,116381000.0,285.0644061,33046875823.9447
2026-04-24 01:00:00,116461000.0,116549000.0,114750000.0,115747000.0,255.88420602,29584933950.40164
2026-04-24 05:00:00,115713000.0,116522000.0,115609000.0,116429000.0,149.169099,17333430446.19726
2026-04-24 09:00:00,116430000.0,116843000.0,115668000.0,115901000.0,295.02758741,34319404404.13725
2026-04-24 13:00:00,115922000.0,116166000.0,115552000.0,115728000.0,223.85378164,25935704324.74185
2026-04-24 17:00:00,115728000.0,116513000.0,115500000.0,116289000.0,241.13668165,27959350032.68139
2026-04-24 21:00:00,116289000.0,116537000.0,115700000.0,116065000.0,208.28088008,24192464431.14109
2026-04-25 01:00:00,116065000.0,116091000.0,115220000.0,115584000.0,159.65335005,18453374860.35709
2026-04-25 05:00:00,115584000.0,115650000.0,115140000.0,115463000.0,167.96165537,19381002864.3268
2026-04-25 09:00:00,115464000.0,115700000.0,115250000.0,115568000.0,132.55988407,15309076332.33878
2026-04-25 13:00:00,115568000.0,115632000.0,115268000.0,115435000.0,96.92967508,11190102828.50834
2026-04-25 17:00:00,115437000.0,115935000.0,115365000.0,115812000.0,93.37485467,10802364520.81278
2026-04-25 21:00:00,115812000.0,115929000.0,115381000.0,115395000.0,129.38324144,14976634025.62528
2026-04-26 01:00:00,115443000.0,115563000.0,115002000.0,115351000.0,106.39733993,12262401011.95996
2026-04-26 05:00:00,115351000.0,115702000.0,115325000.0,115696000.0,44.11266833,5099015959.23864
2026-04-26 09:00:00,115696000.0,115760000.0,115215000.0,115365000.0,104.60142693,12081863405.04834
2026-04-26 13:00:00,115363000.0,116289000.0,115274000.0,116094000.0,159.4580794,18488712237.85711
2026-04-26 17:00:00,116094000.0,116220000.0,115869000.0,116074000.0,82.83435456,9611168509.56269
2026-04-26 21:00:00,116074000.0,116100000.0,115668000.0,115947000.0,90.16431789,10449618262.98734
2026-04-27 01:00:00,115947000.0,116388000.0,115775000.0,116078000.0,59.75780863,6933015942.40128
2026-04-27 05:00:00,116066000.0,117151000.0,115775000.0,116655000.0,245.41414017,28578642095.7748
2026-04-27 09:00:00,116692000.0,117736000.0,116400000.0,117108000.0,396.93646014,46508214777.15424
2026-04-27 13:00:00,117109000.0,117118000.0,115313000.0,115496000.0,544.57856667,63125091797.67184
2026-04-27 17:00:00,115496000.0,115881000.0,115385000.0,115730000.0,169.45526585,19593300113.7971
2026-04-27 21:00:00,115730000.0,116200000.0,114378000.0,114592000.0,443.65346631,51105409498.14209
2026-04-28 01:00:00,114592000.0,114837000.0,114089000.0,114689000.0,207.52788019,23736798927.87624
2026-04-28 05:00:00,114689000.0,115406000.0,114600000.0,115338000.0,133.23856298,15313394410.34481
2026-04-28 09:00:00,115304000.0,115338000.0,114050000.0,114211000.0,243.86427432,27962940532.28199
2026-04-28 13:00:00,114211000.0,114561000.0,113561000.0,114177000.0,272.81530364,31113662987.01116
2026-04-28 17:00:00,114177000.0,114332000.0,113137000.0,113268000.0,237.60190697,27000234773.62216
2026-04-28 21:00:00,113281000.0,113636000.0,112648000.0,113151000.0,343.59972618,38876189702.56045
2026-04-29 01:00:00,113169000.0,113440000.0,112739000.0,113416000.0,64.39196071,7281982010.06751
2026-04-29 05:00:00,113317000.0,113697000.0,113290000.0,113437000.0,99.49936582,11294539340.91725
2026-04-29 09:00:00,113441000.0,114494000.0,113300000.0,114365000.0,232.40159187,26447243485.59293
2026-04-29 13:00:00,114366000.0,114903000.0,114128000.0,114351000.0,167.55284896,19190469869.85419
2026-04-29 17:00:00,114351000.0,115503000.0,114250000.0,115165000.0,207.07634088,23831300191.82849
2026-04-29 21:00:00,115140000.0,115165000.0,113065000.0,113367000.0,276.29478281,31527619422.49768
2026-04-30 01:00:00,113367000.0,113750000.0,112370000.0,113248000.0,229.61042983,25935636957.68449
2026-04-30 05:00:00,113248000.0,113943000.0,113172000.0,113406000.0,146.20945695,16612747804.41287
2026-04-30 09:00:00,113394000.0,113968000.0,112829000.0,113323000.0,238.23158454,27010288471.0435
2026-04-30 13:00:00,113323000.0,113595000.0,112500000.0,113501000.0,230.84963458,26072443685.09661
2026-04-30 17:00:00,113501000.0,113679000.0,112976000.0,113159000.0,172.40664935,19536547641.63803
2026-04-30 21:00:00,113189000.0,114081000.0,113159000.0,113861000.0,169.24417564,19243176064.3563
2026-05-01 01:00:00,113861000.0,113861000.0,113300000.0,113732000.0,48.18153155,5474187972.24247
2026-05-01 05:00:00,113732000.0,114000000.0,113561000.0,113810000.0,63.35865953,7209770312.59625
2026-05-01 09:00:00,113810000.0,114999000.0,113751000.0,114640000.0,186.6525594,21334036686.52618
2026-05-01 13:00:00,114651000.0,114783000.0,114300000.0,114691000.0,106.50922821,12205519987.88121
2026-05-01 17:00:00,114691000.0,115226000.0,114534000.0,115040000.0,137.43041707,15799726527.05179
2026-05-01 21:00:00,115118000.0,116777000.0,115040000.0,116174000.0,516.07630369,59884313980.08368
2026-05-02 01:00:00,116174000.0,116500000.0,115825000.0,116154000.0,87.46258155,10159562397.36256
2026-05-02 05:00:00,116160000.0,116265000.0,115399000.0,115947000.0,113.59000239,13157891278.94733
2026-05-02 09:00:00,115999000.0,116455000.0,115946000.0,116383000.0,167.03949707,19423810199.53047
2026-05-02 13:00:00,116383000.0,116474000.0,116000000.0,116190000.0,91.46454845,10628041277.47987
2026-05-02 17:00:00,116190000.0,116300000.0,115797000.0,115851000.0,87.39607782,10145618321.49177
2026-05-02 21:00:00,115858000.0,116340000.0,115851000.0,116334000.0,87.37304225,10150183463.60736
2026-05-03 01:00:00,116334000.0,116476000.0,116170000.0,116324000.0,42.97483924,5000373783.07605
2026-05-03 05:00:00,116324000.0,117000000.0,116216000.0,116561000.0,163.54634414,19083929152.01449
2026-05-03 09:00:00,116561000.0,116725000.0,116020000.0,116157000.0,158.71132272,18459339372.34806
2026-05-03 13:00:00,116159000.0,116476000.0,116006000.0,116319000.0,90.34915999,10500780860.6659
2026-05-03 17:00:00,116371000.0,116950000.0,116258000.0,116644000.0,151.54820598,17660732927.19537
2026-05-03 21:00:00,116644000.0,116904000.0,116530000.0,116597000.0,119.72332544,13974509502.76353
2026-05-04 01:00:00,116597000.0,116742000.0,116499000.0,116683000.0,44.27401606,5161281850.22469
2026-05-04 05:00:00,116692000.0,117338000.0,116475000.0,116590000.0,280.12828726,32761378306.87062
2026-05-04 09:00:00,116590000.0,118754000.0,116200000.0,118461000.0,668.157871,78700947611.67393
2026-05-04 13:00:00,118461000.0,118850000.0,117346000.0,117625000.0,346.93414689,40975400890.71768
2026-05-04 17:00:00,117625000.0,118100000.0,116058000.0,116798000.0,458.80314443,53664238245.8503
2026-05-04 21:00:00,116798000.0,118800000.0,116490000.0,118499000.0,539.67553407,63488407257.95167
2026-05-05 01:00:00,118447000.0,119427000.0,117900000.0,118614000.0,312.66062715,37131712544.15036
2026-05-05 05:00:00,118614000.0,119150000.0,118383000.0,118620000.0,212.8939279,25284799160.06027
2026-05-05 09:00:00,118620000.0,120000000.0,118523000.0,119947000.0,424.30029964,50679860906.16637
2026-05-05 13:00:00,119947000.0,120490000.0,119670000.0,119842000.0,400.66590924,48100121272.15772
2026-05-05 17:00:00,119842000.0,120017000.0,119289000.0,119901000.0,304.85714746,36474174162.49839
2026-05-05 21:00:00,119901000.0,120950000.0,119890000.0,120768000.0,519.66656359,62580948257.25014
2026-05-06 01:00:00,120768000.0,120838000.0,120145000.0,120663000.0,108.7918819,13116596124.55325
2026-05-06 05:00:00,120663000.0,120900000.0,119591000.0,119724000.0,326.23884696,39194210096.26284
2026-05-06 09:00:00,119742000.0,120014000.0,119102000.0,119973000.0,419.99461469,50249099856.35694
2026-05-06 13:00:00,119979000.0,120045000.0,119332000.0,119567000.0,264.68092034,31674917794.64572
2026-05-06 17:00:00,119569000.0,120845000.0,119550000.0,120625000.0,377.78902933,45407130218.60768
2026-05-06 21:00:00,120620000.0,120621000.0,119450000.0,120085000.0,403.79822151,48492033483.06573
2026-05-07 01:00:00,120085000.0,120227000.0,119438000.0,119688000.0,115.99194923,13888551780.79666
2026-05-07 05:00:00,119688000.0,119954000.0,119300000.0,119394000.0,208.54559503,24930139305.25226
2026-05-07 09:00:00,119394000.0,119438000.0,118760000.0,118790000.0,378.93579094,45099502477.72657
2026-05-07 13:00:00,118790000.0,119804000.0,118680000.0,119595000.0,260.88056494,31095062128.61439
2026-05-07 17:00:00,119595000.0,119690000.0,118600000.0,118841000.0,237.68935762,28283828226.94473
2026-05-07 21:00:00,118870000.0,119193000.0,117580000.0,117763000.0,419.78295737,49659090066.9111
2026-05-08 01:00:00,117763000.0,118261000.0,117220000.0,118098000.0,158.777162,18685368896.68952
2026-05-08 05:00:00,118116000.0,118460000.0,117439000.0,117896000.0,171.73151921,20236150149.52891
2026-05-08 09:00:00,117896000.0,118144000.0,117090000.0,117437000.0,244.79950383,28804091432.51092
2026-05-08 13:00:00,117437000.0,117852000.0,117327000.0,117851000.0,145.53692456,17115619928.22128
2026-05-08 17:00:00,117851000.0,118900000.0,117801000.0,118743000.0,192.5755507,22789307623.8298
2026-05-08 21:00:00,118743000.0,118990000.0,117814000.0,118328000.0,230.84277337,27306833965.21979
2026-05-09 01:00:00,118328000.0,118498000.0,117848000.0,118059000.0,110.9781838,13104107614.0416
2026-05-09 05:00:00,118065000.0,118423000.0,117998000.0,118150000.0,111.12854648,13135025221.25046
2026-05-09 09:00:00,118170000.0,118707000.0,118106000.0,118479000.0,137.65030244,16306291812.83503
2026-05-09 13:00:00,118479000.0,118750000.0,118106000.0,118139000.0,101.02063523,11959351033.83932
2026-05-09 17:00:00,118139000.0,118513000.0,118109000.0,118456000.0,75.09889626,8885123194.69928
2026-05-09 21:00:00,118477000.0,118868000.0,118383000.0,118802000.0,97.49426842,11561095486.94208
2026-05-10 01:00:00,118802000.0,119306000.0,118684000.0,119188000.0,68.09658218,8105985324.57168
2026-05-10 05:00:00,119188000.0,119194000.0,118899000.0,118954000.0,63.87120818,7599470004.35025
2026-05-10 09:00:00,118992000.0,119193000.0,118887000.0,119095000.0,120.13491543,14302631954.45475
2026-05-10 13:00:00,119095000.0,119162000.0,118897000.0,118988000.0,78.64408454,9358939614.14265
2026-05-10 17:00:00,118988000.0,119103000.0,118890000.0,118965000.0,98.76995035,11754413803.7081
2026-05-10 21:00:00,118965000.0,119637000.0,118874000.0,119619000.0,219.05012842,26108138555.99798
2026-05-11 01:00:00,119636000.0,119677000.0,118825000.0,119104000.0,136.82837368,16318959589.24711
2026-05-11 05:00:00,119173000.0,120570000.0,118000000.0,120433000.0,522.08941539,62425988317.85468
2026-05-11 09:00:00,120461000.0,120700000.0,118771000.0,119024000.0,450.68661628,53955339282.03622
2026-05-11 13:00:00,119024000.0,119328000.0,118904000.0,119002000.0,201.94511754,24052276722.90676
2026-05-11 17:00:00,119002000.0,119626000.0,118900000.0,119519000.0,162.01635046,19317219764.15395
2026-05-11 21:00:00,119520000.0,119750000.0,118739000.0,119749000.0,248.63038507,29673154937.8249
2026-05-12 01:00:00,119749000.0,120584000.0,119612000.0,120422000.0,193.24441979,23233174500.99102
2026-05-12 05:00:00,120422000.0,120548000.0,119940000.0,120095000.0,175.66332156,21113361582.34723
2026-05-12 09:00:00,120095000.0,120297000.0,119347000.0,119687000.0,339.77539048,40729600520.98226
2026-05-12 13:00:00,119691000.0,119990000.0,119577000.0,119606000.0,187.13465848,22408080419.89185
2026-05-12 17:00:00,119606000.0,119743000.0,119222000.0,119508000.0,164.45762009,19652528976.42871
2026-05-12 21:00:00,119511000.0,119900000.0,119000000.0,119121000.0,246.13064743,29396072281.97297
2026-05-13 01:00:00,119156000.0,119674000.0,118646000.0,119658000.0,129.78053778,15454063879.72432
2026-05-13 05:00:00,119658000.0,119702000.0,119201000.0,119202000.0,90.58991189,10819944186.16764
2026-05-13 09:00:00,119202000.0,120339000.0,119112000.0,120233000.0,292.18726306,35036128645.51994
2026-05-13 13:00:00,120233000.0,120247000.0,119606000.0,119771000.0,147.79793693,17726339555.0051
2026-05-13 17:00:00,119779000.0,120140000.0,119239000.0,119275000.0,189.38569318,22663748893.92072
2026-05-13 21:00:00,119281000.0,119413000.0,117400000.0,117404000.0,604.09683782,71539517763.18466
2026-05-14 01:00:00,117404000.0,118518000.0,117300000.0,118393000.0,138.53815185,16331697517.47254
2026-05-14 05:00:00,118393000.0,118600000.0,117820000.0,117854000.0,159.36668171,18822259073.89167
2026-05-14 09:00:00,117854000.0,118313000.0,117325000.0,117390000.0,260.84136754,30762005205.03589
2026-05-14 13:00:00,117390000.0,118656000.0,117339000.0,118345000.0,171.3490408,20247134503.56475
2026-05-14 17:00:00,118350000.0,118600000.0,117700000.0,117715000.0,139.26983479,16457914212.62136
2026-05-14 21:00:00,117713000.0,120200000.0,117699000.0,120151000.0,419.15716268,49945330729.74402
2026-05-15 01:00:00,120193000.0,121000000.0,119749000.0,120083000.0,422.56494329,50890663690.77419
2026-05-15 05:00:00,120120000.0,120479000.0,119719000.0,119848000.0,212.93444076,25572838617.73336
2026-05-15 09:00:00,119849000.0,121000000.0,119751000.0,119932000.0,347.68568242,41848704601.40264
2026-05-15 13:00:00,119933000.0,119935000.0,119073000.0,119700000.0,309.24780255,36948089215.92472
2026-05-15 17:00:00,119700000.0,119738000.0,119258000.0,119499000.0,119.01028441,14218245899.92536
2026-05-15 21:00:00,119500000.0,119592000.0,117093000.0,117851000.0,577.98817399,68149205602.74851
2026-05-16 01:00:00,117869000.0,118300000.0,117740000.0,117855000.0,81.53466303,9620485424.16969
2026-05-16 05:00:00,117943000.0,117963000.0,117601000.0,117780000.0,135.07808391,15913126218.95596
2026-05-16 09:00:00,117783000.0,118050000.0,117628000.0,117835000.0,120.10990631,14152831811.6851
2026-05-16 13:00:00,117831000.0,117831000.0,116700000.0,116872000.0,269.37331612,31560785894.53419
2026-05-16 17:00:00,116873000.0,116896000.0,115833000.0,116544000.0,411.20729631,47845821536.13814
2026-05-16 21:00:00,116535000.0,116706000.0,115952000.0,116695000.0,164.61718048,19138909835.72183
2026-05-17 01:00:00,116695000.0,116778000.0,116423000.0,116595000.0,43.14641796,5032450364.0663
2026-05-17 05:00:00,116594000.0,116793000.0,116594000.0,116697000.0,52.54387755,6133866919.3391
2026-05-17 09:00:00,116706000.0,116893000.0,116008000.0,116386000.0,125.99818467,14663541730.44482
2026-05-17 13:00:00,116388000.0,116785000.0,116344000.0,116547000.0,76.19985994,8881429951.69756
2026-05-17 17:00:00,116550000.0,117199000.0,116445000.0,117055000.0,104.56946751,12223755958.64277
2026-05-17 21:00:00,117055000.0,117162000.0,116154000.0,116272000.0,121.13060055,14125539406.61928
2026-05-18 01:00:00,116272000.0,116759000.0,116129000.0,116667000.0,43.85837441,5102222717.95632
2026-05-18 05:00:00,116670000.0,116753000.0,114953000.0,115494000.0,329.76775995,38127134342.97946
2026-05-18 09:00:00,115494000.0,115494000.0,114210000.0,114443000.0,546.73701194,62669615551.82621
2026-05-18 13:00:00,114443000.0,114655000.0,114017000.0,114515000.0,224.40896342,25657534166.57613
2026-05-18 17:00:00,114508000.0,114794000.0,113801000.0,114700000.0,282.3906341,32245592345.1293
2026-05-18 21:00:00,114751000.0,115600000.0,113305000.0,113762000.0,464.22766711,53102715122.60535
2026-05-19 01:00:00,113762000.0,114398000.0,113388000.0,114302000.0,81.01319738,9223793117.35276
2026-05-19 05:00:00,114303000.0,114687000.0,114095000.0,114328000.0,109.09268497,12482625370.31551
2026-05-19 09:00:00,114350000.0,114900000.0,113708000.0,114203000.0,211.733745,24193818604.09322
2026-05-19 13:00:00,114200000.0,115063000.0,114000000.0,115051000.0,125.82974292,14407630517.13611
2026-05-19 17:00:00,115052000.0,115062000.0,114225000.0,114307000.0,92.27328597,10572808825.25729
2026-05-19 21:00:00,114307000.0,114770000.0,113657000.0,114093000.0,149.44702749,17059475254.61888
2026-05-20 01:00:00,114116000.0,114762000.0,113930000.0,114463000.0,34.93167972,3997775794.86238
2026-05-20 05:00:00,114560000.0,114900000.0,114300000.0,114473000.0,80.70058775,9247917161.51934
2026-05-20 09:00:00,114473000.0,114486000.0,113900000.0,114000000.0,180.88458503,20645951741.95531
2026-05-20 13:00:00,113998000.0,114945000.0,113998000.0,114740000.0,147.12167114,16861224696.597
2026-05-20 17:00:00,114740000.0,115505000.0,114614000.0,115097000.0,154.95863554,17840098256.48064
2026-05-20 21:00:00,115097000.0,115612000.0,114536000.0,114897000.0,225.59126732,25976544752.41868
2026-05-21 01:00:00,114897000.0,115300000.0,114327000.0,115200000.0,72.10450718,8275361615.57169
2026-05-21 05:00:00,115236000.0,115345000.0,114802000.0,114949000.0,96.86521608,11143034479.08751
2026-05-21 09:00:00,114949000.0,115899000.0,114948000.0,115897000.0,190.7686113,22044686607.84189
2026-05-21 13:00:00,115897000.0,115935000.0,115205000.0,115660000.0,133.1270164,15385822986.10286
2026-05-21 17:00:00,115662000.0,116000000.0,114676000.0,114698000.0,179.15755073,20652285196.70002
2026-05-21 21:00:00,114698000.0,115085000.0,114215000.0,114703000.0,151.16123078,17329254923.34652
2026-05-22 01:00:00,114703000.0,115700000.0,114501000.0,115259000.0,68.59381028,7899508931.27653
2026-05-22 05:00:00,115259000.0,115424000.0,115026000.0,115159000.0,89.11179037,10265387586.25364
2026-05-22 09:00:00,115159000.0,115581000.0,114830000.0,115566000.0,138.92556162,16002869856.46422
2026-05-22 13:00:00,115567000.0,115651000.0,115132000.0,115345000.0,107.70642908,12427958253.40351
2026-05-22 17:00:00,115345000.0,115430000.0,115050000.0,115343000.0,96.65855761,11137813899.51313
2026-05-22 21:00:00,115356000.0,115538000.0,114414000.0,114670000.0,187.74507759,21566985921.33922
2026-05-23 01:00:00,114670000.0,115001000.0,113453000.0,113754000.0,178.73269671,20401485354.2495
2026-05-23 05:00:00,113753000.0,114072000.0,113186000.0,113350000.0,204.69038905,23259833189.20883
2026-05-23 09:00:00,113350000.0,113500000.0,112861000.0,113385000.0,302.29540997,34188598768.90905
2026-05-23 13:00:00,113385000.0,113450000.0,111944000.0,112067000.0,259.64330941,29234152084.13824
2026-05-23 17:00:00,112067000.0,112398000.0,111750000.0,112135000.0,290.14518421,32512524848.35766
2026-05-23 21:00:00,112135000.0,113395000.0,111863000.0,113176000.0,224.21312059,25234655930.18188
2026-05-24 01:00:00,113176000.0,113592000.0,112800000.0,113586000.0,71.97464853,8148790559.91626
2026-05-24 05:00:00,113586000.0,115500000.0,113565000.0,114869000.0,272.33302682,31221900240.42738
2026-05-24 09:00:00,114869000.0,115202000.0,114750000.0,114868000.0,133.96166146,15407042219.37773
2026-05-24 13:00:00,114897000.0,115050000.0,114564000.0,114813000.0,81.47696595,9354402838.39719
2026-05-24 17:00:00,114813000.0,115707000.0,114800000.0,115509000.0,117.74560266,13573914117.25917
2026-05-24 21:00:00,115509000.0,115546000.0,114000000.0,114290000.0,145.91184564,16739274023.14261
2026-05-25 01:00:00,114290000.0,114896000.0,114187000.0,114884000.0,33.52832206,3844059051.93135
2026-05-25 05:00:00,114896000.0,115471000.0,114081000.0,115381000.0,120.95446294,13898365069.83035
2026-05-25 09:00:00,115381000.0,115650000.0,115000000.0,115118000.0,133.68194865,15417783133.04557
2026-05-25 13:00:00,115118000.0,115700000.0,115066000.0,115376000.0,106.52892806,12294943208.74755
2026-05-25 17:00:00,115376000.0,115732000.0,115211000.0,115225000.0,89.71323006,10363787515.86126
2026-05-25 21:00:00,115226000.0,115732000.0,115144000.0,115530000.0,96.66447338,11152653866.11993
2026-05-26 01:00:00,115530000.0,115718000.0,115100000.0,115191000.0,37.72116264,4352945134.55046
2026-05-26 05:00:00,115157000.0,115306000.0,114675000.0,114891000.0,146.77198898,16870304037.22998
2026-05-26 09:00:00,114935000.0,114966000.0,113597000.0,113744000.0,329.8613055,37611882953.77425
2026-05-26 13:00:00,113745000.0,114125000.0,113612000.0,113710000.0,147.94302992,16847322471.87878
2026-05-26 17:00:00,113708000.0,114750000.0,113650000.0,114334000.0,153.74333746,17549101231.99888
2026-05-26 21:00:00,114332000.0,115250000.0,113272000.0,113612000.0,311.32677016,35541169259.53486
2026-05-27 01:00:00,113613000.0,113850000.0,112880000.0,113196000.0,107.19575453,12133512410.0771
2026-05-27 05:00:00,113196000.0,113358000.0,112420000.0,112425000.0,272.60949475,30725875877.1299
2026-05-27 09:00:00,112425000.0,112607000.0,111746000.0,111746000.0,392.40979687,44026724487.6371
2026-05-27 13:00:00,111746000.0,112221000.0,111100000.0,112215000.0,323.0876394,36044008680.03581
2026-05-27 17:00:00,112215000.0,112255000.0,111640000.0,111640000.0,148.03536793,16575232017.46796
2026-05-27 21:00:00,111641000.0,112148000.0,110114000.0,111000000.0,484.94115641,53799912918.69355
2026-05-28 01:00:00,111000000.0,111100000.0,110158000.0,110665000.0,88.67791586,9802390929.17068
2026-05-28 05:00:00,110665000.0,111187000.0,109248000.0,109549000.0,468.12424043,51463972461.23203
2026-05-28 09:00:00,109549000.0,110001000.0,107759000.0,107998000.0,625.31726009,68130795025.20408
2026-05-28 13:00:00,107914000.0,108607000.0,107175000.0,108607000.0,611.55894416,65861287487.33573
2026-05-28 17:00:00,108607000.0,108700000.0,108090000.0,108340000.0,185.96052656,20155421475.15811
2026-05-28 21:00:00,108340000.0,108675000.0,107314000.0,107645000.0,362.7841185,39151652020.09663
2026-05-29 01:00:00,107645000.0,108747000.0,107495000.0,108318000.0,106.43411062,11529054646.33411
2026-05-29 05:00:00,108318000.0,109200000.0,108083000.0,108465000.0,195.10013239,21208582437.55777
2026-05-29 09:00:00,108469000.0,108894000.0,107771000.0,107970000.0,304.73101221,33009052015.68221
2026-05-29 13:00:00,107970000.0,109018000.0,107771000.0,108624000.0,216.33128718,23460658251.85781
2026-05-29 17:00:00,108683000.0,109370000.0,108610000.0,108756000.0,172.01594612,18766301692.03762
2026-05-29 21:00:00,108756000.0,109700000.0,107484000.0,109210000.0,341.15035395,37033742152.05148
2026-05-30 01:00:00,109186000.0,109823000.0,108319000.0,108750000.0,112.94925312,12337186557.301
2026-05-30 05:00:00,108801000.0,109230000.0,108561000.0,108790000.0,86.33592383,9396066462.65513
2026-05-30 09:00:00,108790000.0,109411000.0,108725000.0,109025000.0,126.7166346,13824787363.63489
2026-05-30 13:00:00,109036000.0,109227000.0,108591000.0,108890000.0,103.83118553,11310854815.50146
2026-05-30 17:00:00,108890000.0,109144000.0,108825000.0,108993000.0,69.83772447,7610026360.22078
2026-05-30 21:00:00,108994000.0,109698000.0,108992000.0,109494000.0,88.06991479,9632467054.95697
2026-05-31 01:00:00,109494000.0,109698000.0,109401000.0,109605000.0,33.86924759,3709256549.10474
2026-05-31 05:00:00,109605000.0,109663000.0,109370000.0,109399000.0,51.81914595,5672246947.90748
2026-05-31 09:00:00,109399000.0,109900000.0,109394000.0,109820000.0,113.55973746,12456963277.90354
2026-05-31 13:00:00,109820000.0,109849000.0,109214000.0,109225000.0,87.92657661,9633268069.38719
2026-05-31 17:00:00,109229000.0,109428000.0,109197000.0,109259000.0,76.2873753,8337417004.29981
2026-05-31 21:00:00,109273000.0,109305000.0,108499000.0,108621000.0,156.71913149,17067478255.19346
2026-06-01 01:00:00,108663000.0,108800000.0,108300000.0,108512000.0,71.56719962,7765520669.57971
2026-06-01 05:00:00,108571000.0,109279000.0,108276000.0,108445000.0,132.99756228,14461894563.74823
2026-06-01 09:00:00,108445000.0,109030000.0,107890000.0,108398000.0,342.88959153,37179676876.62268
2026-06-01 13:00:00,108398000.0,108509000.0,106874000.0,106898000.0,422.00939619,45385960932.47116
2026-06-01 17:00:00,106898000.0,107280000.0,106191000.0,106301000.0,330.25685289,35248876029.08317
2026-06-01 21:00:00,106301000.0,106574000.0,104238000.0,104271000.0,960.36616886,101084743907.23972
2026-06-02 01:00:00,104271000.0,105408000.0,103751000.0,104900000.0,236.94072544,24765156470.47314
2026-06-02 05:00:00,104900000.0,105039000.0,103747000.0,104140000.0,463.52357625,48285318640.10343
2026-06-02 09:00:00,104140000.0,104140000.0,102000000.0,103499000.0,793.7035492,81854676019.55804
2026-06-02 13:00:00,103472000.0,103756000.0,102096000.0,102699000.0,364.61295775,37475703460.3945
2026-06-02 17:00:00,102699000.0,102699000.0,101498000.0,101695000.0,399.67494662,40709114222.78575
2026-06-02 21:00:00,101693000.0,101705000.0,98919000.0,99244000.0,1456.86941622,145793068566.3099
2026-06-03 01:00:00,99246000.0,100400000.0,98210000.0,99400000.0,428.23833635,42554018064.93407
2026-06-03 05:00:00,99400000.0,100400000.0,98110000.0,98760000.0,572.75430884,56711664011.72188
2026-06-03 09:00:00,98760000.0,99460000.0,97110000.0,97476000.0,829.5597945,81740785141.56593
2026-06-03 13:00:00,97476000.0,100073000.0,97471000.0,99668000.0,483.70034042,47956858939.81263
2026-06-03 17:00:00,99668000.0,99885000.0,98679000.0,99428000.0,264.50676245,26294974991.47292
2026-06-03 21:00:00,99428000.0,99526000.0,97881000.0,97888000.0,295.63214111,29216070088.9523
2026-06-04 01:00:00,97888000.0,98249000.0,97000000.0,97255000.0,223.47319739,21803789375.86913
2026-06-04 05:00:00,97255000.0,97600000.0,95015000.0,95032000.0,803.24951833,77309166255.11984
2026-06-04 09:00:00,95032000.0,96207000.0,91523000.0,95865000.0,1827.53133302,171468213883.81104
2026-06-04 13:00:00,95865000.0,96604000.0,94556000.0,94851000.0,471.87300542,45101735934.77167
2026-06-04 17:00:00,94851000.0,95317000.0,92866000.0,93432000.0,544.2545915,51069952502.33567
2026-06-04 21:00:00,93411000.0,96311000.0,93200000.0,95478000.0,467.14390278,44428518133.27975
2026-06-05 01:00:00,95477000.0,95604000.0,94000000.0,94946000.0,123.15975212,11684236791.38763
2026-06-05 05:00:00,94905000.0,95506000.0,94336000.0,95506000.0,225.05137008,21371698964.10239
2026-06-05 09:00:00,95506000.0,95506000.0,93501000.0,94100000.0,415.73089332,39283286009.84945
2026-06-05 13:00:00,94100000.0,95377000.0,92500000.0,94771000.0,684.00480854,64114063470.5147
2026-06-05 17:00:00,94771000.0,94999000.0,93265000.0,93304000.0,291.52770835,27425524107.59496
2026-06-05 21:00:00,93309000.0,94077000.0,91454000.0,91978000.0,854.25668609,78918956392.00552
2026-06-06 01:00:00,91952000.0,93520000.0,90500000.0,91774000.0,627.48373777,57555110239.7727
2026-06-06 05:00:00,91763000.0,94000000.0,91300000.0,93000000.0,371.1412951,34529164585.08161
2026-06-06 09:00:00,93000000.0,93600000.0,92133000.0,92351000.0,266.23192799,24717771678.72316
2026-06-06 13:00:00,92351000.0,93048000.0,90895000.0,92576000.0,464.81747401,42740664383.11286
2026-06-06 17:00:00,92576000.0,93275000.0,91639000.0,92451000.0,208.29869664,19283733032.90398
2026-06-06 21:00:00,92451000.0,92901000.0,91847000.0,92394000.0,149.60490854,13829653868.11261
2026-06-07 01:00:00,92350000.0,92568000.0,91807000.0,92106000.0,55.89840735,5149305386.54278
2026-06-07 05:00:00,92106000.0,92629000.0,91929000.0,92560000.0,86.18660737,7951964655.33585
2026-06-07 09:00:00,92560000.0,93803000.0,92353000.0,93800000.0,307.73506615,28689148037.20397
2026-06-07 13:00:00,93800000.0,94970000.0,93516000.0,94939000.0,319.60438569,30109619627.54905
2026-06-07 17:00:00,94934000.0,95750000.0,94610000.0,95185000.0,397.55736754,37834131398.62423
2026-06-07 21:00:00,95185000.0,95205000.0,93531000.0,94158000.0,314.37083577,29551017730.1716
2026-06-08 01:00:00,94158000.0,94489000.0,93000000.0,93162000.0,114.32497763,10710120720.22045
2026-06-08 05:00:00,93162000.0,97000000.0,93036000.0,95430000.0,439.24801175,41844364781.59935
2026-06-08 09:00:00,95502000.0,96400000.0,94720000.0,95313000.0,413.76693443,39535354341.58295
2026-06-08 13:00:00,95310000.0,95355000.0,94000000.0,95001000.0,227.90574246,21562658292.50217
2026-06-08 17:00:00,95012000.0,95682000.0,94614000.0,95106000.0,167.25412846,15897749674.95077
2026-06-08 21:00:00,95157000.0,96000000.0,94116000.0,95452000.0,306.07273587,29176002673.54165
2026-06-09 01:00:00,95462000.0,95820000.0,94704000.0,94721000.0,84.14495472,8000228623.93396
2026-06-09 05:00:00,94733000.0,95468000.0,94500000.0,94730000.0,163.72333518,15540080472.99417
2026-06-09 09:00:00,94735000.0,94857000.0,93713000.0,94291000.0,267.40532458,25172557217.92423
2026-06-09 13:00:00,94291000.0,94980000.0,94050000.0,94450000.0,161.25382708,15246707602.40071
2026-06-09 17:00:00,94450000.0,94459000.0,93700000.0,93962000.0,135.93099502,12767040537.78868
2026-06-09 21:00:00,93962000.0,94238000.0,91962000.0,92129000.0,477.87794091,44350429404.36303
2026-06-10 01:00:00,92088000.0,93175000.0,91700000.0,93168000.0,168.1780237,15527568819.53003
2026-06-10 05:00:00,93168000.0,93390000.0,92311000.0,92555000.0,123.19884846,11420983527.72435
2026-06-10 09:00:00,92555000.0,92803000.0,91988000.0,92255000.0,224.20021658,20701142238.67912
2026-06-10 13:00:00,92254000.0,92800000.0,91659000.0,92598000.0,212.28311222,19539074568.20195
2026-06-10 17:00:00,92597000.0,92634000.0,91500000.0,91891000.0,189.96285315,17479438261.60373
2026-06-10 21:00:00,91876000.0,94470000.0,91814000.0,94159000.0,372.56725877,34689147034.10872
2026-06-11 01:00:00,94159000.0,94160000.0,92845000.0,93366000.0,84.56337131,7901357767.71368
2026-06-11 05:00:00,93384000.0,93398000.0,92060000.0,92601000.0,173.70352146,16078787458.32647
2026-06-11 09:00:00,92560000.0,94294000.0,92558000.0,94108000.0,195.82467278,18297326597.45903
2026-06-11 13:00:00,94143000.0,94597000.0,93910000.0,94329000.0,160.76484147,15149644619.28746
2026-06-11 17:00:00,94401000.0,95130000.0,94329000.0,94933000.0,157.38535665,14919029380.6747
2026-06-11 21:00:00,94933000.0,95100000.0,94102000.0,94396000.0,165.19508762,15630101186.27337
2026-06-12 01:00:00,94396000.0,95800000.0,93950000.0,95432000.0,176.38713597,16793856009.89867
2026-06-12 05:00:00,95495000.0,95777000.0,94908000.0,95623000.0,179.67948426,17138143703.3616
2026-06-12 09:00:00,95623000.0,95934000.0,95106000.0,95343000.0,199.69285151,19078992725.42413
2026-06-12 13:00:00,95343000.0,95867000.0,94598000.0,94950000.0,149.71808118,14258475574.71947
2026-06-12 17:00:00,94950000.0,96200000.0,94923000.0,96108000.0,195.63296555,18741146584.1417
2026-06-12 21:00:00,96108000.0,96947000.0,95170000.0,95845000.0,241.04915009,23157787987.68471
2026-06-13 01:00:00,95899000.0,96640000.0,95831000.0,96000000.0,81.03200831,7798931462.50192
2026-06-13 05:00:00,96027000.0,96174000.0,95625000.0,96029000.0,66.87043774,6412150616.14291
2026-06-13 09:00:00,96029000.0,96350000.0,95801000.0,95894000.0,118.16080517,11352165187.73512
2026-06-13 13:00:00,95894000.0,96350000.0,95821000.0,96270000.0,79.74356683,7662563781.72701
2026-06-13 17:00:00,96267000.0,96543000.0,96161000.0,96521000.0,100.14517237,9647440045.843
2026-06-13 21:00:00,96521000.0,97096000.0,96464000.0,96997000.0,191.00889082,18499420759.00674
2026-06-14 01:00:00,96976000.0,97036000.0,96500000.0,97025000.0,54.0412684,5226526450.1202
2026-06-14 05:00:00,97000000.0,97713000.0,96966000.0,97475000.0,145.08539673,14132087213.31534
2026-06-14 09:00:00,97476000.0,97920000.0,97400000.0,97701000.0,175.622173,17163652091.75597
2026-06-14 13:00:00,97701000.0,97721000.0,97050000.0,97350000.0,118.4454412,11520594022.97814
2026-06-14 17:00:00,97350000.0,97801000.0,97186000.0,97639000.0,114.51354788,11174257852.67287
2026-06-14 21:00:00,97639000.0,97670000.0,96350000.0,96628000.0,165.19366593,16007865855.4111
2026-06-15 01:00:00,96600000.0,96763000.0,96060000.0,96261000.0,65.02001551,6263926771.85433
2026-06-15 05:00:00,96242000.0,99265000.0,96168000.0,99190000.0,594.71765758,58533962001.52174
2026-06-15 09:00:00,99200000.0,99265000.0,98000000.0,98866000.0,332.27818227,32742972488.59549
2026-06-15 13:00:00,98867000.0,98958000.0,98500000.0,98626000.0,148.54277392,14664684530.10834
2026-06-15 17:00:00,98601000.0,99548000.0,98217000.0,99469000.0,231.96950971,22958152832.22807
2026-06-15 21:00:00,99469000.0,100950000.0,99379000.0,100950000.0,593.07535583,59403385870.23283
2026-06-16 01:00:00,100946000.0,100992000.0,99770000.0,100003000.0,148.27576835,14887544597.33224
2026-06-16 05:00:00,100033000.0,100145000.0,99010000.0,99588000.0,243.46906757,24223497475.91193
2026-06-16 09:00:00,99576000.0,99946000.0,98500000.0,99398000.0,284.00466331,28215382173.30586
2026-06-16 13:00:00,99370000.0,99995000.0,98795000.0,99723000.0,147.80616811,14698841540.52484
2026-06-16 17:00:00,99723000.0,100639000.0,99600000.0,99859000.0,173.3251654,17346323551.05901
2026-06-16 21:00:00,99861000.0,100251000.0,98225000.0,98991000.0,268.2712612,26598829747.82495
2026-06-17 01:00:00,98981000.0,99450000.0,98500000.0,98598000.0,59.23867221,5854275906.31413
2026-06-17 05:00:00,98570000.0,99069000.0,98489000.0,98645000.0,76.39628376,7547153320.07179
2026-06-17 09:00:00,98624000.0,99333000.0,98500000.0,98969000.0,145.9875888,14438284491.58992
2026-06-17 13:00:00,98988000.0,99250000.0,98209000.0,98472000.0,126.94948653,12536693815.76702
2026-06-17 17:00:00,98471000.0,98516000.0,97000000.0,97503000.0,293.84521699,28673969347.57649
2026-06-17 21:00:00,97480000.0,98850000.0,97160000.0,98642000.0,196.98081231,19277767107.71032
2026-06-18 01:00:00,98643000.0,99633000.0,96650000.0,97001000.0,228.15698349,22393944712.12785
2026-06-18 05:00:00,96974000.0,97300000.0,96511000.0,97219000.0,204.69236926,19848903179.64851
2026-06-18 09:00:00,97277000.0,97542000.0,96654000.0,96694000.0,177.96482942,17303651599.99416
2026-06-18 13:00:00,96654000.0,97025000.0,95732000.0,97018000.0,314.37595247,30238709558.27962
2026-06-18 17:00:00,96998000.0,97200000.0,96397000.0,96559000.0,127.24224107,12316837665.2601
2026-06-18 21:00:00,96574000.0,97222000.0,94403000.0,94554000.0,333.35226897,31928474647.36729
2026-06-19 01:00:00,94504000.0,95300000.0,94323000.0,95213000.0,147.00396217,13947719164.55709
2026-06-19 05:00:00,95284000.0,95627000.0,94746000.0,94988000.0,182.54029442,17348890190.37476
2026-06-19 09:00:00,94988000.0,95302000.0,94300000.0,94692000.0,249.42613995,23672109486.63936
2026-06-19 13:00:00,94680000.0,94836000.0,94040000.0,94409000.0,235.56642827,22247881722.08227
2026-06-19 17:00:00,94409000.0,94732000.0,94046000.0,94596000.0,114.11338974,10767533349.05954
2026-06-19 21:00:00,94596000.0,95781000.0,94216000.0,95400000.0,188.47256275,17940013430.32265
2026-06-20 01:00:00,95422000.0,95658000.0,94980000.0,95213000.0,39.25780486,3739435422.819
2026-06-20 05:00:00,95220000.0,96199000.0,95121000.0,96102000.0,65.56589398,6269860201.36704
2026-06-20 09:00:00,96074000.0,96405000.0,95850000.0,96086000.0,123.57014208,11870284487.9429
2026-06-20 13:00:00,96086000.0,96584000.0,96007000.0,96370000.0,92.65274044,8929231180.08834
2026-06-20 17:00:00,96370000.0,96513000.0,95925000.0,96446000.0,78.54350505,7558607751.82276
2026-06-20 21:00:00,96421000.0,97220000.0,95600000.0,96879000.0,154.7825147,14916070499.9139
2026-06-21 01:00:00,96880000.0,96880000.0,96400000.0,96700000.0,39.5278132,3820368438.83883
2026-06-21 05:00:00,96700000.0,97332000.0,96573000.0,97291000.0,71.88617607,6973664193.98267
2026-06-21 09:00:00,97261000.0,97500000.0,97118000.0,97461000.0,100.82022665,9807273987.49148
2026-06-21 13:00:00,97461000.0,97593000.0,96905000.0,96940000.0,81.70282583,7942921857.73329
2026-06-21 17:00:00,96989000.0,97243000.0,96498000.0,96859000.0,98.39165857,9529020037.60907
2026-06-21 21:00:00,96895000.0,97049000.0,96550000.0,96674000.0,77.80484502,7528096576.53139
2026-06-22 01:00:00,96675000.0,96864000.0,96460000.0,96700000.0,50.83356286,4913087203.78418
2026-06-22 05:00:00,96759000.0,96774000.0,95300000.0,95395000.0,177.9405288,17069580099.11684
2026-06-22 09:00:00,95395000.0,97400000.0,95300000.0,96458000.0,253.38014534,24494771889.47424
2026-06-22 13:00:00,96457000.0,97055000.0,96320000.0,96825000.0,135.2981451,13080228009.6484
2026-06-22 17:00:00,96817000.0,97488000.0,96559000.0,97369000.0,117.21473779,11361971326.79168
2026-06-22 21:00:00,97366000.0,98625000.0,97290000.0,97646000.0,314.74646922,30845450216.05694
2026-06-23 01:00:00,97647000.0,97724000.0,96980000.0,97275000.0,63.95367236,6226079493.8973
2026-06-23 05:00:00,97228000.0,97536000.0,96470000.0,96640000.0,120.86647014,11706283354.28645
2026-06-23 09:00:00,96640000.0,97000000.0,96154000.0,96281000.0,220.57397278,21298722612.7487
2026-06-23 13:00:00,96281000.0,96350000.0,94210000.0,94800000.0,366.66938308,34899343097.46636
2026-06-23 17:00:00,94768000.0,94851000.0,93569000.0,94461000.0,327.88735035,30855092698.5216
2026-06-23 21:00:00,94461000.0,94851000.0,93600000.0,94289000.0,178.21680695,16783966385.79776
2026-06-24 01:00:00,94317000.0,94800000.0,93863000.0,94227000.0,55.18424561,5202264777.29455
2026-06-24 05:00:00,94170000.0,94784000.0,94170000.0,94490000.0,105.13625041,9925499301.0397
2026-06-24 09:00:00,94490000.0,94998000.0,94000000.0,94473000.0,173.41719403,16402719332.30223
2026-06-24 13:00:00,94400000.0,95000000.0,94185000.0,94596000.0,106.17314052,10040311447.18939
2026-06-24 17:00:00,94595000.0,95448000.0,94300000.0,95049000.0,106.38269942,10079290951.02951
2026-06-24 21:00:00,95049000.0,95200000.0,91710000.0,91744000.0,732.3891583,68040664206.35743
2026-06-25 01:00:00,91744000.0,92260000.0,90500000.0,91600000.0,656.27178076,59865292402.95015
2026-06-25 05:00:00,91600000.0,93177000.0,91479000.0,92583000.0,323.57030815,29946548693.17819
2026-06-25 09:00:00,92583000.0,92850000.0,92149000.0,92300000.0,239.99937859,22178870226.53549
2026-06-25 13:00:00,92300000.0,93699000.0,92251000.0,93640000.0,207.89996758,19365780670.16463
2026-06-25 17:00:00,93630000.0,93641000.0,92317000.0,92855000.0,146.44590081,13618708182.87664
2026-06-25 21:00:00,92850000.0,93435000.0,89390000.0,90779000.0,1427.37425492,129224675485.10634
2026-06-26 01:00:00,90785000.0,91377000.0,90072000.0,90300000.0,168.11442128,15222085005.39207
2026-06-26 05:00:00,90257000.0,91499000.0,90257000.0,90890000.0,223.41326234,20309314123.51988
2026-06-26 09:00:00,90899000.0,91234000.0,89000000.0,91060000.0,823.416685,73923308502.96246
2026-06-26 13:00:00,91054000.0,92000000.0,90451000.0,91739000.0,328.28653541,29918608593.33493
2026-06-26 17:00:00,91709000.0,91779000.0,89979000.0,90197000.0,196.22498634,17780656230.48763
2026-06-26 21:00:00,90174000.0,91600000.0,89100000.0,91330000.0,397.12365991,35864833073.15859
2026-06-27 01:00:00,91264000.0,91700000.0,90195000.0,90420000.0,87.66912912,7969326997.98201
2026-06-27 05:00:00,90420000.0,91170000.0,90200000.0,91165000.0,74.74620767,6784107308.16955
2026-06-27 09:00:00,91165000.0,91569000.0,90777000.0,91530000.0,126.79558175,11564860638.48669
2026-06-27 13:00:00,91461000.0,91830000.0,91173000.0,91828000.0,111.88038127,10247163099.19699
2026-06-27 17:00:00,91828000.0,91872000.0,91326000.0,91572000.0,71.47777328,6549532698.63747
2026-06-27 21:00:00,91570000.0,92300000.0,91371000.0,92122000.0,99.37767065,9130288950.94244
2026-06-28 01:00:00,92122000.0,92182000.0,91206000.0,91337000.0,58.93865905,5403763016.04015
2026-06-28 05:00:00,91338000.0,91858000.0,91000000.0,91144000.0,80.05635521,7309882589.15057
2026-06-28 09:00:00,91130000.0,91555000.0,91047000.0,91362000.0,63.48130008,5794421750.87446
2026-06-28 13:00:00,91308000.0,91390000.0,90756000.0,91291000.0,82.71283812,7531186548.75977
2026-06-28 17:00:00,91291000.0,91700000.0,91042000.0,91366000.0,65.70171532,6003589104.6537
2026-06-28 21:00:00,91412000.0,91549000.0,90630000.0,90643000.0,84.15867203,7664754772.58367
2026-06-29 01:00:00,90642000.0,90725000.0,90000000.0,90247000.0,98.23745575,8881604217.2133
2026-06-29 05:00:00,90247000.0,90771000.0,89550000.0,90224000.0,229.7418259,20701673467.89959
2026-06-29 09:00:00,90240000.0,91120000.0,89454000.0,90915000.0,374.6625095,33800399296.84729
2026-06-29 13:00:00,90915000.0,91300000.0,90098000.0,90944000.0,152.12573519,13819022151.72316
2026-06-29 17:00:00,90944000.0,91300000.0,90586000.0,90858000.0,113.44879284,10316895593.19475
2026-06-29 21:00:00,90854000.0,91960000.0,89700000.0,90700000.0,366.9482434,33263610613.77695
2026-06-30 01:00:00,90700000.0,91795000.0,90381000.0,91422000.0,89.01996527,8125581978.15841
2026-06-30 05:00:00,91350000.0,91541000.0,91059000.0,91106000.0,104.26032543,9515602927.69224
2026-06-30 09:00:00,91135000.0,91187000.0,90476000.0,90512000.0,157.12788959,14265354206.01563
2026-06-30 13:00:00,90509000.0,90616000.0,90200000.0,90405000.0,130.8354984,11826461480.31807
2026-06-30 17:00:00,90404000.0,90434000.0,90060000.0,90135000.0,130.30964501,11759380917.26857
2026-06-30 21:00:00,90137000.0,90216000.0,89000000.0,89016000.0,569.7139977,50998076296.96826
2026-07-01 01:00:00,89016000.0,89648000.0,89005000.0,89594000.0,85.18176128,7601915285.89475
2026-07-01 05:00:00,89594000.0,89727000.0,89165000.0,89290000.0,144.06959411,12874975402.20015
2026-07-01 09:00:00,89348000.0,90250000.0,88770000.0,90095000.0,462.77698457,41362752838.38608
2026-07-01 13:00:00,90095000.0,90396000.0,89155000.0,89584000.0,179.30417164,16090531718.26699
2026-07-01 17:00:00,89575000.0,89955000.0,89230000.0,89397000.0,104.37916871,9349619628.67838
2026-07-01 21:00:00,89397000.0,91770000.0,89076000.0,91188000.0,435.56575657,39409945414.70722
2026-07-02 01:00:00,91239000.0,91500000.0,90700000.0,91087000.0,99.86487769,9108451614.29014
2026-07-02 05:00:00,91052000.0,92890000.0,90800000.0,91116000.0,298.70712594,27415197588.41516
2026-07-02 09:00:00,91163000.0,92543000.0,90500000.0,92425000.0,273.30366629,24937506033.73895
2026-07-02 13:00:00,92424000.0,92425000.0,91056000.0,91121000.0,188.60138345,17306361339.63676
2026-07-02 17:00:00,91117000.0,92823000.0,91111000.0,92770000.0,241.72414723,22320471872.61496
2026-07-02 21:00:00,92767000.0,93835000.0,92429000.0,92912000.0,408.44489687,38043182746.56386
2026-07-03 01:00:00,92919000.0,93465000.0,92381000.0,92704000.0,77.77353385,7228221100.00864
2026-07-03 05:00:00,92703000.0,93100000.0,92601000.0,92950000.0,84.3762889,7831269165.73074
2026-07-03 09:00:00,92950000.0,93242000.0,92430000.0,92800000.0,178.12855245,16531225527.06621
2026-07-03 13:00:00,92790000.0,93360000.0,92714000.0,93080000.0,140.71932885,13090183082.92821
2026-07-03 17:00:00,93080000.0,93600000.0,92739000.0,93578000.0,132.05685661,12306472551.84369
2026-07-03 21:00:00,93545000.0,93970000.0,93029000.0,93301000.0,189.16807643,17690941020.19181
2026-07-04 01:00:00,93301000.0,93800000.0,93300000.0,93674000.0,40.02166462,3747205531.02783
2026-07-04 05:00:00,93644000.0,94850000.0,93616000.0,94387000.0,201.12194571,18974958622.20389
2026-07-04 09:00:00,94392000.0,94850000.0,94108000.0,94556000.0,168.47837547,15916162702.95175
2026-07-04 13:00:00,94556000.0,94700000.0,94180000.0,94560000.0,93.8329027,8865031813.36081
2026-07-04 17:00:00,94500000.0,94562000.0,94237000.0,94379000.0,65.96945869,6227064599.81487
2026-07-04 21:00:00,94380000.0,95000000.0,94379000.0,94940000.0,112.96961705,10696297912.2929
2026-07-05 01:00:00,94940000.0,95590000.0,94700000.0,95486000.0,92.25276128,8777554581.63666
2026-07-05 05:00:00,95486000.0,95700000.0,94905000.0,95242000.0,100.72063411,9603744181.98707
2026-07-05 09:00:00,95265000.0,95266000.0,94254000.0,94598000.0,138.69563445,13136660625.26462
2026-07-05 13:00:00,94598000.0,95055000.0,94529000.0,95054000.0,65.16947095,6171974862.03711
2026-07-05 17:00:00,95055000.0,95135000.0,94343000.0,94527000.0,76.34483176,7231007727.35393
2026-07-05 21:00:00,94527000.0,94734000.0,94387000.0,94489000.0,83.64837123,7907261956.63388
2026-07-06 01:00:00,94488000.0,94499000.0,94255000.0,94256000.0,15.01285052,1416366356.10067
2026-07-06 05:00:00,94256000.0,96100000.0,94255000.0,95672000.0,225.61332045,21543699939.07882
2026-07-06 09:00:00,95673000.0,96150000.0,95000000.0,95264000.0,197.6492038,18904384665.26507
2026-07-06 13:00:00,95264000.0,95500000.0,94700000.0,95054000.0,120.00939966,11407703693.43318
2026-07-06 17:00:00,95030000.0,95218000.0,94000000.0,94111000.0,143.11530177,13538684992.54498
2026-07-06 21:00:00,94111000.0,95555000.0,92513000.0,95525000.0,465.43825886,43510756473.23292
2026-07-07 01:00:00,95525000.0,96100000.0,95214000.0,95689000.0,154.39456586,14773800591.63736
2026-07-07 05:00:00,95652000.0,97000000.0,95391000.0,96040000.0,233.06522122,22465721710.82893
2026-07-07 09:00:00,96110000.0,96512000.0,94600000.0,94689000.0,253.79278436,24262178381.25829
2026-07-07 13:00:00,94689000.0,95329000.0,94149000.0,94760000.0,224.01429103,21206416200.23063
2026-07-07 17:00:00,94760000.0,95237000.0,94550000.0,94926000.0,114.07758816,10813692593.10833
2026-07-07 21:00:00,94954000.0,95870000.0,94101000.0,95596000.0,243.72891914,23147731275.26825
2026-07-08 01:00:00,95623000.0,96000000.0,94868000.0,95530000.0,68.67823409,6560851137.57485
2026-07-08 05:00:00,95530000.0,95629000.0,94753000.0,94922000.0,97.09635853,9240601165.76394
2026-07-08 09:00:00,94950000.0,95444000.0,93750000.0,93939000.0,198.04378507,18719213646.92226
2026-07-08 13:00:00,93939000.0,94053000.0,93135000.0,93772000.0,203.01598686,18996768633.75444
2026-07-08 17:00:00,93772000.0,93800000.0,92320000.0,93075000.0,292.67470764,27157391048.50751
2026-07-08 21:00:00,93075000.0,93186000.0,92144000.0,92386000.0,202.14807796,18700703477.58606
2026-07-09 01:00:00,92386000.0,93293000.0,92337000.0,93046000.0,70.37114698,6537848645.14726
2026-07-09 05:00:00,93028000.0,93209000.0,92485000.0,92917000.0,76.86572141,7142610160.3501
2026-07-09 09:00:00,92917000.0,93317000.0,92145000.0,92417000.0,164.1749394,15201021750.97712
2026-07-09 13:00:00,92417000.0,94429000.0,92417000.0,94048000.0,169.4056368,15830977130.48129
2026-07-09 17:00:00,94047000.0,94237000.0,93530000.0,93712000.0,111.51871004,10470703463.54388
2026-07-09 21:00:00,93722000.0,94523000.0,93401000.0,94041000.0,133.36473402,12538137580.7895
2026-07-10 01:00:00,94026000.0,94750000.0,93549000.0,94392000.0,57.62497911,5433340457.26187
2026-07-10 05:00:00,94392000.0,94672000.0,94076000.0,94317000.0,69.54291661,6566054384.21436
2026-07-10 09:00:00,94317000.0,95479000.0,93932000.0,95367000.0,216.10345577,20510170433.2722
2026-07-10 13:00:00,95359000.0,95721000.0,95104000.0,95377000.0,147.50599869,14078122733.33978
2026-07-10 17:00:00,95363000.0,96123000.0,95349000.0,95976000.0,146.19788326,14012152394.21057
2026-07-10 21:00:00,95965000.0,96300000.0,95219000.0,95395000.0,180.78099545,17313029643.21494
2026-07-11 01:00:00,95386000.0,95646000.0,95014000.0,95302000.0,44.50836497,4242771235.67853
2026-07-11 05:00:00,95234000.0,95737000.0,94950000.0,95718000.0,59.57408765,5679114478.34703
2026-07-11 09:00:00,95718000.0,95780000.0,95449000.0,95671000.0,70.89723209,6778363640.53067
2026-07-11 13:00:00,95671000.0,95815000.0,95591000.0,95686000.0,38.13026178,3649559170.07129
2026-07-11 17:00:00,95686000.0,95898000.0,95538000.0,95680000.0,54.14872932,5182369313.84613
2026-07-11 21:00:00,95680000.0,96154000.0,95331000.0,95640000.0,93.35668413,8944110988.69053
2026-07-12 01:00:00,95635000.0,95999000.0,95477000.0,95800000.0,22.82565381,2184940714.22965
2026-07-12 05:00:00,95779000.0,96000000.0,95200000.0,95226000.0,57.85055477,5529892481.11834
2026-07-12 09:00:00,95266000.0,95793000.0,95133000.0,95767000.0,100.04410771,9548293743.0523
2026-07-12 13:00:00,95762000.0,95823000.0,95134000.0,95419000.0,77.05157407,7350995885.09323
2026-07-12 17:00:00,95401000.0,95640000.0,95267000.0,95518000.0,48.85912881,4662139230.80689
2026-07-12 21:00:00,95518000.0,95775000.0,95350000.0,95627000.0,61.13774865,5840962569.41542
2026-07-13 01:00:00,95599000.0,95746000.0,95414000.0,95744000.0,18.37972528,1756747594.34704
2026-07-13 05:00:00,95743000.0,95746000.0,95001000.0,95003000.0,84.79587157,8074758468.17267
2026-07-13 09:00:00,95087000.0,95950000.0,93600000.0,93607000.0,354.28354261,33519337646.95859
2026-07-13 13:00:00,93605000.0,93650000.0,93070000.0,93500000.0,240.03282946,22419206753.54226
2026-07-13 17:00:00,93500000.0,93825000.0,93130000.0,93199000.0,103.34487123,9657695685.17607
2026-07-13 21:00:00,93199000.0,93360000.0,92238000.0,92953000.0,248.81532591,23092120750.26559
2026-07-14 01:00:00,92906000.0,92953000.0,92102000.0,92650000.0,118.87776675,10989802193.00528
2026-07-14 05:00:00,92646000.0,92711000.0,92092000.0,92347000.0,144.0190298,13296946040.40784
2026-07-14 09:00:00,92347000.0,92755000.0,92067000.0,92269000.0,193.15626697,17844098854.25333
2026-07-14 13:00:00,92250000.0,92698000.0,92183000.0,92401000.0,102.60884222,9489071779.057
2026-07-14 17:00:00,92401000.0,93071000.0,92341000.0,92952000.0,96.67209685,8961992004.60486
2026-07-14 21:00:00,92951000.0,95578000.0,92834000.0,95400000.0,433.2138052,40821522277.26418
2026-07-15 01:00:00,95400000.0,95550000.0,94632000.0,94909000.0,105.72609254,10057560293.56677
2026-07-15 05:00:00,94921000.0,95637000.0,94744000.0,95464000.0,160.0125552,15244428603.97292
2026-07-15 09:00:00,95436000.0,95600000.0,94830000.0,95333000.0,151.9849786,14464237070.7818
2026-07-15 13:00:00,95340000.0,95998000.0,94994000.0,95153000.0,159.44250535,15214833375.85721
2026-07-15 17:00:00,95147000.0,95625000.0,95134000.0,95316000.0,72.5097661,6914551825.97545
2026-07-15 21:00:00,95316000.0,96435000.0,95202000.0,96230000.0,314.2834214,30168011961.9816
2026-07-16 01:00:00,96201000.0,96276000.0,95260000.0,95594000.0,62.4844127,5979102855.11367
2026-07-16 05:00:00,95594000.0,95594000.0,95010000.0,95130000.0,86.87879076,8281493616.85349
2026-07-16 09:00:00,95159000.0,95241000.0,94500000.0,94750000.0,154.77231679,14678984641.49997
2026-07-16 13:00:00,94738000.0,95333000.0,94140000.0,94380000.0,132.6652502,12576408978.42316
2026-07-16 17:00:00,94378000.0,94567000.0,93987000.0,94300000.0,135.46850589,12757329017.52123
2026-07-16 21:00:00,94299000.0,95283000.0,93899000.0,94971000.0,150.4862335,14222439138.40827
2026-07-17 01:00:00,94980000.0,95063000.0,94095000.0,94553000.0,46.37648199,4383531114.54128
2026-07-17 05:00:00,94553000.0,94570000.0,93899000.0,93949000.0,59.61907718,5612118314.00201
2026-07-17 09:00:00,93949000.0,94270000.0,93393000.0,93621000.0,128.05547229,12009783181.48197
2026-07-17 13:00:00,93606000.0,93639000.0,92579000.0,92820000.0,217.3627724,20212843843.16761
2026-07-17 17:00:00,92820000.0,93600000.0,92648000.0,93568000.0,97.18961877,9049607614.00349
2026-07-17 21:00:00,93541000.0,93870000.0,92600000.0,93700000.0,123.21222977,11484413623.57545
2026-07-18 01:00:00,93700000.0,94950000.0,93508000.0,94533000.0,96.22479826,9074276966.24017
2026-07-18 05:00:00,94537000.0,94657000.0,94186000.0,94300000.0,43.62961847,4120742449.86789
2026-07-18 09:00:00,94300000.0,94451000.0,94137000.0,94405000.0,78.52531528,7404598127.77048
2026-07-18 13:00:00,94405000.0,94540000.0,94323000.0,94512000.0,48.50324932,4580070517.21321
2026-07-18 17:00:00,94512000.0,94619000.0,94425000.0,94619000.0,35.16936367,3324569915.4624
2026-07-18 21:00:00,94619000.0,94904000.0,94583000.0,94646000.0,52.91534837,5013273544.94088
2026-07-19 01:00:00,94646000.0,95296000.0,94607000.0,95147000.0,60.64222031,5762691354.77629
2026-07-19 05:00:00,95153000.0,95600000.0,95119000.0,95485000.0,77.40527689,7384906482.9664
2026-07-19 09:00:00,95495000.0,95610000.0,95141000.0,95226000.0,106.12152732,10126257526.88075
2026-07-19 13:00:00,95226000.0,95448000.0,95118000.0,95350000.0,58.95262921,5617206171.56179
2026-07-19 17:00:00,95273000.0,95350000.0,94936000.0,94978000.0,60.22510182,5727333139.20685
2026-07-19 21:00:00,94978000.0,95060000.0,94715000.0,95029000.0,75.79968643,7191763895.0153
2026-07-20 01:00:00,95029000.0,95232000.0,94715000.0,94857000.0,33.55842414,3185535753.68061
2026-07-20 05:00:00,94857000.0,95350000.0,94701000.0,95073000.0,71.4638258,6789306277.20867
2026-07-20 09:00:00,95073000.0,95701000.0,94830000.0,95100000.0,163.95964674,15606285090.08465
2026-07-20 13:00:00,95105000.0,95111000.0,93672000.0,94359000.0,191.13950866,18015823921.43767
2026-07-20 17:00:00,94300000.0,95274000.0,93800000.0,95272000.0,136.91824565,12947631011.47343
2026-07-20 21:00:00,95273000.0,95860000.0,94148000.0,95839000.0,225.14951692,21407634234.15994
2026-07-21 01:00:00,95841000.0,95951000.0,95034000.0,95100000.0,97.49544111,9323140476.13981
2026-07-21 05:00:00,95189000.0,95483000.0,95039000.0,95250000.0,60.72422068,5783243894.33629
2026-07-21 09:00:00,95250000.0,95840000.0,95101000.0,95578000.0,151.22635789,14442674659.32302
2026-07-21 13:00:00,95578000.0,96500000.0,95447000.0,96439000.0,219.5956073,21073151000.02837
2026-07-21 17:00:00,96439000.0,97000000.0,96405000.0,96955000.0,203.74453148,19708875571.00662
2026-07-21 21:00:00,96955000.0,97800000.0,96886000.0,97540000.0,243.84213605,23742040699.55461
2026-07-22 01:00:00,97495000.0,97559000.0,96551000.0,97021000.0,89.94305968,8718841382.0838
2026-07-22 05:00:00,97020000.0,97220000.0,96721000.0,97200000.0,101.34679744,9826645598.89866
2026-07-22 09:00:00,97219000.0,97600000.0,96861000.0,96929000.0,129.21191538,12566271744.12946
2026-07-22 13:00:00,96929000.0,97269000.0,96159000.0,96235000.0,143.80317745,13893136946.77402
2026-07-22 17:00:00,96236000.0,96626000.0,96166000.0,96420000.0,80.78850081,7786792139.0501
2026-07-22 21:00:00,96419000.0,96587000.0,95846000.0,96225000.0,173.84265862,16708296537.32222
2026-07-23 01:00:00,96177000.0,96626000.0,95966000.0,96265000.0,72.88718686,7018977853.93745
2026-07-23 05:00:00,96239000.0,96582000.0,96150000.0,96557000.0,60.8722157,5867626015.7712
2026-07-23 09:00:00,96558000.0,96768000.0,95544000.0,95695000.0,149.59419871,14375413377.36121
2026-07-23 13:00:00,95705000.0,95900000.0,95300000.0,95405000.0,109.10340933,10428539013.64009
2026-07-23 17:00:00,95405000.0,95900000.0,95290000.0,95654000.0,49.27085451,4713822869.15264
2026-07-23 21:00:00,95654000.0,95759000.0,94892000.0,95069000.0,177.504315,16891105115.2934
2026-07-24 01:00:00,95064000.0,95225000.0,94811000.0,95073000.0,54.69577104,5194189497.78631
2026-07-24 05:00:00,95012000.0,95597000.0,94984000.0,95351000.0,60.35075383,5756882196.89115
2026-07-24 09:00:00,95365000.0,95367000.0,94607000.0,95338000.0,144.032029,13672928490.71966
2026-07-24 13:00:00,95289000.0,95799000.0,95049000.0,95500000.0,122.52277959,11688520345.11789
2026-07-24 17:00:00,95420000.0,95500000.0,94672000.0,94934000.0,89.47840059,8494382027.23536
2026-07-24 21:00:00,94913000.0,94996000.0,93379000.0,93755000.0,312.24216159,29335987459.06618
2026-07-25 01:00:00,93735000.0,94082000.0,93500000.0,93969000.0,44.86528484,4207952381.56046
2026-07-25 05:00:00,93975000.0,94068000.0,93862000.0,94019000.0,41.03554641,3855476961.48384
2026-07-25 09:00:00,94019000.0,94025000.0,93700000.0,93793000.0,71.81127262,6740434960.03409
2026-07-25 13:00:00,93750000.0,93973000.0,93549000.0,93721000.0,57.48323504,5387557387.44403
2026-07-25 17:00:00,93719000.0,93891000.0,93401000.0,93775000.0,67.16005122,6288934954.44147
2026-07-25 21:00:00,93775000.0,94116000.0,93775000.0,93870000.0,55.28077467,5195250988.29059
2026-07-26 01:00:00,93860000.0,94251000.0,93800000.0,94065000.0,36.91049449,3471105334.81701
2026-07-26 05:00:00,94053000.0,94333000.0,94010000.0,94224000.0,42.08764149,3964475201.43222
2026-07-26 09:00:00,94226000.0,94531000.0,94220000.0,94531000.0,56.53525957,5337644777.02456
2026-07-26 13:00:00,94515000.0,94537000.0,94000000.0,94063000.0,70.32288151,6623241177.40847
2026-07-26 17:00:00,94062000.0,94376000.0,94000000.0,94304000.0,56.63067013,5335362517.56247
2026-07-26 21:00:00,94304000.0,94526000.0,94030000.0,94403000.0,70.77709276,6676781501.55648
2026-07-27 01:00:00,94403000.0,94600000.0,94230000.0,94324000.0,26.34583973,2487112359.95157
2026-07-27 05:00:00,94271000.0,95238000.0,94100000.0,95068000.0,121.6731601,11549382019.08933
2026-07-27 09:00:00,95016000.0,95126000.0,94506000.0,94910000.0,145.51473074,13804498529.95926
2026-07-27 13:00:00,94910000.0,95400000.0,94852000.0,94925000.0,95.63571079,9094156292.82597
2026-07-27 17:00:00,94925000.0,95157000.0,94757000.0,94780000.0,70.22459019,6664658948.29291
2026-07-27 21:00:00,94778000.0,95482000.0,94039000.0,94170000.0,170.07761156,16104099155.72177
2026-07-28 01:00:00,94170000.0,94766000.0,94102000.0,94587000.0,39.15297214,3695895576.45483
2026-07-28 05:00:00,94561000.0,94720000.0,93000000.0,93147000.0,213.3357938,19942889471.87403
2026-07-28 09:00:00,93147000.0,93285000.0,92100000.0,92226000.0,339.76896783,31432264973.85471
2026-07-28 13:00:00,92226000.0,92600000.0,92125000.0,92350000.0,143.60676596,13259576779.00757
2026-07-28 17:00:00,92350000.0,92432000.0,92116000.0,92276000.0,87.27077163,8050552147.14015
2026-07-28 21:00:00,92276000.0,92844000.0,91500000.0,92720000.0,267.86868766,24662310041.79538
2026-07-29 01:00:00,92709000.0,92957000.0,92199000.0,92737000.0,36.61703484,3389887303.201
2026-07-29 05:00:00,92660000.0,92987000.0,92088000.0,92680000.0,94.48683395,8744859368.14374
2026-07-29 09:00:00,92680000.0,92996000.0,91640000.0,91700000.0,264.69082207,24414109908.89863
2026-07-29 13:00:00,91658000.0,92264000.0,91200000.0,92260000.0,288.48109105,26399105006.23992
2026-07-29 17:00:00,92260000.0,92790000.0,92036000.0,92563000.0,86.95677919,8041434971.7138
2026-07-29 21:00:00,92563000.0,92790000.0,91650000.0,91723000.0,102.92943036,9495480160.72152
2026-07-30 01:00:00,91724000.0,92700000.0,91234000.0,91240000.0,108.6928565,9990172290.2237
2026-07-30 05:00:00,91269000.0,92000000.0,91000000.0,91424000.0,205.15172938,18747422041.78926
2026-07-30 09:00:00,91374000.0,92119000.0,90888000.0,91578000.0,221.44383396,20252487887.09101
2026-07-30 13:00:00,91578000.0,91600000.0,91100000.0,91150000.0,88.9537391,8120569855.63869
2026-07-30 17:00:00,91157000.0,92307000.0,91128000.0,92198000.0,111.47370382,10228344243.7911
2026-07-30 21:00:00,92177000.0,92460000.0,91500000.0,91763000.0,128.36355292,11806383706.5089
2026-07-31 01:00:00,91762000.0,91997000.0,91500000.0,91683000.0,27.61520819,2533228578.56605
2026-07-31 05:00:00,91683000.0,91871000.0,91541000.0,91620000.0,83.03088287,7614868481.23255
2026-07-31 09:00:00,91565000.0,92849000.0,91374000.0,91815000.0,236.35172593,21727867513.77702
2026-07-31 13:00:00,91801000.0,91891000.0,91088000.0,91172000.0,133.82541953,12244107839.81712
2026-07-31 17:00:00,91172000.0,91500000.0,90800000.0,91201000.0,150.48804488,13701843568.21511
2026-07-31 21:00:00,91200000.0,91327000.0,89900000.0,90170000.0,401.89968544,36253901566.51855
2026-08-01 01:00:00,90171000.0,90734000.0,90167000.0,90358000.0,51.75400929,4678601553.08594
2026-08-01 05:00:00,90358000.0,90535000.0,90247000.0,90360000.0,56.14401522,5076211507.38473
2026-08-01 09:00:00,90363000.0,90691000.0,90350000.0,90474000.0,73.16408108,6621452526.65254
2026-08-01 13:00:00,90474000.0,90644000.0,90402000.0,90578000.0,51.2867943,4643136888.7064
2026-08-01 17:00:00,90576000.0,90788000.0,90544000.0,90760000.0,59.86664902,5428786374.71943
2026-08-01 21:00:00,90736000.0,90818000.0,90614000.0,90614000.0,39.18664948,3555532633.01237
2026-08-02 01:00:00,90614000.0,90670000.0,89800000.0,90229000.0,101.24578223,9126786326.25083
2026-08-02 05:00:00,90228000.0,90651000.0,90172000.0,90557000.0,33.22129962,3006297959.34679
2026-08-02 09:00:00,90557000.0,91390000.0,90511000.0,91240000.0,105.03945237,9564836904.27599
2026-08-02 13:00:00,91240000.0,91398000.0,90989000.0,91153000.0,51.77353617,4721375944.25385
2026-08-02 17:00:00,91153000.0,91187000.0,90419000.0,90426000.0,79.48866374,7211016631.39508
2026-08-02 21:00:00,90427000.0,90733000.0,90427000.0,90593000.0,47.49256879,4300230711.44915
2026-08-03 01:00:00,90593000.0,91108000.0,90476000.0,90909000.0,21.94811297,1992875084.59833
2026-08-03 05:00:00,90901000.0,91331000.0,90747000.0,90890000.0,65.14246676,5927751397.13688
2026-08-03 09:00:00,90938000.0,91000000.0,89800000.0,89850000.0,195.38571987,17620890701.35753
2026-08-03 13:00:00,89850000.0,90015000.0,89300000.0,89302000.0,263.47753642,23616158589.74941
2026-08-03 17:00:00,89301000.0,89836000.0,89001000.0,89251000.0,178.56961458,15946197612.37076
2026-08-03 21:00:00,89250000.0,90922000.0,89098000.0,90701000.0,177.76873057,16024707899.53984
2026-08-04 01:00:00,90701000.0,91100000.0,90700000.0,90906000.0,59.3365845,5393067153.66205
2026-08-04 05:00:00,90887000.0,91000000.0,90260000.0,90380000.0,49.22533471,4456087816.84505
2026-08-04 09:00:00,90380000.0,90755000.0,90099000.0,90743000.0,103.99543447,9402984323.52988
2026-08-04 13:00:00,90742000.0,91225000.0,90466000.0,90699000.0,117.09693813,10644582625.74899
2026-08-04 17:00:00,90699000.0,90890000.0,90430000.0,90889000.0,56.31192464,5103496478.7427
2026-08-04 21:00:00,90876000.0,91233000.0,90510000.0,91168000.0,124.0458695,11280599571.48067
2026-08-05 01:00:00,91168000.0,91460000.0,90890000.0,91219000.0,57.1667955,5216934711.19062
2026-08-05 05:00:00,91268000.0,91648000.0,91009000.0,91274000.0,70.17732403,6409932370.26193
2026-08-05 09:00:00,91238000.0,91507000.0,90861000.0,91090000.0,101.69050822,9274825124.5308
2026-08-05 13:00:00,91088000.0,91556000.0,90983000.0,91220000.0,70.58152835,6440641645.12044
2026-08-05 17:00:00,91208000.0,91300000.0,91055000.0,91148000.0,49.65098736,4526160903.20312
2026-08-05 21:00:00,91122000.0,91900000.0,90964000.0,91522000.0,129.97730507,11893406426.24567
2026-08-06 01:00:00,91522000.0,92000000.0,91521000.0,91943000.0,31.55119596,2897729890.97926
2026-08-06 05:00:00,91900000.0,92100000.0,91566000.0,91729000.0,58.53167184,5374240171.85972
2026-08-06 09:00:00,91729000.0,91792000.0,91181000.0,91242000.0,74.83445998,6839746464.40696
2026-08-06 13:00:00,91242000.0,92006000.0,91226000.0,91904000.0,100.32786329,9200071127.25894
2026-08-06 17:00:00,91904000.0,92009000.0,91560000.0,91660000.0,58.22584073,5344962219.94231
2026-08-06 21:00:00,91639000.0,92000000.0,91071000.0,91618000.0,120.03212917,10984661516.6643
2026-08-07 01:00:00,91618000.0,91825000.0,91333000.0,91373000.0,26.02892499,2382821978.93826
2026-08-07 05:00:00,91374000.0,91559000.0,91164000.0,91247000.0,39.30878842,3589064418.47737
2026-08-07 09:00:00,91248000.0,91343000.0,90727000.0,90729000.0,139.40005868,12693559465.3034
2026-08-07 13:00:00,90730000.0,91035000.0,90651000.0,90919000.0,92.34603543,8387516937.76051
2026-08-07 17:00:00,90881000.0,91948000.0,90881000.0,91793000.0,115.90963328,10606386874.47051
2026-08-07 21:00:00,91740000.0,92100000.0,91201000.0,91300000.0,138.97725693,12727054239.10617
2026-08-08 01:00:00,91300000.0,91463000.0,90844000.0,91408000.0,38.75586953,3533577310.65894
2026-08-08 05:00:00,91406000.0,91500000.0,91236000.0,91338000.0,27.4106606,2504763473.2492
2026-08-08 09:00:00,91338000.0,91516000.0,91184000.0,91450000.0,47.3483679,4324083397.09877
2026-08-08 13:00:00,91421000.0,91460000.0,91251000.0,91252000.0,25.1536212,2298050848.37474
2026-08-08 17:00:00,91252000.0,91353000.0,91244000.0,91262000.0,22.37077204,2042673741.22773
2026-08-08 21:00:00,91262000.0,91568000.0,91240000.0,91423000.0,33.25443972,3039362831.4944
2026-08-09 01:00:00,91423000.0,91525000.0,91348000.0,91430000.0,15.76938841,1441834767.76252
2026-08-09 05:00:00,91430000.0,91498000.0,91278000.0,91351000.0,28.68850107,2621769797.59622
2026-08-09 09:00:00,91390000.0,91435000.0,91100000.0,91102000.0,46.64009923,4257215668.22752
2026-08-09 13:00:00,91146000.0,91296000.0,91103000.0,91187000.0,22.26947355,2030574842.24337
2026-08-09 17:00:00,91187000.0,91366000.0,91139000.0,91340000.0,25.46429323,2323667579.67874
2026-08-09 21:00:00,91340000.0,91600000.0,91186000.0,91542000.0,55.28202944,5054790424.88462
2026-08-10 01:00:00,91541000.0,91595000.0,91400000.0,91412000.0,12.78371014,1169666052.24969
2026-08-10 05:00:00,91412000.0,91777000.0,91100000.0,91130000.0,58.58863784,5351104552.69254
2026-08-10 09:00:00,91116000.0,91950000.0,91100000.0,91432000.0,124.00795127,11348972083.70514
2026-08-10 13:00:00,91432000.0,91845000.0,91305000.0,91721000.0,81.59440402,7476154959.21091
2026-08-10 17:00:00,91720000.0,91898000.0,91420000.0,91557000.0,85.47856025,7833194662.65551
2026-08-10 21:00:00,91579000.0,91700000.0,90600000.0,90638000.0,145.70203258,13276516839.11348
2026-08-11 01:00:00,90700000.0,90700000.0,90118000.0,90457000.0,100.67174086,9095239716.51063
2026-08-11 05:00:00,90457000.0,90643000.0,90252000.0,90322000.0,80.61491387,7287955333.56287
2026-08-11 09:00:00,90349000.0,90437000.0,90100000.0,90366000.0,93.30568249,8421212035.71094
2026-08-11 13:00:00,90366000.0,90375000.0,90024000.0,90281000.0,93.35749279,8415373010.78899
2026-08-11 17:00:00,90254000.0,90643000.0,90212000.0,90576000.0,60.5959423,5480891124.27853
2026-08-11 21:00:00,90596000.0,90686000.0,89512000.0,89663000.0,185.49511355,16698399112.39649
2026-08-12 01:00:00,89663000.0,89732000.0,89230000.0,89436000.0,110.02903372,9846765668.87777
2026-08-12 05:00:00,89501000.0,89832000.0,89452000.0,89639000.0,109.09740735,9786732096.90868
2026-08-12 09:00:00,89672000.0,90000000.0,89568000.0,89915000.0,130.55737731,11730903648.72804
2026-08-12 13:00:00,89911000.0,89977000.0,89670000.0,89852000.0,71.10789961,6387541457.7152
2026-08-12 17:00:00,89854000.0,90377000.0,89854000.0,90368000.0,101.03987697,9102122154.91181
2026-08-12 21:00:00,90377000.0,90725000.0,89414000.0,89550000.0,162.01579465,14571507372.25437
2026-08-13 01:00:00,89564000.0,89777000.0,89472000.0,89632000.0,36.79127262,3296208498.79984
2026-08-13 05:00:00,89632000.0,89948000.0,89503000.0,89642000.0,57.01943366,5114808106.81561
2026-08-13 09:00:00,89642000.0,89856000.0,89338000.0,89684000.0,132.96899444,11901860129.26111
2026-08-13 13:00:00,89684000.0,90230000.0,89680000.0,90081000.0,97.98386421,8817333989.53518
2026-08-13 17:00:00,90054000.0,90170000.0,89500000.0,89641000.0,60.1442913,5403233047.83667
2026-08-13 21:00:00,89642000.0,90219000.0,89555000.0,89600000.0,74.84563081,6730590239.52404
2026-08-14 01:00:00,89599000.0,89793000.0,89000000.0,89650000.0,136.88482736,12218499611.62518
2026-08-14 05:00:00,89650000.0,89830000.0,89500000.0,89554000.0,56.89479519,5102869072.95447
2026-08-14 09:00:00,89580000.0,89731000.0,89330000.0,89341000.0,100.35134167,8986553302.55039
2026-08-14 13:00:00,89341000.0,89462000.0,88981000.0,88982000.0,218.74316196,19492004175.09822
2026-08-14 17:00:00,88982000.0,88985000.0,88600000.0,88779000.0,255.41662744,22678776545.34053
2026-08-14 21:00:00,88779000.0,88997000.0,88342000.0,88970000.0,258.77637813,22910688615.98126
2026-08-15 01:00:00,88976000.0,89176000.0,88750000.0,88860000.0,48.01549879,4272992368.66839
2026-08-15 05:00:00,88870000.0,89164000.0,88850000.0,89120000.0,42.54670364,3786094502.45051
2026-08-15 09:00:00,89141000.0,89331000.0,89037000.0,89216000.0,56.5782536,5046059446.6075
2026-08-15 13:00:00,89216000.0,89342000.0,89083000.0,89187000.0,47.12210595,4204221784.94631
2026-08-15 17:00:00,89187000.0,89218000.0,88973000.0,89154000.0,42.10969366,3750983432.09062
2026-08-15 21:00:00,89160000.0,89250000.0,88999000.0,89163000.0,38.59844189,3440184616.45883
2026-08-16 01:00:00,89162000.0,89279000.0,89140000.0,89278000.0,11.78536241,1051536250.24422
2026-08-16 05:00:00,89181000.0,89290000.0,89160000.0,89246000.0,24.15931951,2156317324.57824
2026-08-16 09:00:00,89266000.0,89335000.0,89166000.0,89335000.0,42.27337729,3772884816.96117
2026-08-16 13:00:00,89330000.0,89340000.0,89174000.0,89240000.0,26.71203012,2384394640.00741
2026-08-16 17:00:00,89244000.0,89244000.0,89099000.0,89136000.0,29.23014522,2606319192.36868
2026-08-16 21:00:00,89135000.0,89300000.0,89111000.0,89251000.0,21.61822955,1928833584.19416
2026-08-17 01:00:00,89300000.0,89650000.0,89252000.0,89319000.0,32.99956226,2951839612.09086
2026-08-17 05:00:00,89327000.0,89377000.0,88901000.0,89168000.0,51.44787155,4583094524.0654
2026-08-17 09:00:00,89197000.0,89643000.0,88992000.0,89630000.0,77.34483574,6908247772.89846
2026-08-17 13:00:00,89630000.0,89890000.0,89580000.0,89677000.0,73.45425586,6589025938.0113
2026-08-17 17:00:00,89677000.0,89895000.0,89432000.0,89710000.0,60.54198576,5429588651.52693
2026-08-17 21:00:00,89721000.0,90577000.0,89597000.0,90457000.0,109.59301084,9867490993.49547
2026-08-18 01:00:00,90449000.0,90997000.0,90131000.0,90600000.0,68.8235765,6236160797.75289
2026-08-18 05:00:00,90599000.0,91000000.0,90551000.0,90959000.0,79.77410544,7240487815.26185
2026-08-18 09:00:00,90959000.0,91000000.0,90141000.0,90248000.0,115.4214046,10444127469.34066
2026-08-18 13:00:00,90248000.0,90629000.0,90150000.0,90210000.0,69.20781598,6252272018.60184
2026-08-18 17:00:00,90291000.0,90500000.0,90075000.0,90418000.0,89.26132779,8053817523.86606
2026-08-18 21:00:00,90379000.0,91257000.0,90060000.0,91002000.0,112.65831262,10223657613.13851
2026-08-19 01:00:00,91040000.0,91098000.0,90850000.0,90898000.0,20.02612058,1822184980.95896
2026-08-19 05:00:00,90898000.0,90966000.0,90674000.0,90933000.0,48.47165604,4402401209.3556
2026-08-19 09:00:00,90906000.0,91000000.0,89916000.0,89940000.0,130.3754326,11770739040.15689
2026-08-19 13:00:00,89922000.0,90030000.0,89700000.0,89829000.0,103.79669748,9328119144.17598
2026-08-19 17:00:00,89829000.0,89972000.0,89550000.0,89852000.0,110.08233122,9881543587.86926
2026-08-19 21:00:00,89875000.0,95000000.0,89729000.0,94521000.0,618.62299029,57439400825.09871
2026-08-20 01:00:00,94550000.0,94979000.0,93596000.0,94163000.0,219.36747694,20677861958.50177
2026-08-20 05:00:00,94173000.0,95600000.0,94075000.0,95347000.0,572.07771447,54307128763.95121
2026-08-20 09:00:00,95347000.0,96206000.0,94846000.0,95230000.0,406.88006448,38928322503.00556
2026-08-20 13:00:00,95230000.0,96432000.0,95181000.0,96173000.0,182.96970927,17547108864.82698
2026-08-20 17:00:00,96188000.0,99999000.0,96169000.0,99467000.0,889.89953958,87964665554.3898
2026-08-20 21:00:00,99466000.0,99990000.0,98300000.0,99670000.0,409.6203743,40593927678.90596
2026-08-21 01:00:00,99670000.0,99998000.0,99275000.0,99956000.0,135.3294455,13495361567.02155
2026-08-21 05:00:00,99956000.0,100900000.0,99798000.0,100591000.0,414.10788109,41595770057.4524
2026-08-21 09:00:00,100591000.0,104005000.0,100590000.0,102538000.0,1049.90413151,107433755950.56041
2026-08-21 13:00:00,102593000.0,105989000.0,102539000.0,105470000.0,665.03085819,69478469718.60184
2026-08-21 17:00:00,105451000.0,109500000.0,104960000.0,105191000.0,1293.88996208,138510682312.45572
2026-08-21 21:00:00,105274000.0,106872000.0,104960000.0,106060000.0,487.55340278,51682125855.54198
2026-08-22 01:00:00,106104000.0,106758000.0,105400000.0,105899000.0,105.52638283,11194272343.6378
2026-08-22 05:00:00,105899000.0,107775000.0,105717000.0,107503000.0,315.89426788,33899440143.32381
2026-08-22 09:00:00,107449000.0,108609000.0,106807000.0,108123000.0,595.73637349,64161339508.53123
2026-08-22 13:00:00,108123000.0,108296000.0,105338000.0,106171000.0,813.7741536,86747584098.76212
2026-08-22 17:00:00,106171000.0,106370000.0,103938000.0,105503000.0,644.37724441,67669879945.87914
2026-08-22 21:00:00,105504000.0,106167000.0,105306000.0,105307000.0,188.74037091,19953799610.05948
2026-08-23 01:00:00,105307000.0,105915000.0,105274000.0,105776000.0,56.82224108,5997991695.14352
2026-08-23 05:00:00,105776000.0,105788000.0,105270000.0,105580000.0,88.28868802,9318531018.88261
2026-08-23 09:00:00,105581000.0,106529000.0,105465000.0,105823000.0,223.75864317,23741937704.72788
2026-08-23 13:00:00,105823000.0,105915000.0,104000000.0,104050000.0,298.49936321,31270716040.30946
2026-08-23 17:00:00,104050000.0,106250000.0,103990000.0,106198000.0,247.91149768,26077051311.15052
2026-08-23 21:00:00,106237000.0,106552000.0,105343000.0,105704000.0,247.66394483,26277126713.95153
2026-08-24 01:00:00,105704000.0,106033000.0,105576000.0,105902000.0,32.10839763,3398182866.68358
2026-08-24 05:00:00,105902000.0,106759000.0,105742000.0,106736000.0,150.96703465,16061430844.9663
2026-08-24 09:00:00,106735000.0,106759000.0,105429000.0,105517000.0,210.53799978,22309367459.17013
2026-08-24 13:00:00,105518000.0,106688000.0,105273000.0,106170000.0,178.43018414,18899659347.98561
2026-08-24 17:00:00,106170000.0,108005000.0,105756000.0,107905000.0,283.5871922,30352633889.43575
2026-08-24 21:00:00,107905000.0,109701000.0,107091000.0,108621000.0,836.67385956,90952583827.36757
2026-08-25 01:00:00,108621000.0,109590000.0,108101000.0,108375000.0,177.61694514,19309922522.34672
2026-08-25 05:00:00,108393000.0,108750000.0,108120000.0,108653000.0,138.43312989,15025896175.57591
2026-08-25 09:00:00,108653000.0,111545000.0,108264000.0,110828000.0,764.59467257,84368087676.9161
2026-08-25 13:00:00,110828000.0,111409000.0,109846000.0,110366000.0,436.6394396,48406945083.84466
2026-08-25 17:00:00,110379000.0,110945000.0,109004000.0,109450000.0,345.62293866,37970452612.264
2026-08-25 21:00:00,109450000.0,110199000.0,108505000.0,110199000.0,435.88954663,47638569225.7146
2026-08-26 01:00:00,110197000.0,110210000.0,109234000.0,109498000.0,99.70387817,10939227982.25572
2026-08-26 05:00:00,109498000.0,109691000.0,108600000.0,109165000.0,238.61116256,26074530268.23171
2026-08-26 09:00:00,109165000.0,110117000.0,108958000.0,110023000.0,301.49880849,33073398986.14543
2026-08-26 13:00:00,110023000.0,110043000.0,109500000.0,109753000.0,255.48307522,28051626291.9389
2026-08-26 17:00:00,109753000.0,109948000.0,109000000.0,109206000.0,215.049295,23520861790.68347
2026-08-26 21:00:00,109206000.0,109355000.0,107979000.0,108545000.0,387.39648981,42127147702.29507
2026-08-27 01:00:00,108636000.0,109301000.0,108407000.0,109093000.0,56.56299024,6157016730.09348
2026-08-27 05:00:00,109141000.0,109973000.0,108884000.0,109830000.0,165.8580919,18176065116.05216
2026-08-27 09:00:00,109830000.0,109830000.0,108800000.0,109240000.0,167.87656397,18337391490.33491
2026-08-27 13:00:00,109233000.0,109500000.0,108960000.0,109472000.0,112.68384835,12300982724.39028
2026-08-27 17:00:00,109451000.0,111170000.0,109425000.0,110178000.0,382.22780998,42195241655.2015
2026-08-27 21:00:00,110178000.0,111500000.0,109520000.0,110929000.0,298.45094086,33012760764.56947
2026-08-28 01:00:00,110929000.0,111443000.0,110231000.0,110397000.0,96.64874413,10715088592.84395
2026-08-28 05:00:00,110397000.0,111111000.0,110330000.0,111004000.0,97.9172544,10856308829.70573
2026-08-28 09:00:00,111004000.0,112445000.0,110429000.0,110505000.0,448.0948043,49881885916.21408
2026-08-28 13:00:00,110506000.0,110715000.0,110050000.0,110100000.0,160.5291493,17718640830.31918
2026-08-28 17:00:00,110100000.0,110363000.0,109403000.0,110086000.0,196.07236283,21555639184.98904
2026-08-28 21:00:00,110099000.0,110627000.0,108860000.0,108887000.0,327.57385385,35936528121.67449
2026-08-29 01:00:00,108933000.0,108973000.0,107118000.0,107963000.0,390.15518622,42160093800.03528
2026-08-29 05:00:00,107963000.0,107963000.0,107185000.0,107744000.0,195.72596149,21046360286.46562
2026-08-29 09:00:00,107771000.0,108246000.0,107533000.0,107538000.0,162.83614562,17579505973.86964
2026-08-29 13:00:00,107538000.0,107848000.0,107420000.0,107730000.0,144.32162888,15532119740.99579
2026-08-29 17:00:00,107730000.0,108001000.0,107550000.0,107848000.0,68.26781521,7360653529.71889
2026-08-29 21:00:00,107833000.0,108627000.0,107787000.0,108265000.0,77.29993085,8360059349.33472
2026-08-30 01:00:00,108281000.0,108899000.0,108197000.0,108758000.0,49.21261941,5343933967.31331
2026-08-30 05:00:00,108785000.0,108899000.0,108507000.0,108746000.0,48.84982495,5311270124.95354
2026-08-30 09:00:00,108747000.0,108838000.0,108360000.0,108558000.0,68.5796088,7445975558.56355
2026-08-30 13:00:00,108559000.0,108673000.0,108378000.0,108534000.0,52.25927728,5671221887.92284
2026-08-30 17:00:00,108516000.0,108600000.0,108198000.0,108401000.0,64.71133815,7016393685.17312
2026-08-30 21:00:00,108401000.0,109768000.0,108398000.0,109365000.0,215.81880208,23585986810.56323
2026-08-31 01:00:00,109365000.0,110000000.0,109150000.0,109363000.0,83.33726127,9138632105.0053
2026-08-31 05:00:00,109363000.0,109443000.0,107414000.0,108031000.0,228.40822561,24764892815.05655
2026-08-31 09:00:00,108025000.0,108608000.0,107400000.0,107664000.0,235.27261896,25386352382.13047
2026-08-31 13:00:00,107664000.0,108217000.0,107255000.0,108076000.0,157.36029316,16952751881.08625
2026-08-31 17:00:00,108044000.0,108285000.0,107601000.0,108235000.0,50.91798198,5496734814.26706
