,open,high,low,close,volume,value
2021-09-27 09:00:00,52798000.0,53800000.0,51747000.0,51834000.0,4963.31808383,262697515793.77594
2021-09-28 09:00:00,51831000.0,52103000.0,50222000.0,50309000.0,6216.15486117,318673200792.9927
2021-09-29 09:00:00,50309000.0,51799000.0,49924000.0,50800000.0,5199.8520123,265067157875.95703
2021-09-30 09:00:00,50800000.0,53673000.0,50731000.0,53523000.0,6716.78034563,353760846438.2255
2021-10-01 09:00:00,53523000.0,58582000.0,53070000.0,58348000.0,9344.90787537,526629015325.6079
2021-10-02 09:00:00,58348000.0,58999000.0,57660000.0,58228000.0,4852.96858036,283012282143.45593
2021-10-03 09:00:00,58238000.0,59390000.0,57250000.0,58567000.0,4489.39578954,262002063227.56482
2021-10-04 09:00:00,58466000.0,60331000.0,57346000.0,60020000.0,6699.98876873,392304690362.0932
2021-10-05 09:00:00,60020000.0,62500000.0,59547000.0,61666000.0,9846.15636431,596248479174.788
2021-10-06 09:00:00,61666000.0,67636000.0,61113000.0,67000000.0,13462.73768824,864584706843.0698
2021-10-07 09:00:00,66998000.0,67290000.0,65265000.0,65500000.0,8828.33453547,584191782622.2512
2021-10-08 09:00:00,65501000.0,68200000.0,65151000.0,65951000.0,8405.272394,559268632990.6614
2021-10-09 09:00:00,65951000.0,67731000.0,65659000.0,67057000.0,5042.25221793,337726926141.7395
2021-10-10 09:00:00,67057000.0,69023000.0,66350000.0,67801000.0,5559.81442292,375920524221.4952
2021-10-11 09:00:00,67801000.0,71600000.0,67547000.0,70921000.0,9404.74824492,657471668000.4491
2021-10-12 09:00:00,70954000.0,71368000.0,67558000.0,69164000.0,8980.82152047,628672206653.5323
2021-10-13 09:00:00,69188000.0,70700000.0,66865000.0,69857000.0,8568.72701657,587847809013.9847
2021-10-14 09:00:00,69857000.0,71470000.0,69400000.0,69783000.0,6362.57109584,447309084626.59393
2021-10-15 09:00:00,69784000.0,76721000.0,69420000.0,75688000.0,15661.24926397,1145452749698.3083
2021-10-16 09:00:00,75688000.0,76370000.0,73950000.0,74806000.0,7825.0005115,589288907263.0604
2021-10-17 09:00:00,74806000.0,76200000.0,74008000.0,75933000.0,5403.94853669,404990697637.63635
2021-10-18 09:00:00,75933000.0,77276000.0,74193000.0,76546000.0,8312.73781879,632688540533.9479
2021-10-19 09:00:00,76541000.0,79285000.0,75925000.0,78776000.0,9018.17095087,696401614018.545
2021-10-20 09:00:00,78776000.0,81750000.0,78001000.0,79917000.0,14472.09742285,1152411111515.1873
2021-10-21 09:00:00,79919000.0,80811000.0,76324000.0,76396000.0,15551.93334613,1225371802278.793
2021-10-22 09:00:00,76396000.0,77640000.0,74123000.0,74364000.0,11856.84444258,903371302135.1926
2021-10-23 09:00:00,74350000.0,75580000.0,73247000.0,74830000.0,7080.04234866,529341477417.07855
2021-10-24 09:00:00,74830000.0,75530000.0,73635000.0,74501000.0,6110.3785988,454814496440.7718
2021-10-25 09:00:00,74501000.0,77024000.0,74210000.0,76200000.0,6856.57775992,521225048265.0583
2021-10-26 09:00:00,76250000.0,76480000.0,73002000.0,73293000.0,8258.18143151,619824450361.118
2021-10-27 09:00:00,73293000.0,74200000.0,70180000.0,71845000.0,14503.8250321,1053620820854.7567
2021-10-28 09:00:00,71833000.0,74707000.0,71028000.0,73122000.0,8654.62147862,630325919861.4268
2021-10-29 09:00:00,73028000.0,75405000.0,72676000.0,74568000.0,7156.5495444,529148496573.07806
2021-10-30 09:00:00,74568000.0,74748000.0,72910000.0,73413000.0,6019.3726361,443974248919.1151
2021-10-31 09:00:00,73428000.0,74502000.0,71551000.0,72391000.0,7515.24771978,547624687479.1433
2021-11-01 09:00:00,72325000.0,73928000.0,71003000.0,72401000.0,6319.81024636,459799779805.7788
2021-11-02 09:00:00,72402000.0,75590000.0,72031000.0,74150000.0,7684.60605039,567138389401.7821
2021-11-03 09:00:00,74106000.0,75141000.0,72500000.0,74600000.0,7931.12310979,586147364013.1627
2021-11-04 09:00:00,74607000.0,74880000.0,73480000.0,73807000.0,5757.70198775,426469535512.6226
2021-11-05 09:00:00,73807000.0,75000000.0,73490000.0,74121000.0,5520.4236536,410709736765.99615
2021-11-06 09:00:00,74092000.0,74649000.0,73800000.0,74575000.0,3742.0767138,277629666879.828
2021-11-07 09:00:00,74576000.0,76700000.0,74481000.0,76536000.0,4447.00986585,335634172962.1655
2021-11-08 09:00:00,76649000.0,81586000.0,76534000.0,81403000.0,9132.13666783,726433660922.1797
2021-11-09 09:00:00,81402000.0,82700000.0,79987000.0,80857000.0,9216.26072135,749642408219.2787
2021-11-10 09:00:00,80813000.0,82520000.0,78510000.0,79660000.0,13173.31625594,1059561087264.0406
2021-11-11 09:00:00,79663000.0,79732000.0,78543000.0,78917000.0,7167.44682984,566786888469.356
2021-11-12 09:00:00,78938000.0,79100000.0,76712000.0,78165000.0,7117.16534788,555556239586.2133
2021-11-13 09:00:00,78165000.0,78770000.0,77120000.0,77867000.0,4350.10453278,338562919987.8282
2021-11-14 09:00:00,77867000.0,79350000.0,77579000.0,79310000.0,3826.41658753,300107299012.1013
2021-11-15 09:00:00,79323000.0,80250000.0,77330000.0,77602000.0,6972.54522621,550661898860.9288
2021-11-16 09:00:00,77600000.0,77602000.0,73325000.0,73897000.0,12978.65608121,972845801082.5905
2021-11-17 09:00:00,73897000.0,74712000.0,72000000.0,73935000.0,9918.31995415,727534439444.1946
2021-11-18 09:00:00,73941000.0,74494000.0,70000000.0,70611000.0,15304.60880992,1116607005545.3738
2021-11-19 09:00:00,70602000.0,72376000.0,69150000.0,71813000.0,9106.09854129,644660277293.9285
2021-11-20 09:00:00,71813000.0,74090000.0,71500000.0,73669000.0,5649.73412587,410541726042.7906
2021-11-21 09:00:00,73669000.0,74200000.0,72695000.0,73047000.0,4787.87666179,350690458560.52295
2021-11-22 09:00:00,73096000.0,73498000.0,70285000.0,70589000.0,7714.84906712,553218859712.912
2021-11-23 09:00:00,70589000.0,72200000.0,69556000.0,71802000.0,8493.89979735,602133383999.3546
2021-11-24 09:00:00,71726000.0,72300000.0,70265000.0,71680000.0,6609.91155089,468511820298.09436
2021-11-25 09:00:00,71689000.0,74136000.0,71220000.0,73171000.0,9049.17474463,658196555146.7008
2021-11-26 09:00:00,73160000.0,73567000.0,68089000.0,68549000.0,12468.28912157,883496099720.3064
2021-11-27 09:00:00,68550000.0,70276000.0,68140000.0,70039000.0,4865.73785339,338381741544.1163
2021-11-28 09:00:00,70039000.0,72691000.0,68607000.0,72303000.0,5439.53030356,380943799247.1356
2021-11-29 09:00:00,72255000.0,73166000.0,71298000.0,72240000.0,5965.74542692,431249801809.792
2021-11-30 09:00:00,72241000.0,73300000.0,70000000.0,70702000.0,8717.7658615,623384585488.2554
2021-12-01 09:00:00,70771000.0,72850000.0,70500000.0,70936000.0,7443.52963772,529661740005.61975
2021-12-02 09:00:00,70936000.0,71500000.0,69958000.0,70539000.0,10208.00313323,719755308272.1974
2021-12-03 09:00:00,70563000.0,71189000.0,67034000.0,68053000.0,15061.77754449,1053599225982.5276
2021-12-04 09:00:00,68068000.0,68191000.0,56000000.0,62206000.0,28348.95914312,1757512901445.4797
2021-12-05 09:00:00,62178000.0,63297000.0,59685000.0,61877000.0,12124.69394126,749188784836.934
2021-12-06 09:00:00,61877000.0,63103000.0,59016000.0,62626000.0,11591.24846455,703577992750.93
2021-12-07 09:00:00,62632000.0,64120000.0,62316000.0,63204000.0,8054.47784621,509439926577.6897
2021-12-08 09:00:00,63205000.0,63450000.0,60500000.0,62217000.0,7423.34923321,462084243427.4263
2021-12-09 09:00:00,62217000.0,62499000.0,59200000.0,59425000.0,6985.12525942,425034996310.3946
2021-12-10 09:00:00,59425000.0,61995000.0,59106000.0,59683000.0,7746.32503472,466065446683.84814
2021-12-11 09:00:00,59749000.0,61538000.0,59500000.0,61427000.0,3629.5367696,219745359643.67993
2021-12-12 09:00:00,61414000.0,62887000.0,60904000.0,62049000.0,3665.34563234,226239759072.2335
2021-12-13 09:00:00,61995000.0,62190000.0,58158000.0,58626000.0,7453.74091001,447420970311.1684
2021-12-14 09:00:00,58626000.0,60150000.0,57347000.0,59930000.0,7199.35776367,421930887129.1652
2021-12-15 09:00:00,59909000.0,62150000.0,58055000.0,61198000.0,10234.38988975,614210066819.0795
2021-12-16 09:00:00,61196000.0,61660000.0,59500000.0,59817000.0,7807.69618658,473844929813.83124
2021-12-17 09:00:00,59820000.0,60198000.0,57400000.0,58086000.0,8991.83583337,529378851668.7005
2021-12-18 09:00:00,58110000.0,58867000.0,57207000.0,58402000.0,5479.58391512,318308284131.8217
2021-12-19 09:00:00,58438000.0,59864000.0,58071000.0,58329000.0,5945.75001586,349830141080.10315
2021-12-20 09:00:00,58329000.0,58616000.0,56917000.0,58011000.0,6685.60533352,385840635557.5586
2021-12-21 09:00:00,57980000.0,60650000.0,57500000.0,60023000.0,6637.6709069,394352689438.5196
2021-12-22 09:00:00,60023000.0,60772000.0,59605000.0,59753000.0,5773.9637448,347172202153.7813
2021-12-23 09:00:00,59759000.0,61925000.0,59120000.0,61490000.0,6471.52989474,389081707456.7215
2021-12-24 09:00:00,61490000.0,62850000.0,61250000.0,61939000.0,5243.5431503,325690062280.693
2021-12-25 09:00:00,61939000.0,62500000.0,61107000.0,61177000.0,3730.36798441,230679684124.69763
2021-12-26 09:00:00,61177000.0,61939000.0,60288000.0,61467000.0,4350.54366915,265030001351.93692
2021-12-27 09:00:00,61467000.0,62500000.0,60934000.0,61508000.0,5287.22519425,325512198487.4511
2021-12-28 09:00:00,61470000.0,61508000.0,57912000.0,58274000.0,7303.08727699,436619790606.5887
2021-12-29 09:00:00,58261000.0,58763000.0,56650000.0,57089000.0,8037.99954485,465098505559.6989
2021-12-30 09:00:00,57089000.0,58233000.0,56400000.0,57200000.0,5506.78981263,315378745535.8602
2021-12-31 09:00:00,57233000.0,58812000.0,56233000.0,56784000.0,4959.9700856,285728205436.0753
2022-01-01 09:00:00,56784000.0,58271000.0,56762000.0,57915000.0,2628.14596492,151064521830.33255
2022-01-02 09:00:00,57915000.0,58300000.0,57100000.0,57531000.0,3567.5057124,205291308789.9393
2022-01-03 09:00:00,57540000.0,57749000.0,56133000.0,56641000.0,6304.95856401,360063461140.01263
2022-01-04 09:00:00,56640000.0,57685000.0,56000000.0,56023000.0,6053.44580235,342512644132.83624
2022-01-05 09:00:00,56023000.0,57100000.0,52701000.0,53854000.0,9296.79871351,515276777193.21295
2022-01-06 09:00:00,53854000.0,54300000.0,52388000.0,53239000.0,6389.07930239,339630997052.0713
2022-01-07 09:00:00,53240000.0,53358000.0,50900000.0,51449000.0,7509.10809323,389528045895.49457
2022-01-08 09:00:00,51449000.0,52709000.0,50829000.0,52142000.0,4171.09645762,215423691964.91058
2022-01-09 09:00:00,52142000.0,52600000.0,51144000.0,51678000.0,3369.09508974,174869889802.57343
2022-01-10 09:00:00,51672000.0,51999000.0,48897000.0,51246000.0,7955.46011133,402570820215.65857
2022-01-11 09:00:00,51255000.0,52493000.0,50408000.0,52307000.0,5812.21805175,298676109322.26056
2022-01-12 09:00:00,52306000.0,53945000.0,51800000.0,53349000.0,5617.86642827,296492711681.8847
2022-01-13 09:00:00,53349000.0,53940000.0,51809000.0,51885000.0,5468.01591063,289837178996.5849
2022-01-14 09:00:00,51885000.0,52691000.0,51010000.0,52230000.0,5030.18653553,261086090962.35144
2022-01-15 09:00:00,52230000.0,52891000.0,51878000.0,52357000.0,2595.04941124,135657742666.70593
2022-01-16 09:00:00,52357000.0,52634000.0,51948000.0,52165000.0,2131.4288192,111417440453.1287
2022-01-17 09:00:00,52165000.0,52300000.0,50822000.0,51436000.0,3104.23763117,160683769882.9794
2022-01-18 09:00:00,51435000.0,51600000.0,50192000.0,51179000.0,3894.69755153,197997204276.519
2022-01-19 09:00:00,51183000.0,51395000.0,49988000.0,50333000.0,4815.61754533,243349644791.62622
2022-01-20 09:00:00,50333000.0,52361000.0,49575000.0,49648000.0,6914.68087553,350489190147.2465
2022-01-21 09:00:00,49600000.0,50001000.0,44600000.0,45316000.0,13031.22269492,614895368490.7034
2022-01-22 09:00:00,45316000.0,45622000.0,42629000.0,43375000.0,12317.48527338,542096966238.20294
2022-01-23 09:00:00,43376000.0,44500000.0,42725000.0,44253000.0,6165.20872887,269289810382.9316
2022-01-24 09:00:00,44255000.0,45600000.0,40871000.0,44731000.0,10984.73257578,468862727172.81586
2022-01-25 09:00:00,44764000.0,45572000.0,43511000.0,44909000.0,6937.03740715,308479518001.6424
2022-01-26 09:00:00,44905000.0,47460000.0,44520000.0,45100000.0,10144.39442742,465503093047.90515
2022-01-27 09:00:00,45100000.0,45844000.0,43786000.0,45809000.0,7488.1448014,335012964798.7789
2022-01-28 09:00:00,45800000.0,46890000.0,45060000.0,46588000.0,5565.15427472,254762670308.80963
2022-01-29 09:00:00,46592000.0,47746000.0,46180000.0,47146000.0,3980.16776223,186286304051.22614
2022-01-30 09:00:00,47144000.0,47500000.0,46498000.0,47208000.0,2868.98523419,135027081461.63245
2022-01-31 09:00:00,47208000.0,47647000.0,45624000.0,47266000.0,4554.26520595,211275432696.9253
2022-02-01 09:00:00,47304000.0,48270000.0,46869000.0,47760000.0,3944.00160976,187434977994.1383
2022-02-02 09:00:00,47784000.0,47900000.0,45401000.0,45517000.0,4684.82046753,219281053640.67502
2022-02-03 09:00:00,45518000.0,45900000.0,44770000.0,45835000.0,3279.73787459,148839125406.1171
2022-02-04 09:00:00,45835000.0,50843000.0,45500000.0,50633000.0,7451.46465055,355674962643.43884
2022-02-05 09:00:00,50613000.0,51488000.0,50216000.0,50788000.0,5618.42220443,285441834169.823
2022-02-06 09:00:00,50788000.0,52022000.0,50400000.0,51732000.0,4046.19621542,206661446937.4289
2022-02-07 09:00:00,51678000.0,54110000.0,51084000.0,53511000.0,6414.99045765,337553682455.38916
2022-02-08 09:00:00,53511000.0,55321000.0,52325000.0,53651000.0,10799.76838891,578845327237.1124
2022-02-09 09:00:00,53651000.0,54000000.0,52560000.0,53660000.0,5006.39849973,266603510170.62662
2022-02-10 09:00:00,53659000.0,55380000.0,52604000.0,53123000.0,9079.39442265,488428411754.56024
2022-02-11 09:00:00,53040000.0,53364000.0,51300000.0,51882000.0,6124.94691657,321480090359.74054
2022-02-12 09:00:00,51875000.0,52299000.0,50835000.0,51597000.0,4680.16804965,241620206211.6828
2022-02-13 09:00:00,51619000.0,52190000.0,51400000.0,51550000.0,2737.45244662,141796428812.6518
2022-02-14 09:00:00,51550000.0,52041000.0,50744000.0,51586000.0,4253.6279361,218529350233.54776
2022-02-15 09:00:00,51586000.0,53998000.0,51462000.0,53832000.0,4794.46946448,254795069714.37585
2022-02-16 09:00:00,53835000.0,53842000.0,52769000.0,53298000.0,4581.97459643,244556760070.18353
2022-02-17 09:00:00,53298000.0,53540000.0,49203000.0,49376000.0,7615.70913172,392341519114.4038
2022-02-18 09:00:00,49376000.0,50199000.0,48369000.0,49015000.0,5516.16174109,272064780977.97128
2022-02-19 09:00:00,49004000.0,49250000.0,48271000.0,49035000.0,2902.28628463,141529609090.52924
2022-02-20 09:00:00,49035000.0,49038000.0,46650000.0,47131000.0,5524.94879998,261930452601.5744
2022-02-21 09:00:00,47133000.0,48128000.0,45147000.0,45450000.0,7886.2960245,367962097771.5558
2022-02-22 09:00:00,45450000.0,46693000.0,44746000.0,46474000.0,5478.02173628,249720926168.73676
2022-02-23 09:00:00,46500000.0,47530000.0,45293000.0,45543000.0,6323.31776297,294355073826.30664
2022-02-24 09:00:00,45483000.0,48000000.0,42580000.0,46927000.0,15361.05926493,677428293445.7881
2022-02-25 09:00:00,46854000.0,48500000.0,46555000.0,47831000.0,7745.36379841,367692769588.9642
2022-02-26 09:00:00,47830000.0,49010000.0,47200000.0,47809000.0,4412.33689604,211661931303.1995
2022-02-27 09:00:00,47850000.0,48576000.0,45695000.0,46358000.0,5879.5153407,278259630244.21466
2022-02-28 09:00:00,46363000.0,53089000.0,46086000.0,52332000.0,10346.17938543,510345453158.8512
2022-03-01 09:00:00,52332000.0,54777000.0,52004000.0,53790000.0,10899.50680906,580017405666.1804
2022-03-02 09:00:00,53789000.0,54829000.0,52789000.0,53359000.0,7651.79638878,410042464654.7711
2022-03-03 09:00:00,53359000.0,53710000.0,51219000.0,51842000.0,5670.32573658,298403705749.9444
2022-03-04 09:00:00,51875000.0,51952000.0,48071000.0,48450000.0,8201.72698722,411649625542.0779
2022-03-05 09:00:00,48450000.0,48866000.0,47814000.0,48605000.0,4946.11710435,238916280699.47223
2022-03-06 09:00:00,48610000.0,49024000.0,47260000.0,47745000.0,4817.15746101,231568105039.18558
2022-03-07 09:00:00,47782000.0,48890000.0,46525000.0,47415000.0,6885.29874129,327977721102.5802
2022-03-08 09:00:00,47364000.0,48800000.0,47290000.0,48213000.0,4764.73953357,229182242873.09155
2022-03-09 09:00:00,48213000.0,52300000.0,48153000.0,51570000.0,9356.85430436,479357538041.31586
2022-03-10 09:00:00,51571000.0,51844000.0,48291000.0,48917000.0,10019.04392316,494328772058.5832
2022-03-11 09:00:00,48931000.0,49941000.0,47802000.0,48315000.0,7089.91274091,345465440083.8288
2022-03-12 09:00:00,48314000.0,49098000.0,48202000.0,48500000.0,2697.3021978,131418547496.89621
2022-03-13 09:00:00,48500000.0,48904000.0,47310000.0,47510000.0,4109.28591186,198434298602.69345
2022-03-14 09:00:00,47500000.0,49515000.0,47186000.0,49171000.0,6352.92355068,306727422441.91864
2022-03-15 09:00:00,49212000.0,49383000.0,47781000.0,48640000.0,5609.76874722,271852039162.99026
2022-03-16 09:00:00,48609000.0,51307000.0,48402000.0,50389000.0,12621.47055692,628482964168.743
2022-03-17 09:00:00,50392000.0,51099000.0,49647000.0,50069000.0,6441.90030738,323349085571.79724
2022-03-18 09:00:00,50069000.0,51220000.0,49423000.0,50770000.0,6364.18693386,319119972074.8756
2022-03-19 09:00:00,50736000.0,51300000.0,50615000.0,51245000.0,5016.39241849,255391353100.587
2022-03-20 09:00:00,51245000.0,51350000.0,50001000.0,50462000.0,4050.02865173,205914406605.1418
2022-03-21 09:00:00,50471000.0,50756000.0,49832000.0,50128000.0,4418.7158295,221912265997.20813
2022-03-22 09:00:00,50128000.0,52396000.0,50013000.0,51704000.0,8395.36748077,433481110248.89
2022-03-23 09:00:00,51689000.0,52232000.0,51118000.0,52138000.0,5293.40295388,273158203021.73694
2022-03-24 09:00:00,52138000.0,53416000.0,51800000.0,52966000.0,7289.94185362,382789038401.1927
2022-03-25 09:00:00,52907000.0,54450000.0,52700000.0,53791000.0,5670.82751458,303815424407.88043
2022-03-26 09:00:00,53836000.0,54241000.0,53402000.0,53902000.0,3333.05874444,179588672016.24872
2022-03-27 09:00:00,53888000.0,56201000.0,53674000.0,55949000.0,5341.02371604,292027317612.86926
2022-03-28 09:00:00,55936000.0,57678000.0,55827000.0,56914000.0,6374.43514602,361568618614.51605
2022-03-29 09:00:00,56900000.0,57540000.0,56390000.0,56985000.0,6629.17847063,378907479327.83264
2022-03-30 09:00:00,56985000.0,57100000.0,56015000.0,56620000.0,4136.11449268,234529415255.21085
2022-03-31 09:00:00,56594000.0,57227000.0,55230000.0,55352000.0,5141.56326564,290425399182.101
2022-04-01 09:00:00,55331000.0,56790000.0,54246000.0,56369000.0,6752.64535556,373769566768.1517
2022-04-02 09:00:00,56326000.0,57350000.0,55831000.0,56050000.0,3882.90202767,219803855319.6424
2022-04-03 09:00:00,56006000.0,57500000.0,55830000.0,56639000.0,3818.05603689,216198441541.75647
2022-04-04 09:00:00,56596000.0,57300000.0,55510000.0,57055000.0,5916.74018564,333784681103.21405
2022-04-05 09:00:00,57069000.0,57645000.0,56070000.0,56155000.0,4627.20865106,262969075152.23587
2022-04-06 09:00:00,56195000.0,56323000.0,53034000.0,53072000.0,6776.51882585,371677583452.9044
2022-04-07 09:00:00,53072000.0,54340000.0,52754000.0,53814000.0,5354.28937148,287115749510.7967
2022-04-08 09:00:00,53813000.0,54700000.0,52798000.0,52934000.0,5123.92239629,276079923582.83856
2022-04-09 09:00:00,52934000.0,53355000.0,52754000.0,53258000.0,2253.81675285,119522891228.52135
2022-04-10 09:00:00,53295000.0,53950000.0,52462000.0,52819000.0,2289.32077614,121721077484.73825
2022-04-11 09:00:00,52799000.0,53060000.0,50010000.0,50050000.0,5382.92604992,277983876671.78253
2022-04-12 09:00:00,50050000.0,51195000.0,49608000.0,50577000.0,4730.16465608,238179333127.62677
2022-04-13 09:00:00,50577000.0,51947000.0,49936000.0,51700000.0,3335.41327752,169540794582.5969
2022-04-14 09:00:00,51645000.0,51942000.0,50000000.0,50245000.0,3240.36835635,165648379824.71838
2022-04-15 09:00:00,50275000.0,51286000.0,50079000.0,50850000.0,2259.85843932,113924498278.0374
2022-04-16 09:00:00,50807000.0,51100000.0,50251000.0,50567000.0,1285.87810755,65131786307.86627
2022-04-17 09:00:00,50567000.0,50698000.0,49851000.0,49962000.0,1643.27108853,82769167197.80688
2022-04-18 09:00:00,49962000.0,51290000.0,48626000.0,50839000.0,3977.64433157,197866042963.1782
2022-04-19 09:00:00,50768000.0,51904000.0,50550000.0,51458000.0,2813.97753901,144033858428.94022
2022-04-20 09:00:00,51459000.0,52326000.0,51015000.0,51388000.0,2789.56353665,144036924649.38208
2022-04-21 09:00:00,51436000.0,53075000.0,50250000.0,50805000.0,4540.57112095,235868137067.6446
2022-04-22 09:00:00,50805000.0,51000000.0,49526000.0,49937000.0,3309.37626968,166518417330.12607
2022-04-23 09:00:00,49937000.0,50290000.0,49466000.0,49742000.0,1905.14689765,94878858638.68283
2022-04-24 09:00:00,49723000.0,50211000.0,49300000.0,49620000.0,1658.61740843,82647094726.2008
2022-04-25 09:00:00,49620000.0,50993000.0,48600000.0,50614000.0,4209.03760158,208005727805.6377
2022-04-26 09:00:00,50614000.0,51193000.0,48300000.0,48777000.0,4171.12409784,207571264467.196
2022-04-27 09:00:00,48718000.0,50100000.0,48568000.0,49954000.0,2774.3964679,136961777571.22733
2022-04-28 09:00:00,49954000.0,51299000.0,49666000.0,50580000.0,3157.48982507,159373732264.9677
2022-04-29 09:00:00,50580000.0,50829000.0,49412000.0,49731000.0,2848.95745884,142344434036.42245
2022-04-30 09:00:00,49731000.0,49953000.0,49243000.0,49283000.0,2078.6985343,103247900534.68933
2022-05-01 09:00:00,49283000.0,49620000.0,48500000.0,49383000.0,2882.99454014,141630925351.43323
2022-05-02 09:00:00,49383000.0,50210000.0,49110000.0,49520000.0,2614.56355974,129931613441.11748
2022-05-03 09:00:00,49501000.0,49678000.0,48638000.0,48777000.0,2755.30931499,135666989657.8908
2022-05-04 09:00:00,48772000.0,50999000.0,48722000.0,50616000.0,3904.11622031,194729783161.73004
2022-05-05 09:00:00,50631000.0,50832000.0,47048000.0,47647000.0,6259.76119967,304844986974.6226
2022-05-06 09:00:00,47650000.0,47800000.0,46210000.0,47031000.0,4073.14582751,191194804926.25415
2022-05-07 09:00:00,47030000.0,47130000.0,46054000.0,46507000.0,1727.39505839,80649441505.52292
2022-05-08 09:00:00,46507000.0,46515000.0,44624000.0,44770000.0,4109.81944036,186618124663.34042
2022-05-09 09:00:00,44763000.0,45037000.0,40719000.0,41002000.0,8307.10609305,356443725580.1086
2022-05-10 09:00:00,41000000.0,43110000.0,40150000.0,41046000.0,12076.37492996,501966820215.2406
2022-05-11 09:00:00,41044000.0,43980000.0,39088000.0,40290000.0,31967.29718725,1328765297059.545
2022-05-12 09:00:00,40263000.0,41178000.0,37000000.0,39243000.0,23389.06342749,911518039693.9376
2022-05-13 09:00:00,39246000.0,41324000.0,38777000.0,39270000.0,12398.91880053,498373949608.00916
2022-05-14 09:00:00,39270000.0,40243000.0,38400000.0,39967000.0,5512.19561961,217008793733.08148
2022-05-15 09:00:00,39967000.0,41000000.0,39270000.0,40906000.0,4277.65503384,170672551261.52905
2022-05-16 09:00:00,40902000.0,40940000.0,38620000.0,39256000.0,5678.83385342,224370405726.56384
2022-05-17 09:00:00,39260000.0,39900000.0,38416000.0,39259000.0,5356.75318186,210535941107.40146
2022-05-18 09:00:00,39260000.0,39464000.0,37001000.0,37099000.0,6367.45223,243086612601.30344
2022-05-19 09:00:00,37100000.0,39085000.0,37000000.0,38780000.0,6407.34186752,242974605150.87173
2022-05-20 09:00:00,38781000.0,39298000.0,37267000.0,37762000.0,5865.61037606,225269617988.79233
2022-05-21 09:00:00,37798000.0,38253000.0,37558000.0,38037000.0,2813.64815039,106779412306.24332
2022-05-22 09:00:00,38037000.0,39150000.0,37886000.0,38933000.0,3336.52070723,128577550743.85239
2022-05-23 09:00:00,38933000.0,39220000.0,37209000.0,37436000.0,4947.2210493,190334640537.41727
2022-05-24 09:00:00,37436000.0,38000000.0,36725000.0,37827000.0,3823.78536764,142910723625.20737
2022-05-25 09:00:00,37827000.0,38360000.0,37558000.0,37935000.0,3871.09133713,147137682970.50873
2022-05-26 09:00:00,37937000.0,38230000.0,36394000.0,37662000.0,5202.30433331,195505091618.82016
2022-05-27 09:00:00,37662000.0,37889000.0,36413000.0,36837000.0,4373.88537069,162036860622.9899
2022-05-28 09:00:00,36862000.0,37373000.0,36613000.0,37034000.0,1931.8459728,71361163243.76425
2022-05-29 09:00:00,37033000.0,37620000.0,36825000.0,37380000.0,1712.65014609,63691223300.73744
2022-05-30 09:00:00,37415000.0,39989000.0,37230000.0,39550000.0,5467.46003665,211274731621.14108
2022-05-31 09:00:00,39527000.0,40600000.0,39300000.0,39923000.0,6442.97998078,256308491503.18982
2022-06-01 09:00:00,39927000.0,40150000.0,37500000.0,37880000.0,6304.81427285,245744047452.18063
2022-06-02 09:00:00,37880000.0,38680000.0,37558000.0,38392000.0,2899.34567262,110236787826.56088
2022-06-03 09:00:00,38393000.0,38630000.0,37378000.0,37851000.0,3606.94746991,137238868186.18251
2022-06-04 09:00:00,37852000.0,38100000.0,37666000.0,37916000.0,1401.3122846,53025106657.57351
2022-06-05 09:00:00,37916000.0,38300000.0,37608000.0,37972000.0,1320.2216869,49985999685.45281
2022-06-06 09:00:00,37974000.0,39952000.0,37966000.0,39532000.0,4372.22457945,172041848037.47153
2022-06-07 09:00:00,39532000.0,39797000.0,37500000.0,39398000.0,7886.33246816,303250155093.7022
2022-06-08 09:00:00,39366000.0,39599000.0,38128000.0,38581000.0,5152.82944355,199350471018.1796
2022-06-09 09:00:00,38581000.0,38800000.0,38150000.0,38256000.0,2945.15078326,113235233678.05505
2022-06-10 09:00:00,38265000.0,38850000.0,37470000.0,37611000.0,4429.21478893,168289151399.8374
2022-06-11 09:00:00,37613000.0,37990000.0,36680000.0,37058000.0,4509.66118809,167988296425.94037
2022-06-12 09:00:00,37061000.0,37157000.0,34700000.0,34718000.0,6146.33187376,219859784066.75397
2022-06-13 09:00:00,34718000.0,35050000.0,28960000.0,29372000.0,21092.06419942,668025770993.4442
2022-06-14 09:00:00,29373000.0,30205000.0,27412000.0,28829000.0,19487.81540886,561772913986.8145
2022-06-15 09:00:00,28828000.0,29566000.0,26694000.0,29253000.0,20040.69089176,559000697514.428
2022-06-16 09:00:00,29235000.0,29622000.0,26718000.0,26898000.0,10897.12712035,305925822885.83704
2022-06-17 09:00:00,26900000.0,27920000.0,26573000.0,27010000.0,8254.74720985,224342676396.38416
2022-06-18 09:00:00,27010000.0,27345000.0,24000000.0,25093000.0,17021.37137859,433108212679.0678
2022-06-19 09:00:00,25096000.0,26943000.0,23800000.0,26642000.0,15039.09542323,381029060910.1559
2022-06-20 09:00:00,26666000.0,27184000.0,25599000.0,26643000.0,12451.16444339,329953094202.11145
2022-06-21 09:00:00,26643000.0,27970000.0,26476000.0,26967000.0,10207.59720614,278469858805.06476
2022-06-22 09:00:00,26967000.0,27160000.0,25950000.0,26193000.0,7880.69810885,209447520551.6528
2022-06-23 09:00:00,26180000.0,27489000.0,26105000.0,27419000.0,11674.89801533,313542284234.99506
2022-06-24 09:00:00,27419000.0,27900000.0,26975000.0,27597000.0,13388.89574771,367520475760.64056
2022-06-25 09:00:00,27592000.0,27989000.0,27258000.0,27832000.0,6225.32828277,172243806128.06155
2022-06-26 09:00:00,27837000.0,28350000.0,27415000.0,27460000.0,5447.10131764,151630980878.5098
2022-06-27 09:00:00,27475000.0,27850000.0,26800000.0,27039000.0,5752.80718136,157291687583.22983
2022-06-28 09:00:00,27033000.0,27456000.0,26470000.0,26547000.0,5406.3616699,145708709679.6057
2022-06-29 09:00:00,26553000.0,26800000.0,26163000.0,26548000.0,9223.20252083,243859022578.08624
2022-06-30 09:00:00,26572000.0,26609000.0,24776000.0,26003000.0,11478.34480571,292542947043.12994
2022-07-01 09:00:00,25999000.0,27110000.0,25100000.0,25556000.0,10667.06530912,276372951294.9279
2022-07-02 09:00:00,25576000.0,25700000.0,25180000.0,25463000.0,3585.12725415,91226992257.78572
2022-07-03 09:00:00,25465000.0,25870000.0,25000000.0,25422000.0,4004.47295514,101635661159.56302
2022-07-04 09:00:00,25454000.0,26560000.0,25150000.0,26399000.0,6263.45644496,161102938742.25455
2022-07-05 09:00:00,26399000.0,27269000.0,25580000.0,26548000.0,8426.86858306,221921937084.71182
2022-07-06 09:00:00,26523000.0,27084000.0,26131000.0,26954000.0,5929.70297686,157481305869.87643
2022-07-07 09:00:00,26953000.0,28347000.0,26600000.0,28115000.0,8756.63987596,239026770404.97253
2022-07-08 09:00:00,28129000.0,29084000.0,27800000.0,28241000.0,10799.53960874,307025282628.8606
2022-07-09 09:00:00,28241000.0,28600000.0,27915000.0,28200000.0,4557.63927433,128523821796.09229
2022-07-10 09:00:00,28199000.0,28222000.0,27181000.0,27317000.0,5010.69690978,138733984074.7209
2022-07-11 09:00:00,27317000.0,27327000.0,26400000.0,26460000.0,5812.7656968,156475302283.7503
2022-07-12 09:00:00,26474000.0,26565000.0,25650000.0,25723000.0,5167.36529415,135294867708.1206
2022-07-13 09:00:00,25723000.0,26759000.0,25200000.0,26611000.0,8364.96759425,216442044153.6275
2022-07-14 09:00:00,26604000.0,27500000.0,26103000.0,27135000.0,6982.83175399,186298867158.77097
2022-07-15 09:00:00,27140000.0,27899000.0,26914000.0,27518000.0,6257.93313595,171512370994.4794
2022-07-16 09:00:00,27496000.0,28387000.0,27114000.0,27857000.0,5336.1088057,147797725204.19852
2022-07-17 09:00:00,27856000.0,28481000.0,27453000.0,27505000.0,6347.36604649,177769552412.64807
2022-07-18 09:00:00,27505000.0,29613000.0,27450000.0,29322000.0,13859.74527805,398300909441.9459
2022-07-19 09:00:00,29322000.0,31050000.0,28476000.0,30660000.0,14595.94785594,432241993220.26056
2022-07-20 09:00:00,30646000.0,31831000.0,30128000.0,30505000.0,12434.44375652,385272873489.7735
2022-07-21 09:00:00,30500000.0,30849000.0,29621000.0,30415000.0,10664.60764073,322028032629.59186
2022-07-22 09:00:00,30415000.0,31201000.0,29874000.0,30080000.0,7607.90890932,232744416254.30316
2022-07-23 09:00:00,30077000.0,30272000.0,29214000.0,29722000.0,5699.5983605,169985086874.11963
2022-07-24 09:00:00,29704000.0,30195000.0,29498000.0,29818000.0,5186.69159558,154939287726.8473
2022-07-25 09:00:00,29818000.0,29938000.0,28500000.0,28555000.0,8196.41047121,238652164946.97098
2022-07-26 09:00:00,28555000.0,28633000.0,27716000.0,28401000.0,6394.87499911,179987450702.74982
2022-07-27 09:00:00,28401000.0,30492000.0,28165000.0,30202000.0,8326.59445286,242209334669.88464
2022-07-28 09:00:00,30200000.0,31573000.0,29850000.0,31217000.0,10600.62751364,324567126698.1468
2022-07-29 09:00:00,31217000.0,31990000.0,30965000.0,31404000.0,9751.91139782,306877006552.7374
2022-07-30 09:00:00,31402000.0,32500000.0,31171000.0,31281000.0,7360.05975571,234009470197.65198
2022-07-31 09:00:00,31270000.0,31775000.0,30714000.0,30751000.0,7085.40894364,221746679600.18268
2022-08-01 09:00:00,30750000.0,31099000.0,30392000.0,30851000.0,6632.83303678,203970347823.3757
2022-08-02 09:00:00,30851000.0,31141000.0,30246000.0,30754000.0,7603.47582952,232698286944.98627
2022-08-03 09:00:00,30754000.0,31467000.0,30509000.0,30708000.0,6104.35808879,188719530349.60205
2022-08-04 09:00:00,30708000.0,30980000.0,30159000.0,30315000.0,5092.11116051,156029549309.207
2022-08-05 09:00:00,30318000.0,30990000.0,30261000.0,30767000.0,5525.87043361,169447786524.08502
2022-08-06 09:00:00,30767000.0,30843000.0,30509000.0,30534000.0,2650.63355937,81425112951.89291
2022-08-07 09:00:00,30534000.0,30899000.0,30440000.0,30685000.0,2514.51503225,77019180215.84589
2022-08-08 09:00:00,30695000.0,31925000.0,30680000.0,31459000.0,5716.18441331,179948905273.3112
2022-08-09 09:00:00,31435000.0,31743000.0,30570000.0,30997000.0,5607.51268342,174857808256.07858
2022-08-10 09:00:00,30997000.0,32073000.0,30522000.0,31583000.0,8806.55797536,276307461064.625
2022-08-11 09:00:00,31583000.0,32879000.0,31581000.0,31770000.0,9244.45685127,298863622797.97766
2022-08-12 09:00:00,31770000.0,32450000.0,31590000.0,32368000.0,8387.04392221,267506311075.9209
2022-08-13 09:00:00,32368000.0,32957000.0,32260000.0,32562000.0,4388.33032231,143160548469.4298
2022-08-14 09:00:00,32562000.0,33197000.0,32310000.0,32544000.0,6387.19826642,208971917597.303
2022-08-15 09:00:00,32544000.0,33450000.0,32139000.0,32445000.0,6914.8075927,226008853379.95538
2022-08-16 09:00:00,32435000.0,32600000.0,31865000.0,32082000.0,4179.74642172,134649200360.7835
2022-08-17 09:00:00,32082000.0,32600000.0,31334000.0,31547000.0,5812.24927668,185426079807.862
2022-08-18 09:00:00,31547000.0,31779000.0,31484000.0,31720000.0,2950.43773428,93394051416.17296
2022-08-19 09:00:00,31720000.0,31739000.0,28612000.0,28678000.0,11796.61947017,354714117159.2484
2022-08-20 09:00:00,28678000.0,29429000.0,28616000.0,29340000.0,5295.31161819,154372033844.43927
2022-08-21 09:00:00,29350000.0,29760000.0,29016000.0,29459000.0,3786.40688642,111313729260.53806
2022-08-22 09:00:00,29458000.0,29554000.0,28857000.0,29260000.0,4297.80375186,125494897056.34212
2022-08-23 09:00:00,29261000.0,29528000.0,28701000.0,29307000.0,3763.61382345,109821061058.27287
2022-08-24 09:00:00,29287000.0,29695000.0,28950000.0,29104000.0,3125.56012147,91431871249.1678
2022-08-25 09:00:00,29103000.0,29500000.0,29036000.0,29300000.0,3452.12199237,101201648467.01949
2022-08-26 09:00:00,29299000.0,29655000.0,27790000.0,27969000.0,7729.24670505,222906367027.81876
2022-08-27 09:00:00,27954000.0,28150000.0,27510000.0,27739000.0,3125.25646287,86963182786.77777
2022-08-28 09:00:00,27739000.0,27878000.0,27090000.0,27099000.0,2480.82358668,68413346182.69284
2022-08-29 09:00:00,27098000.0,28066000.0,27094000.0,27792000.0,3709.53491351,102229321499.59357
2022-08-30 09:00:00,27792000.0,28150000.0,27155000.0,27314000.0,4229.54737089,117154442399.73819
2022-08-31 09:00:00,27314000.0,27957000.0,27286000.0,27530000.0,3677.29907389,101805940867.42548
2022-09-01 09:00:00,27521000.0,27773000.0,27100000.0,27636000.0,3585.51130768,98555665886.7322
2022-09-02 09:00:00,27636000.0,28000000.0,27312000.0,27571000.0,3667.65760467,101532094745.71394
2022-09-03 09:00:00,27562000.0,27704000.0,27286000.0,27447000.0,1868.62894153,51373788619.60471
2022-09-04 09:00:00,27440000.0,27590000.0,27200000.0,27528000.0,1823.70402927,49935020084.01973
2022-09-05 09:00:00,27529000.0,27599000.0,27223000.0,27309000.0,3528.46820144,96597927685.97044
2022-09-06 09:00:00,27309000.0,27690000.0,26203000.0,26361000.0,8145.67658457,220653038140.5346
2022-09-07 09:00:00,26361000.0,27064000.0,26198000.0,26810000.0,5757.55932075,152753275129.61255
2022-09-08 09:00:00,26811000.0,27042000.0,26601000.0,26887000.0,4259.43244539,114299755054.95776
2022-09-09 09:00:00,26887000.0,29616000.0,26864000.0,29350000.0,9802.80413791,279964481183.08813
2022-09-10 09:00:00,29344000.0,29900000.0,29001000.0,29727000.0,5736.67505696,168836480144.08762
2022-09-11 09:00:00,29727000.0,30030000.0,29527000.0,30028000.0,3688.60048846,109635972850.14722
2022-09-12 09:00:00,30028000.0,30851000.0,29780000.0,30656000.0,7642.56603339,232343692738.235
2022-09-13 09:00:00,30684000.0,31300000.0,28200000.0,28371000.0,15229.11580906,451810008614.8326
2022-09-14 09:00:00,28371000.0,28813000.0,27688000.0,28344000.0,8716.78268528,247271041270.23514
2022-09-15 09:00:00,28352000.0,28518000.0,27774000.0,28024000.0,6939.77703727,195627680377.5866
2022-09-16 09:00:00,28029000.0,28173000.0,27453000.0,27915000.0,5350.8370115,149166663031.6244
2022-09-17 09:00:00,27916000.0,28357000.0,27893000.0,28174000.0,3240.10043653,90962723366.98038
2022-09-18 09:00:00,28174000.0,28206000.0,27280000.0,27490000.0,4018.15031347,111684122369.5478
2022-09-19 09:00:00,27490000.0,27732000.0,26216000.0,27566000.0,9719.59411004,261036423103.05676
2022-09-20 09:00:00,27566000.0,27707000.0,26582000.0,26757000.0,5253.12223798,142380132917.12753
2022-09-21 09:00:00,26757000.0,27974000.0,26199000.0,26538000.0,9250.11876736,249412571329.63596
2022-09-22 09:00:00,26523000.0,27698000.0,26478000.0,27572000.0,5953.98909369,161447348659.75824
2022-09-23 09:00:00,27571000.0,27788000.0,26709000.0,27594000.0,7237.64208747,197579982083.18936
2022-09-24 09:00:00,27591000.0,27611000.0,27101000.0,27270000.0,2902.69643769,79497771143.62138
2022-09-25 09:00:00,27270000.0,27499000.0,26910000.0,27051000.0,2488.11130047,67830234775.315
2022-09-26 09:00:00,27051000.0,27749000.0,27000000.0,27597000.0,4639.44616128,127050448051.4524
2022-09-27 09:00:00,27604000.0,29112000.0,27130000.0,27501000.0,11326.09517744,319136537626.8621
2022-09-28 09:00:00,27495000.0,28421000.0,26800000.0,27952000.0,7772.21243875,214191020039.02698
2022-09-29 09:00:00,27952000.0,28246000.0,27290000.0,28033000.0,6460.93157873,180040554490.9342
2022-09-30 09:00:00,28020000.0,28841000.0,27580000.0,27924000.0,6867.90245601,193003164789.35318
2022-10-01 09:00:00,27924000.0,28008000.0,27696000.0,27868000.0,2546.82511672,70954974472.5078
2022-10-02 09:00:00,27868000.0,27960000.0,27512000.0,27691000.0,3079.76956148,85545876530.29362
2022-10-03 09:00:00,27672000.0,28375000.0,27591000.0,28299000.0,3956.10964039,110671195709.21011
2022-10-04 09:00:00,28280000.0,29094000.0,28145000.0,28980000.0,5533.81706516,158534948897.20932
2022-10-05 09:00:00,28952000.0,29017000.0,28322000.0,28721000.0,5152.71568006,147816772453.40317
2022-10-06 09:00:00,28720000.0,28930000.0,28290000.0,28418000.0,4801.18768165,137349502267.4623
2022-10-07 09:00:00,28418000.0,28517000.0,27663000.0,27805000.0,5416.37859178,152011960410.50436
2022-10-08 09:00:00,27810000.0,27933000.0,27602000.0,27743000.0,2106.94531415,58568308272.54694
2022-10-09 09:00:00,27743000.0,27885000.0,27622000.0,27679000.0,1640.58178291,45515986562.08575
2022-10-10 09:00:00,27679000.0,27833000.0,27359000.0,27401000.0,4196.41533705,115900538932.09181
2022-10-11 09:00:00,27397000.0,27678000.0,27131000.0,27339000.0,3732.94000305,102219516094.35872
2022-10-12 09:00:00,27339000.0,27523000.0,27255000.0,27460000.0,2101.42661527,57574795545.87141
2022-10-13 09:00:00,27460000.0,28063000.0,26400000.0,27810000.0,8203.95839502,222277657967.64612
2022-10-14 09:00:00,27808000.0,28539000.0,27500000.0,27660000.0,5280.08123901,148190762947.29398
2022-10-15 09:00:00,27656000.0,27722000.0,27410000.0,27524000.0,1863.65198088,51459862485.05421
2022-10-16 09:00:00,27548000.0,27900000.0,27502000.0,27655000.0,1613.23153145,44583425422.02929
2022-10-17 09:00:00,27655000.0,28200000.0,27526000.0,27993000.0,3325.59179617,92642089152.88167
2022-10-18 09:00:00,27993000.0,28180000.0,27530000.0,27812000.0,3645.54686846,101833511876.60257
2022-10-19 09:00:00,27824000.0,27825000.0,27536000.0,27657000.0,3160.61602939,87417949567.93259
2022-10-20 09:00:00,27639000.0,27800000.0,27400000.0,27505000.0,2683.2479925,73944127659.67822
2022-10-21 09:00:00,27505000.0,27700000.0,27130000.0,27580000.0,2767.62248007,76016880613.55505
2022-10-22 09:00:00,27600000.0,27700000.0,27547000.0,27620000.0,2036.10495024,56235951760.10317
2022-10-23 09:00:00,27620000.0,28152000.0,27484000.0,27981000.0,2722.16975796,75515642883.3644
2022-10-24 09:00:00,27981000.0,28077000.0,27663000.0,27803000.0,3125.3489913,87079836345.68925
2022-10-25 09:00:00,27803000.0,28844000.0,27621000.0,28494000.0,4893.20312894,137804124211.57245
2022-10-26 09:00:00,28494000.0,29447000.0,28470000.0,29079000.0,5979.87612062,173488898127.12695
2022-10-27 09:00:00,29116000.0,29238000.0,28530000.0,28590000.0,5172.49423341,149863792429.01614
2022-10-28 09:00:00,28590000.0,29183000.0,28350000.0,28958000.0,3424.86186466,98435976522.9078
2022-10-29 09:00:00,28932000.0,29497000.0,28910000.0,29091000.0,6211.37653974,181410545343.46017
2022-10-30 09:00:00,29091000.0,29350000.0,28902000.0,28957000.0,3137.06875888,91332005443.68755
2022-10-31 09:00:00,28957000.0,29217000.0,28580000.0,28778000.0,3780.01775723,109126492407.11536
2022-11-01 09:00:00,28778000.0,28928000.0,28634000.0,28749000.0,2933.71664252,84430214876.02364
2022-11-02 09:00:00,28753000.0,29299000.0,28500000.0,28632000.0,7547.86136867,217669276832.28488
2022-11-03 09:00:00,28632000.0,28900000.0,28443000.0,28693000.0,6757.69291375,194086875436.71292
2022-11-04 09:00:00,28685000.0,29679000.0,28683000.0,29388000.0,7964.11785191,231718138685.04376
2022-11-05 09:00:00,29388000.0,29870000.0,29304000.0,29756000.0,5550.07970205,164967206076.35477
2022-11-06 09:00:00,29756000.0,29869000.0,29400000.0,29473000.0,3135.46538779,93055406232.24623
2022-11-07 09:00:00,29470000.0,29658000.0,28790000.0,28945000.0,5212.34471889,152159017524.60736
2022-11-08 09:00:00,28945000.0,29020000.0,25842000.0,26650000.0,21680.49236147,594772236555.9027
2022-11-09 09:00:00,26652000.0,26832000.0,22564000.0,22919000.0,22296.85265068,552715932088.8374
2022-11-10 09:00:00,22924000.0,25120000.0,22840000.0,24779000.0,20710.2527776,498017206404.5683
2022-11-11 09:00:00,24773000.0,24928000.0,23000000.0,23656000.0,12736.12608371,303749422827.73645
2022-11-12 09:00:00,23657000.0,23755000.0,23061000.0,23380000.0,4753.99237337,111007195542.84412
2022-11-13 09:00:00,23380000.0,23515000.0,22500000.0,22510000.0,7169.9512786,164599384311.13092
2022-11-14 09:00:00,22511000.0,23438000.0,21509000.0,22701000.0,13460.02192864,301879477005.36584
2022-11-15 09:00:00,22706000.0,23220000.0,22530000.0,23003000.0,6064.33492986,139067228426.62408
2022-11-16 09:00:00,23003000.0,23162000.0,22550000.0,22954000.0,4821.31903186,110303866991.65161
2022-11-17 09:00:00,22954000.0,23039000.0,22613000.0,22982000.0,3192.69376433,72904673241.5205
2022-11-18 09:00:00,22982000.0,23330000.0,22900000.0,23061000.0,3545.61958418,81843191220.82385
2022-11-19 09:00:00,23062000.0,23197000.0,22928000.0,23081000.0,2254.61082489,51938225975.36801
2022-11-20 09:00:00,23082000.0,23128000.0,22651000.0,22788000.0,4008.06831163,92051907651.90707
2022-11-21 09:00:00,22763000.0,22810000.0,22000000.0,22220000.0,5410.35456693,121611325051.6873
2022-11-22 09:00:00,22220000.0,22719000.0,22031000.0,22584000.0,4830.10682581,107901365116.02403
2022-11-23 09:00:00,22599000.0,23121000.0,22525000.0,22985000.0,4524.89351291,103606008888.91022
2022-11-24 09:00:00,22985000.0,23220000.0,22566000.0,22738000.0,4151.70054394,94860806308.04427
2022-11-25 09:00:00,22735000.0,22794000.0,22370000.0,22676000.0,3000.13344954,67806317145.13777
2022-11-26 09:00:00,22677000.0,22862000.0,22605000.0,22660000.0,2148.77580606,48865893597.60411
2022-11-27 09:00:00,22646000.0,22774000.0,22605000.0,22646000.0,1989.05113784,45175559593.41976
2022-11-28 09:00:00,22661000.0,22690000.0,22217000.0,22339000.0,3579.0905705,80214477852.49315
2022-11-29 09:00:00,22329000.0,22617000.0,22155000.0,22417000.0,2523.90821039,56647764932.03546
2022-11-30 09:00:00,22417000.0,23293000.0,22415000.0,23192000.0,4690.57520524,107572115829.88625
2022-12-01 09:00:00,23209000.0,23400000.0,22871000.0,23002000.0,3278.51519679,75761071316.25665
2022-12-02 09:00:00,23008000.0,23046000.0,22650000.0,22877000.0,2707.54917012,61755977181.29832
2022-12-03 09:00:00,22877000.0,22973000.0,22752000.0,22830000.0,1361.73087278,31071194370.80245
2022-12-04 09:00:00,22821000.0,23021000.0,22755000.0,22906000.0,1690.07399271,38661404072.01502
2022-12-05 09:00:00,22918000.0,23150000.0,22685000.0,22725000.0,3649.93086302,83776335468.46335
2022-12-06 09:00:00,22729000.0,22885000.0,22701000.0,22821000.0,2826.97261012,64445480751.08888
2022-12-07 09:00:00,22837000.0,22898000.0,22400000.0,22544000.0,3381.14787642,76371819695.76631
2022-12-08 09:00:00,22544000.0,23000000.0,22484000.0,22918000.0,2658.30122236,60238648327.07826
2022-12-09 09:00:00,22918000.0,23000000.0,22770000.0,22849000.0,2349.72627368,53715032551.87096
2022-12-10 09:00:00,22845000.0,22940000.0,22820000.0,22831000.0,1339.76576612,30646589950.31205
2022-12-11 09:00:00,22824000.0,22915000.0,22760000.0,22775000.0,1591.84902453,36350568859.08237
2022-12-12 09:00:00,22784000.0,22882000.0,22487000.0,22824000.0,2436.29764131,55084524506.98965
2022-12-13 09:00:00,22824000.0,23600000.0,22570000.0,23161000.0,5226.52781477,120675670374.52821
2022-12-14 09:00:00,23157000.0,23941000.0,23147000.0,23235000.0,4041.5227297,94660482356.09254
2022-12-15 09:00:00,23255000.0,23382000.0,22877000.0,22942000.0,2875.73302095,66575698319.03985
2022-12-16 09:00:00,22952000.0,23050000.0,22125000.0,22249000.0,4660.97070297,105208954880.86823
2022-12-17 09:00:00,22249000.0,22367000.0,22000000.0,22230000.0,2908.95281168,64427612392.71
2022-12-18 09:00:00,22230000.0,22299000.0,22111000.0,22210000.0,1889.62079373,41937018170.19222
2022-12-19 09:00:00,22214000.0,22240000.0,21521000.0,21654000.0,3169.23383434,69541093991.05164
2022-12-20 09:00:00,21654000.0,22221000.0,21585000.0,22011000.0,3084.65713734,67692054188.20535
2022-12-21 09:00:00,22017000.0,22065000.0,21874000.0,21943000.0,2014.94764474,44278935561.9677
2022-12-22 09:00:00,21943000.0,21980000.0,21659000.0,21891000.0,2511.79402989,54875642301.51455
2022-12-23 09:00:00,21891000.0,22000000.0,21764000.0,21872000.0,2253.90628813,49294615581.36731
2022-12-24 09:00:00,21884000.0,21985000.0,21858000.0,21951000.0,1191.82030528,26154354236.02704
2022-12-25 09:00:00,21951000.0,21962000.0,21776000.0,21848000.0,2041.54109032,44679760075.21453
2022-12-26 09:00:00,21854000.0,21861000.0,21596000.0,21702000.0,2548.57785278,55317974480.44335
2022-12-27 09:00:00,21711000.0,21745000.0,21242000.0,21321000.0,2842.5245103,61104995860.59271
2022-12-28 09:00:00,21324000.0,21396000.0,21010000.0,21061000.0,3151.28076106,66752520284.17612
2022-12-29 09:00:00,21061000.0,21295000.0,20908000.0,21201000.0,2464.45782163,51975879184.91669
2022-12-30 09:00:00,21201000.0,21232000.0,20700000.0,21070000.0,2699.07221598,56577073269.74001
2022-12-31 09:00:00,21086000.0,21249000.0,20966000.0,21079000.0,2960.90009546,62530539957.20474
2023-01-01 09:00:00,21079000.0,21171000.0,21002000.0,21123000.0,1486.46755344,31357935910.19095
2023-01-02 09:00:00,21128000.0,21400000.0,21047000.0,21215000.0,2578.84453056,54848830815.83244
2023-01-03 09:00:00,21209000.0,21451000.0,21178000.0,21351000.0,2097.6153058,44770082696.67454
2023-01-04 09:00:00,21351000.0,21732000.0,21341000.0,21588000.0,2479.24818185,53380293695.68614
2023-01-05 09:00:00,21589000.0,21641000.0,21404000.0,21575000.0,3563.01023528,76705645075.08919
2023-01-06 09:00:00,21575000.0,21593000.0,21280000.0,21517000.0,3285.37671627,70377645236.41975
2023-01-07 09:00:00,21517000.0,21585000.0,21467000.0,21539000.0,1254.83333687,27012968306.16817
2023-01-08 09:00:00,21539000.0,21760000.0,21498000.0,21704000.0,1541.66935544,33262049871.32534
2023-01-09 09:00:00,21704000.0,21844000.0,21628000.0,21655000.0,3454.03347779,75081619993.3402
2023-01-10 09:00:00,21655000.0,21960000.0,21558000.0,21916000.0,2628.4345643,57169463342.88351
2023-01-11 09:00:00,21916000.0,22501000.0,21871000.0,22485000.0,3066.63549183,67549706544.62822
2023-01-12 09:00:00,22475000.0,23900000.0,22415000.0,23552000.0,7650.90163135,175962676010.68182
2023-01-13 09:00:00,23546000.0,24902000.0,23378000.0,24802000.0,6444.40501392,154690557690.01593
2023-01-14 09:00:00,24802000.0,26201000.0,24766000.0,25881000.0,14303.12399754,368030866312.4087
2023-01-15 09:00:00,25873000.0,25990000.0,25447000.0,25836000.0,4769.18417993,122545469551.98186
2023-01-16 09:00:00,25857000.0,26585000.0,25600000.0,26368000.0,5477.23271265,142897849280.86865
2023-01-17 09:00:00,26327000.0,26662000.0,25989000.0,26255000.0,3964.85483208,104329154969.41342
2023-01-18 09:00:00,26255000.0,26795000.0,25502000.0,25718000.0,8246.64292241,216709523822.4465
2023-01-19 09:00:00,25701000.0,26299000.0,25690000.0,26205000.0,3265.22551081,84733146461.64787
2023-01-20 09:00:00,26208000.0,28105000.0,26101000.0,28026000.0,6019.1130748,161784217903.01144
2023-01-21 09:00:00,28025000.0,29000000.0,27721000.0,28333000.0,7165.77976055,203651446324.33414
2023-01-22 09:00:00,28333000.0,28706000.0,27937000.0,28390000.0,4350.78921131,123705472192.06595
2023-01-23 09:00:00,28400000.0,28890000.0,28220000.0,28609000.0,4463.87685569,127364057503.29642
2023-01-24 09:00:00,28600000.0,28951000.0,28014000.0,28351000.0,6049.39200584,173224437135.9321
2023-01-25 09:00:00,28363000.0,29524000.0,28001000.0,28736000.0,6714.84384155,191320076067.30643
2023-01-26 09:00:00,28736000.0,29081000.0,28692000.0,28930000.0,4523.70646705,130733316295.9879
2023-01-27 09:00:00,28930000.0,29336000.0,28456000.0,28950000.0,4064.65143245,117147910142.96384
2023-01-28 09:00:00,28950000.0,29118000.0,28800000.0,29063000.0,2868.91809477,83196227169.22878
2023-01-29 09:00:00,29064000.0,29922000.0,28984000.0,29670000.0,4907.89247424,144401510689.786
2023-01-30 09:00:00,29670000.0,29777000.0,28323000.0,28706000.0,6952.22920216,202515024393.82462
2023-01-31 09:00:00,28724000.0,29225000.0,28430000.0,29064000.0,4605.2685438,132598526668.83475
2023-02-01 09:00:00,29052000.0,29740000.0,28626000.0,29620000.0,5637.91674767,164241675658.55304
2023-02-02 09:00:00,29599000.0,30285000.0,29530000.0,29600000.0,6298.03336104,187940614654.00766
2023-02-03 09:00:00,29601000.0,29734000.0,29287000.0,29432000.0,4743.68642573,139972789625.38974
2023-02-04 09:00:00,29432000.0,29650000.0,29349000.0,29420000.0,2924.16282953,86210318404.66524
2023-02-05 09:00:00,29398000.0,29528000.0,28827000.0,28990000.0,4235.89074629,123824105226.63141
2023-02-06 09:00:00,28993000.0,29439000.0,28650000.0,29222000.0,12169.80778483,354107452220.50305
2023-02-07 09:00:00,29225000.0,29561000.0,29017000.0,29452000.0,16246.13827362,475483962009.79865
2023-02-08 09:00:00,29452000.0,29591000.0,28940000.0,29303000.0,9798.40627898,288002402545.5411
2023-02-09 09:00:00,29303000.0,29400000.0,28135000.0,28193000.0,12573.15274824,362646648145.8505
2023-02-10 09:00:00,28193000.0,28350000.0,27916000.0,28120000.0,5826.76054517,163802667790.51492
2023-02-11 09:00:00,28145000.0,28379000.0,28057000.0,28377000.0,4616.92676125,130207021603.15524
2023-02-12 09:00:00,28360000.0,28490000.0,28141000.0,28263000.0,3940.50334157,111502012918.171
2023-02-13 09:00:00,28264000.0,28379000.0,27910000.0,28309000.0,5446.98588992,153338937834.53485
2023-02-14 09:00:00,28334000.0,28850000.0,27950000.0,28798000.0,8113.17147525,229702639496.75797
2023-02-15 09:00:00,28782000.0,31400000.0,28611000.0,31186000.0,12911.88082878,381237572340.11993
2023-02-16 09:00:00,31183000.0,32458000.0,30400000.0,30451000.0,12781.37026202,403862542932.8076
2023-02-17 09:00:00,30466000.0,32090000.0,30278000.0,31641000.0,9141.33783666,284422010354.79816
2023-02-18 09:00:00,31641000.0,32014000.0,31498000.0,31789000.0,5267.64033206,167371218399.19144
2023-02-19 09:00:00,31789000.0,32370000.0,31400000.0,31435000.0,8172.91625373,260367151132.84616
2023-02-20 09:00:00,31434000.0,32148000.0,31000000.0,31883000.0,8070.98678492,255795954183.13324
2023-02-21 09:00:00,31883000.0,32600000.0,31510000.0,31736000.0,9416.92852949,301631314333.7034
2023-02-22 09:00:00,31751000.0,31850000.0,30900000.0,31619000.0,7731.25766663,242632365969.1632
2023-02-23 09:00:00,31638000.0,31999000.0,30960000.0,31398000.0,6836.96402152,215198235910.08054
2023-02-24 09:00:00,31395000.0,31485000.0,30560000.0,30877000.0,6775.08622994,210550547313.70023
2023-02-25 09:00:00,30868000.0,31000000.0,30291000.0,30959000.0,4719.68489555,144553236870.77463
2023-02-26 09:00:00,30959000.0,31384000.0,30710000.0,31279000.0,3065.82030173,94938741700.01143
2023-02-27 09:00:00,31279000.0,31654000.0,30890000.0,31255000.0,4718.97425586,147494109455.84756
2023-02-28 09:00:00,31255000.0,31323000.0,30904000.0,31024000.0,3593.40757255,111816782275.1296
2023-03-01 09:00:00,31024000.0,31600000.0,30805000.0,31106000.0,4532.68487609,141609641287.4045
2023-03-02 09:00:00,31106000.0,31284000.0,30800000.0,31109000.0,4579.43771609,142038558936.3464
2023-03-03 09:00:00,31109000.0,31135000.0,29508000.0,29709000.0,7298.81785293,218343539031.64386
2023-03-04 09:00:00,29710000.0,29907000.0,29638000.0,29838000.0,2222.29120474,66213470510.92855
2023-03-05 09:00:00,29837000.0,30097000.0,29650000.0,29982000.0,2189.45390953,65484864544.84753
2023-03-06 09:00:00,29982000.0,30066000.0,29638000.0,29769000.0,2405.78623199,71803338819.88358
2023-03-07 09:00:00,29769000.0,29978000.0,29250000.0,29579000.0,7624.3543545,227062074248.05887
2023-03-08 09:00:00,29579000.0,29660000.0,29000000.0,29023000.0,5501.29398149,161634502890.82196
2023-03-09 09:00:00,29018000.0,29320000.0,27415000.0,27604000.0,9841.87622634,280760039643.61127
2023-03-10 09:00:00,27604000.0,27605000.0,26707000.0,27343000.0,9730.63224025,263312710191.7824
2023-03-11 09:00:00,27341000.0,28023000.0,26870000.0,27737000.0,6228.73937386,171121003248.74008
2023-03-12 09:00:00,27722000.0,29300000.0,27167000.0,29199000.0,6122.0855742,171678983728.68433
2023-03-13 09:00:00,29190000.0,32000000.0,28855000.0,31676000.0,13888.83820988,423405493346.776
2023-03-14 09:00:00,31676000.0,34469000.0,31579000.0,32490000.0,17872.07887712,587877889909.5271
2023-03-15 09:00:00,32491000.0,33500000.0,32000000.0,32511000.0,11093.60434797,362915591045.45746
2023-03-16 09:00:00,32505000.0,33455000.0,32307000.0,33335000.0,6814.43349526,224269789230.2731
2023-03-17 09:00:00,33309000.0,36649000.0,33300000.0,36207000.0,15037.60037165,527068991134.9828
2023-03-18 09:00:00,36202000.0,36649000.0,35500000.0,35767000.0,9300.23174069,336519633509.68085
2023-03-19 09:00:00,35760000.0,37526000.0,35657000.0,37233000.0,7991.51626721,291635366580.8047
2023-03-20 09:00:00,37228000.0,37838000.0,36217000.0,37295000.0,10244.52549002,380937300370.1099
2023-03-21 09:00:00,37294000.0,37634000.0,36500000.0,37221000.0,8735.63835041,324509962964.26984
2023-03-22 09:00:00,37202000.0,38400000.0,35584000.0,36372000.0,10824.6208617,401966237352.42035
2023-03-23 09:00:00,36372000.0,37660000.0,35930000.0,37274000.0,7303.53058862,267745523158.197
2023-03-24 09:00:00,37268000.0,37599000.0,36304000.0,36749000.0,6250.39620254,232253434843.6531
2023-03-25 09:00:00,36750000.0,36969000.0,36510000.0,36750000.0,2977.38039843,109275081736.50278
2023-03-26 09:00:00,36750000.0,37432000.0,36632000.0,37160000.0,3091.03957658,114387729254.38882
2023-03-27 09:00:00,37156000.0,37282000.0,35444000.0,36110000.0,6840.88977652,249875271589.22964
2023-03-28 09:00:00,36124000.0,36220000.0,35230000.0,36026000.0,5170.6862286,184980826507.75577
2023-03-29 09:00:00,36020000.0,37750000.0,36006000.0,37401000.0,6442.79756739,239192644749.08286
2023-03-30 09:00:00,37402000.0,38424000.0,36800000.0,37157000.0,7063.16532492,266205274097.5543
2023-03-31 09:00:00,37157000.0,37771000.0,36596000.0,37540000.0,5856.70049497,218147431537.82828
2023-04-01 09:00:00,37540000.0,37950000.0,37449000.0,37585000.0,2923.33995312,110077447102.04233
2023-04-02 09:00:00,37596000.0,37700000.0,37000000.0,37301000.0,3827.71480818,143258083412.21802
2023-04-03 09:00:00,37296000.0,37768000.0,36378000.0,36814000.0,5344.45562792,198293264588.4846
2023-04-04 09:00:00,36814000.0,37552000.0,36660000.0,37205000.0,3443.09664449,127944475381.00664
2023-04-05 09:00:00,37207000.0,37804000.0,36948000.0,37139000.0,4804.31754606,179846638163.42435
2023-04-06 09:00:00,37139000.0,37211000.0,36800000.0,37058000.0,3265.19567389,120836048137.67725
2023-04-07 09:00:00,37058000.0,37200000.0,36890000.0,36993000.0,2191.38552697,81178209965.33653
2023-04-08 09:00:00,36993000.0,37249000.0,36930000.0,37080000.0,3044.98722943,113009710987.63667
2023-04-09 09:00:00,37064000.0,37576000.0,36878000.0,37313000.0,3846.31215562,142853508974.9475
2023-04-10 09:00:00,37331000.0,39183000.0,37255000.0,38985000.0,6752.314109,256656019241.78787
2023-04-11 09:00:00,38981000.0,40260000.0,38903000.0,40004000.0,8105.88458258,321712753050.3061
2023-04-12 09:00:00,40005000.0,40610000.0,39567000.0,39699000.0,10654.2856421,426143578387.0856
2023-04-13 09:00:00,39694000.0,40198000.0,39689000.0,39911000.0,5171.072562,206204734897.69592
2023-04-14 09:00:00,39912000.0,40333000.0,39470000.0,39804000.0,5561.14402059,222612318707.21445
2023-04-15 09:00:00,39804000.0,39999000.0,39752000.0,39800000.0,1938.56058099,77290046948.21619
2023-04-16 09:00:00,39800000.0,39981000.0,39600000.0,39607000.0,2393.49528179,95129039158.06377
2023-04-17 09:00:00,39612000.0,39673000.0,38506000.0,38700000.0,5420.85725888,211322564966.88364
2023-04-18 09:00:00,38700000.0,39847000.0,38251000.0,39630000.0,4976.83151258,195160536131.7183
2023-04-19 09:00:00,39637000.0,39719000.0,38181000.0,38300000.0,6118.4824719,238289754029.4149
2023-04-20 09:00:00,38300000.0,38572000.0,37400000.0,37672000.0,5515.28188385,209814128286.94632
2023-04-21 09:00:00,37672000.0,37779000.0,36108000.0,36337000.0,5934.6195108,219819426308.00406
2023-04-22 09:00:00,36337000.0,37318000.0,36055000.0,37182000.0,3716.22462639,135958058418.51756
2023-04-23 09:00:00,37182000.0,37198000.0,36524000.0,36802000.0,1942.10468086,71532980980.62617
2023-04-24 09:00:00,36802000.0,37297000.0,36200000.0,36750000.0,3663.66031754,134682438925.48883
2023-04-25 09:00:00,36750000.0,38123000.0,36359000.0,37877000.0,4364.40529023,161727492892.94626
2023-04-26 09:00:00,37877000.0,39850000.0,36749000.0,38017000.0,9856.33566991,379352444364.5263
2023-04-27 09:00:00,38020000.0,39730000.0,37959000.0,39258000.0,6531.80659225,254468276014.8507
2023-04-28 09:00:00,39271000.0,39500000.0,38711000.0,39083000.0,3370.00926689,131889232337.99864
2023-04-29 09:00:00,39083000.0,39247000.0,38800000.0,38965000.0,1753.92555964,68531904105.31125
2023-04-30 09:00:00,38980000.0,39830000.0,38809000.0,39149000.0,3356.94485899,131846575612.99454
2023-05-01 09:00:00,39149000.0,39303000.0,37372000.0,37769000.0,5466.44445352,208928057904.3409
2023-05-02 09:00:00,37768000.0,38680000.0,37428000.0,38405000.0,4771.65437011,181115666950.5752
2023-05-03 09:00:00,38406000.0,39050000.0,37800000.0,38703000.0,5239.85097463,200814215339.22025
2023-05-04 09:00:00,38733000.0,39112000.0,38423000.0,38580000.0,4027.302864,156123459856.3692
2023-05-05 09:00:00,38599000.0,39359000.0,38520000.0,39053000.0,5614.21035517,218659451586.8916
2023-05-06 09:00:00,39077000.0,39435000.0,38142000.0,38677000.0,4471.1849355,173684144504.77588
2023-05-07 09:00:00,38679000.0,38953000.0,38143000.0,38143000.0,2434.47759959,93899192063.5123
2023-05-08 09:00:00,38152000.0,38369000.0,36822000.0,37255000.0,5517.37518721,207033692149.7713
2023-05-09 09:00:00,37260000.0,37544000.0,36822000.0,37150000.0,3678.21436045,136600430249.82959
2023-05-10 09:00:00,37150000.0,37995000.0,36580000.0,37071000.0,4525.28287987,168853647119.2642
2023-05-11 09:00:00,37072000.0,37232000.0,36260000.0,36411000.0,3570.39137727,131340626231.88495
2023-05-12 09:00:00,36413000.0,36554000.0,35262000.0,36341000.0,5478.83968294,196578357782.9867
2023-05-13 09:00:00,36341000.0,36662000.0,36143000.0,36374000.0,1868.0954648,67979133829.2688
2023-05-14 09:00:00,36382000.0,36800000.0,36193000.0,36415000.0,1639.20833071,59726505225.95865
2023-05-15 09:00:00,36420000.0,37200000.0,36204000.0,36632000.0,2671.26583258,98300162815.11125
2023-05-16 09:00:00,36642000.0,36795000.0,36335000.0,36421000.0,2091.33896506,76375961495.13017
2023-05-17 09:00:00,36419000.0,36835000.0,35938000.0,36700000.0,3207.18978344,116588369577.06467
2023-05-18 09:00:00,36706000.0,36920000.0,35800000.0,36240000.0,3396.67093837,123989138250.60954
2023-05-19 09:00:00,36240000.0,36486000.0,35950000.0,36156000.0,2587.51450694,93622400558.22136
2023-05-20 09:00:00,36156000.0,36475000.0,36119000.0,36385000.0,1174.32081928,42561799025.2985
2023-05-21 09:00:00,36404000.0,36618000.0,36048000.0,36051000.0,1573.05946887,57153092941.84137
2023-05-22 09:00:00,36057000.0,36200000.0,35709000.0,35947000.0,2597.92192199,93326194208.90239
2023-05-23 09:00:00,35948000.0,36660000.0,35841000.0,36381000.0,2510.27578792,91284785438.44258
2023-05-24 09:00:00,36382000.0,36430000.0,35144000.0,35452000.0,4471.51960065,159940843941.85303
2023-05-25 09:00:00,35465000.0,35670000.0,35000000.0,35547000.0,3394.73741865,119701229760.28255
2023-05-26 09:00:00,35550000.0,36110000.0,35284000.0,35771000.0,2369.1616222,84409771662.48203
2023-05-27 09:00:00,35786000.0,35900000.0,35588000.0,35824000.0,1922.45483636,68717026294.1557
2023-05-28 09:00:00,35824000.0,37532000.0,35788000.0,37350000.0,3852.9775285,140994739814.59552
2023-05-29 09:00:00,37360000.0,37883000.0,36802000.0,36992000.0,4032.11292852,150323403013.1309
2023-05-30 09:00:00,36992000.0,37402000.0,36821000.0,36914000.0,3280.20536471,121696610670.50859
2023-05-31 09:00:00,36923000.0,37043000.0,36059000.0,36391000.0,3833.61770267,139599376041.70715
2023-06-01 09:00:00,36391000.0,36509000.0,35715000.0,35823000.0,3403.84008073,122585463047.81593
2023-06-02 09:00:00,35823000.0,36150000.0,35470000.0,36089000.0,3129.38244663,112363149210.31906
2023-06-03 09:00:00,36089000.0,36102000.0,35801000.0,35888000.0,1925.56556117,69221217632.57323
2023-06-04 09:00:00,35888000.0,36146000.0,35820000.0,35865000.0,1679.79054823,60341276256.74492
2023-06-05 09:00:00,35894000.0,35896000.0,33825000.0,34298000.0,6815.06312451,237454293743.43423
2023-06-06 09:00:00,34299000.0,35993000.0,33580000.0,35852000.0,5402.99569145,186634047625.04358
2023-06-07 09:00:00,35855000.0,35993000.0,34797000.0,34952000.0,4520.05491026,159664589406.57504
2023-06-08 09:00:00,34953000.0,35416000.0,34802000.0,34996000.0,2370.31995071,83003582914.93372
2023-06-09 09:00:00,34996000.0,35161000.0,34802000.0,34865000.0,2335.69270285,81645858994.77078
2023-06-10 09:00:00,34865000.0,34914000.0,33842000.0,34372000.0,6040.92871542,206800529847.89606
2023-06-11 09:00:00,34370000.0,34639000.0,34016000.0,34345000.0,1754.27310948,60157124442.83195
2023-06-12 09:00:00,34345000.0,34480000.0,33950000.0,34059000.0,2362.40456114,80694211076.02605
2023-06-13 09:00:00,34059000.0,34479000.0,33808000.0,33913000.0,3607.81851265,123075339300.33633
2023-06-14 09:00:00,33913000.0,34119000.0,32779000.0,33007000.0,4128.49087432,138289444374.4248
2023-06-15 09:00:00,33007000.0,33618000.0,32510000.0,33449000.0,3841.66442528,126536496157.63158
2023-06-16 09:00:00,33449000.0,34758000.0,33121000.0,34501000.0,3402.6450261,115189382449.8988
2023-06-17 09:00:00,34515000.0,35080000.0,34320000.0,34780000.0,2597.63649947,90252767869.482
2023-06-18 09:00:00,34780000.0,34942000.0,34463000.0,34466000.0,1583.13965073,54970891902.23803
2023-06-19 09:00:00,34466000.0,35375000.0,34455000.0,35092000.0,2502.20113191,87104793340.02122
2023-06-20 09:00:00,35095000.0,37100000.0,35000000.0,36946000.0,5488.63849039,197248294157.94138
2023-06-21 09:00:00,36955000.0,40100000.0,36870000.0,39135000.0,10873.38440224,418734525316.7651
2023-06-22 09:00:00,39135000.0,39861000.0,38901000.0,39125000.0,6599.23054561,259990593536.83505
2023-06-23 09:00:00,39125000.0,41388000.0,39111000.0,40651000.0,8004.81933949,322774131614.64764
2023-06-24 09:00:00,40651000.0,40931000.0,40383000.0,40659000.0,3933.82560218,160034811596.6366
2023-06-25 09:00:00,40659000.0,41399000.0,40197000.0,40352000.0,4478.46628595,182726918565.72827
2023-06-26 09:00:00,40352000.0,40599000.0,39555000.0,40077000.0,4959.92502999,198612849741.01816
2023-06-27 09:00:00,40094000.0,40950000.0,39963000.0,40585000.0,4130.90265871,166867348632.36288
2023-06-28 09:00:00,40587000.0,40629000.0,39966000.0,40020000.0,2988.75782373,120211163983.36087
2023-06-29 09:00:00,40017000.0,41048000.0,39997000.0,40583000.0,3490.48826462,141777245742.64273
2023-06-30 09:00:00,40583000.0,41569000.0,39500000.0,40547000.0,8585.54386205,348868924510.84
2023-07-01 09:00:00,40547000.0,40877000.0,40391000.0,40691000.0,2709.93708765,110148710237.66788
2023-07-02 09:00:00,40712000.0,40875000.0,40250000.0,40652000.0,2235.26869848,90738583549.27074
2023-07-03 09:00:00,40652000.0,41377000.0,40470000.0,41200000.0,3276.85791261,133826565121.02437
2023-07-04 09:00:00,41200000.0,41388000.0,40540000.0,40610000.0,3230.33213385,132297295113.12662
2023-07-05 09:00:00,40610000.0,40775000.0,39801000.0,40385000.0,3595.75188599,144846374468.03064
2023-07-06 09:00:00,40385000.0,41500000.0,39838000.0,39860000.0,5759.5913,233754843596.7873
2023-07-07 09:00:00,39864000.0,40330000.0,39676000.0,40240000.0,2687.61579838,107607256181.22308
2023-07-08 09:00:00,40241000.0,40253000.0,39920000.0,40153000.0,1299.84963736,52108582785.83458
2023-07-09 09:00:00,40154000.0,40302000.0,39770000.0,39832000.0,1485.27012622,59452578236.03948
2023-07-10 09:00:00,39839000.0,40784000.0,39666000.0,40050000.0,2829.62290954,113228698197.86945
2023-07-11 09:00:00,40060000.0,40387000.0,39946000.0,40117000.0,2541.05729369,101896200770.3168
2023-07-12 09:00:00,40117000.0,40600000.0,39751000.0,39804000.0,3241.64008104,130054585570.22446
2023-07-13 09:00:00,39803000.0,40456000.0,39356000.0,40112000.0,7976.01139394,317548198923.17755
2023-07-14 09:00:00,40101000.0,40220000.0,38710000.0,39092000.0,5755.46123676,228310926497.62164
2023-07-15 09:00:00,39092000.0,39144000.0,38786000.0,38889000.0,2903.65801258,112933801553.45763
2023-07-16 09:00:00,38889000.0,39153000.0,38687000.0,38933000.0,2022.77368422,78716573652.74442
2023-07-17 09:00:00,38946000.0,39022000.0,38350000.0,38742000.0,2582.39550489,100199595903.6282
2023-07-18 09:00:00,38761000.0,38828000.0,38098000.0,38401000.0,2601.55598996,99975576153.02892
2023-07-19 09:00:00,38402000.0,38850000.0,38300000.0,38323000.0,2432.74678152,93724792757.93306
2023-07-20 09:00:00,38322000.0,39100000.0,38316000.0,38567000.0,3246.54052293,125556811845.36774
2023-07-21 09:00:00,38567000.0,38908000.0,38530000.0,38829000.0,2103.13941171,81362364429.71587
2023-07-22 09:00:00,38838000.0,38934000.0,38600000.0,38776000.0,1447.07839081,56067219916.97034
2023-07-23 09:00:00,38759000.0,39220000.0,38625000.0,38945000.0,2211.14927257,85916107563.91911
2023-07-24 09:00:00,38944000.0,39019000.0,37700000.0,37892000.0,4398.31412006,168113088113.97552
2023-07-25 09:00:00,37892000.0,38116000.0,37626000.0,37910000.0,2433.9221882,92057859896.4893
2023-07-26 09:00:00,37910000.0,38300000.0,37700000.0,37918000.0,2477.2628933,93970927659.78053
2023-07-27 09:00:00,37918000.0,38299000.0,37841000.0,37874000.0,3271.72655723,124634073119.6236
2023-07-28 09:00:00,37877000.0,38200000.0,37704000.0,37932000.0,2964.5947422,112303667484.57085
2023-07-29 09:00:00,37932000.0,38052000.0,37879000.0,37901000.0,1180.6781332,44801815216.40174
2023-07-30 09:00:00,37901000.0,38150000.0,37762000.0,37850000.0,2378.17661892,90157027232.44344
2023-07-31 09:00:00,37850000.0,38139000.0,37805000.0,37929000.0,2383.01012579,90563421409.07397
2023-08-01 09:00:00,37928000.0,38684000.0,37510000.0,38642000.0,3035.90069302,114970531784.87755
2023-08-02 09:00:00,38642000.0,39131000.0,38142000.0,38358000.0,3344.79997698,129357299336.96814
2023-08-03 09:00:00,38358000.0,38800000.0,38215000.0,38436000.0,2032.73569956,78153136649.66298
2023-08-04 09:00:00,38436000.0,38715000.0,38250000.0,38492000.0,2256.9466739,87010045473.68465
2023-08-05 09:00:00,38493000.0,38590000.0,38341000.0,38474000.0,2113.69677535,81362884396.19951
2023-08-06 09:00:00,38476000.0,38788000.0,38432000.0,38605000.0,3520.86968381,135926148864.27599
2023-08-07 09:00:00,38605000.0,38809000.0,38081000.0,38622000.0,7095.41631462,273159821065.1873
2023-08-08 09:00:00,38622000.0,39580000.0,38570000.0,39437000.0,3956.68315457,154368199197.16907
2023-08-09 09:00:00,39437000.0,39850000.0,39076000.0,39209000.0,3299.56867529,130305101311.4717
2023-08-10 09:00:00,39209000.0,39397000.0,39010000.0,39119000.0,2713.94553163,106358893196.19308
2023-08-11 09:00:00,39119000.0,39410000.0,39050000.0,39233000.0,1877.91210358,73582617604.95915
2023-08-12 09:00:00,39233000.0,39316000.0,39099000.0,39283000.0,1450.6799782,56930932272.25706
2023-08-13 09:00:00,39283000.0,39330000.0,39101000.0,39118000.0,1323.87308566,51963334856.391
2023-08-14 09:00:00,39118000.0,39640000.0,38895000.0,39288000.0,2247.99874816,88257787754.31268
2023-08-15 09:00:00,39288000.0,39668000.0,39275000.0,39404000.0,3383.23584164,133573144631.2606
2023-08-16 09:00:00,39404000.0,39600000.0,39001000.0,39001000.0,4144.93132559,163196719583.01895
2023-08-17 09:00:00,39001000.0,39092000.0,36261000.0,36588000.0,9224.23479462,347989303093.6362
2023-08-18 09:00:00,36588000.0,36848000.0,35384000.0,35890000.0,9256.75234641,334394799822.6389
2023-08-19 09:00:00,35899000.0,36240000.0,35587000.0,36056000.0,2670.31605801,95846647159.2314
2023-08-20 09:00:00,36071000.0,36225000.0,35754000.0,35949000.0,1654.93693763,59546393015.75887
2023-08-21 09:00:00,35946000.0,35967000.0,35500000.0,35769000.0,2142.99960623,76516804610.68242
2023-08-22 09:00:00,35769000.0,35877000.0,35150000.0,35684000.0,2434.37426024,86694305845.75404
2023-08-23 09:00:00,35686000.0,36350000.0,35320000.0,35941000.0,2242.66645398,80152294407.05554
2023-08-24 09:00:00,35941000.0,36056000.0,35330000.0,35635000.0,1899.01993705,67798438136.98717
2023-08-25 09:00:00,35646000.0,35797000.0,35200000.0,35479000.0,2117.11461503,75050156287.15959
2023-08-26 09:00:00,35479000.0,35564000.0,35385000.0,35398000.0,672.27237906,23834379918.87522
2023-08-27 09:00:00,35400000.0,35553000.0,35374000.0,35402000.0,845.25346452,29946645612.68123
2023-08-28 09:00:00,35400000.0,35544000.0,35050000.0,35335000.0,1815.49057785,64012919015.38614
2023-08-29 09:00:00,35335000.0,37932000.0,35138000.0,37445000.0,6996.57927831,257110367873.9615
2023-08-30 09:00:00,37441000.0,37568000.0,36760000.0,37109000.0,4503.91825355,167176652726.2221
2023-08-31 09:00:00,37110000.0,37500000.0,35400000.0,35502000.0,5086.6186881,186018323204.28284
2023-09-01 09:00:00,35502000.0,35695000.0,35000000.0,35350000.0,5520.94616028,195425846296.82272
2023-09-02 09:00:00,35350000.0,35570000.0,35006000.0,35204000.0,6333.54306521,223346529895.45364
2023-09-03 09:00:00,35204000.0,35444000.0,35105000.0,35308000.0,2810.79936801,99038833087.72752
2023-09-04 09:00:00,35312000.0,35350000.0,34863000.0,35011000.0,3280.50767726,115260695491.68639
2023-09-05 09:00:00,35035000.0,35207000.0,34791000.0,35056000.0,3025.89362339,105913788655.05017
2023-09-06 09:00:00,35054000.0,35310000.0,34730000.0,35029000.0,2111.49981419,73930132719.30736
2023-09-07 09:00:00,35025000.0,35864000.0,34903000.0,35615000.0,1985.80007621,70004865290.15189
2023-09-08 09:00:00,35644000.0,35823000.0,35020000.0,35295000.0,2600.36718222,92224176186.92474
2023-09-09 09:00:00,35295000.0,35314000.0,35150000.0,35280000.0,1238.27863378,43632447689.66779
2023-09-10 09:00:00,35280000.0,35450000.0,35030000.0,35196000.0,1767.33268683,62283181152.08193
2023-09-11 09:00:00,35196000.0,35256000.0,34100000.0,34327000.0,3912.70930088,135719060328.41837
2023-09-12 09:00:00,34330000.0,35861000.0,34286000.0,35077000.0,4685.11366878,164963399198.21454
2023-09-13 09:00:00,35076000.0,35749000.0,35000000.0,35497000.0,3451.70002962,122085333753.20032
2023-09-14 09:00:00,35499000.0,36310000.0,35408000.0,35889000.0,3742.61235483,134018691888.46857
2023-09-15 09:00:00,35873000.0,36193000.0,35547000.0,35928000.0,3336.88755512,119726592404.3971
2023-09-16 09:00:00,35907000.0,36051000.0,35800000.0,35938000.0,2192.88512486,78755069542.96677
2023-09-17 09:00:00,35939000.0,35996000.0,35650000.0,35758000.0,2014.74409253,72102028928.87737
2023-09-18 09:00:00,35758000.0,36801000.0,35658000.0,36000000.0,3943.4175099,142795320939.77386
2023-09-19 09:00:00,36000000.0,36820000.0,35750000.0,36500000.0,3097.74850512,112443927907.9183
2023-09-20 09:00:00,36509000.0,36743000.0,36150000.0,36501000.0,2853.88170307,104079064569.80432
2023-09-21 09:00:00,36502000.0,36659000.0,35818000.0,36012000.0,3438.83869913,124717307648.65225
2023-09-22 09:00:00,35989000.0,36129000.0,35900000.0,35952000.0,2075.65459659,74758845753.72214
2023-09-23 09:00:00,35964000.0,36019000.0,35901000.0,35960000.0,999.55399584,35937760415.94626
2023-09-24 09:00:00,35951000.0,36100000.0,35500000.0,35534000.0,1635.89364001,58720732365.10599
2023-09-25 09:00:00,35530000.0,35701000.0,35176000.0,35491000.0,2877.48269704,101819900456.16415
2023-09-26 09:00:00,35497000.0,35805000.0,35428000.0,35566000.0,2209.87507796,78730861954.60088
2023-09-27 09:00:00,35566000.0,36485000.0,35560000.0,35982000.0,3281.14651657,118005398840.43835
2023-09-28 09:00:00,35979000.0,36999000.0,35933000.0,36596000.0,2834.06267564,103097051929.53302
2023-09-29 09:00:00,36596000.0,36868000.0,36260000.0,36444000.0,1841.58706365,67355567372.47279
2023-09-30 09:00:00,36444000.0,36740000.0,36404000.0,36600000.0,1372.41615254,50218206635.28963
2023-10-01 09:00:00,36614000.0,37817000.0,36555000.0,37789000.0,2733.22252426,101274287532.81406
2023-10-02 09:00:00,37788000.0,38720000.0,37200000.0,37424000.0,4894.78634431,186313583118.01462
2023-10-03 09:00:00,37424000.0,37791000.0,37012000.0,37197000.0,2600.08235706,97326904656.77483
2023-10-04 09:00:00,37198000.0,37740000.0,37036000.0,37595000.0,2387.11196686,89233400444.09496
2023-10-05 09:00:00,37592000.0,38096000.0,37240000.0,37258000.0,2329.61562457,87537921532.34395
2023-10-06 09:00:00,37258000.0,38124000.0,37050000.0,37798000.0,2400.327927,90184643588.37437
2023-10-07 09:00:00,37798000.0,37997000.0,37725000.0,37902000.0,1006.0876418,38115140031.55202
2023-10-08 09:00:00,37902000.0,38109000.0,37587000.0,37929000.0,1880.64238934,71305648926.66829
2023-10-09 09:00:00,37929000.0,38047000.0,37237000.0,37595000.0,3186.87540521,119979036669.32654
2023-10-10 09:00:00,37595000.0,37810000.0,37262000.0,37336000.0,2088.59646744,78432728980.09937
2023-10-11 09:00:00,37323000.0,37403000.0,36291000.0,36671000.0,3302.24816453,121703714693.16171
2023-10-12 09:00:00,36671000.0,36880000.0,36408000.0,36750000.0,1763.26549608,64503382510.69762
2023-10-13 09:00:00,36750000.0,37193000.0,36724000.0,36968000.0,1756.99023804,64841512795.1982
2023-10-14 09:00:00,36968000.0,37156000.0,36700000.0,36790000.0,1222.06533918,45151269085.55234
2023-10-15 09:00:00,36790000.0,37189000.0,36659000.0,37086000.0,1648.56771035,60732500501.17132
2023-10-16 09:00:00,37087000.0,40700000.0,37000000.0,38697000.0,9125.6095245,351913585145.2934
2023-10-17 09:00:00,38686000.0,38947000.0,38156000.0,38652000.0,3189.76773803,123061894306.7804
2023-10-18 09:00:00,38652000.0,39380000.0,38479000.0,38710000.0,2698.75413038,104730562417.98697
2023-10-19 09:00:00,38672000.0,39250000.0,38550000.0,39000000.0,4211.27040526,163821734881.29224
2023-10-20 09:00:00,39000000.0,40700000.0,38820000.0,40250000.0,6455.83376435,257642978882.06818
2023-10-21 09:00:00,40250000.0,40745000.0,39975000.0,40400000.0,2554.62807083,103001454706.26799
2023-10-22 09:00:00,40406000.0,40736000.0,40117000.0,40354000.0,2733.23876209,110397968587.46605
2023-10-23 09:00:00,40354000.0,45165000.0,40307000.0,44179000.0,11111.91639708,470736919769.6222
2023-10-24 09:00:00,44179000.0,47459000.0,43820000.0,45599000.0,17112.17695256,783556734920.041
2023-10-25 09:00:00,45593000.0,47355000.0,45556000.0,46484000.0,7593.96895691,352246450482.9208
2023-10-26 09:00:00,46485000.0,47093000.0,45631000.0,46141000.0,6702.74205085,310796638877.9707
2023-10-27 09:00:00,46140000.0,46205000.0,45450000.0,45980000.0,3075.95792102,141262434266.94745
2023-10-28 09:00:00,45980000.0,46780000.0,45955000.0,46314000.0,2191.55682092,101583770481.7882
2023-10-29 09:00:00,46316000.0,47028000.0,46285000.0,46825000.0,2408.99526887,112427935158.90607
2023-10-30 09:00:00,46825000.0,47215000.0,46417000.0,46732000.0,4138.81726801,193672784728.4677
2023-10-31 09:00:00,46734000.0,47050000.0,46302000.0,47030000.0,4120.3851524,192294569663.80377
2023-11-01 09:00:00,47030000.0,48165000.0,46720000.0,48079000.0,6327.33174114,299411220288.5296
2023-11-02 09:00:00,48100000.0,48661000.0,46732000.0,47516000.0,5972.0703977,285475840328.6736
2023-11-03 09:00:00,47524000.0,47524000.0,46203000.0,46676000.0,4936.17064119,230047830133.99362
2023-11-04 09:00:00,46675000.0,47246000.0,46473000.0,47050000.0,2806.91856547,131307809038.2666
2023-11-05 09:00:00,47052000.0,47500000.0,46670000.0,47056000.0,3392.8399816,159997546547.1882
2023-11-06 09:00:00,47056000.0,47197000.0,46471000.0,46781000.0,3504.69710331,164129100581.59018
2023-11-07 09:00:00,46781000.0,47696000.0,46300000.0,47301000.0,3939.2516709,184409450823.21826
2023-11-08 09:00:00,47301000.0,47900000.0,46927000.0,47458000.0,2949.25778949,139385505114.5386
2023-11-09 09:00:00,47457000.0,50278000.0,47401000.0,49400000.0,11141.9610064,546010947959.2891
2023-11-10 09:00:00,49400000.0,50215000.0,48759000.0,50030000.0,6043.14362454,299708542656.05597
2023-11-11 09:00:00,50030000.0,50100000.0,49230000.0,49629000.0,3533.85638572,175349322990.9461
2023-11-12 09:00:00,49629000.0,49929000.0,49141000.0,49418000.0,3274.7534793,161934761242.51166
2023-11-13 09:00:00,49418000.0,49803000.0,49000000.0,49154000.0,3616.16847856,178810971819.30255
2023-11-14 09:00:00,49151000.0,49633000.0,47524000.0,47969000.0,5902.63410005,288080691020.0241
2023-11-15 09:00:00,47969000.0,50552000.0,47018000.0,50457000.0,6306.63752813,306665869019.82623
2023-11-16 09:00:00,50463000.0,50652000.0,48115000.0,48868000.0,5432.88965934,269149850359.8781
2023-11-17 09:00:00,48878000.0,49501000.0,48552000.0,49390000.0,3480.16145402,170567582593.56808
2023-11-18 09:00:00,49390000.0,49507000.0,48862000.0,49165000.0,1849.64117899,90867746691.93956
2023-11-19 09:00:00,49190000.0,49999000.0,49000000.0,49800000.0,2013.89896514,99286328889.46626
2023-11-20 09:00:00,49800000.0,50305000.0,49283000.0,50170000.0,3173.09186779,158066390992.00266
2023-11-21 09:00:00,50170000.0,50389000.0,48510000.0,48510000.0,5154.0749487,255668303594.71704
2023-11-22 09:00:00,48521000.0,50499000.0,48391000.0,50042000.0,4203.05718026,207585606679.1641
2023-11-23 09:00:00,50050000.0,50253000.0,49500000.0,49929000.0,2375.37097906,118658022255.89616
2023-11-24 09:00:00,49936000.0,51323000.0,49888000.0,50601000.0,3684.13103632,186303047671.0546
2023-11-25 09:00:00,50606000.0,50802000.0,50307000.0,50533000.0,1735.64159119,87821072936.28871
2023-11-26 09:00:00,50533000.0,50610000.0,50019000.0,50210000.0,1931.40729605,97182147445.94131
2023-11-27 09:00:00,50210000.0,50446000.0,49500000.0,50275000.0,2967.23413174,148203533801.63138
2023-11-28 09:00:00,50274000.0,51095000.0,49550000.0,50576000.0,3070.18580271,154384605619.8331
2023-11-29 09:00:00,50576000.0,51250000.0,50419000.0,50720000.0,2831.02552019,143915341326.90656
2023-11-30 09:00:00,50720000.0,50963000.0,50445000.0,50586000.0,2773.4807392,140498847764.6817
2023-12-01 09:00:00,50601000.0,52000000.0,50500000.0,51709000.0,4022.03933345,206684690132.80362
2023-12-02 09:00:00,51710000.0,52833000.0,51645000.0,52603000.0,2689.11690841,139928155615.26788
2023-12-03 09:00:00,52615000.0,53864000.0,52531000.0,53700000.0,3551.85450167,188420442100.16516
2023-12-04 09:00:00,53761000.0,57337000.0,53690000.0,56920000.0,11395.02751964,634928029492.8329
2023-12-05 09:00:00,56922000.0,60769000.0,56000000.0,60227000.0,9996.25271209,580788211507.9005
2023-12-06 09:00:00,60230000.0,61312000.0,59572000.0,60314000.0,8840.70990951,533639805638.3533
2023-12-07 09:00:00,60295000.0,60958000.0,58555000.0,59250000.0,8318.92475677,496929423027.319
2023-12-08 09:00:00,59237000.0,60753000.0,58750000.0,60142000.0,5252.13320218,312888965810.0667
2023-12-09 09:00:00,60148000.0,60395000.0,59680000.0,60082000.0,3528.90759303,212176303316.26273
2023-12-10 09:00:00,60082000.0,60277000.0,59563000.0,59835000.0,2575.29471124,154503668158.04605
2023-12-11 09:00:00,59834000.0,59918000.0,55460000.0,56950000.0,11981.70048829,690921164445.8722
2023-12-12 09:00:00,56950000.0,58780000.0,56654000.0,57605000.0,8005.13993037,461428661644.5635
2023-12-13 09:00:00,57605000.0,59924000.0,56500000.0,59056000.0,5623.2041578,326097648745.7368
2023-12-14 09:00:00,59056000.0,59500000.0,58002000.0,58735000.0,4548.14813078,267479933082.30008
2023-12-15 09:00:00,58727000.0,58973000.0,57632000.0,58028000.0,3771.61724969,220131142067.4275
2023-12-16 09:00:00,58020000.0,58562000.0,57574000.0,57935000.0,2546.60255462,147866504293.10175
2023-12-17 09:00:00,57928000.0,58017000.0,56700000.0,56710000.0,3121.98161119,179292490567.81885
2023-12-18 09:00:00,56710000.0,58184000.0,55002000.0,58130000.0,9358.51829274,526899459317.0283
2023-12-19 09:00:00,58099000.0,58944000.0,57260000.0,57845000.0,4742.2058516,276210220545.6467
2023-12-20 09:00:00,57840000.0,59873000.0,57580000.0,59351000.0,6248.37736262,367164134039.18427
2023-12-21 09:00:00,59350000.0,60000000.0,58924000.0,59479000.0,4490.29798433,267069048287.66504
2023-12-22 09:00:00,59479000.0,60419000.0,59094000.0,59532000.0,4790.38513967,285751504134.6063
2023-12-23 09:00:00,59532000.0,59700000.0,59000000.0,59250000.0,2340.10844959,138939077714.4067
2023-12-24 09:00:00,59249000.0,59600000.0,58000000.0,58002000.0,3729.33358016,220016987575.62384
2023-12-25 09:00:00,58002000.0,58659000.0,57464000.0,58042000.0,4687.20889184,272132952454.451
2023-12-26 09:00:00,58042000.0,58140000.0,56349000.0,57032000.0,4735.23025583,270822789242.3728
2023-12-27 09:00:00,57032000.0,58212000.0,56349000.0,57920000.0,3965.8428233,227009564284.49377
2023-12-28 09:00:00,57920000.0,58468000.0,56700000.0,56907000.0,3958.81673633,226957310350.44257
2023-12-29 09:00:00,56904000.0,57300000.0,56000000.0,56450000.0,4273.27071779,241957208417.80063
2023-12-30 09:00:00,56450000.0,57150000.0,56101000.0,56639000.0,2301.72482929,130136720731.60126
2023-12-31 09:00:00,56639000.0,57437000.0,56452000.0,57047000.0,2308.38316024,131519480295.09232
2024-01-01 09:00:00,57045000.0,58847000.0,57045000.0,58839000.0,3165.32092908,182491217914.30185
2024-01-02 09:00:00,58839000.0,60997000.0,58814000.0,60206000.0,8221.19868374,495038780463.7768
2024-01-03 09:00:00,60205000.0,60799000.0,54346000.0,58581000.0,16310.30692586,945841183535.2499
2024-01-04 09:00:00,58581000.0,60162000.0,57319000.0,59477000.0,6254.53768656,366025648066.8456
2024-01-05 09:00:00,59477000.0,59695000.0,57577000.0,59351000.0,4822.3896766,284352418527.13806
2024-01-06 09:00:00,59351000.0,59518000.0,58651000.0,59329000.0,2482.6262327,146681858163.83517
2024-01-07 09:00:00,59329000.0,59879000.0,58630000.0,59108000.0,3285.09256035,195332894541.23975
2024-01-08 09:00:00,59108000.0,63410000.0,57801000.0,63010000.0,11161.48689391,677313414712.9883
2024-01-09 09:00:00,63011000.0,64385000.0,60748000.0,62014000.0,9882.55128738,617115004717.8223
2024-01-10 09:00:00,62001000.0,65000000.0,59730000.0,63621000.0,16442.71360776,1023312951596.1451
2024-01-11 09:00:00,63621000.0,66779000.0,62246000.0,63550000.0,14392.35118741,923979801876.3722
2024-01-12 09:00:00,63560000.0,63820000.0,58200000.0,59435000.0,11517.51602146,705250093415.7546
2024-01-13 09:00:00,59430000.0,59860000.0,58174000.0,58968000.0,5542.07595015,326997534585.3025
2024-01-14 09:00:00,58968000.0,59254000.0,57312000.0,57391000.0,3950.54738176,230963494089.2534
2024-01-15 09:00:00,57380000.0,59340000.0,57332000.0,58354000.0,3967.32180816,231794647049.94147
2024-01-16 09:00:00,58416000.0,59577000.0,58169000.0,59196000.0,3748.9674189,220847570069.63248
2024-01-17 09:00:00,59197000.0,59300000.0,58269000.0,58776000.0,2837.33448993,166684664128.92538
2024-01-18 09:00:00,58776000.0,58900000.0,56754000.0,57284000.0,4268.88383965,247274595060.62836
2024-01-19 09:00:00,57281000.0,58180000.0,55935000.0,57739000.0,5634.88177074,319935326045.1161
2024-01-20 09:00:00,57738000.0,57796000.0,57242000.0,57517000.0,2127.46454183,122466062930.22649
2024-01-21 09:00:00,57550000.0,57942000.0,57350000.0,57387000.0,2003.6715815,115423278977.731
2024-01-22 09:00:00,57392000.0,57543000.0,54659000.0,54689000.0,6334.41138362,354946267211.27905
2024-01-23 09:00:00,54689000.0,55576000.0,53125000.0,55389000.0,7696.9657732,417612365974.9237
2024-01-24 09:00:00,55389000.0,55850000.0,54446000.0,55200000.0,3615.04171313,199193987331.73764
2024-01-25 09:00:00,55200000.0,55586000.0,54760000.0,55101000.0,2868.41775244,158151643849.23672
2024-01-26 09:00:00,55101000.0,58146000.0,54957000.0,57503000.0,5241.71188424,297208668227.302
2024-01-27 09:00:00,57526000.0,58189000.0,57046000.0,58086000.0,2217.23585074,127856613888.00935
2024-01-28 09:00:00,58086000.0,58880000.0,57400000.0,57855000.0,2804.05316336,163353578683.5286
2024-01-29 09:00:00,57855000.0,59210000.0,57561000.0,59101000.0,3400.58213496,198470118247.67715
2024-01-30 09:00:00,59129000.0,59863000.0,58600000.0,58965000.0,4111.4027948,243788049861.6119
2024-01-31 09:00:00,58966000.0,59848000.0,58221000.0,58738000.0,3372.05512523,198864403810.88028
2024-02-01 09:00:00,58738000.0,59302000.0,57804000.0,59150000.0,2757.18048169,161060109648.93842
2024-02-02 09:00:00,59150000.0,59531000.0,58551000.0,59299000.0,2278.87315759,134728620635.56172
2024-02-03 09:00:00,59295000.0,59485000.0,59120000.0,59260000.0,1168.38699158,69320649322.95328
2024-02-04 09:00:00,59262000.0,59324000.0,58633000.0,58811000.0,1272.47453255,75191501973.40013
2024-02-05 09:00:00,58814000.0,59800000.0,58311000.0,58882000.0,2801.14722486,165309802322.86816
2024-02-06 09:00:00,58882000.0,59400000.0,58650000.0,59039000.0,2068.07481117,121948276958.82838
2024-02-07 09:00:00,59020000.0,60373000.0,58745000.0,60232000.0,4016.91251278,238381737380.20325
2024-02-08 09:00:00,60242000.0,62200000.0,60232000.0,62011000.0,4403.57321568,269421771730.88812
2024-02-09 09:00:00,62011000.0,64955000.0,61717000.0,63682000.0,8059.0341961,512755906366.25
2024-02-10 09:00:00,63682000.0,64890000.0,63062000.0,64549000.0,3520.61476764,225319150684.7367
2024-02-11 09:00:00,64549000.0,65500000.0,64256000.0,65230000.0,3675.68043315,238873276592.43555
2024-02-12 09:00:00,65231000.0,67444000.0,64887000.0,67002000.0,6674.5189116,441592898902.0397
2024-02-13 09:00:00,67002000.0,67698000.0,65800000.0,67309000.0,6757.73223342,452457508733.7282
2024-02-14 09:00:00,67309000.0,70300000.0,66800000.0,70199000.0,8040.24948851,555788800123.2118
2024-02-15 09:00:00,70195000.0,72216000.0,70190000.0,71253000.0,8360.6265065,596093200995.1085
2024-02-16 09:00:00,71253000.0,72500000.0,70782000.0,72128000.0,4895.5305616,351583502414.54065
2024-02-17 09:00:00,72134000.0,72267000.0,69595000.0,71530000.0,6239.93681452,443405034028.45605
2024-02-18 09:00:00,71500000.0,72158000.0,70669000.0,71964000.0,3622.39704322,258754010038.3827
2024-02-19 09:00:00,71968000.0,72412000.0,71728000.0,71755000.0,3590.53994514,258718607451.79404
2024-02-20 09:00:00,71755000.0,73100000.0,71010000.0,72191000.0,5210.9537578,374956852709.30115
2024-02-21 09:00:00,72160000.0,72465000.0,71100000.0,72397000.0,3784.15692927,271810716263.94452
2024-02-22 09:00:00,72397000.0,72399000.0,71458000.0,71601000.0,2956.43290437,212441719114.15668
2024-02-23 09:00:00,71600000.0,71835000.0,70657000.0,70805000.0,2937.89362228,209597391438.7119
2024-02-24 09:00:00,70804000.0,71467000.0,70542000.0,71107000.0,2768.92244263,196504422512.8034
2024-02-25 09:00:00,71107000.0,71595000.0,70907000.0,71256000.0,1867.42810931,132976936582.42847
2024-02-26 09:00:00,71256000.0,75000000.0,70000000.0,74742000.0,6152.52849944,445753506046.4029
2024-02-27 09:00:00,74741000.0,79183000.0,74554000.0,78619000.0,10168.66847875,789427020915.4601
2024-02-28 09:00:00,78621000.0,88424000.0,78082000.0,87634000.0,19254.09747335,1605842409329.8965
2024-02-29 09:00:00,87654000.0,90000000.0,85244000.0,85910000.0,14269.12684354,1247891807737.9043
2024-03-01 09:00:00,85911000.0,88500000.0,85910000.0,87397000.0,6256.97193595,545793423395.0005
2024-03-02 09:00:00,87397000.0,87724000.0,86090000.0,86383000.0,5481.66253212,475836197640.3118
2024-03-03 09:00:00,86382000.0,87993000.0,85000000.0,87982000.0,6017.57168637,520339172689.89
2024-03-04 09:00:00,87978000.0,95586000.0,87302000.0,95500000.0,13254.11820787,1211101233989.3242
2024-03-05 09:00:00,95500000.0,97000000.0,88024000.0,91275000.0,22134.5823534,2068791243827.417
2024-03-06 09:00:00,91275000.0,94917000.0,88233000.0,93325000.0,12290.20386486,1132969096241.1963
2024-03-07 09:00:00,93325000.0,95678000.0,92670000.0,94060000.0,5792.49252841,544938284330.71326
2024-03-08 09:00:00,94044000.0,98543000.0,94000000.0,96237000.0,8721.93321965,835209405680.1185
2024-03-09 09:00:00,96237000.0,96420000.0,95120000.0,95946000.0,3946.68168858,378536088958.2131
2024-03-10 09:00:00,95946000.0,98445000.0,95904000.0,97495000.0,5997.98580277,584591822773.3928
2024-03-11 09:00:00,97501000.0,101940000.0,95132000.0,100404000.0,14017.56814882,1394027929273.16
2024-03-12 09:00:00,100404000.0,102350000.0,99000000.0,101200000.0,8326.93269496,840639249935.1646
2024-03-13 09:00:00,101200000.0,104865000.0,100909000.0,104122000.0,7708.11925332,796117209603.253
2024-03-14 09:00:00,104121000.0,105000000.0,100000000.0,102506000.0,10526.11243481,1082636743178.8175
2024-03-15 09:00:00,102506000.0,104131000.0,95600000.0,101000000.0,17862.96961701,1768528691395.1565
2024-03-16 09:00:00,101010000.0,102407000.0,95700000.0,96767000.0,7805.49537673,773300912136.6715
2024-03-17 09:00:00,96769000.0,100299000.0,94300000.0,99922000.0,10512.20194197,1018011483571.2373
2024-03-18 09:00:00,99934000.0,100233000.0,97623000.0,99040000.0,6061.17057346,601364533012.1357
2024-03-19 09:00:00,99042000.0,99700000.0,92027000.0,92572000.0,14040.62247096,1333253975751.9326
2024-03-20 09:00:00,92541000.0,100216000.0,89845000.0,99726000.0,14156.97655657,1336501266984.0964
2024-03-21 09:00:00,99726000.0,99801000.0,95000000.0,95552000.0,7441.53702699,724759488812.2096
2024-03-22 09:00:00,95618000.0,96500000.0,92222000.0,93855000.0,6646.70819911,625975200849.2533
2024-03-23 09:00:00,93850000.0,95609000.0,92593000.0,93274000.0,3672.55444643,344921898105.8299
2024-03-24 09:00:00,93317000.0,97252000.0,93079000.0,96624000.0,3888.32456609,369010924364.2194
2024-03-25 09:00:00,96624000.0,100500000.0,95600000.0,99202000.0,7510.92358508,736915127805.8601
2024-03-26 09:00:00,99202000.0,100800000.0,98830000.0,100051000.0,5187.8255505,518625422690.3721
2024-03-27 09:00:00,100051000.0,101900000.0,98700000.0,99890000.0,6873.29706874,687535364829.5654
2024-03-28 09:00:00,99890000.0,101725000.0,99251000.0,100900000.0,5332.23099753,535926456305.18634
2024-03-29 09:00:00,100900000.0,101100000.0,99210000.0,99801000.0,4351.27001019,435401166585.58826
2024-03-30 09:00:00,99876000.0,100317000.0,99455000.0,99985000.0,1962.11149493,196155308244.61237
2024-03-31 09:00:00,99985000.0,101133000.0,99930000.0,100970000.0,2112.03397974,212087515001.09903
2024-04-01 09:00:00,100991000.0,101098000.0,98658000.0,100100000.0,4739.72230488,472761515355.0921
2024-04-02 09:00:00,100100000.0,100100000.0,95000000.0,96053000.0,8066.15019928,780975960649.7177
2024-04-03 09:00:00,96053000.0,97300000.0,94682000.0,96502000.0,4274.27113577,411426554028.0002
2024-04-04 09:00:00,96502000.0,99912000.0,95598000.0,99361000.0,4377.11634387,427159595437.90393
2024-04-05 09:00:00,99445000.0,99669000.0,96800000.0,98394000.0,3533.18774879,346785702174.4224
2024-04-06 09:00:00,98385000.0,99888000.0,97745000.0,99023000.0,1885.55868844,185840192041.35562
2024-04-07 09:00:00,99000000.0,100450000.0,98976000.0,99369000.0,2132.30263827,212381001693.2222
2024-04-08 09:00:00,99369000.0,103084000.0,99100000.0,102101000.0,5621.6941615,571091810718.5997
2024-04-09 09:00:00,102050000.0,102399000.0,98400000.0,99350000.0,4778.27379895,478845250480.8743
2024-04-10 09:00:00,99409000.0,101750000.0,97614000.0,100600000.0,4307.83087037,427447865181.8295
2024-04-11 09:00:00,100601000.0,101452000.0,100031000.0,100541000.0,3026.45443123,304817123210.9132
2024-04-12 09:00:00,100542000.0,101426000.0,98985000.0,99776000.0,5005.55856794,501138671632.28973
2024-04-13 09:00:00,99645000.0,100569000.0,95000000.0,97149000.0,9545.1942808,935752426506.9319
2024-04-14 09:00:00,97093000.0,99180000.0,95224000.0,98905000.0,6601.79791673,640496163193.9851
2024-04-15 09:00:00,98931000.0,99490000.0,95702000.0,96527000.0,5860.57730753,572334441333.4099
2024-04-16 09:00:00,96530000.0,96941000.0,93500000.0,95597000.0,6058.36670549,575142167083.7314
2024-04-17 09:00:00,95597000.0,96500000.0,90200000.0,91419000.0,7117.39044578,660323082104.5907
2024-04-18 09:00:00,91439000.0,94200000.0,90000000.0,93356000.0,5793.82700325,533379890524.8668
2024-04-19 09:00:00,93392000.0,95958000.0,88500000.0,93390000.0,8931.11165293,826226752319.6167
2024-04-20 09:00:00,93390000.0,95600000.0,92615000.0,94805000.0,2666.36468567,250942877130.00293
2024-04-21 09:00:00,94840000.0,95989000.0,94312000.0,94868000.0,2369.21252418,225327547192.15237
2024-04-22 09:00:00,94911000.0,97627000.0,94622000.0,97192000.0,3221.84889236,309448245996.401
2024-04-23 09:00:00,97239000.0,97592000.0,95246000.0,96045000.0,3179.44418004,305907337794.1537
2024-04-24 09:00:00,96071000.0,96627000.0,92734000.0,93534000.0,3593.11116027,340438754437.031
2024-04-25 09:00:00,93520000.0,94319000.0,91213000.0,92745000.0,3762.56315286,348460853187.8564
2024-04-26 09:00:00,92761000.0,93000000.0,91465000.0,91951000.0,2016.93752002,186024518912.63318
2024-04-27 09:00:00,91955000.0,92175000.0,90292000.0,91499000.0,2455.80711714,223315339244.9676
2024-04-28 09:00:00,91499000.0,92630000.0,90153000.0,90530000.0,1861.37990104,169995089305.7691
2024-04-29 09:00:00,90533000.0,92000000.0,88500000.0,91400000.0,4650.34162208,417019267508.9052
2024-04-30 09:00:00,91400000.0,92540000.0,85606000.0,87137000.0,7328.91773497,647143762714.2603
2024-05-01 09:00:00,87152000.0,87625000.0,80005000.0,83499000.0,15078.237548,1247874579269.3682
2024-05-02 09:00:00,83499000.0,84000000.0,80601000.0,83078000.0,5609.70236742,462472415374.88916
2024-05-03 09:00:00,83096000.0,89821000.0,82807000.0,89291000.0,8040.2538403,693338249542.2839
2024-05-04 09:00:00,89291000.0,91123000.0,87910000.0,90303000.0,4208.08896117,377188650331.0702
2024-05-05 09:00:00,90303000.0,90759000.0,88331000.0,90061000.0,2550.73818403,228798229172.96234
2024-05-06 09:00:00,90100000.0,91681000.0,88500000.0,88804000.0,3986.16458238,359037836997.4739
2024-05-07 09:00:00,88780000.0,90157000.0,87500000.0,87595000.0,2916.803769,259678493158.40872
2024-05-08 09:00:00,87595000.0,88566000.0,85109000.0,85872000.0,3819.52775807,332700514292.9092
2024-05-09 09:00:00,85872000.0,88500000.0,85020000.0,88116000.0,3096.80934359,267645945872.65704
2024-05-10 09:00:00,88116000.0,88480000.0,85120000.0,85842000.0,3277.85722892,284534708229.2591
2024-05-11 09:00:00,85842000.0,86500000.0,85209000.0,85791000.0,1299.78149293,111471508154.94107
2024-05-12 09:00:00,85791000.0,86978000.0,85618000.0,86521000.0,1042.82371152,89929598339.25037
2024-05-13 09:00:00,86521000.0,88485000.0,85410000.0,87928000.0,3085.90700562,269283280046.10648
2024-05-14 09:00:00,87934000.0,88225000.0,85801000.0,86500000.0,2756.81157854,239136551619.17407
2024-05-15 09:00:00,86524000.0,92444000.0,86200000.0,92111000.0,5272.78652607,473734749005.6969
2024-05-16 09:00:00,92111000.0,92860000.0,90250000.0,90800000.0,3657.22884649,334699904978.9204
2024-05-17 09:00:00,90839000.0,93123000.0,90700000.0,92646000.0,2713.8193315,249519198606.6008
2024-05-18 09:00:00,92632000.0,93500000.0,92337000.0,93066000.0,1821.32715047,169295118960.64792
2024-05-19 09:00:00,93066000.0,93990000.0,91843000.0,92185000.0,2335.84848532,217037553806.18616
2024-05-20 09:00:00,92185000.0,97264000.0,91931000.0,97260000.0,4413.1861654,416886189056.5984
2024-05-21 09:00:00,97260000.0,98150000.0,95571000.0,96700000.0,4609.75650446,447572373508.3656
2024-05-22 09:00:00,96717000.0,96999000.0,94640000.0,95421000.0,2799.80156982,268537986813.09387
2024-05-23 09:00:00,95421000.0,96881000.0,93000000.0,94900000.0,4396.1343619,417507248596.06085
2024-05-24 09:00:00,94897000.0,96160000.0,93300000.0,95214000.0,2489.94183313,235509732034.2646
2024-05-25 09:00:00,95214000.0,96598000.0,95192000.0,96240000.0,1452.89641348,139437862033.11826
2024-05-26 09:00:00,96240000.0,96590000.0,95400000.0,95610000.0,1583.87158304,152194945654.3936
2024-05-27 09:00:00,95634000.0,97360000.0,95050000.0,96050000.0,2667.48347563,256303977047.8687
2024-05-28 09:00:00,96050000.0,96119000.0,93654000.0,94600000.0,3176.96320333,300604135784.2556
2024-05-29 09:00:00,94654000.0,95232000.0,93440000.0,93910000.0,2475.18788783,233226273178.99045
2024-05-30 09:00:00,93910000.0,96120000.0,93620000.0,94943000.0,2703.78621192,255996014541.8591
2024-05-31 09:00:00,95000000.0,96000000.0,93700000.0,94505000.0,2203.22332533,209050615252.5121
2024-06-01 09:00:00,94504000.0,94850000.0,94361000.0,94720000.0,620.25035104,58706044440.81196
2024-06-02 09:00:00,94762000.0,95626000.0,94500000.0,95000000.0,1113.85982666,105872261448.48648
2024-06-03 09:00:00,95000000.0,97358000.0,94825000.0,95994000.0,2779.47684838,267415381863.87976
2024-06-04 09:00:00,95994000.0,97927000.0,95520000.0,97500000.0,2699.30531296,261246188651.128
2024-06-05 09:00:00,97490000.0,98989000.0,97280000.0,98385000.0,2709.00469092,266052740201.06946
2024-06-06 09:00:00,98385000.0,99400000.0,98009000.0,98334000.0,2226.53984487,219522291452.61084
2024-06-07 09:00:00,98321000.0,99650000.0,97219000.0,97919000.0,3319.13194888,326990960605.8829
2024-06-08 09:00:00,97919000.0,98278000.0,97750000.0,98125000.0,1083.63453147,106163964517.00305
2024-06-09 09:00:00,98137000.0,98400000.0,97710000.0,97983000.0,903.04585461,88498186805.20483
2024-06-10 09:00:00,97983000.0,98031000.0,96980000.0,97276000.0,1491.30862127,145257348150.08334
2024-06-11 09:00:00,97279000.0,97350000.0,93821000.0,95329000.0,3889.452394,369758493289.9728
2024-06-12 09:00:00,95329000.0,98204000.0,94502000.0,95934000.0,3395.53957526,327467722850.80164
2024-06-13 09:00:00,95934000.0,96356000.0,94107000.0,94614000.0,2161.15981221,205687345192.51294
2024-06-14 09:00:00,94614000.0,95202000.0,93001000.0,93978000.0,2232.32985005,210323777357.75565
2024-06-15 09:00:00,93979000.0,94268000.0,93546000.0,93910000.0,906.41818634,85103451469.52345
2024-06-16 09:00:00,93913000.0,94708000.0,93611000.0,94219000.0,841.90412208,79272815452.88979
2024-06-17 09:00:00,94219000.0,94442000.0,91559000.0,93588000.0,3306.85987741,307092672708.7484
2024-06-18 09:00:00,93589000.0,93699000.0,90638000.0,91649000.0,3084.47656922,283289620632.5299
2024-06-19 09:00:00,91649000.0,92727000.0,91170000.0,91555000.0,1711.11748826,157280746104.31015
2024-06-20 09:00:00,91549000.0,93581000.0,91500000.0,91780000.0,1989.14998554,183662665916.08588
2024-06-21 09:00:00,91779000.0,92031000.0,89501000.0,90308000.0,2713.72122916,245462226021.85233
2024-06-22 09:00:00,90308000.0,91086000.0,90141000.0,90874000.0,648.51462524,58876597356.40121
2024-06-23 09:00:00,90874000.0,91382000.0,89033000.0,89046000.0,1076.73789827,97216083240.50478
2024-06-24 09:00:00,89100000.0,89441000.0,83101000.0,85496000.0,7434.8292641,642782780185.859
2024-06-25 09:00:00,85495000.0,87981000.0,85032000.0,87450000.0,3359.06885104,290625255002.558
2024-06-26 09:00:00,87463000.0,88356000.0,85930000.0,86027000.0,1958.86652444,170172602843.6051
2024-06-27 09:00:00,86092000.0,87957000.0,85396000.0,86884000.0,1879.37091558,162614405577.3093
2024-06-28 09:00:00,86875000.0,87510000.0,84740000.0,85158000.0,2112.30766272,181740242265.76205
2024-06-29 09:00:00,85157000.0,86000000.0,85102000.0,85765000.0,750.29847644,64278180308.71439
2024-06-30 09:00:00,85765000.0,88490000.0,85370000.0,87920000.0,1407.83744184,122284229060.17992
2024-07-01 09:00:00,87920000.0,89644000.0,87609000.0,88253000.0,2120.47778236,187910215069.42743
2024-07-02 09:00:00,88259000.0,88847000.0,86987000.0,87248000.0,1525.13237149,133974236157.29668
2024-07-03 09:00:00,87270000.0,87623000.0,84508000.0,85331000.0,2823.97617467,241696760888.49173
2024-07-04 09:00:00,85331000.0,85592000.0,81207000.0,81680000.0,6151.28764968,508714299967.0383
2024-07-05 09:00:00,81680000.0,82544000.0,77335000.0,81118000.0,9719.19667539,771379661181.4397
2024-07-06 09:00:00,81118000.0,83202000.0,79938000.0,82826000.0,2664.49967064,217020180860.6007
2024-07-07 09:00:00,82850000.0,82940000.0,79280000.0,79397000.0,2527.24731033,205364943238.90503
2024-07-08 09:00:00,79397000.0,82700000.0,77880000.0,80534000.0,5094.76571434,407495808244.1024
2024-07-09 09:00:00,80499000.0,82300000.0,80000000.0,82043000.0,2547.62184575,207188813320.79987
2024-07-10 09:00:00,82043000.0,83825000.0,81096000.0,81896000.0,2927.47972497,241533427852.04196
2024-07-11 09:00:00,81926000.0,83795000.0,81000000.0,81070000.0,2930.42730849,240656104086.51352
2024-07-12 09:00:00,81070000.0,82309000.0,80085000.0,81540000.0,2003.05277025,162370294145.94073
2024-07-13 09:00:00,81548000.0,83700000.0,81300000.0,82901000.0,1698.9670231,139900580321.58945
2024-07-14 09:00:00,82901000.0,86000000.0,82860000.0,85430000.0,3162.56205447,267061160893.37726
2024-07-15 09:00:00,85430000.0,91294000.0,85269000.0,91162000.0,5087.5047679,449269971924.1909
2024-07-16 09:00:00,91162000.0,91544000.0,87300000.0,90807000.0,6229.90082082,557878343297.2963
2024-07-17 09:00:00,90825000.0,92159000.0,89380000.0,89467000.0,3690.86942876,335601755804.37213
2024-07-18 09:00:00,89464000.0,91200000.0,89049000.0,89850000.0,2571.16592106,231608554045.43936
2024-07-19 09:00:00,89850000.0,94073000.0,88675000.0,93004000.0,4216.76104722,385983610442.7926
2024-07-20 09:00:00,93004000.0,94624000.0,92736000.0,94065000.0,1966.82922042,184106522945.32446
2024-07-21 09:00:00,94073000.0,95299000.0,92413000.0,95000000.0,2999.30004219,282511677391.88605
2024-07-22 09:00:00,95000000.0,95353000.0,93050000.0,94357000.0,2864.06872329,270086053980.06497
2024-07-23 09:00:00,94284000.0,94748000.0,92000000.0,92230000.0,3198.17266819,298055492452.224
2024-07-24 09:00:00,92224000.0,93494000.0,91051000.0,91501000.0,3120.28733945,287757546664.5858
2024-07-25 09:00:00,91501000.0,93138000.0,89202000.0,92465000.0,4242.34259951,384022678969.55927
2024-07-26 09:00:00,92475000.0,95000000.0,92286000.0,94727000.0,3254.87216648,306215486613.3734
2024-07-27 09:00:00,94639000.0,96813000.0,93150000.0,94292000.0,4913.83842022,467925032426.02423
2024-07-28 09:00:00,94341000.0,95380000.0,93600000.0,95363000.0,2056.69856884,194537737710.59518
2024-07-29 09:00:00,95363000.0,97100000.0,93203000.0,93618000.0,4778.70828116,456579708586.51715
2024-07-30 09:00:00,93605000.0,93878000.0,91825000.0,92788000.0,2825.61883321,262705366724.15695
2024-07-31 09:00:00,92790000.0,93298000.0,90345000.0,90345000.0,3099.02844262,284977850977.3531
2024-08-01 09:00:00,90346000.0,92300000.0,88001000.0,91789000.0,5048.04552891,454095059912.4309
2024-08-02 09:00:00,91789000.0,92200000.0,86377000.0,86691000.0,5089.66250349,453754064161.6217
2024-08-03 09:00:00,86691000.0,87690000.0,85000000.0,85957000.0,4059.37513687,350471535778.3624
2024-08-04 09:00:00,85954000.0,86311000.0,81684000.0,81871000.0,4532.63397761,380290142556.4757
2024-08-05 09:00:00,81871000.0,82256000.0,72100000.0,77833000.0,23878.79267178,1828233999514.335
2024-08-06 09:00:00,77786000.0,82150000.0,77782000.0,80224000.0,7868.46700086,630449026117.0752
2024-08-07 09:00:00,80166000.0,81950000.0,77782000.0,78388000.0,5316.47766092,425826912725.80835
2024-08-08 09:00:00,78386000.0,87980000.0,77941000.0,86397000.0,7126.01269616,589875336679.084
2024-08-09 09:00:00,86397000.0,86704000.0,84000000.0,85518000.0,3892.85974175,332298406966.0832
2024-08-10 09:00:00,85523000.0,86370000.0,84760000.0,85669000.0,1489.63387466,127296971385.76044
2024-08-11 09:00:00,85669000.0,86424000.0,82208000.0,82815000.0,2669.17265554,225284918716.3791
2024-08-12 09:00:00,82816000.0,85000000.0,81000000.0,83221000.0,5072.09672139,420485878758.05646
2024-08-13 09:00:00,83207000.0,85770000.0,82050000.0,84600000.0,2989.81215206,250426145464.81427
2024-08-14 09:00:00,84587000.0,85950000.0,82218000.0,82457000.0,3583.12495297,301026089757.4763
2024-08-15 09:00:00,82440000.0,83555000.0,79500000.0,81004000.0,3986.43185704,325801942348.10706
2024-08-16 09:00:00,81044000.0,83400000.0,80296000.0,82209000.0,2629.8190762,214699078822.88956
2024-08-17 09:00:00,82185000.0,83000000.0,82042000.0,82849000.0,887.07641461,73291253042.81598
2024-08-18 09:00:00,82821000.0,83679000.0,81500000.0,81500000.0,1727.83371254,143255575447.1464
2024-08-19 09:00:00,81500000.0,81915000.0,80100000.0,81680000.0,2644.34129141,214078811458.96536
2024-08-20 09:00:00,81678000.0,83400000.0,80501000.0,80751000.0,3339.76112482,274100335212.15652
2024-08-21 09:00:00,80751000.0,83600000.0,80567000.0,82900000.0,2882.78548851,235879234125.4242
2024-08-22 09:00:00,82900000.0,83101000.0,81280000.0,82003000.0,2138.23568495,176142420142.3459
2024-08-23 09:00:00,82012000.0,86500000.0,82002000.0,85600000.0,4485.27203937,376889529927.51227
2024-08-24 09:00:00,85600000.0,86390000.0,85155000.0,85767000.0,2204.28031834,189010265920.50162
2024-08-25 09:00:00,85807000.0,86979000.0,85410000.0,86254000.0,1698.8163817,145981547975.5474
2024-08-26 09:00:00,86240000.0,86529000.0,84408000.0,84408000.0,2260.53739932,192748229997.8137
2024-08-27 09:00:00,84408000.0,84794000.0,80121000.0,80950000.0,4066.7490567,335829079690.97577
2024-08-28 09:00:00,80947000.0,81895000.0,79550000.0,80569000.0,3848.30364196,310686076764.39667
2024-08-29 09:00:00,80618000.0,82700000.0,80151000.0,80790000.0,2539.08247784,206219103448.4138
2024-08-30 09:00:00,80745000.0,81250000.0,79225000.0,80439000.0,2858.21980495,229386098042.93787
2024-08-31 09:00:00,80439000.0,80823000.0,80009000.0,80262000.0,841.99580262,67710249599.81931
2024-09-01 09:00:00,80300000.0,80370000.0,78300000.0,78301000.0,2541.94042215,201464348305.40323
2024-09-02 09:00:00,78303000.0,80610000.0,78235000.0,80205000.0,2207.5986061,174932522315.02856
2024-09-03 09:00:00,80247000.0,81101000.0,78250000.0,78272000.0,2562.51172354,203978935020.43103
2024-09-04 09:00:00,78270000.0,79300000.0,76248000.0,78739000.0,3895.41394663,301711447734.27747
2024-09-05 09:00:00,78739000.0,79131000.0,76000000.0,76330000.0,2957.70339093,227922886561.5563
2024-09-06 09:00:00,76330000.0,76860000.0,72200000.0,73644000.0,6081.77185166,453955119507.9664
2024-09-07 09:00:00,73644000.0,74580000.0,73078000.0,73640000.0,1801.62027481,132925505237.01608
2024-09-08 09:00:00,73640000.0,74880000.0,72992000.0,74437000.0,1592.04001829,117599921455.3581
2024-09-09 09:00:00,74439000.0,78500000.0,74093000.0,77275000.0,3101.05486477,235311917797.4669
2024-09-10 09:00:00,77275000.0,78485000.0,76432000.0,78089000.0,2189.56080713,169362601828.1939
2024-09-11 09:00:00,78091000.0,78200000.0,75380000.0,77301000.0,3055.31403806,234573394617.97586
2024-09-12 09:00:00,77361000.0,78830000.0,77300000.0,78269000.0,2510.01259415,196214298456.70428
2024-09-13 09:00:00,78269000.0,81100000.0,77700000.0,80930000.0,2847.08604999,225703375433.60367
2024-09-14 09:00:00,80930000.0,81174000.0,80040000.0,80524000.0,1324.44479737,106802968052.03972
2024-09-15 09:00:00,80524000.0,81009000.0,79090000.0,79690000.0,1293.20254846,103959710509.01263
2024-09-16 09:00:00,79691000.0,79860000.0,77740000.0,78469000.0,2425.49996851,190805166243.93906
2024-09-17 09:00:00,78468000.0,82364000.0,77774000.0,81116000.0,3063.50091322,246315657168.2539
2024-09-18 09:00:00,81116000.0,82618000.0,80008000.0,82604000.0,3362.15013751,272656090815.34293
2024-09-19 09:00:00,82603000.0,85000000.0,82286000.0,83892000.0,4549.0273458,380397446780.82184
2024-09-20 09:00:00,83891000.0,85478000.0,83377000.0,84385000.0,3257.11829911,275217777612.6938
2024-09-21 09:00:00,84384000.0,84750000.0,84000000.0,84425000.0,1066.57067251,89952936852.66151
2024-09-22 09:00:00,84429000.0,85500000.0,83401000.0,84829000.0,1869.26119943,157468215075.89536
2024-09-23 09:00:00,84838000.0,86250000.0,83832000.0,84631000.0,2655.34388664,226181555032.54324
2024-09-24 09:00:00,84630000.0,85750000.0,84009000.0,85248000.0,1998.91561289,169441365824.40887
2024-09-25 09:00:00,85248000.0,85950000.0,84220000.0,84362000.0,1821.46293118,154899364722.59076
2024-09-26 09:00:00,84362000.0,86602000.0,83800000.0,86000000.0,2865.16236011,244700921914.2255
2024-09-27 09:00:00,85948000.0,87410000.0,85877000.0,86958000.0,2462.85215474,213547052709.95197
2024-09-28 09:00:00,86958000.0,87250000.0,86003000.0,86732000.0,1483.00508773,128540643136.82378
2024-09-29 09:00:00,86731000.0,86891000.0,85800000.0,85958000.0,1188.41412224,102657137024.75742
2024-09-30 09:00:00,85958000.0,85958000.0,83061000.0,83730000.0,3131.32274904,263683386847.1853
2024-10-01 09:00:00,83730000.0,84884000.0,80844000.0,81500000.0,4057.42297213,336112162482.81934
2024-10-02 09:00:00,81500000.0,83300000.0,80940000.0,81707000.0,2890.80470844,236838955693.58624
2024-10-03 09:00:00,81707000.0,82700000.0,81302000.0,82424000.0,1821.57540109,149578179974.47787
2024-10-04 09:00:00,82401000.0,84300000.0,82038000.0,83805000.0,2177.10847718,181091795326.97305
2024-10-05 09:00:00,83804000.0,84190000.0,83511000.0,83956000.0,776.76532606,65173151136.41679
2024-10-06 09:00:00,83997000.0,84710000.0,83600000.0,84533000.0,990.98870219,83382761433.05855
2024-10-07 09:00:00,84436000.0,86301000.0,83884000.0,83942000.0,2788.21491807,237451217198.9837
2024-10-08 09:00:00,83942000.0,85270000.0,83848000.0,84139000.0,1438.91380709,121453629364.64726
2024-10-09 09:00:00,84139000.0,84500000.0,82187000.0,82385000.0,1623.29835868,135554834915.67761
2024-10-10 09:00:00,82383000.0,83127000.0,80635000.0,82131000.0,2261.63071429,185681130897.78085
2024-10-11 09:00:00,82131000.0,85474000.0,81749000.0,84451000.0,2292.25174675,191651388216.23724
2024-10-12 09:00:00,84450000.0,85250000.0,84330000.0,84956000.0,1236.13303613,104865794502.29797
2024-10-13 09:00:00,84997000.0,85181000.0,83890000.0,84806000.0,1007.64328314,85233068272.26575
2024-10-14 09:00:00,84782000.0,88963000.0,84300000.0,88640000.0,4502.93766545,392356925183.8489
2024-10-15 09:00:00,88640000.0,91531000.0,87510000.0,90600000.0,5320.08065393,475365534131.7573
2024-10-16 09:00:00,90518000.0,92350000.0,90194000.0,91610000.0,3290.95467218,300845392783.4781
2024-10-17 09:00:00,91610000.0,92000000.0,91150000.0,91725000.0,2166.90172052,198466118818.0868
2024-10-18 09:00:00,91758000.0,93697000.0,91510000.0,93330000.0,2703.40345601,250778556476.78455
2024-10-19 09:00:00,93358000.0,93593000.0,92769000.0,93322000.0,1204.1436611,112257624816.85332
2024-10-20 09:00:00,93322000.0,94299000.0,92956000.0,93901000.0,1766.03106746,165259971452.53424
2024-10-21 09:00:00,93901000.0,94456000.0,91459000.0,92161000.0,3492.66954786,324857725696.1088
2024-10-22 09:00:00,92161000.0,93380000.0,91090000.0,92877000.0,2390.90338556,220756238977.91486
2024-10-23 09:00:00,92877000.0,93000000.0,90860000.0,92375000.0,2169.77076181,199665847457.3109
2024-10-24 09:00:00,92375000.0,94699000.0,92080000.0,94077000.0,2468.54308221,230528066716.63248
2024-10-25 09:00:00,94077000.0,95143000.0,92432000.0,93762000.0,3453.26947882,324322657135.6851
2024-10-26 09:00:00,93762000.0,94298000.0,93297000.0,93993000.0,1181.9583116,110975712520.31711
2024-10-27 09:00:00,93993000.0,95120000.0,93900000.0,94819000.0,1412.77364621,133501091993.42345
2024-10-28 09:00:00,94824000.0,97714000.0,94520000.0,97401000.0,3447.08968512,330946884900.9437
2024-10-29 09:00:00,97401000.0,102158000.0,97200000.0,101305000.0,5694.58179714,567661752603.4331
2024-10-30 09:00:00,101300000.0,101305000.0,99135000.0,100571000.0,3437.3159675,344734758766.32104
2024-10-31 09:00:00,100571000.0,100893000.0,97300000.0,98112000.0,3670.22663296,364198594030.4766
2024-11-01 09:00:00,98112000.0,99758000.0,95520000.0,97285000.0,4850.88260337,472387488519.2129
2024-11-02 09:00:00,97331000.0,97999000.0,96825000.0,97205000.0,1419.21063313,138251166859.1501
2024-11-03 09:00:00,97205000.0,97232000.0,93905000.0,95883000.0,4358.15713691,416376735248.19946
2024-11-04 09:00:00,95987000.0,96803000.0,93083000.0,94289000.0,3556.89181882,337921974474.5364
2024-11-05 09:00:00,94289000.0,98074000.0,93958000.0,96170000.0,4785.81750822,460604127860.6611
2024-11-06 09:00:00,96196000.0,104395000.0,96104000.0,104085000.0,17173.68278488,1745207534538.4504
2024-11-07 09:00:00,104085000.0,104999000.0,102290000.0,104115000.0,5517.18974843,572085674515.601
2024-11-08 09:00:00,104177000.0,107591000.0,104109000.0,106843000.0,5104.85574163,539366060581.3163
2024-11-09 09:00:00,106845000.0,106990000.0,105873000.0,106294000.0,2702.45288762,287678813640.0703
2024-11-10 09:00:00,106294000.0,112470000.0,106050000.0,111440000.0,8111.0365608,889548072877.27
2024-11-11 09:00:00,111440000.0,125073000.0,111273000.0,124503000.0,12056.83132426,1413170980237.1287
2024-11-12 09:00:00,124476000.0,128010000.0,118864000.0,124967000.0,17037.75956278,2115375980647.706
2024-11-13 09:00:00,124951000.0,131041000.0,122771000.0,128111000.0,11214.08048901,1421545614830.135
2024-11-14 09:00:00,128111000.0,130500000.0,121674000.0,123572000.0,9173.07983888,1165804427242.5054
2024-11-15 09:00:00,123543000.0,128950000.0,123370000.0,128236000.0,5943.50915703,750816994986.7344
2024-11-16 09:00:00,128128000.0,129103000.0,126090000.0,127071000.0,3914.09648698,499883409180.5182
2024-11-17 09:00:00,127130000.0,128000000.0,125252000.0,126472000.0,3321.82583352,421512902761.08
2024-11-18 09:00:00,126469000.0,128895000.0,126133000.0,127142000.0,5182.38906938,660914839727.5431
2024-11-19 09:00:00,127142000.0,130998000.0,127050000.0,129720000.0,5034.84094069,649348478627.2478
2024-11-20 09:00:00,129711000.0,133328000.0,128448000.0,133180000.0,5931.35430049,778377471488.7765
2024-11-21 09:00:00,133180000.0,138707000.0,133001000.0,137050000.0,10359.96751008,1413215255697.4194
2024-11-22 09:00:00,137050000.0,138770000.0,129500000.0,136879000.0,8879.19477738,1212497778066.893
2024-11-23 09:00:00,136879000.0,137178000.0,134195000.0,136000000.0,4775.60238543,649192517920.03
2024-11-24 09:00:00,136000000.0,137000000.0,131501000.0,136096000.0,6366.61145855,856406820436.9347
2024-11-25 09:00:00,136110000.0,136169000.0,129688000.0,129791000.0,5347.73938417,712473615692.348
2024-11-26 09:00:00,129791000.0,132579000.0,127416000.0,128783000.0,7063.28251032,915544005066.4463
2024-11-27 09:00:00,128800000.0,134300000.0,127900000.0,132999000.0,4363.00829391,572062774905.5735
2024-11-28 09:00:00,132999000.0,134577000.0,131438000.0,133138000.0,2941.11026977,391492800868.58124
2024-11-29 09:00:00,133144000.0,136274000.0,132850000.0,134542000.0,3455.81025362,465090047941.26117
2024-11-30 09:00:00,134542000.0,134809000.0,133600000.0,133701000.0,2374.86697435,318361460355.6218
2024-12-01 09:00:00,133722000.0,135199000.0,133297000.0,133802000.0,2835.14649803,380928725281.3921
2024-12-02 09:00:00,133802000.0,135800000.0,132260000.0,133535000.0,5356.7748251,718060616005.2106
2024-12-03 09:00:00,133523000.0,134680000.0,88266000.0,133700000.0,18097.08425608,2304644374164.456
2024-12-04 09:00:00,133720000.0,139920000.0,133499000.0,138760000.0,6969.87081198,948860236172.9866
2024-12-05 09:00:00,138765000.0,146100000.0,134000000.0,137501000.0,13579.28987411,1924495041794.7664
2024-12-06 09:00:00,137501000.0,141502000.0,136000000.0,139340000.0,6179.75810181,854124438187.2275
2024-12-07 09:00:00,139402000.0,140411000.0,137698000.0,138960000.0,2646.58094433,367591447543.71985
2024-12-08 09:00:00,138970000.0,141400000.0,138620000.0,141005000.0,2575.9253391,359805956088.11163
2024-12-09 09:00:00,141056000.0,141399000.0,135900000.0,138864000.0,6238.33236659,865791701454.2142
2024-12-10 09:00:00,138934000.0,140000000.0,135490000.0,138205000.0,5715.11068532,789776192066.2788
2024-12-11 09:00:00,138205000.0,144276000.0,136500000.0,143111000.0,5786.50262004,813102473508.0792
2024-12-12 09:00:00,143111000.0,145000000.0,142000000.0,142757000.0,4109.65334521,589232066932.0105
2024-12-13 09:00:00,142780000.0,144865000.0,142001000.0,144402000.0,2524.28189889,361979534829.5213
2024-12-14 09:00:00,144432000.0,146051000.0,143973000.0,145927000.0,3195.75670317,464300625877.87177
2024-12-15 09:00:00,145927000.0,150000000.0,145684000.0,149243000.0,4680.01328552,691840989089.0537
2024-12-16 09:00:00,149243000.0,154924000.0,149016000.0,153403000.0,7128.61771091,1082807876503.8628
2024-12-17 09:00:00,153403000.0,157198000.0,152885000.0,155223000.0,6186.2803434,958745671966.8221
2024-12-18 09:00:00,155222000.0,155949000.0,147189000.0,147754000.0,8610.82270357,1309628152098.7222
2024-12-19 09:00:00,147753000.0,153299000.0,145000000.0,147474000.0,8471.89272515,1266525021155.8596
2024-12-20 09:00:00,147474000.0,148460000.0,139800000.0,148138000.0,11567.34620544,1670193715564.6172
2024-12-21 09:00:00,148138000.0,149700000.0,145249000.0,147830000.0,3714.24805316,548294648910.75867
2024-12-22 09:00:00,147836000.0,147950000.0,143850000.0,144800000.0,2605.0749353,379824698691.60583
2024-12-23 09:00:00,144802000.0,146200000.0,140487000.0,142901000.0,4913.29053371,703151196031.0725
2024-12-24 09:00:00,142901000.0,148148000.0,141000000.0,146831000.0,4333.3309919,626598586872.3685
2024-12-25 09:00:00,146832000.0,148566000.0,145395000.0,148081000.0,2911.45446585,428212289354.54877
2024-12-26 09:00:00,148216000.0,149000000.0,143175000.0,144076000.0,3432.78442974,499177709089.0282
2024-12-27 09:00:00,144016000.0,146117000.0,141466000.0,142111000.0,3231.26328398,464668960489.2536
2024-12-28 09:00:00,142107000.0,143000000.0,141487000.0,142302000.0,1311.56387337,186348569009.08533
2024-12-29 09:00:00,142306000.0,142380000.0,138600000.0,139735000.0,2180.40637674,306515266961.3944
2024-12-30 09:00:00,139831000.0,140680000.0,135971000.0,137892000.0,3767.66978148,520848698110.80096
2024-12-31 09:00:00,137865000.0,143483000.0,136032000.0,139257000.0,3707.45981864,518936721897.5508
2025-01-01 09:00:00,139394000.0,141631000.0,139000000.0,141320000.0,1854.53857148,260593447572.08765
2025-01-02 09:00:00,141322000.0,144826000.0,140920000.0,143848000.0,3042.22989739,434853650473.7929
2025-01-03 09:00:00,143848000.0,145755000.0,142619000.0,144655000.0,2373.01457904,341649422579.4561
2025-01-04 09:00:00,144653000.0,145500000.0,144073000.0,144745000.0,1445.66845023,209260300846.72723
2025-01-05 09:00:00,144767000.0,145357000.0,143513000.0,144700000.0,1416.06538296,204523034517.5893
2025-01-06 09:00:00,144731000.0,150300000.0,144481000.0,150264000.0,3608.9652023,532243908555.5481
2025-01-07 09:00:00,150255000.0,151000000.0,143500000.0,144789000.0,4327.71162265,635182063342.3107
2025-01-08 09:00:00,144789000.0,145161000.0,140919000.0,142368000.0,4096.89543997,584649101218.6703
2025-01-09 09:00:00,142375000.0,142776000.0,138810000.0,139740000.0,3561.45575976,499908435103.343
2025-01-10 09:00:00,139748000.0,143886000.0,139687000.0,142457000.0,3145.42115574,446438032976.969
2025-01-11 09:00:00,142614000.0,142617000.0,141175000.0,141771000.0,1137.28650288,161413898627.51065
2025-01-12 09:00:00,141768000.0,143245000.0,141002000.0,142086000.0,1181.13699936,167674372996.49023
2025-01-13 09:00:00,142074000.0,143500000.0,137500000.0,142108000.0,4243.48992091,594155601944.1257
2025-01-14 09:00:00,142108000.0,144999000.0,141684000.0,143501000.0,2548.98311136,365550117816.1081
2025-01-15 09:00:00,143546000.0,147724000.0,142997000.0,147309000.0,3708.08865004,539304420188.471
2025-01-16 09:00:00,147309000.0,147804000.0,144102000.0,146670000.0,3192.45019417,466599390005.62427
2025-01-17 09:00:00,146750000.0,155509000.0,146661000.0,152345000.0,4834.721595,731977225416.7888
2025-01-18 09:00:00,152434000.0,156530000.0,151533000.0,155801000.0,3748.13380163,577827400325.0476
2025-01-19 09:00:00,155720000.0,159999000.0,150903000.0,154000000.0,7113.5465532,1115328234144.4253
2025-01-20 09:00:00,154000000.0,163325000.0,151518000.0,153225000.0,10945.25324846,1729137322777.8643
2025-01-21 09:00:00,153225000.0,158490000.0,151038000.0,157571000.0,4441.84077005,688640573073.7699
2025-01-22 09:00:00,157571000.0,157791000.0,154486000.0,154999000.0,2227.73336919,347722370125.69727
2025-01-23 09:00:00,154999000.0,158920000.0,152000000.0,155112000.0,4954.0302646,769422972569.6259
2025-01-24 09:00:00,155112000.0,159000000.0,154000000.0,157146000.0,2922.35240081,457588416559.3723
2025-01-25 09:00:00,157170000.0,157832000.0,156889000.0,157200000.0,1044.63297991,164274909558.5682
2025-01-26 09:00:00,157200000.0,157933000.0,156000000.0,156100000.0,1222.93708628,192230698281.0076
2025-01-27 09:00:00,156100000.0,157075000.0,151260000.0,154919000.0,5043.13655799,775537093623.0104
2025-01-28 09:00:00,154919000.0,156658000.0,153782000.0,155919000.0,1883.02467176,292805190253.83185
2025-01-29 09:00:00,155919000.0,159455000.0,155765000.0,158859000.0,2110.06837042,332236053986.32446
2025-01-30 09:00:00,158859000.0,160559000.0,157860000.0,158139000.0,2346.60990153,374246958374.8662
2025-01-31 09:00:00,158182000.0,159669000.0,155600000.0,156580000.0,2143.1574605,338414098348.2362
2025-02-01 09:00:00,156580000.0,158090000.0,155888000.0,157330000.0,1638.45948966,257063147312.49576
2025-02-02 09:00:00,157399000.0,157925000.0,152477000.0,154000000.0,4152.76471464,643374605498.001
2025-02-03 09:00:00,154000000.0,160304000.0,145000000.0,158217000.0,10213.11727922,1555588446200.2488
2025-02-04 09:00:00,158217000.0,159439000.0,153000000.0,154122000.0,3536.84929186,549263906526.96515
2025-02-05 09:00:00,154140000.0,155662000.0,151000000.0,151450000.0,1950.48905036,298359954415.3454
2025-02-06 09:00:00,151450000.0,153925000.0,150011000.0,151356000.0,1873.91456823,284946027914.94904
2025-02-07 09:00:00,151359000.0,154000000.0,148730000.0,149601000.0,2959.78108027,445703472062.0988
2025-02-08 09:00:00,149602000.0,150220000.0,147994000.0,148803000.0,1087.25702791,161683658643.89557
2025-02-09 09:00:00,148873000.0,149819000.0,146197000.0,147579000.0,1566.08357111,231674863473.32904
2025-02-10 09:00:00,147602000.0,148830000.0,146000000.0,147724000.0,1480.95765827,218423652541.2507
2025-02-11 09:00:00,147812000.0,148750000.0,145112000.0,146020000.0,1689.795504,248745774650.66232
2025-02-12 09:00:00,146034000.0,148266000.0,143429000.0,147846000.0,2370.96714608,345069197399.9939
2025-02-13 09:00:00,147846000.0,148155000.0,144580000.0,145877000.0,1343.16309497,195824530494.71182
2025-02-14 09:00:00,145802000.0,148120000.0,145270000.0,146551000.0,1448.40803795,211663369934.59644
2025-02-15 09:00:00,146551000.0,147720000.0,146200000.0,147501000.0,734.68263925,108072791850.54375
2025-02-16 09:00:00,147503000.0,147598000.0,145484000.0,145625000.0,677.26379543,99212602870.22252
2025-02-17 09:00:00,145625000.0,145980000.0,144139000.0,144390000.0,1275.40908298,185035178987.9249
2025-02-18 09:00:00,144390000.0,145352000.0,141104000.0,143728000.0,1772.0458381,254368502778.41125
2025-02-19 09:00:00,143760000.0,144743000.0,142250000.0,144312000.0,1075.5545038,154294079615.82626
2025-02-20 09:00:00,144314000.0,146000000.0,143689000.0,145719000.0,943.71043216,136482963285.83519
2025-02-21 09:00:00,145719000.0,146400000.0,141334000.0,142859000.0,1820.4146452,262438152691.97415
2025-02-22 09:00:00,142891000.0,143191000.0,141988000.0,142300000.0,701.49616078,99932466999.3102
2025-02-23 09:00:00,142364000.0,142500000.0,140019000.0,141364000.0,1103.2003906,155735995733.05072
2025-02-24 09:00:00,141371000.0,141572000.0,131800000.0,132135000.0,5104.8145837,697127046030.1218
2025-02-25 09:00:00,132135000.0,134899000.0,125004000.0,129715000.0,9063.16812162,1173142441896.4902
2025-02-26 09:00:00,129715000.0,130000000.0,120723000.0,122784000.0,4911.98768458,616121443775.9131
2025-02-27 09:00:00,122775000.0,127493000.0,121500000.0,124331000.0,3832.78298284,477534913336.8573
2025-02-28 09:00:00,124404000.0,125411000.0,116504000.0,124499000.0,8051.74155398,968879646102.7946
2025-03-01 09:00:00,124499000.0,128980000.0,123342000.0,128320000.0,3200.77768269,405122480757.34283
2025-03-02 09:00:00,128320000.0,143708000.0,126464000.0,142500000.0,8085.80440191,1097856410249.4774
2025-03-03 09:00:00,142500000.0,142950000.0,128097000.0,130094000.0,7256.17361103,988616089518.9266
2025-03-04 09:00:00,130110000.0,133790000.0,123473000.0,130430000.0,5728.37012415,729446575223.0525
2025-03-05 09:00:00,130368000.0,136459000.0,128980000.0,134990000.0,3700.44052536,492738769781.0586
2025-03-06 09:00:00,134990000.0,138321000.0,131220000.0,133870000.0,3705.98906398,500390787421.6079
2025-03-07 09:00:00,133858000.0,135900000.0,127470000.0,129522000.0,5361.61739526,702238896953.9413
2025-03-08 09:00:00,129522000.0,129998000.0,127390000.0,128531000.0,1365.92299763,175525366223.97842
2025-03-09 09:00:00,128579000.0,128950000.0,119864000.0,121111000.0,3764.54374771,467216706244.6403
2025-03-10 09:00:00,121039000.0,124910000.0,116355000.0,117477000.0,6052.61966672,729786095202.093
2025-03-11 09:00:00,117495000.0,123918000.0,114763000.0,123232000.0,5825.71269624,695250204116.9115
2025-03-12 09:00:00,123232000.0,125300000.0,120153000.0,123871000.0,3356.8139394,412486565474.72766
2025-03-13 09:00:00,123871000.0,124600000.0,119000000.0,120216000.0,2477.67851474,301868952617.4306
2025-03-14 09:00:00,120216000.0,125500000.0,119737000.0,123878000.0,2090.05272344,256950057720.36322
2025-03-15 09:00:00,123855000.0,124896000.0,123200000.0,124000000.0,963.95031949,119621419740.44946
2025-03-16 09:00:00,124013000.0,125000000.0,121020000.0,121749000.0,1606.15777572,197072131991.7504
2025-03-17 09:00:00,121720000.0,123660000.0,121260000.0,122801000.0,1168.99746106,143050642246.387
2025-03-18 09:00:00,122801000.0,122888000.0,119550000.0,121272000.0,1657.37070706,200542811765.95224
2025-03-19 09:00:00,121272000.0,127625000.0,120939000.0,127194000.0,2393.84968552,296714999044.14703
2025-03-20 09:00:00,127194000.0,128495000.0,123910000.0,124297000.0,2192.80252221,276279642389.33716
2025-03-21 09:00:00,124329000.0,125138000.0,123228000.0,124500000.0,1077.29288816,133897078603.41748
2025-03-22 09:00:00,124500000.0,124890000.0,124000000.0,124150000.0,475.0285525,59088530407.14261
2025-03-23 09:00:00,124150000.0,126938000.0,124026000.0,126937000.0,799.40587556,100275702981.50278
2025-03-24 09:00:00,126912000.0,130989000.0,126196000.0,128890000.0,2523.90072772,325081939826.5001
2025-03-25 09:00:00,128890000.0,130000000.0,127502000.0,128823000.0,1539.02381677,198216515512.68497
2025-03-26 09:00:00,128822000.0,130207000.0,127200000.0,128556000.0,1340.28242464,172782874284.00537
2025-03-27 09:00:00,128556000.0,129566000.0,127000000.0,128701000.0,1081.83540099,139090144790.86603
2025-03-28 09:00:00,128701000.0,129026000.0,124610000.0,125800000.0,1668.55336482,211038352071.8137
2025-03-29 09:00:00,125800000.0,126100000.0,122007000.0,123378000.0,1266.89857377,156638464258.42752
2025-03-30 09:00:00,123274000.0,124890000.0,122218000.0,123046000.0,831.87817259,102994016812.30443
2025-03-31 09:00:00,123046000.0,124895000.0,121263000.0,123209000.0,1473.25060899,180622318913.10355
2025-04-01 09:00:00,123209000.0,126964000.0,122800000.0,126632000.0,1593.20054893,198979645105.30093
2025-04-02 09:00:00,126632000.0,130342000.0,122500000.0,122798000.0,2784.56638855,351197132038.0183
2025-04-03 09:00:00,122794000.0,124785000.0,121002000.0,123244000.0,1841.85772528,226249003419.5948
2025-04-04 09:00:00,123244000.0,124650000.0,121100000.0,123409000.0,2378.02197014,291981805621.7575
2025-04-05 09:00:00,123409000.0,123988000.0,122033000.0,123300000.0,653.88577832,80467825334.7389
2025-04-06 09:00:00,123255000.0,123500000.0,115542000.0,117517000.0,2876.21789292,342436915338.53656
2025-04-07 09:00:00,117517000.0,121149000.0,111659000.0,118061000.0,6795.16440668,787416910806.2665
2025-04-08 09:00:00,118062000.0,120239000.0,114360000.0,114489000.0,2452.43172456,288474058330.89233
2025-04-09 09:00:00,114497000.0,123168000.0,112549000.0,121339000.0,4922.18166707,578964547962.2336
2025-04-10 09:00:00,121339000.0,122300000.0,116687000.0,117936000.0,2240.96736559,268615390420.9693
2025-04-11 09:00:00,117929000.0,122333000.0,116910000.0,121450000.0,2056.67944403,247198929654.3026
2025-04-12 09:00:00,121450000.0,123973000.0,120616000.0,123551000.0,1377.88110286,168665534905.69553
2025-04-13 09:00:00,123577000.0,124520000.0,120859000.0,121577000.0,1556.51751213,190877001530.65314
2025-04-14 09:00:00,121577000.0,124000000.0,121504000.0,122694000.0,1626.21508492,199788164639.49884
2025-04-15 09:00:00,122694000.0,125120000.0,122116000.0,122158000.0,1625.93306976,201123006463.96085
2025-04-16 09:00:00,122154000.0,123570000.0,121200000.0,121850000.0,1435.20417425,175232747969.8832
2025-04-17 09:00:00,121850000.0,123220000.0,121502000.0,122700000.0,820.08150318,100294194926.64793
2025-04-18 09:00:00,122669000.0,122916000.0,122255000.0,122288000.0,446.71287534,54743954879.47799
2025-04-19 09:00:00,122288000.0,123500000.0,122110000.0,122720000.0,584.96011123,71919184563.51819
2025-04-20 09:00:00,122720000.0,123135000.0,121571000.0,122746000.0,831.06705878,101703214849.05913
2025-04-21 09:00:00,122746000.0,126660000.0,122690000.0,126237000.0,2188.96911603,274106933706.79504
2025-04-22 09:00:00,126200000.0,134397000.0,125550000.0,133855000.0,3287.24812644,426386236847.1154
2025-04-23 09:00:00,133856000.0,135413000.0,131570000.0,134373000.0,2740.94476695,366667729324.2744
2025-04-24 09:00:00,134373000.0,134710000.0,132028000.0,134650000.0,1606.11330416,214317334743.5855
2025-04-25 09:00:00,134641000.0,137869000.0,133857000.0,136416000.0,1994.62622378,271136013021.35034
2025-04-26 09:00:00,136557000.0,137140000.0,135300000.0,136499000.0,908.87004783,123800698528.76909
2025-04-27 09:00:00,136525000.0,137400000.0,135150000.0,135150000.0,827.17040513,112522914439.12071
2025-04-28 09:00:00,135160000.0,137558000.0,133720000.0,136816000.0,1697.1570741,230817894846.3705
2025-04-29 09:00:00,136820000.0,137498000.0,135700000.0,136310000.0,1253.55021462,171355138503.3174
2025-04-30 09:00:00,136310000.0,136873000.0,134138000.0,136050000.0,1221.71840726,165972157939.22498
2025-05-01 09:00:00,136148000.0,140037000.0,136002000.0,139145000.0,1709.97264494,236629055960.21805
2025-05-02 09:00:00,139145000.0,140516000.0,137799000.0,138636000.0,1368.47182698,190226950549.3558
2025-05-03 09:00:00,138640000.0,138750000.0,137153000.0,137560000.0,624.59800168,86048039262.41418
2025-05-04 09:00:00,137598000.0,138082000.0,135582000.0,135652000.0,677.57783034,92819605415.80167
2025-05-05 09:00:00,135677000.0,136392000.0,132900000.0,134890000.0,1381.52834207,185565836745.54684
2025-05-06 09:00:00,134890000.0,137800000.0,133061000.0,137400000.0,1153.00089047,155575215463.68115
2025-05-07 09:00:00,137351000.0,138282000.0,136050000.0,137660000.0,1302.40326345,178936860435.0718
2025-05-08 09:00:00,137680000.0,145000000.0,137402000.0,144780000.0,3154.90070587,445620019181.009
2025-05-09 09:00:00,144688000.0,146200000.0,143500000.0,143720000.0,2080.11567877,300604179418.1245
2025-05-10 09:00:00,143726000.0,145315000.0,143500000.0,144964000.0,1243.871982,179600351414.76984
2025-05-11 09:00:00,144982000.0,146495000.0,144037000.0,145510000.0,1407.7751321,204503602863.27615
2025-05-12 09:00:00,145510000.0,147300000.0,142532000.0,144875000.0,2643.29601827,384709627704.4513
2025-05-13 09:00:00,144875000.0,146644000.0,143500000.0,145880000.0,1592.07970472,231500011356.93103
2025-05-14 09:00:00,145965000.0,146430000.0,144249000.0,145718000.0,1166.66900037,169844494205.07053
2025-05-15 09:00:00,145793000.0,146639000.0,143634000.0,146026000.0,1769.20196941,256644704012.70148
2025-05-16 09:00:00,146030000.0,147117000.0,145570000.0,146465000.0,1276.22182233,186864020488.8946
2025-05-17 09:00:00,146465000.0,146828000.0,145770000.0,146555000.0,861.64733995,126121874218.33208
2025-05-18 09:00:00,146580000.0,150600000.0,146555000.0,150458000.0,1866.44894706,277157288271.40625
2025-05-19 09:00:00,150296000.0,151199000.0,145500000.0,148699000.0,2401.08645573,354455857435.6369
2025-05-20 09:00:00,148700000.0,150990000.0,147743000.0,150424000.0,1919.88762969,286919449540.4765
2025-05-21 09:00:00,150424000.0,153301000.0,148810000.0,152356000.0,3078.69314991,464255347702.5485
2025-05-22 09:00:00,152356000.0,155323000.0,152070000.0,154861000.0,2781.67594178,428642979380.35846
2025-05-23 09:00:00,154861000.0,155169000.0,149258000.0,149878000.0,3245.40940679,493986376322.7763
2025-05-24 09:00:00,149962000.0,152700000.0,149422000.0,150660000.0,1063.00688169,160626638206.7191
2025-05-25 09:00:00,150680000.0,152946000.0,149916000.0,152133000.0,975.54766995,147247390195.17743
2025-05-26 09:00:00,152133000.0,153000000.0,151509000.0,152195000.0,987.97582253,150415154588.6237
2025-05-27 09:00:00,152197000.0,153218000.0,150001000.0,151323000.0,1629.83186829,247280385930.47882
2025-05-28 09:00:00,151323000.0,151608000.0,149520000.0,150280000.0,1140.46411905,171743128104.06027
2025-05-29 09:00:00,150280000.0,151291000.0,147160000.0,147370000.0,1717.72520344,256694760678.4399
2025-05-30 09:00:00,147370000.0,149000000.0,146300000.0,147044000.0,2171.38535825,320759946509.8581
2025-05-31 09:00:00,147044000.0,148700000.0,146042000.0,147932000.0,1097.54923406,161538591268.91797
2025-06-01 09:00:00,147932000.0,149502000.0,147000000.0,149100000.0,759.69668968,112453321042.13853
2025-06-02 09:00:00,149102000.0,149166000.0,146209000.0,148074000.0,1198.05720248,176525957182.84583
2025-06-03 09:00:00,148070000.0,148900000.0,147022000.0,147322000.0,979.14377348,144789621000.41092
2025-06-04 09:00:00,147378000.0,147601000.0,145200000.0,145210000.0,1104.00724819,161585316986.12125
2025-06-05 09:00:00,145218000.0,146487000.0,140399000.0,141588000.0,2536.94255293,364349380568.55396
2025-06-06 09:00:00,141588000.0,146120000.0,140862000.0,145196000.0,1279.12726613,183749703863.70224
2025-06-07 09:00:00,145196000.0,146895000.0,144601000.0,146514000.0,603.1996993,88059534618.2442
2025-06-08 09:00:00,146540000.0,146796000.0,145196000.0,145799000.0,553.07283989,80783604293.0407
2025-06-09 09:00:00,145801000.0,150600000.0,144900000.0,150330000.0,1605.82129866,237723678751.45724
2025-06-10 09:00:00,150330000.0,150992000.0,149060000.0,150604000.0,1359.55145588,204043686236.05585
2025-06-11 09:00:00,150628000.0,151400000.0,148999000.0,149702000.0,1080.08422097,162452482332.02567
2025-06-12 09:00:00,149710000.0,149840000.0,145801000.0,145801000.0,1570.65133602,231786031594.70667
2025-06-13 09:00:00,145811000.0,147340000.0,143000000.0,147266000.0,2195.12537289,318020020070.782
2025-06-14 09:00:00,147265000.0,147526000.0,145082000.0,146401000.0,584.40012937,85403293679.93283
2025-06-15 09:00:00,146401000.0,147100000.0,145220000.0,145997000.0,576.27420172,84200556894.92409
2025-06-16 09:00:00,145998000.0,149303000.0,145250000.0,146673000.0,1408.77470368,207686864067.53534
2025-06-17 09:00:00,146661000.0,147957000.0,143900000.0,145456000.0,1403.18502313,204736154670.58154
2025-06-18 09:00:00,145456000.0,146128000.0,144150000.0,145380000.0,870.61801942,126471521428.38004
2025-06-19 09:00:00,145381000.0,146000000.0,144500000.0,144978000.0,700.77154255,101842378960.65367
2025-06-20 09:00:00,144979000.0,146930000.0,143107000.0,143956000.0,1315.62127829,190608843411.26282
2025-06-21 09:00:00,143956000.0,144427000.0,141151000.0,142782000.0,1092.57854726,156253432375.52927
2025-06-22 09:00:00,142811000.0,144900000.0,137127000.0,140908000.0,3335.88004835,468510803019.5224
2025-06-23 09:00:00,140908000.0,147101000.0,139698000.0,146182000.0,2422.95238077,346783036638.01794
2025-06-24 09:00:00,146180000.0,146387000.0,144222000.0,145625000.0,1272.92112127,185010727139.06448
2025-06-25 09:00:00,145626000.0,148620000.0,145360000.0,147365000.0,1318.58944681,193957381788.68948
2025-06-26 09:00:00,147365000.0,148205000.0,146500000.0,146852000.0,950.33860524,140102621876.02808
2025-06-27 09:00:00,146868000.0,147628000.0,146000000.0,147058000.0,758.41022582,111420804053.70543
2025-06-28 09:00:00,147001000.0,147479000.0,146799000.0,147174000.0,291.28203061,42875942272.73871
2025-06-29 09:00:00,147174000.0,148502000.0,147091000.0,147996000.0,650.95569906,96188335417.21939
2025-06-30 09:00:00,147996000.0,148480000.0,145740000.0,145759000.0,944.35761221,138812096716.42776
2025-07-01 09:00:00,145759000.0,146678000.0,144710000.0,145019000.0,915.58085007,133282503157.51079
2025-07-02 09:00:00,145019000.0,148930000.0,144265000.0,147372000.0,1356.69500727,199573364700.12863
2025-07-03 09:00:00,147372000.0,149755000.0,147364000.0,148737000.0,1182.41237517,175892089704.29065
2025-07-04 09:00:00,148737000.0,149360000.0,146929000.0,147797000.0,819.64407007,121383661832.0915
2025-07-05 09:00:00,147798000.0,148400000.0,147655000.0,148197000.0,289.92019607,42904283341.56918
2025-07-06 09:00:00,148197000.0,149100000.0,147411000.0,148500000.0,574.67732795,85118626816.14578
2025-07-07 09:00:00,148500000.0,149100000.0,147196000.0,148100000.0,832.29461691,123245812310.68657
2025-07-08 09:00:00,148100000.0,148890000.0,147100000.0,148302000.0,670.29249832,99268948588.57974
2025-07-09 09:00:00,148302000.0,151479000.0,148000000.0,150701000.0,1496.46774735,223740339731.93878
2025-07-10 09:00:00,150750000.0,156960000.0,150200000.0,156519000.0,2648.04060121,405976570945.23785
2025-07-11 09:00:00,156517000.0,160744000.0,155000000.0,158187000.0,3339.42695041,529439887430.5297
2025-07-12 09:00:00,158187000.0,159952000.0,157200000.0,159681000.0,1039.66662029,165400817234.24435
2025-07-13 09:00:00,159683000.0,161754000.0,159450000.0,161740000.0,1227.16949574,196972458867.92377
2025-07-14 09:00:00,161740000.0,166800000.0,161357000.0,163923000.0,3490.7303061,574558921263.0916
2025-07-15 09:00:00,163923000.0,164010000.0,158658000.0,160811000.0,3179.44960753,510975587943.66626
2025-07-16 09:00:00,160811000.0,163210000.0,160175000.0,161250000.0,1841.21876947,298152464479.6766
2025-07-17 09:00:00,161246000.0,163955000.0,160002000.0,162232000.0,2240.66691129,362637604713.5304
2025-07-18 09:00:00,162232000.0,164446000.0,159301000.0,161100000.0,2771.33021866,449236394018.7995
2025-07-19 09:00:00,161098000.0,162470000.0,160788000.0,161428000.0,842.3510109,136213263016.77467
2025-07-20 09:00:00,161428000.0,162000000.0,159726000.0,160072000.0,1429.7828596,230283547017.10608
2025-07-21 09:00:00,160072000.0,162300000.0,159350000.0,160096000.0,1982.32577051,318806852512.6161
2025-07-22 09:00:00,160094000.0,162990000.0,158750000.0,162321000.0,2730.46451082,439496298750.92377
2025-07-23 09:00:00,162321000.0,162848000.0,159192000.0,161990000.0,2098.23989394,338036231661.612
2025-07-24 09:00:00,162000000.0,162888000.0,159000000.0,160928000.0,2151.53591644,346133163078.732
2025-07-25 09:00:00,160938000.0,161239000.0,157746000.0,160217000.0,2661.28602167,422984662094.9873
2025-07-26 09:00:00,160225000.0,161220000.0,159600000.0,160900000.0,789.27787874,126687128917.34134
2025-07-27 09:00:00,160900000.0,162800000.0,160858000.0,162717000.0,1057.82545276,171093488765.64722
2025-07-28 09:00:00,162548000.0,162985000.0,161391000.0,162483000.0,1461.59937798,237170267365.09125
2025-07-29 09:00:00,162483000.0,163800000.0,162034000.0,163158000.0,1487.53432374,242634976840.02426
2025-07-30 09:00:00,163248000.0,163708000.0,161800000.0,163118000.0,1209.08673259,196907152981.47147
2025-07-31 09:00:00,163118000.0,164300000.0,161138000.0,161398000.0,1460.98746879,238348451037.56705
2025-08-01 09:00:00,161400000.0,161770000.0,158100000.0,158102000.0,2864.49971781,457890308339.6215
2025-08-02 09:00:00,158101000.0,159362000.0,157115000.0,157376000.0,1322.24037421,209568380747.23416
2025-08-03 09:00:00,157376000.0,160324000.0,156715000.0,160227000.0,1104.10129659,175444447276.5391
2025-08-04 09:00:00,160208000.0,161400000.0,159500000.0,160332000.0,1049.67722034,168349081038.5815
2025-08-05 09:00:00,160333000.0,160571000.0,158206000.0,159999000.0,1164.16382517,185639281800.3159
2025-08-06 09:00:00,159999000.0,160955000.0,158605000.0,160000000.0,888.90291262,142071269508.45157
2025-08-07 09:00:00,160000000.0,162000000.0,159524000.0,161853000.0,1473.6112066,237281789544.67767
2025-08-08 09:00:00,161853000.0,161994000.0,160008000.0,160099000.0,1358.86703435,218425515488.15268
2025-08-09 09:00:00,160099000.0,161547000.0,160007000.0,160180000.0,1399.2385616,224567060686.7797
2025-08-10 09:00:00,160180000.0,163877000.0,160132000.0,163859000.0,2343.22751857,379818136741.28656
2025-08-11 09:00:00,163860000.0,167000000.0,163350000.0,164210000.0,3218.61763068,532434548610.83026
2025-08-12 09:00:00,164210000.0,164990000.0,163000000.0,164298000.0,2238.75147187,367191800937.3439
2025-08-13 09:00:00,164298000.0,168262000.0,163353000.0,168051000.0,2570.30205767,425460061845.525
2025-08-14 09:00:00,168051000.0,169900000.0,162550000.0,164723000.0,4234.99357777,702365764301.336
2025-08-15 09:00:00,164723000.0,165885000.0,163010000.0,164122000.0,1381.99175784,227273204589.8375
2025-08-16 09:00:00,164122000.0,164374000.0,162685000.0,163058000.0,813.45140276,132851703341.47552
2025-08-17 09:00:00,163058000.0,164194000.0,163035000.0,163111000.0,721.88384529,118085267517.72812
2025-08-18 09:00:00,163110000.0,163456000.0,160000000.0,161513000.0,2026.55299081,326564067873.67126
2025-08-19 09:00:00,161513000.0,162388000.0,157044000.0,157172000.0,2183.55943311,348002834141.0647
2025-08-20 09:00:00,157180000.0,159565000.0,157100000.0,159149000.0,1687.53584763,267951803613.17224
2025-08-21 09:00:00,159237000.0,159900000.0,157280000.0,157737000.0,1101.96487624,174605018681.81674
2025-08-22 09:00:00,157737000.0,162688000.0,156647000.0,161176000.0,3303.07060192,529223634721.8642
2025-08-23 09:00:00,161176000.0,161505000.0,159000000.0,159705000.0,1231.27745096,196915785212.26514
2025-08-24 09:00:00,159705000.0,160272000.0,155870000.0,157603000.0,2179.0180382,344526079834.2278
2025-08-25 09:00:00,157603000.0,158000000.0,155346000.0,155887000.0,2588.2830815,404916346020.1862
2025-08-26 09:00:00,155887000.0,157367000.0,153952000.0,156661000.0,2318.14300616,360004705172.1587
2025-08-27 09:00:00,156660000.0,157200000.0,154800000.0,155534000.0,1378.40369363,214886531700.44214
2025-08-28 09:00:00,155532000.0,157787000.0,155211000.0,156737000.0,1179.83398781,185118701709.60687
2025-08-29 09:00:00,156737000.0,157080000.0,151100000.0,152262000.0,2916.36749565,447565326900.91705
2025-08-30 09:00:00,152262000.0,152267000.0,149704000.0,151734000.0,1660.9190379,250798178374.15872
2025-08-31 09:00:00,151734000.0,152960000.0,150447000.0,150700000.0,1168.42444947,177040311401.05768
2025-09-01 09:00:00,150700000.0,152789000.0,149000000.0,152419000.0,2147.55268421,323819779862.1829
2025-09-02 09:00:00,152419000.0,155445000.0,150984000.0,154850000.0,1920.61439848,295205678519.2936
2025-09-03 09:00:00,154850000.0,156000000.0,154032000.0,154890000.0,1040.1957758,161272974991.001
2025-09-04 09:00:00,154890000.0,156515000.0,153093000.0,155410000.0,1070.14485107,165492086885.6697
2025-09-05 09:00:00,155337000.0,157853000.0,154502000.0,154930000.0,1644.26975383,256979276768.90033
2025-09-06 09:00:00,154930000.0,155629000.0,154231000.0,154325000.0,472.77600266,73270264819.42397
2025-09-07 09:00:00,154325000.0,155784000.0,154200000.0,155001000.0,487.36392303,75573082567.93909
2025-09-08 09:00:00,155001000.0,156838000.0,154592000.0,156048000.0,850.15690616,132399366625.61053
2025-09-09 09:00:00,156048000.0,157200000.0,154697000.0,155450000.0,1398.29118063,217899518590.96036
2025-09-10 09:00:00,155451000.0,158800000.0,154950000.0,158561000.0,1438.34464883,226032174393.30444
2025-09-11 09:00:00,158562000.0,160400000.0,157777000.0,160375000.0,1550.22561596,246500365427.88812
2025-09-12 09:00:00,160395000.0,161794000.0,160000000.0,161101000.0,1460.8794118,234735178524.51535
2025-09-13 09:00:00,161110000.0,161369000.0,159461000.0,160536000.0,1011.50487891,162356592110.0675
2025-09-14 09:00:00,160536000.0,161200000.0,159899000.0,160338000.0,734.22633687,117858331117.02618
2025-09-15 09:00:00,160338000.0,161791000.0,159500000.0,160705000.0,1328.26487987,213125009201.3094
2025-09-16 09:00:00,160705000.0,162334000.0,160125000.0,162167000.0,1013.13497679,163315720843.37268
2025-09-17 09:00:00,162200000.0,163000000.0,160210000.0,161468000.0,1630.74076706,263892961121.4848
2025-09-18 09:00:00,161468000.0,163333000.0,161372000.0,162478000.0,1738.78345738,282954756899.9032
2025-09-19 09:00:00,162478000.0,163080000.0,161500000.0,162138000.0,1389.24628029,225661248106.78256
2025-09-20 09:00:00,162162000.0,162486000.0,162000000.0,162236000.0,694.36542049,112685940748.00806
2025-09-21 09:00:00,162236000.0,162239000.0,161372000.0,161412000.0,956.39786821,154750086362.06165
2025-09-22 09:00:00,161410000.0,161631000.0,159000000.0,160730000.0,3058.73284497,489675187779.75854
2025-09-23 09:00:00,160731000.0,161350000.0,158668000.0,159679000.0,1105.98353873,177039908328.35306
2025-09-24 09:00:00,159680000.0,161200000.0,159001000.0,160700000.0,989.63619655,158607129495.26678
2025-09-25 09:00:00,160700000.0,161037000.0,158000000.0,158200000.0,2072.65761536,330443704319.6551
2025-09-26 09:00:00,158219000.0,159307000.0,157100000.0,158128000.0,1636.24151791,258977477826.41788
2025-09-27 09:00:00,158129000.0,158250000.0,157126000.0,157895000.0,599.24007712,94393837112.01093
2025-09-28 09:00:00,157892000.0,160800000.0,157559000.0,160579000.0,1115.14654906,176620768814.76794
2025-09-29 09:00:00,160579000.0,163200000.0,159300000.0,162976000.0,1561.77655952,252233665694.5785
2025-09-30 09:00:00,162976000.0,163655000.0,161111000.0,162828000.0,1347.68465165,219158056606.41562
2025-10-01 09:00:00,162828000.0,168429000.0,162789000.0,168424000.0,2391.53349082,395817174938.5895
2025-10-02 09:00:00,168424000.0,170903000.0,167709000.0,170704000.0,2634.57350068,445843850502.1905
2025-10-03 09:00:00,170749000.0,174995000.0,169100000.0,173460000.0,2241.08106806,385174816985.204
2025-10-04 09:00:00,173460000.0,174990000.0,172673000.0,174964000.0,2463.17052828,429271088569.2131
2025-10-05 09:00:00,174986000.0,178651000.0,174270000.0,177024000.0,3767.82109651,664801032152.3652
2025-10-06 09:00:00,177002000.0,178790000.0,176500000.0,177536000.0,2611.57241052,463834513785.4352
2025-10-07 09:00:00,177562000.0,178400000.0,174385000.0,175460000.0,3389.80439054,598642532344.7262
2025-10-08 09:00:00,175490000.0,178617000.0,175460000.0,178011000.0,2463.9288202,437564563683.36633
2025-10-09 09:00:00,177853000.0,179869000.0,176496000.0,177616000.0,2825.3725964,502722479625.2399
2025-10-10 09:00:00,177616000.0,178151000.0,165000000.0,172257000.0,6799.93776544,1176694906176.9958
2025-10-11 09:00:00,172180000.0,173937000.0,166500000.0,170390000.0,4416.69331273,753231509611.747
2025-10-12 09:00:00,170390000.0,174909000.0,168132000.0,173833000.0,3435.1907301,590134715324.112
2025-10-13 09:00:00,173833000.0,175337000.0,170778000.0,171680000.0,2243.15905637,388139345869.35065
2025-10-14 09:00:00,171695000.0,172444000.0,168000000.0,170070000.0,2556.34346069,433918029494.7621
2025-10-15 09:00:00,170109000.0,170740000.0,168001000.0,168539000.0,1724.32577247,291870428184.9084
2025-10-16 09:00:00,168642000.0,170124000.0,164858000.0,165290000.0,2618.72985457,437824361391.7073
2025-10-17 09:00:00,165291000.0,166565000.0,159671000.0,163639000.0,4263.22344629,693137672117.043
2025-10-18 09:00:00,163639000.0,164998000.0,162852000.0,163631000.0,926.13402213,151636016604.3545
2025-10-19 09:00:00,163631000.0,165996000.0,161250000.0,164806000.0,1399.97751435,229268556059.69614
2025-10-20 09:00:00,164806000.0,167468000.0,163398000.0,165911000.0,1448.62619236,240510969106.4501
2025-10-21 09:00:00,165911000.0,169336000.0,162011000.0,163400000.0,2420.85720656,399475288487.1652
2025-10-22 09:00:00,163400000.0,164406000.0,162500000.0,163153000.0,1291.51295714,210865321673.2892
2025-10-23 09:00:00,163153000.0,166400000.0,163035000.0,165546000.0,1119.20412068,184408426735.37573
2025-10-24 09:00:00,165546000.0,167381000.0,164420000.0,165703000.0,1440.09487313,239207501057.3016
2025-10-25 09:00:00,165703000.0,166849000.0,165331000.0,166310000.0,515.28984273,85672295588.4808
2025-10-26 09:00:00,166330000.0,170000000.0,166104000.0,169514000.0,1297.92398941,218338535820.94772
2025-10-27 09:00:00,169514000.0,171500000.0,168793000.0,168980000.0,1539.67425404,261904125720.6448
2025-10-28 09:00:00,168980000.0,170859000.0,167550000.0,168263000.0,1268.51890121,214454130357.1986
2025-10-29 09:00:00,168263000.0,168401000.0,164000000.0,164617000.0,1947.2314325,324187167634.94867
2025-10-30 09:00:00,164597000.0,166201000.0,162000000.0,164258000.0,2160.38972862,353756481978.90454
2025-10-31 09:00:00,164259000.0,166000000.0,163255000.0,164275000.0,1085.96360328,178789984751.9785
2025-11-01 09:00:00,164275000.0,164692000.0,163410000.0,164000000.0,394.93497609,64821112546.848
2025-11-02 09:00:00,164001000.0,165139000.0,163300000.0,164129000.0,538.34171488,88399441430.99364
2025-11-03 09:00:00,164074000.0,164133000.0,158000000.0,158587000.0,3370.61616028,540231330879.8635
2025-11-04 09:00:00,158589000.0,161128000.0,147651000.0,152873000.0,6623.28166665,1015874835514.4573
2025-11-05 09:00:00,152873000.0,156324000.0,146679000.0,156008000.0,4638.82222413,703241665642.2413
2025-11-06 09:00:00,156008000.0,156126000.0,150500000.0,151401000.0,1828.65611327,280346783171.9297
2025-11-07 09:00:00,151412000.0,154961000.0,148831000.0,153850000.0,2342.63161192,355423068675.0901
2025-11-08 09:00:00,153850000.0,154400000.0,151353000.0,152541000.0,879.04177043,134310399291.33357
2025-11-09 09:00:00,152542000.0,156300000.0,151279000.0,155490000.0,1204.96625518,185018387797.90594
2025-11-10 09:00:00,155490000.0,158330000.0,154922000.0,156797000.0,1825.40211546,286654517393.5798
2025-11-11 09:00:00,156802000.0,159150000.0,153267000.0,154302000.0,1489.05390557,232529501351.004
2025-11-12 09:00:00,154302000.0,157200000.0,152000000.0,153300000.0,1370.69258931,211721041542.7353
2025-11-13 09:00:00,153300000.0,155271000.0,149000000.0,151306000.0,2615.18799842,397431579574.2095
2025-11-14 09:00:00,151314000.0,151619000.0,142950000.0,143623000.0,6095.07370382,890314099684.4531
2025-11-15 09:00:00,143623000.0,146306000.0,143489000.0,144265000.0,1515.28574425,219472163507.86105
2025-11-16 09:00:00,144265000.0,144888000.0,138663000.0,140320000.0,3306.73095286,468741558756.14984
2025-11-17 09:00:00,140320000.0,142926000.0,137127000.0,137706000.0,3402.72907309,476674016601.1159
2025-11-18 09:00:00,137706000.0,139184000.0,132200000.0,137750000.0,6342.5202439,857734337037.8241
2025-11-19 09:00:00,137750000.0,137807000.0,132449000.0,136500000.0,2862.63500623,386869980019.5566
2025-11-20 09:00:00,136500000.0,138621000.0,129800000.0,129896000.0,4303.83230626,575824585241.2045
2025-11-21 09:00:00,129896000.0,131000000.0,121455000.0,128044000.0,8849.11214826,1116620272337.0957
2025-11-22 09:00:00,128044000.0,129000000.0,125609000.0,127333000.0,1739.59714235,221066786187.7654
2025-11-23 09:00:00,127373000.0,133852000.0,127327000.0,131960000.0,3695.67167349,483784437289.2391
2025-11-24 09:00:00,131998000.0,133761000.0,129050000.0,132574000.0,3273.54848822,430957394245.00214
2025-11-25 09:00:00,132574000.0,132750000.0,129365000.0,130736000.0,2126.40154021,278721538777.0226
2025-11-26 09:00:00,130779000.0,135485000.0,129600000.0,135366000.0,2216.72386044,292994433886.0879
2025-11-27 09:00:00,135366000.0,138400000.0,134608000.0,136941000.0,2460.70846276,336413480735.2895
2025-11-28 09:00:00,136989000.0,139868000.0,135691000.0,136334000.0,1928.85863285,265259951636.35245
2025-11-29 09:00:00,136334000.0,136770000.0,135300000.0,136073000.0,769.16757448,104586151958.00665
2025-11-30 09:00:00,136000000.0,137631000.0,135600000.0,135744000.0,776.74497018,106089466724.34807
2025-12-01 09:00:00,135752000.0,135839000.0,125809000.0,129172000.0,5383.62240806,697770678572.7227
2025-12-02 09:00:00,129169000.0,137330000.0,128650000.0,135626000.0,2981.09361989,396678047925.69775
2025-12-03 09:00:00,135683000.0,140212000.0,135200000.0,138881000.0,2892.41653651,399701804681.7536
2025-12-04 09:00:00,138998000.0,139769000.0,135909000.0,137390000.0,1624.69297075,224538052444.97287
2025-12-05 09:00:00,137447000.0,138298000.0,132000000.0,133828000.0,1944.65242825,263112470796.4635
2025-12-06 09:00:00,133870000.0,134940000.0,133200000.0,133598000.0,675.40470233,90551171310.31982
2025-12-07 09:00:00,133601000.0,136800000.0,131333000.0,135195000.0,1255.39465592,168135178062.66968
2025-12-08 09:00:00,135195000.0,137296000.0,133758000.0,134986000.0,1384.0073064,187798047283.34946
2025-12-09 09:00:00,134975000.0,139858000.0,133300000.0,137200000.0,1957.43520256,267662639853.5522
2025-12-10 09:00:00,137254000.0,139789000.0,136304000.0,136700000.0,1708.13265878,234833892052.77008
2025-12-11 09:00:00,136702000.0,138792000.0,133364000.0,137332000.0,1851.33056914,250656986661.03568
2025-12-12 09:00:00,137333000.0,137731000.0,134134000.0,134902000.0,1248.58776744,169975973059.3464
2025-12-13 09:00:00,134930000.0,135120000.0,134150000.0,134733000.0,492.0558567,66297903213.14032
2025-12-14 09:00:00,134733000.0,135000000.0,131183000.0,131795000.0,1158.59216437,154221042564.57495
2025-12-15 09:00:00,131797000.0,134235000.0,127602000.0,129132000.0,2256.23690222,294801717594.39166
2025-12-16 09:00:00,129132000.0,131100000.0,127000000.0,130682000.0,1837.67046579,236810911284.35358
2025-12-17 09:00:00,130682000.0,134100000.0,127633000.0,128680000.0,1765.6164555,229876839404.95648
2025-12-18 09:00:00,128680000.0,132900000.0,126226000.0,127135000.0,2340.67880555,302729023713.09247
2025-12-19 09:00:00,127233000.0,132770000.0,126551000.0,131223000.0,2121.91118891,275795430030.47906
2025-12-20 09:00:00,131223000.0,132189000.0,130767000.0,131469000.0,533.95265461,70211828269.29736
2025-12-21 09:00:00,131526000.0,132486000.0,130399000.0,131860000.0,732.35677464,96291609969.34177
2025-12-22 09:00:00,131859000.0,134750000.0,131050000.0,132200000.0,1607.47665651,213800401018.91458
2025-12-23 09:00:00,132201000.0,132618000.0,129380000.0,130451000.0,1251.77181168,163735164301.04507
2025-12-24 09:00:00,130451000.0,130550000.0,127900000.0,129236000.0,1233.62965006,159130698816.40912
2025-12-25 09:00:00,129236000.0,130200000.0,128100000.0,128498000.0,673.76504377,87035042323.77747
2025-12-26 09:00:00,128497000.0,130800000.0,127439000.0,128152000.0,1416.92893291,182807547979.7103
2025-12-27 09:00:00,128149000.0,128396000.0,127713000.0,128298000.0,382.26856914,48964490903.66592
2025-12-28 09:00:00,128298000.0,128385000.0,127522000.0,127914000.0,414.89194697,53105708794.09582
2025-12-29 09:00:00,127914000.0,130575000.0,126500000.0,127161000.0,1716.16307789,220268015461.04065
2025-12-30 09:00:00,127161000.0,129602000.0,126356000.0,128570000.0,1093.6008784,139741603867.2498
2025-12-31 09:00:00,128570000.0,129211000.0,127501000.0,128067000.0,766.93902682,98546384029.81483
2026-01-01 09:00:00,128000000.0,128943000.0,127864000.0,128830000.0,483.26770513,61981087054.79724
2026-01-02 09:00:00,128830000.0,131400000.0,128321000.0,130150000.0,1503.23975291,195008412674.76984
2026-01-03 09:00:00,130151000.0,131103000.0,129290000.0,131077000.0,777.87069983,101398141459.54893
2026-01-04 09:00:00,131077000.0,132880000.0,131060000.0,132386000.0,963.73906887,127338541504.02437
2026-01-05 09:00:00,132386000.0,136950000.0,132364000.0,136074000.0,2066.27446338,279199172918.64575
2026-01-06 09:00:00,136074000.0,136800000.0,133182000.0,136299000.0,1700.60775251,230350722269.80878
2026-01-07 09:00:00,136299000.0,136299000.0,132500000.0,132939000.0,1303.7621332,174614450830.61075
2026-01-08 09:00:00,132939000.0,133750000.0,130777000.0,133174000.0,1215.09100251,160701587968.26843
2026-01-09 09:00:00,133200000.0,134809000.0,131770000.0,133451000.0,839.63400522,111942374644.32535
2026-01-10 09:00:00,133449000.0,133895000.0,133200000.0,133503000.0,284.42249811,37989320062.43845
2026-01-11 09:00:00,133503000.0,134250000.0,133106000.0,133702000.0,421.49682452,56334876915.38559
2026-01-12 09:00:00,133751000.0,136000000.0,133200000.0,134602000.0,1315.03099916,177101152374.305
2026-01-13 09:00:00,134602000.0,140670000.0,134321000.0,139968000.0,1960.12905214,269209757296.38315
2026-01-14 09:00:00,139946000.0,143050000.0,138800000.0,142160000.0,1980.87710753,278934924864.67255
2026-01-15 09:00:00,142160000.0,142815000.0,140400000.0,140907000.0,1439.1419475,203771919237.32
2026-01-16 09:00:00,140907000.0,141346000.0,139800000.0,141083000.0,896.66376962,126132831505.66002
2026-01-17 09:00:00,141087000.0,141250000.0,140409000.0,140527000.0,429.07237668,60411464709.9147
2026-01-18 09:00:00,140526000.0,141200000.0,138894000.0,138940000.0,642.23701912,90130260920.1119
2026-01-19 09:00:00,138944000.0,138993000.0,136590000.0,137010000.0,1474.79458216,202997188501.51297
2026-01-20 09:00:00,137010000.0,137650000.0,131118000.0,131849000.0,2250.38139501,302495445170.03796
2026-01-21 09:00:00,131849000.0,134345000.0,130000000.0,132505000.0,2064.78202226,273477114795.1699
2026-01-22 09:00:00,132505000.0,134069000.0,131786000.0,132864000.0,871.38541481,115944339771.28926
2026-01-23 09:00:00,132864000.0,134741000.0,131568000.0,131961000.0,991.5855696,131761730715.90598
2026-01-24 09:00:00,131906000.0,132440000.0,131643000.0,131644000.0,370.28959478,48884279593.88687
2026-01-25 09:00:00,131644000.0,131880000.0,128000000.0,128500000.0,1544.95496972,200389519525.23297
2026-01-26 09:00:00,128500000.0,129900000.0,127800000.0,129474000.0,1509.24682749,194237069932.57617
2026-01-27 09:00:00,129474000.0,130349000.0,127800000.0,129687000.0,1119.30852055,144633987105.8759
2026-01-28 09:00:00,129690000.0,131300000.0,128423000.0,129079000.0,1112.7722633,144215086572.96426
2026-01-29 09:00:00,129051000.0,129080000.0,122734000.0,124287000.0,2871.72981112,361260373908.42426
2026-01-30 09:00:00,124258000.0,125300000.0,119100000.0,125210000.0,3579.23932955,435790134822.87036
2026-01-31 09:00:00,125210000.0,125220000.0,114971000.0,117616000.0,3707.03152282,441203576810.363
2026-02-01 09:00:00,117616000.0,118500000.0,112000000.0,113416000.0,3563.50035811,410842329443.6678
2026-02-02 09:00:00,113416000.0,117350000.0,110638000.0,116997000.0,3681.90848017,420021937196.12366
2026-02-03 09:00:00,116932000.0,117316000.0,108800000.0,111882000.0,3143.52353563,355456685593.7218
2026-02-04 09:00:00,111882000.0,113470000.0,106510000.0,107867000.0,3504.39567887,385208287997.9816
2026-02-05 09:00:00,107867000.0,108262000.0,92039000.0,92920000.0,12556.16349859,1251501701641.7668
2026-02-06 09:00:00,92894000.0,106801000.0,89000000.0,104990000.0,12766.90988436,1250175912584.1655
2026-02-07 09:00:00,104995000.0,106500000.0,99599000.0,102617000.0,4914.19674411,503738415852.17444
2026-02-08 09:00:00,102602000.0,107047000.0,102063000.0,104587000.0,2654.82455589,278063735453.422
2026-02-09 09:00:00,104597000.0,105979000.0,101300000.0,103479000.0,2616.25875622,270724980568.64368
2026-02-10 09:00:00,103479000.0,104188000.0,101000000.0,102136000.0,1879.31789908,192588501478.77716
2026-02-11 09:00:00,102136000.0,102702000.0,97712000.0,99166000.0,3680.91846931,366510583518.17914
2026-02-12 09:00:00,99162000.0,100367000.0,96000000.0,97328000.0,2306.02573244,226716186549.9496
2026-02-13 09:00:00,97327000.0,101663000.0,96700000.0,100786000.0,2257.61835963,223632620345.43698
2026-02-14 09:00:00,100799000.0,104195000.0,100560000.0,102850000.0,2061.91988223,211231684004.233
2026-02-15 09:00:00,102864000.0,105000000.0,100853000.0,102103000.0,2233.68470991,229926146632.74756
2026-02-16 09:00:00,102158000.0,103708000.0,100047000.0,101944000.0,1542.15065177,156797280031.97293
2026-02-17 09:00:00,101944000.0,102455000.0,99051000.0,100054000.0,1518.62064636,152491392096.78668
2026-02-18 09:00:00,100054000.0,100956000.0,98115000.0,98622000.0,1554.46249904,154762929147.7444
2026-02-19 09:00:00,98622000.0,99409000.0,97069000.0,98846000.0,1533.36606451,150892124677.01505
2026-02-20 09:00:00,98847000.0,100620000.0,98263000.0,100065000.0,1652.57790948,164447456347.62607
2026-02-21 09:00:00,100066000.0,100932000.0,99415000.0,99986000.0,775.44852523,77668369126.03773
2026-02-22 09:00:00,100033000.0,100263000.0,98912000.0,99542000.0,698.63986906,69650850512.78407
2026-02-23 09:00:00,99579000.0,99580000.0,94346000.0,95352000.0,3494.8717926,336422984079.4336
2026-02-24 09:00:00,95352000.0,95762000.0,92000000.0,93807000.0,3095.24924342,289225552054.04834
2026-02-25 09:00:00,93807000.0,100482000.0,93400000.0,97937000.0,3478.09466755,336990386788.14734
2026-02-26 09:00:00,97935000.0,99223000.0,96343000.0,97449000.0,1956.33610352,191555666373.87296
2026-02-27 09:00:00,97450000.0,98600000.0,95061000.0,96121000.0,1703.63306742,164882677316.7571
2026-02-28 09:00:00,96120000.0,98601000.0,92632000.0,97626000.0,2847.00807153,269939320001.67682
2026-03-01 09:00:00,97626000.0,99005000.0,95100000.0,95904000.0,2045.73502017,198664954575.5427
2026-03-02 09:00:00,95906000.0,102200000.0,95871000.0,100520000.0,3475.71979494,344415935461.27374
2026-03-03 09:00:00,100578000.0,101549000.0,97493000.0,100274000.0,2835.57698815,282602505223.20605
2026-03-04 09:00:00,100310000.0,107294000.0,98907000.0,105374000.0,4453.71378259,461597159201.09204
2026-03-05 09:00:00,105374000.0,107547000.0,103747000.0,103877000.0,2486.41901634,262733151096.32333
2026-03-06 09:00:00,103877000.0,104699000.0,100185000.0,100763000.0,1995.58183067,204397003788.47186
2026-03-07 09:00:00,100821000.0,101200000.0,99099000.0,99385000.0,1049.70573746,105138969969.7866
2026-03-08 09:00:00,99387000.0,100912000.0,97500000.0,97845000.0,1436.7190693,142332554299.44742
2026-03-09 09:00:00,97845000.0,102200000.0,97668000.0,100425000.0,1914.23416011,191935095894.6939
2026-03-10 09:00:00,100499000.0,104500000.0,100413000.0,102417000.0,2065.78409209,212418859423.9094
2026-03-11 09:00:00,102417000.0,104099000.0,101150000.0,102731000.0,1441.84376606,147970059945.08667
2026-03-12 09:00:00,102734000.0,103416000.0,101600000.0,103248000.0,1196.47739976,122767501045.45174
2026-03-13 09:00:00,103247000.0,108100000.0,103087000.0,104404000.0,3050.38911407,322063012326.71906
2026-03-14 09:00:00,104477000.0,105200000.0,103921000.0,105131000.0,730.61605861,76364152776.8014
2026-03-15 09:00:00,105199000.0,107381000.0,104665000.0,106940000.0,1181.55031611,124990538197.53745
2026-03-16 09:00:00,106995000.0,110198000.0,106114000.0,110058000.0,3345.48509863,362445564251.55707
2026-03-17 09:00:00,110062000.0,112450000.0,108500000.0,109012000.0,2868.67593958,316084456861.45685
2026-03-18 09:00:00,109015000.0,110022000.0,104935000.0,106000000.0,2441.75375374,262209375038.23615
2026-03-19 09:00:00,106000000.0,106392000.0,102580000.0,104078000.0,2022.57056593,211003221259.30392
2026-03-20 09:00:00,104078000.0,106200000.0,103865000.0,105314000.0,1361.28731847,143022656440.63446
2026-03-21 09:00:00,105399000.0,106446000.0,103452000.0,103782000.0,726.2663963,76561331988.86066
2026-03-22 09:00:00,103831000.0,104488000.0,101659000.0,102021000.0,1403.49160789,144745483274.14493
2026-03-23 09:00:00,102021000.0,106700000.0,101384000.0,105247000.0,2588.8579611,270726654117.0532
2026-03-24 09:00:00,105290000.0,106270000.0,103300000.0,105149000.0,1416.87243013,148800620633.57468
2026-03-25 09:00:00,105149000.0,107301000.0,105005000.0,106523000.0,1454.62782271,154510371221.0851
2026-03-26 09:00:00,106524000.0,106754000.0,103154000.0,103849000.0,1452.37907073,152234365424.66345
2026-03-27 09:00:00,103959000.0,104300000.0,99952000.0,101019000.0,2223.46690182,225783320374.12503
2026-03-28 09:00:00,101019000.0,101969000.0,100172000.0,100895000.0,754.96792086,76237151033.17256
2026-03-29 09:00:00,100892000.0,101775000.0,99212000.0,100379000.0,825.69610384,83117063245.26115
2026-03-30 09:00:00,100379000.0,103182000.0,100166000.0,101468000.0,1306.53785977,133126464947.81459
2026-03-31 09:00:00,101468000.0,103800000.0,100900000.0,103275000.0,1676.72932726,171889942066.01886
2026-04-01 09:00:00,103342000.0,104211000.0,102347000.0,103129000.0,1332.0325435,137633492657.5042
2026-04-02 09:00:00,103129000.0,103819000.0,100408000.0,101723000.0,1561.4496631,158759379128.93484
2026-04-03 09:00:00,101737000.0,102030000.0,100839000.0,101648000.0,580.29700081,58815299084.66775
2026-04-04 09:00:00,101648000.0,102470000.0,101450000.0,102147000.0,343.07606129,34956079759.30943
2026-04-05 09:00:00,102131000.0,104567000.0,101395000.0,104288000.0,779.84929805,80145623239.5934
2026-04-06 09:00:00,104289000.0,105600000.0,103240000.0,103923000.0,1435.10487791,149904302273.82828
2026-04-07 09:00:00,103964000.0,108318000.0,102400000.0,107255000.0,1883.79697717,197844141035.1136
2026-04-08 09:00:00,107295000.0,108000000.0,105167000.0,105862000.0,1649.39499066,175456058035.7915
2026-04-09 09:00:00,105868000.0,108062000.0,105080000.0,106628000.0,1246.96347005,132703430622.162
2026-04-10 09:00:00,106695000.0,108779000.0,106506000.0,108308000.0,1350.98820683,145492994535.82416
2026-04-11 09:00:00,108308000.0,109384000.0,107980000.0,108567000.0,847.47041085,92001497545.27927
2026-04-12 09:00:00,108567000.0,108765000.0,105443000.0,105700000.0,1365.15635978,145559045997.39725
2026-04-13 09:00:00,105732000.0,110276000.0,105438000.0,109806000.0,1781.79960823,192080861412.86044
2026-04-14 09:00:00,109804000.0,111996000.0,109200000.0,109875000.0,1946.4221332,214600908341.38474
2026-04-15 09:00:00,109870000.0,111016000.0,109020000.0,110456000.0,1297.58766747,142677785840.5193
2026-04-16 09:00:00,110455000.0,111194000.0,108661000.0,110782000.0,1459.88771828,160822903574.1803
2026-04-17 09:00:00,110782000.0,114891000.0,110175000.0,113773000.0,2616.6547406,294759586558.6124
2026-04-18 09:00:00,113741000.0,114399000.0,112000000.0,112375000.0,1366.77272363,154571112571.17133
2026-04-19 09:00:00,112417000.0,113300000.0,110003000.0,110020000.0,1329.40240278,148480448979.4318
2026-04-20 09:00:00,110040000.0,113200000.0,110000000.0,112455000.0,1322.05361212,147350696589.8595
2026-04-21 09:00:00,112455000.0,113500000.0,111450000.0,113049000.0,1426.95503793,160534272782.80478
2026-04-22 09:00:00,113049000.0,117471000.0,112779000.0,115901000.0,2421.27534169,279630105914.7454
2026-04-23 09:00:00,115909000.0,116800000.0,114750000.0,116429000.0,1761.23295182,203920776311.08163
2026-04-24 09:00:00,116430000.0,116843000.0,115140000.0,115463000.0,1295.9139362,150241300917.38547
2026-04-25 09:00:00,115464000.0,115935000.0,115002000.0,115696000.0,602.75766352,69639594678.48378
2026-04-26 09:00:00,115696000.0,117151000.0,115215000.0,116655000.0,742.23012758,86143020453.63156
2026-04-27 09:00:00,116692000.0,117736000.0,114089000.0,115338000.0,1895.39020214,219382209524.98633
2026-04-28 09:00:00,115304000.0,115338000.0,112648000.0,113437000.0,1261.77253764,143529549346.4605
2026-04-29 09:00:00,113441000.0,115503000.0,112370000.0,113406000.0,1259.1454513,143545017731.87064
2026-04-30 09:00:00,113394000.0,114081000.0,112500000.0,113810000.0,922.27223519,104546414146.97316
2026-05-01 09:00:00,113810000.0,116777000.0,113751000.0,115947000.0,1147.72109231,132541050857.85275
2026-05-02 09:00:00,115999000.0,117000000.0,115797000.0,116561000.0,639.79434897,74431956197.20001
2026-05-03 09:00:00,116561000.0,117338000.0,116006000.0,116590000.0,844.73431745,98518022820.06818
2026-05-04 09:00:00,116590000.0,119427000.0,116058000.0,118620000.0,2539.12525144,299245505710.40424
2026-05-05 09:00:00,118620000.0,120950000.0,118523000.0,119724000.0,2084.52064879,250145910818.8887
2026-05-06 09:00:00,119742000.0,120845000.0,119102000.0,119394000.0,1790.80033013,214641872438.72498
2026-05-07 09:00:00,119394000.0,119804000.0,117220000.0,117896000.0,1627.79735208,193059001946.41522
2026-05-08 09:00:00,117896000.0,118990000.0,117090000.0,118150000.0,1035.86148274,122254985785.07385
2026-05-09 09:00:00,118170000.0,119306000.0,118106000.0,118954000.0,543.23189271,64417316857.23764
2026-05-10 09:00:00,118992000.0,120570000.0,118000000.0,120433000.0,1175.51686781,140269071835.40527
2026-05-11 09:00:00,120461000.0,120700000.0,118739000.0,120095000.0,1432.1862107,171344526790.26007
2026-05-12 09:00:00,120095000.0,120297000.0,118646000.0,119202000.0,1157.86876615,138460290265.16776
2026-05-13 09:00:00,119202000.0,120339000.0,117300000.0,117854000.0,1531.37256455,182119691448.99463
2026-05-14 09:00:00,117854000.0,121000000.0,117325000.0,119848000.0,1626.11678986,193875886959.47357
2026-05-15 09:00:00,119849000.0,121000000.0,117093000.0,117780000.0,1570.54469031,186697856963.1269
2026-05-16 09:00:00,117783000.0,118050000.0,115833000.0,116697000.0,1060.99799473,123864666361.48466
2026-05-17 09:00:00,116706000.0,117199000.0,114953000.0,115494000.0,801.52424703,93123624108.34021
2026-05-18 09:00:00,115494000.0,115600000.0,113305000.0,114328000.0,1707.87015892,195381875673.80527
2026-05-19 09:00:00,114350000.0,115063000.0,113657000.0,114473000.0,694.91606885,79479426157.48721
2026-05-20 09:00:00,114473000.0,115612000.0,113900000.0,114949000.0,877.52588229,100742215542.11082
2026-05-21 09:00:00,114949000.0,116000000.0,114215000.0,115159000.0,811.92000986,93576946231.52145
2026-05-22 09:00:00,115159000.0,115651000.0,113186000.0,113350000.0,914.45871166,104796946474.1784
2026-05-23 09:00:00,113350000.0,115500000.0,111750000.0,114869000.0,1420.60469953,160540622431.93048
2026-05-24 09:00:00,114869000.0,115707000.0,114000000.0,115381000.0,633.57886071,72817057319.9384
2026-05-25 09:00:00,115381000.0,115732000.0,114675000.0,114891000.0,611.08173177,70452416895.55475
2026-05-26 09:00:00,114935000.0,115250000.0,112420000.0,112425000.0,1322.67969232,150408864204.39377
2026-05-27 09:00:00,112425000.0,112607000.0,109248000.0,109549000.0,1905.2761169,211712241494.23712
2026-05-28 09:00:00,109549000.0,110001000.0,107175000.0,108465000.0,2087.15509232,226036793091.68643
2026-05-29 09:00:00,108469000.0,109823000.0,107484000.0,108790000.0,1233.51377641,134003007131.58525
2026-05-30 09:00:00,108790000.0,109698000.0,108591000.0,109399000.0,474.14385293,51759639091.32632
2026-05-31 09:00:00,109399000.0,109900000.0,108276000.0,108445000.0,639.05758276,69722541840.11194
2026-06-01 09:00:00,108445000.0,109030000.0,103747000.0,104140000.0,2755.98631116,291949732855.9933
2026-06-02 09:00:00,104140000.0,104140000.0,98110000.0,98760000.0,4015.85351498,405098244345.70416
2026-06-03 09:00:00,98760000.0,100073000.0,95015000.0,95032000.0,2900.1217542,284321644792.7928
2026-06-04 09:00:00,95032000.0,96604000.0,91523000.0,95506000.0,3659.01395492,345124356209.6881
2026-06-05 09:00:00,95506000.0,95506000.0,90500000.0,93000000.0,3244.14512917,301826104804.819
2026-06-06 09:00:00,93000000.0,93600000.0,90895000.0,92560000.0,1231.0380219,113673093004.73125
2026-06-07 09:00:00,92560000.0,97000000.0,92353000.0,95430000.0,1892.84064453,178738402295.36865
2026-06-08 09:00:00,95502000.0,96400000.0,94000000.0,94730000.0,1362.86783112,129712074079.50568
2026-06-09 09:00:00,94735000.0,94980000.0,91700000.0,92555000.0,1333.84495975,124485287109.73103
2026-06-10 09:00:00,92555000.0,94470000.0,91500000.0,92601000.0,1257.28033349,116388947328.63367
2026-06-11 09:00:00,92560000.0,95800000.0,92558000.0,95623000.0,1035.23657875,97928101496.95483
2026-06-12 09:00:00,95623000.0,96947000.0,94598000.0,96029000.0,933.99549438,89447484950.61484
2026-06-13 09:00:00,96029000.0,97713000.0,95801000.0,97475000.0,688.18510032,66520203437.74741
2026-06-14 09:00:00,97476000.0,99265000.0,96060000.0,99190000.0,1233.5125011,120664258596.19415
2026-06-15 09:00:00,99200000.0,100992000.0,98000000.0,99588000.0,1697.61065765,168880237794.4089
2026-06-16 09:00:00,99576000.0,100639000.0,98225000.0,98645000.0,1009.04221399,100260806239.10059
2026-06-17 09:00:00,98624000.0,99633000.0,96511000.0,97219000.0,1196.61245738,117169562654.4201
2026-06-18 09:00:00,97277000.0,97542000.0,94323000.0,94988000.0,1282.47954852,123084282825.83302
2026-06-19 09:00:00,94988000.0,96199000.0,94040000.0,96102000.0,892.40221955,84636833612.28986
2026-06-20 09:00:00,96074000.0,97332000.0,95600000.0,97291000.0,560.96289154,54068226552.5894
2026-06-21 09:00:00,97261000.0,97593000.0,95300000.0,95395000.0,587.49364773,56789979762.26625
2026-06-22 09:00:00,95395000.0,98625000.0,95300000.0,96640000.0,1005.45963995,97714784290.15501
2026-06-23 09:00:00,96640000.0,97000000.0,93569000.0,94490000.0,1253.66800918,118964888872.86867
2026-06-24 09:00:00,94490000.0,95448000.0,90500000.0,92583000.0,2098.20428118,194374827033.0069
2026-06-25 09:00:00,92583000.0,93699000.0,89390000.0,90890000.0,2413.24718552,219919433693.59506
2026-06-26 09:00:00,90899000.0,92000000.0,89000000.0,91165000.0,1907.46720345,172240840706.09518
2026-06-27 09:00:00,91165000.0,92300000.0,90777000.0,91144000.0,548.52642121,50205490992.45431
2026-06-28 09:00:00,91130000.0,91700000.0,89550000.0,90224000.0,624.0338072,56577229861.98449
2026-06-29 09:00:00,90240000.0,91960000.0,89454000.0,91106000.0,1200.46557163,108841112561.3928
2026-06-30 09:00:00,91135000.0,91187000.0,89000000.0,89290000.0,1217.23838609,109326163588.66544
2026-07-01 09:00:00,89348000.0,92890000.0,88770000.0,91116000.0,1580.59808512,142736498802.74396
2026-07-02 09:00:00,91163000.0,93835000.0,90500000.0,92950000.0,1274.22391659,117667012258.29391
2026-07-03 09:00:00,92950000.0,94850000.0,92430000.0,94387000.0,881.21642467,82340986335.26164
2026-07-04 09:00:00,94392000.0,95700000.0,94108000.0,95242000.0,634.2237493,60085855792.04406
2026-07-05 09:00:00,95265000.0,96100000.0,94254000.0,95672000.0,604.48447936,57406971466.46903
2026-07-06 09:00:00,95673000.0,97000000.0,92513000.0,96040000.0,1313.67195117,124601052126.94244
2026-07-07 09:00:00,96110000.0,96512000.0,94101000.0,94922000.0,1001.38817531,95231470753.20428
2026-07-08 09:00:00,94950000.0,95444000.0,92144000.0,92917000.0,1043.11942592,97254535612.26762
2026-07-09 09:00:00,92917000.0,94750000.0,92145000.0,94317000.0,705.63191598,66040234767.26802
2026-07-10 09:00:00,94317000.0,96300000.0,93932000.0,95718000.0,794.67078579,75835360918.06305
2026-07-11 09:00:00,95718000.0,96154000.0,95200000.0,95226000.0,337.2091159,32269236308.48661
2026-07-12 09:00:00,95266000.0,95823000.0,95001000.0,95003000.0,390.26815609,37233897490.88755
2026-07-13 09:00:00,95087000.0,95950000.0,92092000.0,92347000.0,1209.37336576,112975109069.35564
2026-07-14 09:00:00,92347000.0,95637000.0,92067000.0,95464000.0,1091.38965898,102418673812.71906
2026-07-15 09:00:00,95436000.0,96435000.0,94830000.0,95130000.0,847.58387491,81022230706.56322
2026-07-16 09:00:00,95159000.0,95333000.0,93899000.0,93949000.0,679.38786555,64230811204.39592
2026-07-17 09:00:00,93949000.0,94950000.0,92579000.0,94300000.0,705.67450996,65951667678.33658
2026-07-18 09:00:00,94300000.0,95600000.0,94137000.0,95485000.0,353.16077384,33470109943.12966
2026-07-19 09:00:00,95495000.0,95610000.0,94701000.0,95073000.0,406.12119472,38637402763.55397
2026-07-20 09:00:00,95073000.0,95951000.0,93672000.0,95250000.0,875.38657976,83083758627.63179
2026-07-21 09:00:00,95250000.0,97800000.0,95101000.0,97200000.0,1009.69848984,97512228910.89508
2026-07-22 09:00:00,97219000.0,97600000.0,95846000.0,96557000.0,661.40565482,63841101236.98445
2026-07-23 09:00:00,96558000.0,96768000.0,94811000.0,95351000.0,600.51930242,57359952070.1248
2026-07-24 09:00:00,95365000.0,95799000.0,93379000.0,94019000.0,754.17620202,71255247665.1834
2026-07-25 09:00:00,94019000.0,94333000.0,93401000.0,94224000.0,330.73346953,31047758826.45941
2026-07-26 09:00:00,94226000.0,95238000.0,94000000.0,95068000.0,402.2849038,38009524352.59288
2026-07-27 09:00:00,95016000.0,95482000.0,93000000.0,93147000.0,733.94140922,69306197975.12877
2026-07-28 09:00:00,93147000.0,93285000.0,91500000.0,92680000.0,969.61906187,89539450613.14255
2026-07-29 09:00:00,92680000.0,92996000.0,91000000.0,91424000.0,1056.90270855,97087724379.58682
2026-07-30 09:00:00,91374000.0,92460000.0,90888000.0,91620000.0,660.88092086,60555882752.8283
2026-07-31 09:00:00,91565000.0,92849000.0,89900000.0,90360000.0,1030.46290029,93682533548.79848
2026-08-01 09:00:00,90363000.0,90818000.0,89800000.0,90557000.0,357.97125573,32381992708.68836
2026-08-02 09:00:00,90557000.0,91398000.0,90419000.0,90890000.0,370.8848008,33718086673.10928
2026-08-03 09:00:00,90938000.0,91100000.0,89001000.0,90380000.0,923.76352065,83057109773.52464
2026-08-04 09:00:00,90380000.0,91648000.0,90099000.0,91274000.0,528.79428627,48058530080.95479
2026-08-05 09:00:00,91238000.0,92100000.0,90861000.0,91729000.0,441.9831968,40407004161.93901
2026-08-06 09:00:00,91729000.0,92009000.0,91071000.0,91247000.0,418.75800658,38341327725.68814
2026-08-07 09:00:00,91248000.0,92100000.0,90651000.0,91338000.0,552.79951445,50452858300.54873
2026-08-08 09:00:00,91338000.0,91568000.0,91184000.0,91351000.0,172.58509034,15767775383.55438
2026-08-09 09:00:00,91390000.0,91777000.0,91100000.0,91130000.0,221.02824343,20187019119.97648
2026-08-10 09:00:00,91116000.0,91950000.0,90118000.0,90322000.0,618.06960285,56318033594.75854
2026-08-11 09:00:00,90349000.0,90686000.0,89230000.0,89639000.0,651.8806722,58649373048.9614
2026-08-12 09:00:00,89672000.0,90725000.0,89414000.0,89642000.0,558.53165482,50203091239.22487
2026-08-13 09:00:00,89642000.0,90230000.0,89000000.0,89554000.0,559.72240331,50174386090.73665
2026-08-14 09:00:00,89580000.0,89731000.0,88342000.0,89120000.0,923.84971163,82127109510.0893
2026-08-15 09:00:00,89141000.0,89342000.0,88973000.0,89246000.0,220.35317702,19649302854.92572
2026-08-16 09:00:00,89266000.0,89650000.0,88901000.0,89168000.0,204.28121599,18227366369.68768
2026-08-17 09:00:00,89197000.0,91000000.0,88992000.0,90959000.0,469.53177014,42271001968.9469
2026-08-18 09:00:00,90959000.0,91257000.0,90060000.0,90933000.0,455.04663761,41198460815.26163
2026-08-19 09:00:00,90906000.0,95600000.0,89550000.0,95347000.0,1754.322643,163404793319.7538
2026-08-20 09:00:00,95347000.0,100900000.0,94846000.0,100591000.0,2438.80701422,240125156225.60226
2026-08-21 09:00:00,100591000.0,109500000.0,100590000.0,107503000.0,3917.79900527,412198746324.1216
2026-08-22 09:00:00,107449000.0,108609000.0,103938000.0,105580000.0,2387.73907151,253849125877.2581
2026-08-23 09:00:00,105581000.0,106759000.0,103990000.0,106736000.0,1200.90888117,126826445481.78928
2026-08-24 09:00:00,106735000.0,109701000.0,105273000.0,108653000.0,1825.27931071,196850063221.88168
2026-08-25 09:00:00,108653000.0,111545000.0,108264000.0,109165000.0,2321.06163819,255397812849.2268
2026-08-26 09:00:00,109165000.0,110117000.0,107979000.0,109830000.0,1381.84875066,151106116617.2085
2026-08-27 09:00:00,109830000.0,111500000.0,108800000.0,111004000.0,1155.80516169,127417774057.04584
2026-08-28 09:00:00,111004000.0,112445000.0,107118000.0,107744000.0,1718.15131799,188299148139.6977
2026-08-29 09:00:00,107771000.0,108899000.0,107420000.0,108746000.0,550.78796492,59487542686.18589
2026-08-30 09:00:00,108747000.0,110000000.0,107414000.0,108031000.0,713.11451319,77623102862.28459
2026-08-31 09:00:00,108025000.0,108608000.0,107255000.0,108184000.0,443.8613792,47869432156.68255
