,open,high,low,close,volume,value
2021-09-27 09:00:00,1150.0,1195.0,1130.0,1130.0,212055164.56052163,246897106965.27814
2021-09-28 09:00:00,1130.0,1150.0,1090.0,1095.0,248228066.81148964,280421576078.9201
2021-09-29 09:00:00,1095.0,1215.0,1080.0,1135.0,443463837.70617354,507322204021.62415
2021-09-30 09:00:00,1135.0,1175.0,1125.0,1160.0,264543627.42190936,305215085044.6861
2021-10-01 09:00:00,1160.0,1295.0,1155.0,1265.0,544189826.4508326,667987709714.2474
2021-10-02 09:00:00,1265.0,1295.0,1230.0,1265.0,280076999.17734873,352817438142.4774
2021-10-03 09:00:00,1265.0,1325.0,1240.0,1280.0,360349475.2690835,463128345408.2864
2021-10-04 09:00:00,1280.0,1290.0,1235.0,1270.0,329644769.70292187,416063338310.17053
2021-10-05 09:00:00,1270.0,1320.0,1260.0,1300.0,367126324.16691047,471626660696.53
2021-10-06 09:00:00,1305.0,1340.0,1235.0,1310.0,460791261.57129,594300201273.0192
2021-10-07 09:00:00,1305.0,1330.0,1270.0,1300.0,285591609.0550216,372140197219.91095
2021-10-08 09:00:00,1300.0,1330.0,1285.0,1295.0,244831474.59013236,320191402110.8445
2021-10-09 09:00:00,1300.0,1475.0,1295.0,1415.0,515105595.28983796,712977004587.5927
2021-10-10 09:00:00,1410.0,1500.0,1385.0,1405.0,474237055.28167295,684651813249.314
2021-10-11 09:00:00,1405.0,1450.0,1385.0,1405.0,266764930.99865922,378894020795.0173
2021-10-12 09:00:00,1405.0,1405.0,1320.0,1355.0,368965479.7291341,500178547095.75116
2021-10-13 09:00:00,1355.0,1395.0,1325.0,1375.0,282846783.98106366,383755791405.6696
2021-10-14 09:00:00,1370.0,1405.0,1360.0,1375.0,217241524.34209248,300170045341.7622
2021-10-15 09:00:00,1375.0,1450.0,1350.0,1405.0,656736640.3400394,911586024421.1409
2021-10-16 09:00:00,1405.0,1455.0,1390.0,1395.0,318227424.5457998,449030245742.1271
2021-10-17 09:00:00,1400.0,1400.0,1315.0,1350.0,212210154.07646435,291580596283.2794
2021-10-18 09:00:00,1350.0,1365.0,1320.0,1340.0,232321146.19878387,312103650753.0035
2021-10-19 09:00:00,1335.0,1355.0,1320.0,1335.0,156249882.6555773,208714477829.40262
2021-10-20 09:00:00,1335.0,1400.0,1330.0,1385.0,292718499.90196306,399836221150.404
2021-10-21 09:00:00,1385.0,1420.0,1335.0,1335.0,354472955.983148,488856291404.53143
2021-10-22 09:00:00,1335.0,1380.0,1320.0,1330.0,280331920.69008803,377224464488.4804
2021-10-23 09:00:00,1330.0,1345.0,1320.0,1335.0,114230849.51361105,152516768671.78656
2021-10-24 09:00:00,1340.0,1340.0,1310.0,1325.0,142457190.00945467,189442343935.82767
2021-10-25 09:00:00,1325.0,1350.0,1320.0,1325.0,136490883.39389098,181676199807.2572
2021-10-26 09:00:00,1325.0,1390.0,1325.0,1340.0,245387602.86612764,330752512289.286
2021-10-27 09:00:00,1340.0,1365.0,1220.0,1225.0,674966179.331271,868181714416.3905
2021-10-28 09:00:00,1230.0,1305.0,1200.0,1275.0,439862075.3201782,555927156869.9039
2021-10-29 09:00:00,1280.0,1310.0,1270.0,1300.0,226556090.71220422,291862883568.0228
2021-10-30 09:00:00,1300.0,1340.0,1270.0,1285.0,257247039.6920318,334417113285.4333
2021-10-31 09:00:00,1290.0,1365.0,1280.0,1315.0,397109058.97462314,521943785402.275
2021-11-01 09:00:00,1315.0,1340.0,1275.0,1295.0,226435679.9818518,294852903364.34515
2021-11-02 09:00:00,1295.0,1350.0,1295.0,1330.0,272428226.027582,357440279894.6139
2021-11-03 09:00:00,1330.0,1450.0,1320.0,1430.0,654251486.5337285,911593029181.9917
2021-11-04 09:00:00,1430.0,1490.0,1410.0,1445.0,366063921.2596559,528945290298.50183
2021-11-05 09:00:00,1440.0,1445.0,1390.0,1405.0,210928209.17847848,299088019728.2816
2021-11-06 09:00:00,1410.0,1420.0,1365.0,1395.0,155876251.8422059,217512910963.94482
2021-11-07 09:00:00,1400.0,1495.0,1390.0,1480.0,247190833.77068073,357947117955.0322
2021-11-08 09:00:00,1475.0,1575.0,1475.0,1545.0,481447177.4605916,738496660256.9849
2021-11-09 09:00:00,1545.0,1555.0,1465.0,1515.0,358006455.5678624,541022160646.9659
2021-11-10 09:00:00,1515.0,1610.0,1425.0,1460.0,708584774.2910614,1078259809214.0088
2021-11-11 09:00:00,1465.0,1530.0,1440.0,1480.0,341875629.7618746,505516879616.9381
2021-11-12 09:00:00,1475.0,1495.0,1415.0,1450.0,297170195.1561275,430648055210.34064
2021-11-13 09:00:00,1445.0,1460.0,1420.0,1440.0,142896001.06232345,205862917269.03732
2021-11-14 09:00:00,1440.0,1455.0,1425.0,1440.0,115623595.65678279,166591709869.85925
2021-11-15 09:00:00,1445.0,1475.0,1425.0,1425.0,203955153.59974146,296180421494.5626
2021-11-16 09:00:00,1430.0,1430.0,1320.0,1340.0,461462318.3943702,631152101792.9448
2021-11-17 09:00:00,1340.0,1365.0,1305.0,1340.0,344973623.47419053,460135717871.1886
2021-11-18 09:00:00,1345.0,1420.0,1275.0,1285.0,618724545.1963235,838538026728.7949
2021-11-19 09:00:00,1290.0,1365.0,1265.0,1345.0,262629517.11894435,344338197987.4935
2021-11-20 09:00:00,1350.0,1365.0,1320.0,1355.0,151313101.5528326,203849360310.1513
2021-11-21 09:00:00,1355.0,1360.0,1320.0,1325.0,142476091.8479458,190484882842.32242
2021-11-22 09:00:00,1320.0,1330.0,1285.0,1300.0,223607889.15862367,292191238997.1329
2021-11-23 09:00:00,1300.0,1335.0,1285.0,1330.0,229612980.3771637,299793777601.09674
2021-11-24 09:00:00,1325.0,1335.0,1270.0,1295.0,278039117.935551,360128079817.21265
2021-11-25 09:00:00,1295.0,1330.0,1280.0,1295.0,339408327.8375339,442405761842.6936
2021-11-26 09:00:00,1295.0,1300.0,1180.0,1200.0,491908361.2795684,607272704548.1528
2021-11-27 09:00:00,1200.0,1225.0,1185.0,1215.0,164431425.9637593,199494458584.95947
2021-11-28 09:00:00,1215.0,1230.0,1155.0,1220.0,248893244.2651719,295064008307.2895
2021-11-29 09:00:00,1220.0,1255.0,1215.0,1235.0,219035187.28529862,269901319221.69803
2021-11-30 09:00:00,1235.0,1280.0,1215.0,1235.0,251844498.861602,313729245108.4991
2021-12-01 09:00:00,1235.0,1260.0,1225.0,1225.0,163672338.85973993,203516646447.3018
2021-12-02 09:00:00,1225.0,1230.0,1200.0,1210.0,178379805.87542376,216181852290.3326
2021-12-03 09:00:00,1205.0,1225.0,1155.0,1170.0,264158063.77363545,316176425725.27814
2021-12-04 09:00:00,1170.0,1170.0,855.0,1070.0,1135418113.4865236,1139372167904.2332
2021-12-05 09:00:00,1065.0,1095.0,977.0,1010.0,451055844.6846784,463215503678.4243
2021-12-06 09:00:00,1005.0,1035.0,940.0,1030.0,514580399.72254205,503192822246.2891
2021-12-07 09:00:00,1030.0,1055.0,1005.0,1020.0,287972499.1973304,296379061245.8554
2021-12-08 09:00:00,1020.0,1090.0,1000.0,1065.0,384438964.7431472,399241467324.743
2021-12-09 09:00:00,1065.0,1165.0,1025.0,1070.0,704861239.9941695,777825644803.8063
2021-12-10 09:00:00,1070.0,1095.0,1005.0,1010.0,360406047.87126976,378663201441.5797
2021-12-11 09:00:00,1015.0,1050.0,999.0,1040.0,173231435.68421075,178728733322.90823
2021-12-12 09:00:00,1040.0,1065.0,1010.0,1040.0,159928146.9602282,165509628425.53946
2021-12-13 09:00:00,1040.0,1050.0,960.0,982.0,331457108.8933288,332989039303.0069
2021-12-14 09:00:00,982.0,1025.0,956.0,1005.0,401239669.8243418,396845906418.80975
2021-12-15 09:00:00,1000.0,1055.0,970.0,1035.0,343061717.9352579,345550885422.9457
2021-12-16 09:00:00,1035.0,1045.0,1005.0,1005.0,193868301.04640236,199302424516.21783
2021-12-17 09:00:00,1010.0,1035.0,981.0,1000.0,248816610.85765073,250206084897.09152
2021-12-18 09:00:00,1000.0,1040.0,996.0,1025.0,136850297.71228787,139281181039.82748
2021-12-19 09:00:00,1025.0,1055.0,1025.0,1040.0,146896354.09398884,152216184635.1163
2021-12-20 09:00:00,1040.0,1135.0,1030.0,1090.0,591090178.439883,637969331964.1031
2021-12-21 09:00:00,1090.0,1180.0,1050.0,1160.0,374388765.0634502,413237765677.8622
2021-12-22 09:00:00,1160.0,1190.0,1135.0,1170.0,296095442.70194566,345252659064.4317
2021-12-23 09:00:00,1170.0,1235.0,1155.0,1205.0,359613248.9812819,432703576834.0063
2021-12-24 09:00:00,1200.0,1215.0,1080.0,1115.0,417151680.24446076,481393871455.64386
2021-12-25 09:00:00,1110.0,1130.0,1100.0,1120.0,157291931.4077635,176319056320.35248
2021-12-26 09:00:00,1120.0,1130.0,1105.0,1120.0,111184883.82206073,123984577540.46074
2021-12-27 09:00:00,1120.0,1155.0,1100.0,1125.0,183893558.7841946,206192143726.29437
2021-12-28 09:00:00,1120.0,1125.0,1035.0,1040.0,252712085.31020927,272513518599.32144
2021-12-29 09:00:00,1045.0,1055.0,995.0,1005.0,240105151.4292118,246097664700.68433
2021-12-30 09:00:00,1005.0,1045.0,989.0,1020.0,189027063.60312578,191765338263.903
2021-12-31 09:00:00,1015.0,1035.0,1000.0,1020.0,162533215.75893334,165653430127.74683
2022-01-01 09:00:00,1020.0,1040.0,1015.0,1035.0,94545405.4424341,97280886541.82216
2022-01-02 09:00:00,1035.0,1050.0,1025.0,1045.0,138948069.09059042,143840673150.43076
2022-01-03 09:00:00,1045.0,1045.0,1010.0,1020.0,140316118.27807713,143826629764.29172
2022-01-04 09:00:00,1015.0,1030.0,1000.0,1005.0,143888117.06205362,145661269994.75644
2022-01-05 09:00:00,1010.0,1015.0,901.0,955.0,296917683.90899533,289636847889.2179
2022-01-06 09:00:00,956.0,972.0,916.0,962.0,305768406.54727876,287639153837.5005
2022-01-07 09:00:00,961.0,964.0,905.0,944.0,298021797.28362674,278598925808.79956
2022-01-08 09:00:00,944.0,956.0,911.0,932.0,167249189.4842016,156659251364.83942
2022-01-09 09:00:00,932.0,944.0,916.0,929.0,113867901.53435642,105984168651.42944
2022-01-10 09:00:00,928.0,935.0,862.0,908.0,328703220.59233314,295790839577.4903
2022-01-11 09:00:00,907.0,948.0,890.0,942.0,285579520.87914777,260408963725.67783
2022-01-12 09:00:00,942.0,980.0,927.0,969.0,243505292.02296343,231545367337.89993
2022-01-13 09:00:00,969.0,974.0,932.0,934.0,195300841.39947066,186769535541.6926
2022-01-14 09:00:00,935.0,958.0,920.0,938.0,202680671.12861854,190513350485.67996
2022-01-15 09:00:00,938.0,955.0,935.0,948.0,102156646.91773944,96416432064.5495
2022-01-16 09:00:00,947.0,951.0,936.0,941.0,83138788.13875824,78493103581.82066
2022-01-17 09:00:00,942.0,945.0,916.0,928.0,115754026.55239943,107567108975.19893
2022-01-18 09:00:00,928.0,934.0,895.0,909.0,177239031.45590118,161202042017.5008
2022-01-19 09:00:00,909.0,912.0,879.0,892.0,170935656.73640248,152675941191.35587
2022-01-20 09:00:00,891.0,918.0,875.0,878.0,174855598.2710745,156972574111.7591
2022-01-21 09:00:00,878.0,886.0,770.0,791.0,517218800.42358303,430080314458.20593
2022-01-22 09:00:00,791.0,804.0,695.0,738.0,628586412.0687461,468208867091.1892
2022-01-23 09:00:00,739.0,775.0,726.0,769.0,254387795.40478823,191116061314.79578
2022-01-24 09:00:00,768.0,769.0,688.0,748.0,464452197.1004291,333697611754.5345
2022-01-25 09:00:00,748.0,758.0,716.0,750.0,267790446.62660187,196908530740.47348
2022-01-26 09:00:00,750.0,804.0,742.0,758.0,446580040.3939347,341951632445.1496
2022-01-27 09:00:00,758.0,769.0,726.0,750.0,291404617.10902715,217034448198.2966
2022-01-28 09:00:00,749.0,760.0,737.0,757.0,225772118.98408428,168440332967.64423
2022-01-29 09:00:00,756.0,772.0,753.0,765.0,183644119.50225654,139828193157.68518
2022-01-30 09:00:00,765.0,771.0,743.0,751.0,125799885.76400474,95784118390.01625
2022-01-31 09:00:00,751.0,767.0,722.0,760.0,162334705.40502948,119688046917.75543
2022-02-01 09:00:00,760.0,777.0,752.0,776.0,144628859.83577216,110673623485.62292
2022-02-02 09:00:00,776.0,779.0,739.0,741.0,191044854.75701255,145798355770.2185
2022-02-03 09:00:00,741.0,749.0,729.0,749.0,144173345.26859048,106801694496.7523
2022-02-04 09:00:00,749.0,803.0,743.0,799.0,260841679.30174488,199437690294.58203
2022-02-05 09:00:00,799.0,846.0,791.0,817.0,376291335.51913047,308461745160.88293
2022-02-06 09:00:00,817.0,839.0,808.0,833.0,202749678.91299862,166604646971.0715
2022-02-07 09:00:00,834.0,1030.0,823.0,1020.0,893557734.4057225,831715955341.7217
2022-02-08 09:00:00,1020.0,1115.0,985.0,1070.0,1064460809.5162013,1113812985185.1118
2022-02-09 09:00:00,1070.0,1105.0,1025.0,1055.0,446282853.5185161,473972851894.5428
2022-02-10 09:00:00,1055.0,1085.0,1005.0,1010.0,364836636.50418085,382661628122.01117
2022-02-11 09:00:00,1010.0,1015.0,914.0,929.0,472333586.44393015,461618963706.2883
2022-02-12 09:00:00,929.0,1040.0,910.0,1000.0,554561874.835976,537409407283.6865
2022-02-13 09:00:00,1005.0,1040.0,981.0,988.0,264616927.44949597,266198936512.8911
2022-02-14 09:00:00,988.0,995.0,951.0,972.0,356980651.7904075,345971127887.15826
2022-02-15 09:00:00,972.0,1035.0,968.0,1030.0,288423067.2423047,288922148622.58673
2022-02-16 09:00:00,1025.0,1030.0,987.0,1015.0,237526322.22940254,239480845005.85693
2022-02-17 09:00:00,1015.0,1025.0,924.0,936.0,411739113.32262456,402357759402.9746
2022-02-18 09:00:00,936.0,979.0,928.0,961.0,420610643.27570045,400807355850.1188
2022-02-19 09:00:00,962.0,1035.0,939.0,1005.0,520196375.8583919,513699297160.08606
2022-02-20 09:00:00,1000.0,1005.0,943.0,954.0,401569859.21212536,388915277280.76105
2022-02-21 09:00:00,955.0,980.0,854.0,863.0,547963292.0224426,511298948921.77576
2022-02-22 09:00:00,863.0,884.0,825.0,877.0,570839881.2862211,488011120965.55865
2022-02-23 09:00:00,877.0,904.0,845.0,853.0,429310077.2060744,376330946169.5381
2022-02-24 09:00:00,852.0,875.0,776.0,852.0,945630161.9243963,766331022490.1926
2022-02-25 09:00:00,853.0,950.0,837.0,939.0,552300006.031038,481301878261.53503
2022-02-26 09:00:00,939.0,962.0,908.0,920.0,467145288.2702258,436959278622.0872
2022-02-27 09:00:00,919.0,934.0,870.0,887.0,466042750.16181725,420618651168.62164
2022-02-28 09:00:00,887.0,955.0,872.0,947.0,514774117.11821306,468299688360.8241
2022-03-01 09:00:00,946.0,974.0,923.0,949.0,530054046.8434062,501786400360.7977
2022-03-02 09:00:00,950.0,953.0,921.0,936.0,321274915.0177106,300643473265.0652
2022-03-03 09:00:00,935.0,963.0,901.0,920.0,362337498.1019556,337510332065.96204
2022-03-04 09:00:00,919.0,923.0,870.0,883.0,349646669.1276107,314423032210.1524
2022-03-05 09:00:00,882.0,953.0,875.0,931.0,397680002.84297055,365627563388.3441
2022-03-06 09:00:00,931.0,938.0,900.0,903.0,273006770.57926244,249939326437.96188
2022-03-07 09:00:00,903.0,936.0,885.0,899.0,488073700.4784525,445192777244.2818
2022-03-08 09:00:00,899.0,908.0,891.0,898.0,235668291.57869208,212194691852.35236
2022-03-09 09:00:00,898.0,949.0,898.0,941.0,365764558.3389953,338856447581.85504
2022-03-10 09:00:00,941.0,959.0,902.0,913.0,389503321.0390508,359033784142.3827
2022-03-11 09:00:00,914.0,1010.0,907.0,1005.0,531076127.81389433,506265894539.59424
2022-03-12 09:00:00,1005.0,1055.0,973.0,982.0,583459994.4031856,586215107045.2539
2022-03-13 09:00:00,982.0,1005.0,947.0,954.0,319789399.04136246,313922161314.18835
2022-03-14 09:00:00,954.0,966.0,937.0,961.0,287014578.1579012,273251695202.2418
2022-03-15 09:00:00,960.0,963.0,930.0,949.0,198442180.38930812,187814375166.16754
2022-03-16 09:00:00,948.0,976.0,943.0,970.0,351076684.8132137,335509022651.978
2022-03-17 09:00:00,970.0,981.0,961.0,971.0,219014910.82718548,212451324976.24985
2022-03-18 09:00:00,971.0,979.0,956.0,970.0,223850554.79334006,216293834403.271
2022-03-19 09:00:00,970.0,1005.0,967.0,994.0,328151590.8210749,324321030373.9165
2022-03-20 09:00:00,993.0,997.0,977.0,985.0,172883565.6799363,170888228466.01675
2022-03-21 09:00:00,985.0,1040.0,968.0,1020.0,274459521.7981639,273754820236.44757
2022-03-22 09:00:00,1020.0,1050.0,1010.0,1025.0,251446915.8802248,259078353372.39758
2022-03-23 09:00:00,1025.0,1035.0,1000.0,1020.0,240147567.46213588,243491910584.54114
2022-03-24 09:00:00,1015.0,1025.0,1005.0,1015.0,209599815.16028255,212954770241.05908
2022-03-25 09:00:00,1015.0,1020.0,1000.0,1000.0,137757871.74997914,139180696415.07376
2022-03-26 09:00:00,1000.0,1015.0,995.0,1010.0,106307945.27333821,106950352552.55397
2022-03-27 09:00:00,1010.0,1030.0,1000.0,1025.0,143288377.61263484,145252861058.02448
2022-03-28 09:00:00,1030.0,1090.0,1020.0,1040.0,296197746.7601573,312254899038.59094
2022-03-29 09:00:00,1040.0,1065.0,1015.0,1035.0,204391180.70011228,213921188654.91968
2022-03-30 09:00:00,1035.0,1050.0,1015.0,1040.0,182944169.4726144,189106226819.0195
2022-03-31 09:00:00,1040.0,1055.0,1000.0,1000.0,266013105.33255303,273176849865.06094
2022-04-01 09:00:00,1005.0,1015.0,994.0,1015.0,213713595.1902618,214718034482.9577
2022-04-02 09:00:00,1015.0,1035.0,1005.0,1005.0,149878894.49683353,152698922651.1927
2022-04-03 09:00:00,1005.0,1035.0,1000.0,1030.0,120717160.8511472,122820749724.06537
2022-04-04 09:00:00,1025.0,1030.0,1000.0,1015.0,181559819.22725475,184308542950.08206
2022-04-05 09:00:00,1015.0,1035.0,1000.0,1010.0,156080017.6916917,158355369260.35248
2022-04-06 09:00:00,1010.0,1015.0,935.0,937.0,350265849.53976375,342088382238.70544
2022-04-07 09:00:00,937.0,980.0,930.0,975.0,194599298.32691774,186254047892.45526
2022-04-08 09:00:00,975.0,985.0,941.0,947.0,178587631.0749113,172426280654.13266
2022-04-09 09:00:00,948.0,957.0,943.0,952.0,81943886.77143554,77892919768.62392
2022-04-10 09:00:00,952.0,960.0,943.0,946.0,83605434.45991512,79462752994.10667
2022-04-11 09:00:00,946.0,948.0,871.0,880.0,320918337.9857053,290419033090.3278
2022-04-12 09:00:00,880.0,915.0,876.0,901.0,249224883.003015,221904909433.71057
2022-04-13 09:00:00,901.0,912.0,886.0,907.0,162198169.01603848,145901556033.10263
2022-04-14 09:00:00,908.0,929.0,894.0,912.0,190181837.1029685,173347336564.6881
2022-04-15 09:00:00,912.0,998.0,911.0,984.0,560164442.8906823,543605786688.8827
2022-04-16 09:00:00,985.0,1000.0,962.0,977.0,182994617.28437912,179729821767.00513
2022-04-17 09:00:00,976.0,983.0,941.0,947.0,127254058.42239583,122974120651.20747
2022-04-18 09:00:00,947.0,961.0,916.0,959.0,227155375.8297372,212643651287.89282
2022-04-19 09:00:00,960.0,971.0,949.0,962.0,155075164.97142953,148848740326.4479
2022-04-20 09:00:00,962.0,963.0,929.0,936.0,158644784.61159316,150299645613.78598
2022-04-21 09:00:00,936.0,950.0,909.0,920.0,199150225.32688734,185813235162.4106
2022-04-22 09:00:00,920.0,928.0,900.0,903.0,177189134.93899426,161461964247.85394
2022-04-23 09:00:00,902.0,911.0,891.0,892.0,116462115.4947468,104532595284.71812
2022-04-24 09:00:00,891.0,896.0,878.0,880.0,124218137.56290251,110207541265.34691
2022-04-25 09:00:00,880.0,882.0,822.0,869.0,370368747.1178949,314069036130.8506
2022-04-26 09:00:00,870.0,886.0,807.0,821.0,309751827.1519376,262159709829.7936
2022-04-27 09:00:00,821.0,841.0,815.0,831.0,190901432.91781625,158074100953.4661
2022-04-28 09:00:00,832.0,836.0,810.0,819.0,163780086.80478618,134978017347.25623
2022-04-29 09:00:00,820.0,822.0,780.0,789.0,246713181.2595699,197215114480.42035
2022-04-30 09:00:00,788.0,808.0,761.0,767.0,193950470.16400763,153219271080.69934
2022-05-01 09:00:00,767.0,785.0,747.0,779.0,237038170.6036033,181408192649.41238
2022-05-02 09:00:00,780.0,808.0,771.0,789.0,190213389.03817916,150276338300.01096
2022-05-03 09:00:00,789.0,805.0,772.0,781.0,138317229.32918742,109256712602.921
2022-05-04 09:00:00,781.0,829.0,780.0,824.0,209597018.2263902,167593571708.8226
2022-05-05 09:00:00,824.0,838.0,761.0,779.0,274004154.5918233,218531963424.04623
2022-05-06 09:00:00,779.0,797.0,770.0,785.0,213484621.42521822,166834076944.9269
2022-05-07 09:00:00,786.0,787.0,755.0,762.0,119267362.43543562,92292163413.01187
2022-05-08 09:00:00,761.0,765.0,740.0,744.0,175799266.4629666,132159095176.38274
2022-05-09 09:00:00,744.0,758.0,650.0,665.0,605674631.8441545,423615874235.7359
2022-05-10 09:00:00,665.0,706.0,639.0,678.0,628266772.566917,427084432537.4566
2022-05-11 09:00:00,680.0,696.0,528.0,578.0,1284351538.7255664,800427016936.0145
2022-05-12 09:00:00,578.0,585.0,481.0,521.0,1417779367.8490944,738772862520.4598
2022-05-13 09:00:00,521.0,610.0,513.0,566.0,865412003.2196908,497964454949.609
2022-05-14 09:00:00,567.0,592.0,531.0,568.0,498665175.76450706,280963055740.2367
2022-05-15 09:00:00,568.0,587.0,552.0,586.0,285168888.1017832,161467697049.9245
2022-05-16 09:00:00,586.0,586.0,544.0,557.0,350552590.08330554,196105925619.1499
2022-05-17 09:00:00,557.0,569.0,544.0,564.0,297702917.133898,166670732031.8651
2022-05-18 09:00:00,564.0,569.0,522.0,523.0,311927853.54845566,169453550527.1787
2022-05-19 09:00:00,523.0,544.0,506.0,539.0,348622610.67514664,183784618339.52377
2022-05-20 09:00:00,538.0,564.0,522.0,531.0,365446037.6817148,199084884243.55713
2022-05-21 09:00:00,532.0,539.0,522.0,534.0,145056234.7529149,77159191705.9124
2022-05-22 09:00:00,534.0,547.0,531.0,543.0,152403698.80141702,82117771780.6877
2022-05-23 09:00:00,543.0,548.0,514.0,519.0,295321587.2049942,158707345383.13745
2022-05-24 09:00:00,520.0,528.0,500.0,521.0,272477128.4027701,140808442571.0541
2022-05-25 09:00:00,522.0,527.0,506.0,521.0,241129692.22476372,124783454379.8864
2022-05-26 09:00:00,522.0,525.0,488.0,507.0,366061707.7031441,185335454523.56677
2022-05-27 09:00:00,506.0,513.0,486.0,492.0,313522181.96800995,156962532479.15216
2022-05-28 09:00:00,492.0,497.0,489.0,493.0,133418713.8833256,65773256311.46037
2022-05-29 09:00:00,493.0,497.0,485.0,495.0,134902508.66076717,66257436328.63484
2022-05-30 09:00:00,494.0,527.0,492.0,522.0,317888534.51562345,160895751199.9342
2022-05-31 09:00:00,523.0,545.0,512.0,529.0,462255725.92479426,243373517517.70932
2022-06-01 09:00:00,530.0,534.0,499.0,506.0,303737722.8530376,157845572084.0139
2022-06-02 09:00:00,505.0,513.0,498.0,510.0,199038216.0288217,100192974874.59106
2022-06-03 09:00:00,511.0,515.0,492.0,498.0,220909201.17490047,111015308307.42941
2022-06-04 09:00:00,498.0,501.0,492.0,499.0,107589731.59935953,53478795161.23426
2022-06-05 09:00:00,499.0,507.0,496.0,502.0,136327634.12100285,68262181547.87901
2022-06-06 09:00:00,502.0,515.0,501.0,507.0,264830960.23437393,134653249303.68196
2022-06-07 09:00:00,508.0,526.0,492.0,516.0,328911772.550482,165666801156.43936
2022-06-08 09:00:00,515.0,519.0,503.0,511.0,188002466.41975075,95798807913.79951
2022-06-09 09:00:00,511.0,512.0,505.0,508.0,106857095.2620055,54383087100.18015
2022-06-10 09:00:00,507.0,525.0,490.0,493.0,300968539.8504521,152497948941.77222
2022-06-11 09:00:00,494.0,500.0,465.0,470.0,278789616.9482635,134529586394.5019
2022-06-12 09:00:00,471.0,473.0,442.0,448.0,354233415.2430043,160916230708.26376
2022-06-13 09:00:00,448.0,456.0,397.0,405.0,828499544.9807861,346381409638.04205
2022-06-14 09:00:00,406.0,424.0,384.0,418.0,654401103.0866469,265920488998.25845
2022-06-15 09:00:00,418.0,449.0,394.0,444.0,634304953.0951672,260770865335.10413
2022-06-16 09:00:00,444.0,448.0,405.0,412.0,396354970.2407225,167958239507.9303
2022-06-17 09:00:00,412.0,444.0,408.0,423.0,370649178.33680314,158558399754.13806
2022-06-18 09:00:00,424.0,430.0,392.0,406.0,412784514.42486215,168807390840.41718
2022-06-19 09:00:00,407.0,430.0,395.0,424.0,340121512.5612703,139537402655.42502
2022-06-20 09:00:00,424.0,427.0,409.0,418.0,338749535.60323095,141647814886.57895
2022-06-21 09:00:00,418.0,436.0,415.0,429.0,365555420.2469431,155810395516.98642
2022-06-22 09:00:00,429.0,429.0,418.0,422.0,270797583.7405692,114435117923.49579
2022-06-23 09:00:00,423.0,437.0,421.0,436.0,227840493.41190428,97351875069.15227
2022-06-24 09:00:00,436.0,503.0,434.0,479.0,836820202.8451749,400215233848.78235
2022-06-25 09:00:00,478.0,487.0,461.0,476.0,253290098.5891046,120404236787.23802
2022-06-26 09:00:00,476.0,486.0,467.0,469.0,219861211.69683978,104813172418.808
2022-06-27 09:00:00,470.0,477.0,453.0,460.0,268665717.102395,125201856030.81633
2022-06-28 09:00:00,460.0,463.0,440.0,442.0,239540152.82284003,107731147718.28738
2022-06-29 09:00:00,442.0,445.0,423.0,435.0,257852277.66148534,111913035436.88953
2022-06-30 09:00:00,434.0,436.0,406.0,433.0,358200651.977265,149955135975.70847
2022-07-01 09:00:00,433.0,437.0,408.0,416.0,295677745.25940794,123976327101.13673
2022-07-02 09:00:00,417.0,419.0,410.0,416.0,125038376.78547107,51795591806.28787
2022-07-03 09:00:00,417.0,428.0,411.0,424.0,132953439.29892527,55423909019.378174
2022-07-04 09:00:00,424.0,431.0,415.0,429.0,204956882.80680853,86640576955.11557
2022-07-05 09:00:00,429.0,433.0,416.0,428.0,213697055.9442653,90880050970.11235
2022-07-06 09:00:00,427.0,437.0,422.0,435.0,172169012.49706084,73631397755.01753
2022-07-07 09:00:00,435.0,449.0,430.0,445.0,195745283.86057377,85601088090.93553
2022-07-08 09:00:00,446.0,466.0,440.0,446.0,358224509.43478596,162410417322.32254
2022-07-09 09:00:00,446.0,453.0,444.0,449.0,126322121.52844463,56597662953.66768
2022-07-10 09:00:00,449.0,451.0,422.0,426.0,188769445.9512255,82161109357.99747
2022-07-11 09:00:00,426.0,432.0,413.0,418.0,236905522.60940215,100626959262.18797
2022-07-12 09:00:00,418.0,421.0,410.0,414.0,191226371.4831378,79335111282.08958
2022-07-13 09:00:00,414.0,429.0,403.0,426.0,309450819.12284076,128409350572.07274
2022-07-14 09:00:00,426.0,441.0,415.0,440.0,204783751.55083445,87150689312.41074
2022-07-15 09:00:00,440.0,461.0,434.0,443.0,411240294.01214343,184048750273.96085
2022-07-16 09:00:00,441.0,469.0,438.0,460.0,276801595.4254481,125590963512.03482
2022-07-17 09:00:00,461.0,474.0,453.0,454.0,315062413.0823414,146039257456.58438
2022-07-18 09:00:00,454.0,484.0,453.0,478.0,457983291.0259596,216873019463.92175
2022-07-19 09:00:00,478.0,493.0,463.0,490.0,381899827.0147552,182069952193.4038
2022-07-20 09:00:00,490.0,502.0,469.0,477.0,373757821.4103858,182742450125.40225
2022-07-21 09:00:00,477.0,485.0,462.0,481.0,224720987.89241412,106106144766.71783
2022-07-22 09:00:00,482.0,488.0,469.0,474.0,194337862.31297073,93237976831.18526
2022-07-23 09:00:00,474.0,479.0,465.0,475.0,124830112.23530781,58997288338.29688
2022-07-24 09:00:00,476.0,482.0,472.0,473.0,125277381.72792163,59781551181.67742
2022-07-25 09:00:00,474.0,476.0,449.0,451.0,197022905.04234704,90548269485.90953
2022-07-26 09:00:00,450.0,453.0,435.0,451.0,194017923.69054696,86102177741.76424
2022-07-27 09:00:00,451.0,475.0,442.0,473.0,224517605.7945533,102568452654.75471
2022-07-28 09:00:00,473.0,495.0,461.0,490.0,320166389.2339983,152425098526.762
2022-07-29 09:00:00,490.0,499.0,477.0,487.0,344091696.5486152,168267470690.78894
2022-07-30 09:00:00,486.0,539.0,482.0,513.0,538374319.7625854,277269894010.7331
2022-07-31 09:00:00,512.0,525.0,500.0,501.0,332042843.94014955,170695712094.80734
2022-08-01 09:00:00,500.0,510.0,494.0,503.0,241953084.91697374,121243491728.90373
2022-08-02 09:00:00,502.0,523.0,487.0,497.0,296793068.33423656,148400556152.4203
2022-08-03 09:00:00,497.0,502.0,488.0,496.0,183551337.45228022,90889520914.57385
2022-08-04 09:00:00,496.0,501.0,490.0,497.0,164472009.86716476,81478953221.62517
2022-08-05 09:00:00,496.0,501.0,491.0,497.0,213163583.46766585,105769337818.53537
2022-08-06 09:00:00,496.0,498.0,493.0,494.0,105369412.5080962,52275869747.52513
2022-08-07 09:00:00,493.0,498.0,491.0,493.0,88943281.00064658,43977747203.68841
2022-08-08 09:00:00,494.0,508.0,493.0,500.0,233106128.46402347,116749253781.90323
2022-08-09 09:00:00,500.0,503.0,483.0,491.0,222858052.90764412,109977978475.06256
2022-08-10 09:00:00,492.0,503.0,481.0,503.0,270231992.91840667,133339040826.85475
2022-08-11 09:00:00,502.0,510.0,501.0,504.0,259396886.26486206,130967754738.8067
2022-08-12 09:00:00,504.0,505.0,496.0,503.0,201336181.93744156,100841614522.59921
2022-08-13 09:00:00,504.0,513.0,502.0,504.0,195914870.13183844,99061546102.86555
2022-08-14 09:00:00,504.0,520.0,502.0,505.0,289052110.9234328,147694141978.91037
2022-08-15 09:00:00,504.0,512.0,493.0,505.0,265854009.79890326,133354690000.57213
2022-08-16 09:00:00,505.0,508.0,496.0,507.0,189154832.12207785,94978536199.90593
2022-08-17 09:00:00,508.0,527.0,497.0,512.0,488340967.5604931,250324277479.73056
2022-08-18 09:00:00,513.0,515.0,503.0,507.0,187870455.6875996,95523115648.67844
2022-08-19 09:00:00,507.0,508.0,456.0,460.0,489129700.0188954,232679532514.36163
2022-08-20 09:00:00,460.0,472.0,459.0,468.0,175925567.5334985,82244267310.25827
2022-08-21 09:00:00,468.0,476.0,462.0,473.0,150213587.6914193,70603198259.1492
2022-08-22 09:00:00,472.0,473.0,457.0,471.0,202438089.636982,93876410895.33011
2022-08-23 09:00:00,471.0,473.0,456.0,472.0,171717077.950754,79881202340.10301
2022-08-24 09:00:00,472.0,477.0,463.0,471.0,144284602.05997875,67636359575.69452
2022-08-25 09:00:00,470.0,476.0,466.0,473.0,169883914.39964944,80043063770.31921
2022-08-26 09:00:00,474.0,505.0,457.0,468.0,519515764.131076,249231895965.4077
2022-08-27 09:00:00,468.0,475.0,455.0,463.0,169873221.7319643,78598968951.30112
2022-08-28 09:00:00,464.0,465.0,445.0,447.0,140117397.92354074,64337145140.20821
2022-08-29 09:00:00,447.0,457.0,441.0,457.0,219542942.0081355,98345773691.83719
2022-08-30 09:00:00,457.0,459.0,444.0,449.0,191908375.61937252,86856320979.09743
2022-08-31 09:00:00,450.0,457.0,444.0,450.0,159600257.3024774,72137816754.97081
2022-09-01 09:00:00,449.0,458.0,444.0,456.0,157967065.3031617,70925912611.13174
2022-09-02 09:00:00,456.0,461.0,450.0,457.0,180761650.89600587,82322662003.65
2022-09-03 09:00:00,458.0,461.0,453.0,456.0,87136006.266839,39726120968.32136
2022-09-04 09:00:00,456.0,460.0,454.0,457.0,80311133.88501541,36687459602.41056
2022-09-05 09:00:00,458.0,460.0,447.0,460.0,169387291.37836614,76799944958.08997
2022-09-06 09:00:00,459.0,472.0,447.0,450.0,319923615.5725074,147073498439.62
2022-09-07 09:00:00,450.0,470.0,442.0,467.0,223616714.33594057,101691745442.53532
2022-09-08 09:00:00,467.0,478.0,459.0,473.0,215724934.74480203,100460772549.86598
2022-09-09 09:00:00,473.0,494.0,472.0,490.0,338592094.15250427,163257541404.5021
2022-09-10 09:00:00,490.0,498.0,484.0,491.0,184476318.13129562,90400046275.94252
2022-09-11 09:00:00,491.0,495.0,484.0,489.0,130019235.82527877,63656597105.8431
2022-09-12 09:00:00,490.0,493.0,482.0,492.0,222143633.7729408,108239376120.66292
2022-09-13 09:00:00,492.0,493.0,465.0,467.0,346634459.92771935,166119529143.24734
2022-09-14 09:00:00,468.0,483.0,466.0,479.0,199272857.91708398,94145948197.5443
2022-09-15 09:00:00,479.0,480.0,461.0,464.0,239953182.1552127,112923791335.38301
2022-09-16 09:00:00,464.0,504.0,456.0,500.0,324413816.0655519,154185142364.1159
2022-09-17 09:00:00,500.0,534.0,488.0,526.0,532291371.43826497,274076487481.39233
2022-09-18 09:00:00,526.0,559.0,503.0,506.0,813653077.3339077,433498488155.0777
2022-09-19 09:00:00,506.0,554.0,483.0,542.0,850690824.5919206,434288067570.06464
2022-09-20 09:00:00,542.0,595.0,524.0,585.0,1139343437.7244024,636240995241.5121
2022-09-21 09:00:00,584.0,613.0,545.0,565.0,974819584.9220115,558160467223.9952
2022-09-22 09:00:00,565.0,701.0,565.0,691.0,1455891936.9815476,922611396096.196
2022-09-23 09:00:00,690.0,795.0,659.0,724.0,2749354530.1784167,1988219216880.7146
2022-09-24 09:00:00,724.0,744.0,678.0,702.0,985409165.1795855,701747928338.2964
2022-09-25 09:00:00,702.0,746.0,686.0,708.0,1056394184.338291,755973339495.3339
2022-09-26 09:00:00,708.0,721.0,661.0,672.0,739036205.9018629,505249716139.886
2022-09-27 09:00:00,672.0,695.0,631.0,644.0,736682450.2668583,491168785702.843
2022-09-28 09:00:00,643.0,656.0,606.0,647.0,720227465.3160803,450086096487.3676
2022-09-29 09:00:00,647.0,727.0,618.0,697.0,880203482.1475946,587674571486.2969
2022-09-30 09:00:00,697.0,711.0,676.0,690.0,741322565.831493,513951440845.68665
2022-10-01 09:00:00,689.0,702.0,675.0,687.0,279168694.53238297,191600453815.75943
2022-10-02 09:00:00,685.0,691.0,650.0,652.0,324427329.63741934,216944917749.1548
2022-10-03 09:00:00,653.0,675.0,637.0,665.0,362612184.2266886,236358919514.17908
2022-10-04 09:00:00,665.0,693.0,653.0,683.0,437418694.99870205,294881299162.21857
2022-10-05 09:00:00,683.0,713.0,675.0,697.0,565229510.1586027,391620824748.3773
2022-10-06 09:00:00,696.0,714.0,695.0,701.0,356459815.15722334,250943683579.05676
2022-10-07 09:00:00,701.0,752.0,688.0,735.0,603321827.9932652,430424795094.599
2022-10-08 09:00:00,735.0,755.0,732.0,738.0,333776254.72889745,247631042149.95267
2022-10-09 09:00:00,738.0,772.0,722.0,757.0,332825062.0268243,248968766058.77274
2022-10-10 09:00:00,757.0,767.0,707.0,708.0,431001562.16859573,319513104582.0317
2022-10-11 09:00:00,708.0,720.0,686.0,698.0,483872044.21604055,340617361009.2412
2022-10-12 09:00:00,698.0,710.0,693.0,700.0,228125362.29708087,159804666378.1121
2022-10-13 09:00:00,699.0,705.0,638.0,687.0,824790166.3198235,554058281098.0192
2022-10-14 09:00:00,687.0,732.0,685.0,704.0,566979139.6023444,404138831877.3615
2022-10-15 09:00:00,704.0,707.0,691.0,696.0,148745509.4379561,104005646587.78368
2022-10-16 09:00:00,696.0,702.0,677.0,685.0,158345090.4560143,109482566073.85008
2022-10-17 09:00:00,685.0,692.0,664.0,688.0,312159613.1318152,211836593884.16458
2022-10-18 09:00:00,687.0,694.0,661.0,669.0,227492348.8598006,153826593414.97275
2022-10-19 09:00:00,669.0,671.0,650.0,652.0,266452602.76928642,175609291118.43234
2022-10-20 09:00:00,651.0,669.0,625.0,644.0,326795312.0404147,212845931863.25064
2022-10-21 09:00:00,644.0,665.0,632.0,664.0,261710912.78220776,168810356161.8482
2022-10-22 09:00:00,665.0,676.0,657.0,669.0,161379564.63419098,107589585798.28604
2022-10-23 09:00:00,668.0,675.0,651.0,671.0,171957325.11975124,113883465435.42827
2022-10-24 09:00:00,671.0,677.0,645.0,653.0,178109516.7470979,117225735241.80664
2022-10-25 09:00:00,652.0,669.0,638.0,653.0,254623517.31883365,165455531630.91373
2022-10-26 09:00:00,654.0,662.0,649.0,657.0,212761506.66637427,139350260976.20636
2022-10-27 09:00:00,657.0,675.0,648.0,651.0,280522514.5833478,185663476969.919
2022-10-28 09:00:00,650.0,667.0,646.0,666.0,185182440.76998657,121234967223.7
2022-10-29 09:00:00,666.0,677.0,655.0,657.0,329676562.5930381,218995537908.21713
2022-10-30 09:00:00,657.0,662.0,642.0,643.0,202540846.69779983,132174328470.01535
2022-10-31 09:00:00,643.0,656.0,632.0,652.0,243460052.7226761,156437357394.21484
2022-11-01 09:00:00,652.0,655.0,639.0,651.0,207566069.7533396,134106539165.21315
2022-11-02 09:00:00,651.0,656.0,636.0,641.0,209357403.59697768,135261656102.55136
2022-11-03 09:00:00,641.0,652.0,640.0,646.0,145918241.86592728,94379118985.88712
2022-11-04 09:00:00,646.0,717.0,644.0,703.0,817765516.3643017,564261928668.2207
2022-11-05 09:00:00,703.0,709.0,685.0,689.0,283305399.8916882,196744463485.5732
2022-11-06 09:00:00,690.0,692.0,660.0,664.0,186257626.87206113,126674747757.71336
2022-11-07 09:00:00,663.0,673.0,648.0,654.0,251011008.81748268,165921624680.90436
2022-11-08 09:00:00,654.0,656.0,539.0,583.0,847303931.3079318,512125631241.7743
2022-11-09 09:00:00,583.0,592.0,463.0,481.0,1068425430.0492966,560324155430.4973
2022-11-10 09:00:00,480.0,559.0,474.0,556.0,995053922.6034727,519333938174.5886
2022-11-11 09:00:00,556.0,563.0,509.0,533.0,485446531.8288406,259813055987.43213
2022-11-12 09:00:00,533.0,534.0,500.0,506.0,292657557.3600038,149898098441.65875
2022-11-13 09:00:00,506.0,512.0,461.0,469.0,402238377.9528187,195148450112.97153
2022-11-14 09:00:00,468.0,520.0,438.0,515.0,1077513642.208282,510561374875.49567
2022-11-15 09:00:00,515.0,539.0,501.0,529.0,687703610.2275078,357477350884.95233
2022-11-16 09:00:00,530.0,534.0,500.0,517.0,397123568.32387716,205531627754.67206
2022-11-17 09:00:00,517.0,533.0,510.0,525.0,395494970.50638586,205614134297.5685
2022-11-18 09:00:00,525.0,531.0,518.0,529.0,233717233.33457124,122829514784.14528
2022-11-19 09:00:00,528.0,535.0,521.0,531.0,156604966.8172769,82388644873.65599
2022-11-20 09:00:00,531.0,548.0,502.0,505.0,321748045.7332203,169330211600.01016
2022-11-21 09:00:00,505.0,519.0,485.0,513.0,394320308.69465846,196280920599.69513
2022-11-22 09:00:00,514.0,526.0,496.0,522.0,311804791.16711944,159026660755.3332
2022-11-23 09:00:00,523.0,529.0,514.0,528.0,231945723.77271852,121166204766.15627
2022-11-24 09:00:00,527.0,555.0,511.0,550.0,312435228.2228848,166132697813.40222
2022-11-25 09:00:00,550.0,575.0,534.0,558.0,382287381.63349813,213433007598.2361
2022-11-26 09:00:00,558.0,568.0,543.0,545.0,173751122.32528397,96601905500.60521
2022-11-27 09:00:00,545.0,566.0,544.0,546.0,207501436.28770623,114888345380.26123
2022-11-28 09:00:00,545.0,549.0,518.0,535.0,266898565.0200296,141209699229.61807
2022-11-29 09:00:00,535.0,550.0,526.0,543.0,204202819.84828645,109403125728.45013
2022-11-30 09:00:00,542.0,555.0,535.0,552.0,210103139.25408986,114959314907.1892
2022-12-01 09:00:00,552.0,553.0,535.0,537.0,145106979.65846983,78554045690.41649
2022-12-02 09:00:00,537.0,538.0,515.0,530.0,157667672.36498266,82705196850.46402
2022-12-03 09:00:00,530.0,534.0,521.0,524.0,93647743.18876542,49362645991.37712
2022-12-04 09:00:00,524.0,528.0,520.0,523.0,97626194.57111932,51171503462.620865
2022-12-05 09:00:00,523.0,526.0,514.0,521.0,175379113.96618754,91552245551.62416
2022-12-06 09:00:00,522.0,524.0,511.0,523.0,135954923.69355544,70298169204.77562
2022-12-07 09:00:00,524.0,524.0,503.0,514.0,166692725.87679577,85255224436.61751
2022-12-08 09:00:00,514.0,527.0,513.0,524.0,149062440.69363466,77407858620.7742
2022-12-09 09:00:00,525.0,525.0,514.0,518.0,113944835.4855722,59140060808.685486
2022-12-10 09:00:00,519.0,519.0,515.0,515.0,75463769.46291678,39003198680.140045
2022-12-11 09:00:00,516.0,517.0,506.0,508.0,81968087.62508437,42054490185.17279
2022-12-12 09:00:00,507.0,518.0,495.0,514.0,184646521.26542714,92751033278.29053
2022-12-13 09:00:00,514.0,521.0,499.0,515.0,275772051.61576164,140644136580.36575
2022-12-14 09:00:00,515.0,516.0,498.0,504.0,154538888.93157563,78556866166.36092
2022-12-15 09:00:00,504.0,507.0,495.0,499.0,147801128.49631423,73942112412.10776
2022-12-16 09:00:00,500.0,500.0,462.0,470.0,279542601.612449,134911355764.02994
2022-12-17 09:00:00,470.0,475.0,461.0,470.0,177406029.923645,83090004741.19948
2022-12-18 09:00:00,471.0,472.0,462.0,465.0,89755675.07088456,41896437172.918396
2022-12-19 09:00:00,465.0,467.0,440.0,447.0,250450938.94375387,112777999817.55661
2022-12-20 09:00:00,447.0,460.0,442.0,455.0,219755900.10788321,98739838783.85542
2022-12-21 09:00:00,455.0,457.0,442.0,450.0,148526470.468809,66498959368.89932
2022-12-22 09:00:00,450.0,455.0,444.0,455.0,149078467.48304603,66948460985.03449
2022-12-23 09:00:00,455.0,462.0,450.0,461.0,112459719.20354486,51210111518.64825
2022-12-24 09:00:00,461.0,462.0,458.0,459.0,48383184.21869987,22224107435.578594
2022-12-25 09:00:00,458.0,459.0,447.0,449.0,84103695.28614455,38025956513.05894
2022-12-26 09:00:00,449.0,475.0,448.0,469.0,196471157.43539265,90428441984.10472
2022-12-27 09:00:00,469.0,479.0,457.0,468.0,243744246.40499836,114342261067.41872
2022-12-28 09:00:00,468.0,471.0,451.0,454.0,220963430.62697658,101369301263.94331
2022-12-29 09:00:00,454.0,456.0,431.0,437.0,257896111.77911106,113592447581.88971
2022-12-30 09:00:00,436.0,439.0,422.0,439.0,187847992.38415557,80710093521.02148
2022-12-31 09:00:00,438.0,441.0,431.0,432.0,97970960.81861661,42682805591.42521
2023-01-01 09:00:00,433.0,433.0,428.0,431.0,76719178.41727424,33044261209.10832
2023-01-02 09:00:00,431.0,453.0,408.0,443.0,364731883.5146406,157030052774.28326
2023-01-03 09:00:00,443.0,448.0,436.0,440.0,175599627.65962794,77533122599.22154
2023-01-04 09:00:00,440.0,450.0,438.0,445.0,180044270.5101887,80130034119.11467
2023-01-05 09:00:00,444.0,447.0,432.0,433.0,167650165.50624135,73599939905.81305
2023-01-06 09:00:00,434.0,438.0,422.0,437.0,170855288.34734738,73369506739.65706
2023-01-07 09:00:00,437.0,441.0,433.0,438.0,83791670.51170589,36580571125.28939
2023-01-08 09:00:00,438.0,439.0,431.0,439.0,120282861.77154186,52250881683.02537
2023-01-09 09:00:00,438.0,449.0,435.0,439.0,391379554.2751507,173231205947.9565
2023-01-10 09:00:00,439.0,445.0,433.0,442.0,202647342.19380584,89076063838.3795
2023-01-11 09:00:00,442.0,474.0,440.0,467.0,541515370.2837217,248921417335.11603
2023-01-12 09:00:00,467.0,476.0,458.0,469.0,357283302.0347997,166738815644.19867
2023-01-13 09:00:00,470.0,482.0,464.0,480.0,288550978.0980483,136220206318.70613
2023-01-14 09:00:00,480.0,507.0,475.0,488.0,639253922.7341664,313770474183.4396
2023-01-15 09:00:00,488.0,490.0,471.0,476.0,301117574.1765923,144183473001.60846
2023-01-16 09:00:00,477.0,503.0,472.0,481.0,456613647.6754532,221812843555.15906
2023-01-17 09:00:00,481.0,494.0,472.0,481.0,262626325.86343506,126200697794.77834
2023-01-18 09:00:00,481.0,492.0,462.0,472.0,432399265.26959324,207189420323.7772
2023-01-19 09:00:00,471.0,493.0,471.0,489.0,275817175.7811132,132800224165.9722
2023-01-20 09:00:00,489.0,511.0,482.0,511.0,278456754.3796305,137807857425.76367
2023-01-21 09:00:00,510.0,519.0,501.0,503.0,341742747.6624517,173998764764.28482
2023-01-22 09:00:00,503.0,512.0,497.0,501.0,240401905.81763887,121419361037.89578
2023-01-23 09:00:00,501.0,544.0,501.0,528.0,685327830.8713267,360767039742.1215
2023-01-24 09:00:00,528.0,538.0,503.0,512.0,366777434.4404441,192421755317.03235
2023-01-25 09:00:00,512.0,527.0,498.0,520.0,307232293.4048597,156628876322.34973
2023-01-26 09:00:00,520.0,521.0,511.0,515.0,236294341.83701602,121997046172.85335
2023-01-27 09:00:00,516.0,519.0,503.0,517.0,207105641.27316052,105706110496.86148
2023-01-28 09:00:00,518.0,523.0,511.0,516.0,158128588.01067618,81781759873.30772
2023-01-29 09:00:00,516.0,521.0,513.0,517.0,152762728.88365543,79012549534.81212
2023-01-30 09:00:00,517.0,528.0,489.0,495.0,342188911.6884643,173568185149.9598
2023-01-31 09:00:00,496.0,514.0,486.0,510.0,254389264.3336357,126898078801.57816
2023-02-01 09:00:00,511.0,519.0,498.0,516.0,252456243.49293762,128079925591.89037
2023-02-02 09:00:00,516.0,523.0,512.0,516.0,203101194.18075502,105017114069.68727
2023-02-03 09:00:00,515.0,519.0,512.0,516.0,189364987.56508404,97607946221.26726
2023-02-04 09:00:00,517.0,527.0,515.0,519.0,158313529.44405282,82131922412.14687
2023-02-05 09:00:00,518.0,520.0,501.0,504.0,222961144.9294209,113852510468.57336
2023-02-06 09:00:00,504.0,512.0,500.0,503.0,196256902.92658067,99120411245.8367
2023-02-07 09:00:00,504.0,512.0,500.0,511.0,200665989.27703816,101282094589.44507
2023-02-08 09:00:00,510.0,512.0,503.0,507.0,161151557.49031395,81919056424.83469
2023-02-09 09:00:00,508.0,520.0,490.0,493.0,403588610.26726854,203526966866.30222
2023-02-10 09:00:00,492.0,499.0,490.0,497.0,197290283.03777152,97617338536.15427
2023-02-11 09:00:00,497.0,498.0,495.0,497.0,95419805.80129653,47365342354.865204
2023-02-12 09:00:00,497.0,498.0,485.0,486.0,121033303.81499682,59712266377.895134
2023-02-13 09:00:00,487.0,490.0,471.0,481.0,242225543.43400714,116263329835.6727
2023-02-14 09:00:00,482.0,497.0,472.0,494.0,220641656.13795096,106172594267.54361
2023-02-15 09:00:00,495.0,516.0,489.0,515.0,236731254.4404291,118780906707.85345
2023-02-16 09:00:00,515.0,519.0,497.0,499.0,312085963.81490254,159721885119.11154
2023-02-17 09:00:00,499.0,514.0,495.0,508.0,212635040.06713602,107358794721.93835
2023-02-18 09:00:00,508.0,513.0,504.0,509.0,132820796.0979048,67635323740.38469
2023-02-19 09:00:00,509.0,512.0,500.0,502.0,197995815.17139423,100242462885.6482
2023-02-20 09:00:00,502.0,523.0,494.0,512.0,374922028.3861425,190973281653.42145
2023-02-21 09:00:00,512.0,519.0,505.0,509.0,284693172.3331878,145196179619.23355
2023-02-22 09:00:00,510.0,520.0,501.0,516.0,272660667.23000145,138944271091.19962
2023-02-23 09:00:00,516.0,518.0,506.0,509.0,179918678.5876553,92173999701.3259
2023-02-24 09:00:00,508.0,511.0,496.0,503.0,210817323.73700872,106429218083.99666
2023-02-25 09:00:00,504.0,505.0,496.0,504.0,127006264.721898,63626533889.263725
2023-02-26 09:00:00,505.0,505.0,500.0,502.0,89084167.3519349,44741817876.126976
2023-02-27 09:00:00,502.0,507.0,495.0,503.0,173272798.16562235,86680993449.85814
2023-02-28 09:00:00,503.0,509.0,496.0,504.0,167321848.36743826,83962730004.74353
2023-03-01 09:00:00,504.0,507.0,499.0,505.0,157911907.71786737,79453392162.70752
2023-03-02 09:00:00,506.0,506.0,497.0,500.0,143936099.34238386,72109241556.05745
2023-03-03 09:00:00,501.0,505.0,481.0,501.0,257988913.893267,126165666930.46947
2023-03-04 09:00:00,501.0,507.0,495.0,499.0,117487492.33486411,58829759279.30927
2023-03-05 09:00:00,499.0,502.0,490.0,491.0,104811167.51043728,52005382263.417465
2023-03-06 09:00:00,490.0,497.0,480.0,491.0,165481021.05000386,80512318583.56905
2023-03-07 09:00:00,491.0,512.0,489.0,505.0,329189377.90485597,164596935996.515
2023-03-08 09:00:00,505.0,534.0,496.0,519.0,580289057.7311819,300976555051.89307
2023-03-09 09:00:00,519.0,531.0,497.0,501.0,418087492.72724164,216072763881.26077
2023-03-10 09:00:00,501.0,506.0,490.0,501.0,355715100.0707665,177137168572.61765
2023-03-11 09:00:00,502.0,507.0,489.0,493.0,212439919.1001238,105332010462.1365
2023-03-12 09:00:00,493.0,495.0,467.0,494.0,364021787.690678,175712519254.97076
2023-03-13 09:00:00,494.0,502.0,473.0,490.0,546406533.8897247,266781180473.6728
2023-03-14 09:00:00,490.0,505.0,478.0,490.0,546725881.7709333,269025341058.9451
2023-03-15 09:00:00,490.0,494.0,479.0,481.0,292860826.0690029,142731348329.64233
2023-03-16 09:00:00,482.0,488.0,477.0,485.0,157437762.58032113,76145229683.54077
2023-03-17 09:00:00,485.0,506.0,484.0,501.0,395321150.7271951,195892563834.3595
2023-03-18 09:00:00,500.0,515.0,494.0,497.0,305290946.98727876,153898781477.19504
2023-03-19 09:00:00,496.0,529.0,496.0,515.0,497785782.80644315,256795589278.03503
2023-03-20 09:00:00,514.0,519.0,501.0,502.0,275579679.49620575,140299714461.09042
2023-03-21 09:00:00,502.0,654.0,501.0,622.0,1799478616.8625052,1041021321545.7092
2023-03-22 09:00:00,622.0,629.0,548.0,562.0,1141317883.626876,676811847191.1245
2023-03-23 09:00:00,561.0,602.0,546.0,585.0,798706583.1211637,462970610058.48035
2023-03-24 09:00:00,585.0,586.0,559.0,570.0,353693471.2330309,201958078425.25446
2023-03-25 09:00:00,570.0,619.0,563.0,592.0,732539369.5661103,437424319434.63184
2023-03-26 09:00:00,592.0,617.0,587.0,595.0,376647608.52696943,227004622877.46878
2023-03-27 09:00:00,596.0,649.0,591.0,638.0,1076742009.229155,671212270842.8237
2023-03-28 09:00:00,637.0,700.0,620.0,679.0,1103338689.5022175,723908900946.8113
2023-03-29 09:00:00,679.0,768.0,679.0,715.0,1388457573.732776,1009035747303.8167
2023-03-30 09:00:00,715.0,740.0,690.0,706.0,835594435.2846347,595332069525.6381
2023-03-31 09:00:00,707.0,725.0,700.0,709.0,406233746.04715693,288279573903.65607
2023-04-01 09:00:00,709.0,710.0,658.0,674.0,535138554.1223811,364234166505.3823
2023-04-02 09:00:00,673.0,699.0,662.0,685.0,433892870.21072626,296515507144.7301
2023-04-03 09:00:00,685.0,695.0,643.0,656.0,376251366.0558821,253244229845.5046
2023-04-04 09:00:00,656.0,669.0,645.0,663.0,252776818.87166765,166317191637.8694
2023-04-05 09:00:00,663.0,693.0,658.0,667.0,306584245.59258634,206755191794.40225
2023-04-06 09:00:00,666.0,674.0,654.0,665.0,209325023.92126575,138686678618.18353
2023-04-07 09:00:00,665.0,683.0,660.0,679.0,208085443.15312296,139940800349.22037
2023-04-08 09:00:00,679.0,679.0,668.0,669.0,88666905.8027291,59776903972.89063
2023-04-09 09:00:00,669.0,675.0,661.0,667.0,80937793.22394957,54067252549.74453
2023-04-10 09:00:00,666.0,684.0,662.0,681.0,117138900.85890327,78492835555.8233
2023-04-11 09:00:00,680.0,694.0,675.0,685.0,172077478.32472214,117844822560.2267
2023-04-12 09:00:00,684.0,686.0,666.0,669.0,173297946.3960173,116688977286.24382
2023-04-13 09:00:00,669.0,677.0,667.0,672.0,115325310.40961593,77439553458.91162
2023-04-14 09:00:00,672.0,711.0,671.0,682.0,310158566.3671521,214072793388.75845
2023-04-15 09:00:00,682.0,691.0,678.0,684.0,102970409.76904936,70426438093.7553
2023-04-16 09:00:00,684.0,688.0,678.0,681.0,86062237.09492773,58695640692.12042
2023-04-17 09:00:00,681.0,682.0,668.0,672.0,136204037.40846208,91680827889.4705
2023-04-18 09:00:00,672.0,703.0,669.0,693.0,170351307.98623627,116440210148.43735
2023-04-19 09:00:00,693.0,700.0,646.0,653.0,390948460.54593015,260114093050.8794
2023-04-20 09:00:00,653.0,662.0,617.0,632.0,283088404.10875094,182099415308.727
2023-04-21 09:00:00,632.0,639.0,588.0,598.0,308566655.6405961,189338134269.13947
2023-04-22 09:00:00,598.0,637.0,591.0,631.0,248771077.72495076,152837511710.3919
2023-04-23 09:00:00,631.0,631.0,612.0,620.0,110311619.8377061,68731326398.24405
2023-04-24 09:00:00,621.0,648.0,601.0,615.0,294528222.2448523,183675742216.3587
2023-04-25 09:00:00,615.0,631.0,602.0,628.0,183039196.27665946,112453878331.8847
2023-04-26 09:00:00,628.0,643.0,590.0,617.0,307821357.1587908,191451575781.7625
2023-04-27 09:00:00,617.0,627.0,611.0,622.0,183782223.1206701,113692691442.80338
2023-04-28 09:00:00,622.0,643.0,618.0,638.0,225359963.61210847,142329912414.32455
2023-04-29 09:00:00,638.0,648.0,631.0,638.0,114762656.32622172,73415073697.09996
2023-04-30 09:00:00,638.0,642.0,628.0,631.0,92193636.85597143,58587918215.23928
2023-05-01 09:00:00,630.0,634.0,613.0,625.0,141454937.3631607,87981697324.69464
2023-05-02 09:00:00,625.0,625.0,615.0,622.0,110334292.0134016,68539626484.480804
2023-05-03 09:00:00,623.0,624.0,604.0,620.0,186872175.50147608,114675001905.72638
2023-05-04 09:00:00,620.0,620.0,610.0,616.0,115600373.90215008,71179729431.29523
2023-05-05 09:00:00,616.0,624.0,611.0,619.0,115729416.31290217,71371921397.29253
2023-05-06 09:00:00,618.0,622.0,608.0,614.0,105567433.00879525,64811221222.69643
2023-05-07 09:00:00,614.0,615.0,600.0,603.0,71315474.03340761,43495418973.887596
2023-05-08 09:00:00,603.0,605.0,565.0,577.0,251437562.00670636,146667397222.94702
2023-05-09 09:00:00,577.0,579.0,565.0,577.0,164250664.9944527,93815874655.18663
2023-05-10 09:00:00,577.0,584.0,561.0,577.0,186525235.3103665,107265559952.89485
2023-05-11 09:00:00,577.0,578.0,560.0,568.0,140525520.2549773,80042751632.02771
2023-05-12 09:00:00,567.0,599.0,563.0,583.0,291835534.4871409,169263089463.62683
2023-05-13 09:00:00,583.0,584.0,575.0,577.0,68305157.42271334,39533167687.41078
2023-05-14 09:00:00,577.0,584.0,573.0,576.0,67731400.40637495,39115165519.81221
2023-05-15 09:00:00,576.0,579.0,571.0,575.0,106745004.09576567,61443561929.70556
2023-05-16 09:00:00,576.0,597.0,566.0,596.0,181416424.55703267,104946453991.35565
2023-05-17 09:00:00,596.0,620.0,591.0,601.0,340139929.0402821,205656113052.9009
2023-05-18 09:00:00,600.0,635.0,594.0,620.0,375015754.01148874,232624720166.8264
2023-05-19 09:00:00,620.0,638.0,615.0,628.0,240498673.94982326,150532176525.41464
2023-05-20 09:00:00,628.0,634.0,622.0,630.0,83554716.64271025,52411650851.845856
2023-05-21 09:00:00,629.0,633.0,614.0,616.0,96823690.62977785,60491260542.59627
2023-05-22 09:00:00,616.0,625.0,606.0,618.0,136014204.9412549,83696867130.89084
2023-05-23 09:00:00,618.0,622.0,614.0,620.0,116055325.99861944,71668597368.69826
2023-05-24 09:00:00,621.0,621.0,601.0,609.0,134763053.51850528,82336075192.71793
2023-05-25 09:00:00,609.0,610.0,599.0,609.0,110473273.94282079,66852513041.71884
2023-05-26 09:00:00,609.0,630.0,607.0,627.0,164528913.43324298,102153534459.724
2023-05-27 09:00:00,628.0,642.0,624.0,629.0,130955732.13398926,82702699267.29782
2023-05-28 09:00:00,629.0,647.0,628.0,641.0,98924484.8646621,62902210481.378914
2023-05-29 09:00:00,642.0,659.0,635.0,658.0,167834006.92163774,108414234912.3751
2023-05-30 09:00:00,659.0,704.0,653.0,693.0,440385723.00562125,298770307314.5339
2023-05-31 09:00:00,693.0,704.0,670.0,692.0,352874033.99764365,242603308937.3469
2023-06-01 09:00:00,692.0,692.0,673.0,676.0,181604176.61081293,123327405466.69717
2023-06-02 09:00:00,676.0,698.0,673.0,695.0,164960354.80834112,113183919133.6861
2023-06-03 09:00:00,694.0,704.0,684.0,688.0,122812754.63099843,85072510084.06529
2023-06-04 09:00:00,688.0,720.0,684.0,709.0,184991167.83507812,130073645612.6093
2023-06-05 09:00:00,709.0,718.0,652.0,678.0,445619072.30102026,305388789784.0659
2023-06-06 09:00:00,679.0,702.0,656.0,697.0,349963342.64287794,236771908062.16992
2023-06-07 09:00:00,698.0,710.0,675.0,689.0,339375627.8360889,235792321063.33932
2023-06-08 09:00:00,688.0,695.0,683.0,691.0,141981629.2779526,97847407698.44026
2023-06-09 09:00:00,690.0,710.0,687.0,707.0,198122796.5274411,138652248241.14716
2023-06-10 09:00:00,707.0,708.0,638.0,674.0,580009781.7004474,385505487233.6609
2023-06-11 09:00:00,674.0,700.0,666.0,690.0,164401118.72112137,111659760385.95398
2023-06-12 09:00:00,690.0,694.0,675.0,689.0,179080447.51697773,122412827918.2643
2023-06-13 09:00:00,689.0,735.0,664.0,679.0,691040930.8078254,485196409995.4703
2023-06-14 09:00:00,678.0,681.0,609.0,631.0,399850658.1820058,259291920892.90588
2023-06-15 09:00:00,630.0,638.0,612.0,627.0,266082967.36832514,166320447554.91345
2023-06-16 09:00:00,627.0,630.0,602.0,624.0,261651532.94326836,161039149596.6809
2023-06-17 09:00:00,624.0,637.0,615.0,629.0,148045166.923679,92854230675.66812
2023-06-18 09:00:00,629.0,651.0,625.0,638.0,165246103.3360127,105440977914.06183
2023-06-19 09:00:00,637.0,650.0,632.0,644.0,136490685.59460607,87677670005.06427
2023-06-20 09:00:00,644.0,650.0,622.0,644.0,218560116.77861416,139302332715.74304
2023-06-21 09:00:00,644.0,658.0,640.0,654.0,268650336.23721206,174692764168.66614
2023-06-22 09:00:00,653.0,691.0,641.0,647.0,452855281.01073873,300616872847.19037
2023-06-23 09:00:00,647.0,663.0,643.0,656.0,273879608.04961073,178969176928.81506
2023-06-24 09:00:00,657.0,659.0,642.0,649.0,201999328.86117306,131605274790.85359
2023-06-25 09:00:00,648.0,660.0,644.0,649.0,184947577.94671357,120493921712.21294
2023-06-26 09:00:00,650.0,652.0,628.0,635.0,205266338.61948693,131041280889.18744
2023-06-27 09:00:00,635.0,641.0,631.0,639.0,155451423.94226706,98870221876.49702
2023-06-28 09:00:00,639.0,641.0,610.0,618.0,170410074.6310013,106988259019.92003
2023-06-29 09:00:00,618.0,637.0,614.0,632.0,140638690.87074044,87939555017.42178
2023-06-30 09:00:00,633.0,643.0,604.0,630.0,326094702.1374734,205348802926.57635
2023-07-01 09:00:00,630.0,634.0,620.0,630.0,204314362.72613937,128099885974.19589
2023-07-02 09:00:00,630.0,661.0,625.0,643.0,439522128.23246485,283340210317.7051
2023-07-03 09:00:00,642.0,647.0,635.0,647.0,170527829.1844872,109239790041.32404
2023-07-04 09:00:00,646.0,650.0,636.0,643.0,129794975.7522664,83556829682.5033
2023-07-05 09:00:00,644.0,649.0,621.0,632.0,181889100.54911533,115463622365.47269
2023-07-06 09:00:00,633.0,638.0,616.0,617.0,173372344.0537048,108750039312.20576
2023-07-07 09:00:00,617.0,624.0,613.0,621.0,96916922.9321265,60049004226.79285
2023-07-08 09:00:00,620.0,629.0,617.0,623.0,65625818.25610847,40760690982.73067
2023-07-09 09:00:00,622.0,624.0,617.0,618.0,48383960.8076008,30037545477.872814
2023-07-10 09:00:00,618.0,632.0,614.0,628.0,122792479.1520684,76308847407.51968
2023-07-11 09:00:00,628.0,629.0,621.0,623.0,84862446.94184925,52980846663.15727
2023-07-12 09:00:00,624.0,624.0,612.0,617.0,116032199.62940188,71832507990.0724
2023-07-13 09:00:00,617.0,1125.0,612.0,1040.0,2593243804.3059754,2316124822333.557
2023-07-14 09:00:00,1040.0,1055.0,875.0,926.0,1646483869.0518625,1593207555698.976
2023-07-15 09:00:00,925.0,944.0,890.0,918.0,717501219.2310817,659654844760.6542
2023-07-16 09:00:00,917.0,1015.0,908.0,961.0,896272556.2075171,863556271067.8531
2023-07-17 09:00:00,961.0,983.0,923.0,947.0,459525084.60558325,438393034014.8886
2023-07-18 09:00:00,947.0,1010.0,941.0,1005.0,553614266.0032004,536235869949.55194
2023-07-19 09:00:00,1000.0,1090.0,991.0,1050.0,592731640.2024119,610133342463.2009
2023-07-20 09:00:00,1050.0,1090.0,1000.0,1025.0,350215821.4142158,366286376081.28723
2023-07-21 09:00:00,1025.0,1035.0,987.0,1005.0,226123222.35506645,228130687214.2993
2023-07-22 09:00:00,1005.0,1010.0,943.0,955.0,256378927.72482255,251960507865.59915
2023-07-23 09:00:00,955.0,971.0,930.0,956.0,312308012.71629584,298169186828.857
2023-07-24 09:00:00,956.0,961.0,892.0,912.0,441891566.4545026,405562833927.4916
2023-07-25 09:00:00,912.0,929.0,877.0,919.0,386420500.4399387,348867367355.82324
2023-07-26 09:00:00,919.0,944.0,898.0,925.0,239631726.0735937,219740351590.72406
2023-07-27 09:00:00,924.0,948.0,916.0,925.0,178143310.05662218,165475357713.20218
2023-07-28 09:00:00,926.0,931.0,914.0,922.0,128348199.92527144,118403723809.04918
2023-07-29 09:00:00,921.0,925.0,914.0,919.0,81124728.52254608,74595785565.03662
2023-07-30 09:00:00,920.0,952.0,900.0,911.0,270435583.58825046,250968131097.67535
2023-07-31 09:00:00,911.0,933.0,895.0,906.0,152371366.72330245,138868425463.80255
2023-08-01 09:00:00,907.0,920.0,889.0,919.0,187303629.0537162,169022749424.39587
2023-08-02 09:00:00,919.0,921.0,895.0,902.0,125892574.17431618,114482886282.69144
2023-08-03 09:00:00,902.0,904.0,868.0,872.0,202386190.38939384,178776171255.39362
2023-08-04 09:00:00,873.0,882.0,832.0,842.0,216494887.677723,186727052852.5484
2023-08-05 09:00:00,842.0,842.0,807.0,832.0,211902034.16026312,174887056641.66116
2023-08-06 09:00:00,833.0,847.0,825.0,828.0,110301759.98105362,92419454254.45341
2023-08-07 09:00:00,829.0,834.0,800.0,824.0,205717425.04712346,168051552427.46622
2023-08-08 09:00:00,825.0,855.0,816.0,850.0,150876170.54551837,125553025351.74274
2023-08-09 09:00:00,849.0,884.0,841.0,851.0,263271903.93247882,226699460620.25845
2023-08-10 09:00:00,851.0,855.0,828.0,840.0,165982034.50922105,139414061739.43842
2023-08-11 09:00:00,840.0,853.0,837.0,841.0,87274471.3056483,73616846235.64227
2023-08-12 09:00:00,842.0,844.0,834.0,837.0,51228146.83904202,43023945289.91584
2023-08-13 09:00:00,838.0,850.0,835.0,837.0,51433066.22151097,43200633537.42419
2023-08-14 09:00:00,837.0,849.0,834.0,846.0,77854773.30453277,65412361871.70961
2023-08-15 09:00:00,846.0,847.0,803.0,823.0,125016455.53968526,103869291230.57256
2023-08-16 09:00:00,824.0,837.0,789.0,799.0,316375001.1223073,256696354127.30988
2023-08-17 09:00:00,799.0,808.0,673.0,697.0,546339937.4970651,401977809357.0901
2023-08-18 09:00:00,697.0,717.0,662.0,696.0,534966692.07871664,368496160525.1572
2023-08-19 09:00:00,697.0,724.0,691.0,717.0,221138239.22476986,156643098266.1854
2023-08-20 09:00:00,718.0,767.0,714.0,739.0,346882728.8836387,257021390282.27307
2023-08-21 09:00:00,739.0,741.0,698.0,717.0,229272113.71465588,164520072928.54407
2023-08-22 09:00:00,718.0,719.0,693.0,713.0,167496312.12355474,118630568227.02512
2023-08-23 09:00:00,713.0,728.0,705.0,720.0,134510248.9765976,96084138487.79407
2023-08-24 09:00:00,720.0,722.0,697.0,705.0,120311116.42002903,85305087851.80333
2023-08-25 09:00:00,706.0,723.0,691.0,715.0,196101394.92935437,137967886045.26962
2023-08-26 09:00:00,715.0,718.0,705.0,712.0,68917439.30931479,49050253670.020935
2023-08-27 09:00:00,712.0,720.0,705.0,711.0,70654639.94084077,50439491035.97678
2023-08-28 09:00:00,711.0,711.0,694.0,706.0,110582412.51708117,77673603556.8578
2023-08-29 09:00:00,707.0,743.0,696.0,728.0,286700799.4819234,206890647429.6381
2023-08-30 09:00:00,728.0,729.0,709.0,718.0,156320214.28755766,112347955660.32063
2023-08-31 09:00:00,717.0,720.0,693.0,698.0,162168156.23052934,114737302127.25441
2023-09-01 09:00:00,698.0,700.0,671.0,682.0,200990494.31568944,138051418135.5509
2023-09-02 09:00:00,682.0,685.0,674.0,679.0,122475823.12131645,83194268856.13243
2023-09-03 09:00:00,679.0,697.0,676.0,686.0,95144167.0708039,65086282826.64662
2023-09-04 09:00:00,685.0,695.0,676.0,689.0,113599871.05587184,77919326041.18411
2023-09-05 09:00:00,689.0,689.0,680.0,687.0,107378988.53809215,73500297315.12862
2023-09-06 09:00:00,687.0,688.0,672.0,683.0,95276664.4315579,64972281817.19132
2023-09-07 09:00:00,684.0,688.0,676.0,685.0,87525084.42416798,59619869608.31202
2023-09-08 09:00:00,685.0,689.0,676.0,686.0,91059646.4651177,62247847551.18786
2023-09-09 09:00:00,687.0,688.0,683.0,686.0,44198122.58567223,30284992625.36946
2023-09-10 09:00:00,686.0,686.0,675.0,677.0,77915339.7584092,53027371588.17183
2023-09-11 09:00:00,678.0,679.0,637.0,647.0,267592996.55368108,174834512866.91446
2023-09-12 09:00:00,647.0,659.0,641.0,652.0,186104972.93216535,120906567164.81467
2023-09-13 09:00:00,651.0,664.0,645.0,653.0,160702795.69604212,104701280259.50249
2023-09-14 09:00:00,654.0,668.0,651.0,661.0,143861041.64080447,94497068947.00009
2023-09-15 09:00:00,661.0,686.0,660.0,675.0,203579327.82990733,136758152562.88603
2023-09-16 09:00:00,675.0,681.0,673.0,677.0,115807604.70582247,78367883055.70238
2023-09-17 09:00:00,677.0,677.0,663.0,665.0,106092938.18764505,71003655882.30302
2023-09-18 09:00:00,664.0,681.0,659.0,675.0,138772010.1216543,93014141559.74664
2023-09-19 09:00:00,676.0,692.0,672.0,688.0,128753757.64615016,87876849241.70107
2023-09-20 09:00:00,688.0,706.0,683.0,702.0,182123393.67878544,126644957474.41495
2023-09-21 09:00:00,701.0,702.0,678.0,687.0,146074720.29828867,100857453187.6973
2023-09-22 09:00:00,687.0,699.0,683.0,693.0,91654017.01615848,63344467495.75955
2023-09-23 09:00:00,693.0,695.0,685.0,687.0,63618363.56592218,43997592243.98547
2023-09-24 09:00:00,688.0,692.0,677.0,680.0,80194967.24560156,55109109074.5518
2023-09-25 09:00:00,679.0,684.0,666.0,681.0,122654220.6100798,82707507882.91736
2023-09-26 09:00:00,682.0,688.0,676.0,681.0,103177070.07310629,70282768097.56653
2023-09-27 09:00:00,680.0,690.0,677.0,682.0,115757186.70027415,79117340522.3499
2023-09-28 09:00:00,681.0,692.0,678.0,690.0,119676344.76211151,81932720886.61739
2023-09-29 09:00:00,690.0,745.0,688.0,706.0,426961053.28278625,307040488587.11676
2023-09-30 09:00:00,705.0,707.0,697.0,699.0,112625396.33547713,78934188660.84212
2023-10-01 09:00:00,699.0,709.0,696.0,708.0,95039528.76042342,66839236882.90036
2023-10-02 09:00:00,708.0,713.0,694.0,697.0,129912166.1955958,91685862426.87285
2023-10-03 09:00:00,696.0,747.0,690.0,731.0,272470577.8450688,195356097349.19324
2023-10-04 09:00:00,732.0,737.0,707.0,721.0,300630699.66998446,217473876763.97885
2023-10-05 09:00:00,721.0,721.0,703.0,709.0,142032414.7475449,101024763407.34558
2023-10-06 09:00:00,710.0,715.0,704.0,710.0,101910740.0543414,72307544883.82086
2023-10-07 09:00:00,711.0,712.0,706.0,709.0,46822437.98509593,33214967458.78203
2023-10-08 09:00:00,708.0,711.0,702.0,703.0,59081170.12501643,41738055014.90333
2023-10-09 09:00:00,703.0,708.0,674.0,684.0,188448448.01364002,129697077218.36835
2023-10-10 09:00:00,685.0,685.0,672.0,676.0,116009709.98777302,78734865865.52283
2023-10-11 09:00:00,676.0,678.0,656.0,667.0,157503045.7467884,104687141513.78435
2023-10-12 09:00:00,666.0,667.0,649.0,662.0,151462831.39575848,99520919038.41122
2023-10-13 09:00:00,663.0,673.0,659.0,667.0,96555145.62195748,64076776663.112015
2023-10-14 09:00:00,667.0,671.0,665.0,667.0,69465472.4042181,46371052611.31994
2023-10-15 09:00:00,667.0,670.0,663.0,665.0,101613967.53356346,67665862064.92635
2023-10-16 09:00:00,665.0,695.0,663.0,676.0,220861525.5158948,148826278298.9546
2023-10-17 09:00:00,675.0,676.0,663.0,668.0,123980906.64154114,82904067947.02312
2023-10-18 09:00:00,669.0,672.0,664.0,667.0,124001598.77050138,82761711618.83272
2023-10-19 09:00:00,666.0,713.0,654.0,706.0,336386912.0724199,229478320950.19083
2023-10-20 09:00:00,706.0,723.0,689.0,699.0,355917199.0911892,250560577805.14087
2023-10-21 09:00:00,699.0,720.0,693.0,703.0,155071389.8773455,109111993853.77522
2023-10-22 09:00:00,703.0,708.0,695.0,702.0,112966000.54825957,79212637564.07219
2023-10-23 09:00:00,702.0,735.0,702.0,730.0,309618843.44325036,221759974233.4244
2023-10-24 09:00:00,730.0,790.0,715.0,752.0,658666353.6829463,494314716511.7376
2023-10-25 09:00:00,752.0,761.0,733.0,749.0,220325007.01121643,164582772880.9536
2023-10-26 09:00:00,749.0,769.0,736.0,747.0,264503730.72925586,198326143536.84735
2023-10-27 09:00:00,747.0,754.0,733.0,738.0,133202694.88775872,99005547695.2015
2023-10-28 09:00:00,738.0,747.0,736.0,741.0,92131403.34626032,68321104525.29332
2023-10-29 09:00:00,741.0,760.0,738.0,754.0,136844427.20813698,102640270040.01921
2023-10-30 09:00:00,753.0,796.0,747.0,782.0,322799610.0006803,249386465591.59106
2023-10-31 09:00:00,783.0,847.0,766.0,814.0,573169115.9203569,464488201566.1265
2023-11-01 09:00:00,814.0,834.0,792.0,825.0,303663147.88977253,248255147302.34406
2023-11-02 09:00:00,825.0,845.0,802.0,824.0,330909064.9066735,273826671481.0409
2023-11-03 09:00:00,824.0,825.0,797.0,823.0,220516459.80324787,179246200722.0652
2023-11-04 09:00:00,822.0,832.0,819.0,825.0,152280490.265151,125596258781.80789
2023-11-05 09:00:00,825.0,890.0,824.0,887.0,478687191.5597768,411653650220.09235
2023-11-06 09:00:00,888.0,978.0,883.0,953.0,699046503.2285767,652678252981.0309
2023-11-07 09:00:00,953.0,954.0,881.0,916.0,451187282.08576465,413440107984.2213
2023-11-08 09:00:00,916.0,934.0,898.0,915.0,297369835.74290484,272053085796.1155
2023-11-09 09:00:00,915.0,938.0,861.0,898.0,635238833.7156947,576261479187.7129
2023-11-10 09:00:00,898.0,899.0,864.0,886.0,378109749.37598467,333767994314.5983
2023-11-11 09:00:00,886.0,928.0,863.0,887.0,413200259.39959824,368576178845.4189
2023-11-12 09:00:00,886.0,893.0,868.0,882.0,178930807.78163147,157801755084.03546
2023-11-13 09:00:00,881.0,1000.0,868.0,902.0,556208133.4372238,505815216207.046
2023-11-14 09:00:00,902.0,905.0,834.0,850.0,449357657.68253434,393856841432.5659
2023-11-15 09:00:00,850.0,867.0,831.0,864.0,247514131.29061568,210121110294.702
2023-11-16 09:00:00,864.0,873.0,822.0,827.0,321368400.740637,273540426751.25247
2023-11-17 09:00:00,827.0,839.0,798.0,827.0,238736017.98402458,196220055075.2207
2023-11-18 09:00:00,827.0,828.0,799.0,821.0,122905044.80591705,100035308179.70398
2023-11-19 09:00:00,821.0,843.0,810.0,833.0,156835577.2216623,129894398030.39594
2023-11-20 09:00:00,833.0,836.0,820.0,822.0,120027665.18546338,99374480989.3629
2023-11-21 09:00:00,821.0,827.0,783.0,784.0,220847707.2743686,178394334018.25497
2023-11-22 09:00:00,784.0,822.0,783.0,818.0,167374207.4249809,134385705289.46904
2023-11-23 09:00:00,816.0,833.0,811.0,830.0,161250744.76731506,132609943768.07254
2023-11-24 09:00:00,831.0,837.0,827.0,832.0,142448507.53076026,118495637975.65527
2023-11-25 09:00:00,832.0,835.0,824.0,832.0,78925303.235962,65568486146.560646
2023-11-26 09:00:00,832.0,852.0,822.0,826.0,190214986.2976595,159415645671.0169
2023-11-27 09:00:00,825.0,828.0,804.0,815.0,160771247.7158325,130999326755.55722
2023-11-28 09:00:00,815.0,820.0,801.0,816.0,119906469.2995727,97343290468.86682
2023-11-29 09:00:00,815.0,823.0,811.0,816.0,110450487.25847289,90214252229.21986
2023-11-30 09:00:00,817.0,817.0,805.0,812.0,112061555.1073725,90800985395.72984
2023-12-01 09:00:00,812.0,822.0,809.0,818.0,94764489.86163424,77344736484.13857
2023-12-02 09:00:00,818.0,828.0,817.0,826.0,84854934.10829838,69662731150.77135
2023-12-03 09:00:00,827.0,847.0,825.0,836.0,161358520.688661,134741420276.07516
2023-12-04 09:00:00,836.0,862.0,828.0,845.0,318750471.2243411,268640920223.84433
2023-12-05 09:00:00,845.0,852.0,826.0,847.0,242616546.90335578,203699308799.5368
2023-12-06 09:00:00,847.0,887.0,844.0,881.0,466555564.4082047,402845161943.17914
2023-12-07 09:00:00,882.0,900.0,856.0,881.0,359039531.59601986,315159331614.16656
2023-12-08 09:00:00,881.0,918.0,870.0,915.0,356382182.70236266,318604519604.61176
2023-12-09 09:00:00,914.0,950.0,903.0,905.0,484660056.523696,450521496619.64056
2023-12-10 09:00:00,905.0,919.0,885.0,904.0,217795612.1916786,196956046214.2613
2023-12-11 09:00:00,904.0,906.0,832.0,854.0,434895576.88984793,374692717172.1491
2023-12-12 09:00:00,853.0,865.0,845.0,858.0,261007806.30658555,223561641134.6466
2023-12-13 09:00:00,859.0,877.0,835.0,865.0,247427395.29166326,210488257139.57474
2023-12-14 09:00:00,864.0,870.0,848.0,862.0,230676567.5877,198387275506.81155
2023-12-15 09:00:00,863.0,884.0,851.0,852.0,215062167.07305086,185984162636.84024
2023-12-16 09:00:00,852.0,857.0,843.0,851.0,103103488.25612451,87846898879.46388
2023-12-17 09:00:00,851.0,854.0,835.0,837.0,112777374.56042287,95414335391.2105
2023-12-18 09:00:00,838.0,841.0,794.0,834.0,336424882.087501,274639815419.0884
2023-12-19 09:00:00,834.0,838.0,816.0,827.0,143194919.32394302,118642270909.47328
2023-12-20 09:00:00,827.0,848.0,820.0,838.0,182963290.47671166,152723700468.8948
2023-12-21 09:00:00,837.0,846.0,831.0,845.0,151137174.18733102,126653071757.81299
2023-12-22 09:00:00,846.0,860.0,836.0,846.0,218517614.95046085,184781280130.48047
2023-12-23 09:00:00,845.0,847.0,832.0,839.0,108182510.77997775,90775773756.7019
2023-12-24 09:00:00,839.0,845.0,821.0,825.0,171903384.48312882,143857574021.61328
2023-12-25 09:00:00,825.0,866.0,819.0,860.0,304475592.1722825,258098343941.23056
2023-12-26 09:00:00,859.0,861.0,819.0,833.0,213528561.9924255,178714128033.7711
2023-12-27 09:00:00,833.0,854.0,821.0,847.0,193245713.16508538,161956037178.0183
2023-12-28 09:00:00,846.0,874.0,838.0,847.0,318821419.75745153,271963192622.14407
2023-12-29 09:00:00,848.0,848.0,829.0,836.0,184718156.28146,154795744418.74753
2023-12-30 09:00:00,835.0,845.0,831.0,835.0,110863743.95642023,92750302290.82285
2023-12-31 09:00:00,835.0,841.0,826.0,832.0,99746154.07295449,83199980794.70201
2024-01-01 09:00:00,832.0,840.0,825.0,838.0,109778469.83264299,91297902557.62538
2024-01-02 09:00:00,839.0,852.0,834.0,838.0,202232664.20174858,170155409776.905
2024-01-03 09:00:00,838.0,854.0,700.0,796.0,692341035.2517552,547795948799.3515
2024-01-04 09:00:00,796.0,800.0,768.0,791.0,247156193.88997957,193436468175.40485
2024-01-05 09:00:00,791.0,793.0,754.0,774.0,200065055.22252446,154396113599.45407
2024-01-06 09:00:00,774.0,774.0,753.0,767.0,113601037.99562079,87008264586.46019
2024-01-07 09:00:00,767.0,778.0,733.0,741.0,172760305.69321623,131524606076.33365
2024-01-08 09:00:00,742.0,803.0,732.0,776.0,481809943.3194218,367446037829.1899
2024-01-09 09:00:00,776.0,777.0,746.0,763.0,237857795.30272296,181613554056.15976
2024-01-10 09:00:00,763.0,836.0,739.0,818.0,434604148.3631036,341801921018.7058
2024-01-11 09:00:00,819.0,849.0,800.0,825.0,479756969.22841465,396010063776.47906
2024-01-12 09:00:00,825.0,827.0,778.0,791.0,318769822.93462795,257709105610.99573
2024-01-13 09:00:00,791.0,798.0,771.0,791.0,154753474.6657516,121918892897.09898
2024-01-14 09:00:00,791.0,815.0,786.0,792.0,145341242.4378295,115675867655.8047
2024-01-15 09:00:00,792.0,810.0,783.0,791.0,152241279.35850555,121114184696.7423
2024-01-16 09:00:00,791.0,796.0,782.0,791.0,135796288.85685474,107236879893.37119
2024-01-17 09:00:00,791.0,791.0,777.0,782.0,111234328.91075787,87331451018.07597
2024-01-18 09:00:00,782.0,782.0,759.0,766.0,145087205.67424664,111974621945.27267
2024-01-19 09:00:00,765.0,769.0,729.0,755.0,195793543.5481758,146914453901.61908
2024-01-20 09:00:00,754.0,766.0,745.0,763.0,86677830.20776667,65575996209.52205
2024-01-21 09:00:00,764.0,768.0,754.0,754.0,72167486.80250363,55006635199.64255
2024-01-22 09:00:00,754.0,758.0,723.0,729.0,185714247.41349825,136893513100.67302
2024-01-23 09:00:00,729.0,736.0,689.0,720.0,320073709.8228904,226591118548.10803
2024-01-24 09:00:00,720.0,720.0,705.0,713.0,130421546.26561011,92658112283.07957
2024-01-25 09:00:00,713.0,714.0,698.0,708.0,125360102.87430406,88477032775.88582
2024-01-26 09:00:00,709.0,738.0,702.0,732.0,160222986.52161044,115162580982.68185
2024-01-27 09:00:00,732.0,738.0,725.0,732.0,72221290.87713845,52845859358.2789
2024-01-28 09:00:00,732.0,737.0,716.1,721.0,71714242.54947709,52312692633.286415
2024-01-29 09:00:00,721.0,736.0,715.6,730.9,105926261.11584263,76793516347.57463
2024-01-30 09:00:00,730.9,735.0,699.2,701.7,254020657.58040532,181614375280.82788
2024-01-31 09:00:00,701.8,705.8,682.3,694.6,253972564.67342135,176904884574.90222
2024-02-01 09:00:00,694.6,699.5,676.2,695.2,189503352.50103885,129823299592.0396
2024-02-02 09:00:00,695.2,705.9,685.6,700.7,120704882.31390953,83672671750.66858
2024-02-03 09:00:00,700.8,726.5,695.0,714.5,218065908.836265,155881921066.18045
2024-02-04 09:00:00,714.5,715.5,693.7,695.0,105778288.39020261,74646300074.05908
2024-02-05 09:00:00,695.2,708.2,686.5,698.3,137639745.86336568,95762500192.09866
2024-02-06 09:00:00,698.3,698.9,686.7,692.0,113826432.74106197,78833814870.42604
2024-02-07 09:00:00,692.2,701.2,686.8,698.6,153608426.8237492,106272596845.90044
2024-02-08 09:00:00,698.6,706.7,696.4,704.2,147980352.5578206,103812761684.24722
2024-02-09 09:00:00,704.3,716.0,702.1,710.2,187275802.38396478,132748436002.41843
2024-02-10 09:00:00,710.2,715.0,700.2,708.0,97678282.18822911,69202896930.73943
2024-02-11 09:00:00,708.0,724.1,705.5,712.0,146518951.46460637,104763627061.02074
2024-02-12 09:00:00,712.0,721.1,700.4,713.0,181097308.11983937,128459287129.53395
2024-02-13 09:00:00,713.0,716.8,702.0,711.4,169288881.24335808,120363632536.17453
2024-02-14 09:00:00,711.3,731.9,706.0,728.3,255011807.42280602,183616927607.34683
2024-02-15 09:00:00,728.3,791.5,728.0,772.3,452639303.0696278,342206602174.7426
2024-02-16 09:00:00,772.1,796.1,762.5,780.9,294137118.01068723,229764366845.9164
2024-02-17 09:00:00,781.0,784.0,743.9,760.2,194011330.36029488,148209144071.6228
2024-02-18 09:00:00,760.2,772.5,755.2,768.4,123952082.54246825,94949922248.0678
2024-02-19 09:00:00,768.5,785.0,767.8,779.4,156250738.4493295,120975056190.51006
2024-02-20 09:00:00,779.2,792.2,759.7,776.0,301692061.6186632,235490996982.26172
2024-02-21 09:00:00,776.0,780.0,747.0,767.2,225771133.7532409,172018423123.9503
2024-02-22 09:00:00,767.3,767.3,751.6,754.7,141173209.60180423,107000583532.39929
2024-02-23 09:00:00,754.7,759.9,740.2,745.5,153197076.52964857,114820332244.37
2024-02-24 09:00:00,745.2,758.9,741.0,751.4,129219556.06554498,97169341710.93456
2024-02-25 09:00:00,751.4,755.8,747.8,748.2,131485480.37748213,98758306539.86008
2024-02-26 09:00:00,748.1,757.9,731.3,755.6,214724380.1704642,159844088886.74103
2024-02-27 09:00:00,755.6,821.6,750.4,806.5,519499328.5436845,404923515575.00775
2024-02-28 09:00:00,806.4,839.0,779.0,807.5,677431054.5836754,546722528820.7256
2024-02-29 09:00:00,807.5,874.0,793.0,824.1,810726943.6660864,675998713747.4259
2024-03-01 09:00:00,824.2,844.9,824.0,842.5,350582761.2293487,292931793237.47974
2024-03-02 09:00:00,842.5,909.7,840.5,897.4,714547774.1238666,630311849666.4928
2024-03-03 09:00:00,897.4,899.1,823.5,874.2,452479061.0636856,392791867001.3501
2024-03-04 09:00:00,874.2,933.4,858.0,907.2,764544437.815771,690208229325.7202
2024-03-05 09:00:00,907.3,944.2,805.9,847.2,1187466818.1335027,1061089907663.9645
2024-03-06 09:00:00,847.2,873.8,810.1,863.9,555965975.6709512,471591720965.07
2024-03-07 09:00:00,863.9,897.3,856.0,882.0,513014719.56742525,450594593592.20715
2024-03-08 09:00:00,882.0,893.0,855.4,876.9,408108415.6233873,358835632160.66364
2024-03-09 09:00:00,877.0,890.0,864.2,872.0,289275170.96837884,253604187686.43637
2024-03-10 09:00:00,871.3,878.1,850.2,860.3,271206642.8820381,235599156786.39218
2024-03-11 09:00:00,860.4,1033.0,830.0,1006.0,1604368106.6657515,1540677259412.5012
2024-03-12 09:00:00,1006.0,1019.0,950.0,974.6,816760183.1341441,802848646253.0702
2024-03-13 09:00:00,974.7,993.8,954.0,981.0,438034823.8845688,427716947372.332
2024-03-14 09:00:00,980.9,1010.0,925.0,960.5,689555500.7465963,667778722785.232
2024-03-15 09:00:00,960.5,971.1,875.0,921.0,730785623.531614,668013442311.3867
2024-03-16 09:00:00,921.0,943.0,871.0,891.3,404850122.47593886,368955553696.3382
2024-03-17 09:00:00,891.3,910.0,860.0,904.5,359970824.7731366,319512033250.2107
2024-03-18 09:00:00,904.5,979.0,881.1,943.8,556394456.299116,511730482821.6028
2024-03-19 09:00:00,943.8,953.4,860.0,872.0,643582358.7244891,573992616705.8274
2024-03-20 09:00:00,872.0,911.0,844.2,899.0,530898928.59807533,465648598967.4186
2024-03-21 09:00:00,898.7,955.6,874.3,932.6,618842874.9269111,564426531029.5115
2024-03-22 09:00:00,932.6,939.8,880.8,898.9,367351240.14989436,332586839960.3272
2024-03-23 09:00:00,898.9,918.3,885.8,897.6,212642895.67474413,191864340536.4237
2024-03-24 09:00:00,897.6,920.0,894.8,910.2,205057140.727297,186480666514.3825
2024-03-25 09:00:00,910.2,936.0,902.0,910.5,300539912.7249324,274197349449.93048
2024-03-26 09:00:00,910.6,919.7,899.9,903.7,343881733.64677763,313270981541.4617
2024-03-27 09:00:00,903.8,905.6,872.0,881.1,372842421.82429296,331515658506.53217
2024-03-28 09:00:00,881.0,906.9,870.2,890.7,325391094.7848855,288365693339.1951
2024-03-29 09:00:00,890.7,915.7,873.3,899.4,366175777.60381347,327212436160.80585
2024-03-30 09:00:00,899.4,908.8,887.6,891.3,165590132.19387132,148395730240.05334
2024-03-31 09:00:00,891.3,898.0,889.6,891.5,107831679.61633763,96245327729.23743
2024-04-01 09:00:00,891.6,897.0,862.0,878.5,255009054.08849183,223940945725.60233
2024-04-02 09:00:00,878.6,889.7,850.1,859.4,338605446.7848907,292929207728.75775
2024-04-03 09:00:00,859.3,863.3,832.2,839.0,268018238.15825343,227508400147.4487
2024-04-04 09:00:00,839.0,893.3,825.2,862.0,416313703.41232663,357803090318.39233
2024-04-05 09:00:00,862.0,862.7,833.0,851.6,206166357.15931976,174681612866.6407
2024-04-06 09:00:00,851.4,862.0,847.6,853.6,93972742.78273307,80195276125.83768
2024-04-07 09:00:00,853.6,862.8,849.6,851.9,97940385.9627516,83765996613.31071
2024-04-08 09:00:00,851.9,889.1,844.0,875.7,276046986.7754154,239072458955.84427
2024-04-09 09:00:00,875.8,914.6,860.6,883.0,432735763.90504116,384309913442.71967
2024-04-10 09:00:00,882.7,888.7,860.0,880.7,228301996.85334176,199902362238.7453
2024-04-11 09:00:00,880.7,884.8,868.3,873.3,153365523.06935778,134561343514.13574
2024-04-12 09:00:00,873.3,878.7,782.5,812.9,416311243.6266685,346636576864.44745
2024-04-13 09:00:00,813.0,814.4,671.1,725.7,666781707.445392,498457402019.5429
2024-04-14 09:00:00,725.7,766.2,707.0,757.9,415850571.60955995,304713883389.1944
2024-04-15 09:00:00,757.9,774.0,734.0,756.6,350996149.4628362,264917233250.05093
2024-04-16 09:00:00,756.5,757.4,719.9,743.5,279394690.9364858,206601189418.7223
2024-04-17 09:00:00,743.9,757.0,711.3,738.8,290021337.0639872,213322180873.58334
2024-04-18 09:00:00,738.8,743.0,719.0,739.5,235396364.99339908,172418923693.47333
2024-04-19 09:00:00,739.5,746.9,692.2,734.8,361182159.15133923,260620112105.46786
2024-04-20 09:00:00,734.8,774.0,731.0,772.0,211466223.60909432,159948660079.64227
2024-04-21 09:00:00,772.0,785.0,760.2,765.9,151661987.02119437,117129555376.16934
2024-04-22 09:00:00,765.9,829.0,762.5,807.8,227663622.73491392,179942079587.3826
2024-04-23 09:00:00,807.8,811.8,784.8,788.7,216361785.6289131,171935988972.36008
2024-04-24 09:00:00,788.7,795.2,760.2,766.9,211955289.90998384,165242258032.78323
2024-04-25 09:00:00,766.8,772.6,743.8,754.9,161591172.24814284,122301475025.90594
2024-04-26 09:00:00,755.1,768.7,741.5,758.5,139524672.63842404,105313465812.31068
2024-04-27 09:00:00,758.5,758.9,736.1,746.7,100452421.09880953,74829736080.2174
2024-04-28 09:00:00,746.7,755.0,730.5,731.9,85811384.63715234,63886995859.57635
2024-04-29 09:00:00,732.1,741.4,712.0,737.1,173844130.83822536,126325025662.37022
2024-04-30 09:00:00,737.1,743.4,700.3,718.0,198698846.5340682,142997165448.81207
2024-05-01 09:00:00,718.2,741.7,680.0,739.2,306321404.0792757,216516215756.75742
2024-05-02 09:00:00,739.5,743.0,715.0,728.5,133840381.78970708,97580714799.9696
2024-05-03 09:00:00,728.7,758.3,726.9,753.7,187254373.77576986,138722069394.7042
2024-05-04 09:00:00,753.7,765.0,742.0,750.2,122991847.3883023,92654652512.86168
2024-05-05 09:00:00,750.1,751.7,736.4,745.0,71547942.8414825,53329405346.334305
2024-05-06 09:00:00,745.0,798.8,737.7,758.0,247128283.51259968,189106322272.97104
2024-05-07 09:00:00,758.6,764.0,735.1,737.9,146118982.53803188,110110948579.34326
2024-05-08 09:00:00,737.9,744.1,721.2,725.2,153476148.0413132,112599349853.23042
2024-05-09 09:00:00,725.2,731.8,714.0,727.8,122103178.2375468,88366513358.39998
2024-05-10 09:00:00,727.8,727.8,700.8,709.0,171099937.60091585,122243846599.38055
2024-05-11 09:00:00,709.0,714.7,705.1,712.8,61766648.93362468,43866904652.50451
2024-05-12 09:00:00,713.6,716.8,702.0,703.3,58287866.84606987,41396214898.9073
2024-05-13 09:00:00,703.4,714.3,686.1,706.2,160406575.065552,112438137973.44771
2024-05-14 09:00:00,705.8,719.0,697.6,703.4,112331857.18313108,79452816698.22983
2024-05-15 09:00:00,703.4,723.3,699.0,721.3,149875795.27671877,106533631807.99016
2024-05-16 09:00:00,721.3,726.0,714.1,717.1,113982848.58127575,81893219241.2384
2024-05-17 09:00:00,717.3,730.0,715.2,724.4,96800325.58000524,69849821892.93542
2024-05-18 09:00:00,724.1,729.0,721.2,724.5,57952360.85015965,42020138845.47317
2024-05-19 09:00:00,724.6,726.8,706.2,709.0,79781880.86405881,57135535577.61055
2024-05-20 09:00:00,709.0,734.0,703.5,733.3,166247980.82331893,119646171064.79138
2024-05-21 09:00:00,733.3,767.4,726.6,740.8,240130940.94240156,178355192333.9839
2024-05-22 09:00:00,740.8,742.0,722.9,726.6,118290613.15454616,86595422504.8213
2024-05-23 09:00:00,726.6,763.8,710.0,738.7,305800034.00448924,224373081881.59454
2024-05-24 09:00:00,738.7,749.7,724.6,744.1,169453380.66937903,125160847000.40996
2024-05-25 09:00:00,744.1,754.2,741.8,752.1,92403961.57918108,69070373146.73067
2024-05-26 09:00:00,752.1,752.7,736.0,736.3,81229391.32163931,60535782967.66089
2024-05-27 09:00:00,736.5,746.5,730.5,738.9,108180967.86262283,79920711057.82732
2024-05-28 09:00:00,739.0,739.9,723.8,731.6,104796072.4765809,76777308566.04955
2024-05-29 09:00:00,731.4,739.1,724.0,728.2,147491166.30603364,107935555832.23746
2024-05-30 09:00:00,728.2,731.9,716.1,721.9,161629532.0891653,117125434594.95103
2024-05-31 09:00:00,722.1,734.4,719.6,724.4,110628193.67037874,80198971788.48962
2024-06-01 09:00:00,724.3,729.8,723.0,726.0,38738718.54642917,28155134532.31972
2024-06-02 09:00:00,725.9,727.8,716.1,720.2,58203480.45139127,42078315303.211136
2024-06-03 09:00:00,720.2,727.3,718.0,725.1,72305958.69409654,52290616842.98271
2024-06-04 09:00:00,724.6,733.8,721.8,727.2,87866523.32901554,63895274455.46869
2024-06-05 09:00:00,727.2,735.7,725.5,728.3,94332891.27621844,68769977029.39049
2024-06-06 09:00:00,728.0,733.1,722.1,725.0,110858654.3865047,80672103061.11026
2024-06-07 09:00:00,725.0,731.9,660.0,704.3,192477002.27096105,136155836303.82785
2024-06-08 09:00:00,704.3,706.6,694.0,698.0,80906367.74813233,56696311591.52228
2024-06-09 09:00:00,698.1,702.5,696.0,700.7,49813379.9090553,34805086262.35838
2024-06-10 09:00:00,700.7,706.9,691.7,695.3,76320754.3617799,53269773087.61562
2024-06-11 09:00:00,695.3,696.2,670.0,680.8,145323305.23279253,99073356124.93335
2024-06-12 09:00:00,680.8,699.7,670.1,690.2,132962127.36650932,91121172280.2101
2024-06-13 09:00:00,690.2,690.8,675.4,676.4,84415911.69737463,57764322347.040115
2024-06-14 09:00:00,676.5,681.0,662.3,675.7,104094224.37463728,70166989544.41191
2024-06-15 09:00:00,675.5,714.9,674.0,695.6,75259936.7937706,51860798923.27254
2024-06-16 09:00:00,695.5,707.5,689.8,691.1,78362985.75037861,54622615209.29719
2024-06-17 09:00:00,691.2,731.0,682.3,710.5,304441150.40078884,215428112421.6383
2024-06-18 09:00:00,710.5,718.6,671.0,689.8,236740259.85388845,164392339115.97388
2024-06-19 09:00:00,690.9,703.6,685.0,695.5,103264170.42450073,71806009436.4705
2024-06-20 09:00:00,695.6,708.2,691.5,691.6,111708015.94433182,78099213265.02089
2024-06-21 09:00:00,691.6,698.6,678.6,688.6,99677394.14697783,68723120886.59279
2024-06-22 09:00:00,688.7,690.9,685.1,688.6,36902108.47315229,25390210582.32946
2024-06-23 09:00:00,688.6,691.0,674.2,676.4,54726317.94087882,37402236791.257996
2024-06-24 09:00:00,676.5,680.2,656.1,671.5,159111763.91503736,106388204877.91579
2024-06-25 09:00:00,671.6,678.1,667.5,672.9,101630079.37271571,68335272583.112114
2024-06-26 09:00:00,672.9,675.6,659.5,664.0,94497158.72926003,63103553994.11592
2024-06-27 09:00:00,664.0,671.4,656.1,668.7,82955901.10688733,55027209975.62602
2024-06-28 09:00:00,668.8,675.0,663.0,665.0,72716385.1033031,48681249831.312996
2024-06-29 09:00:00,665.0,671.0,664.1,665.8,29648609.1233747,19804066922.16003
2024-06-30 09:00:00,665.8,669.9,660.9,667.5,41480720.88498486,27615154343.824314
2024-07-01 09:00:00,667.5,679.5,666.2,670.2,74405876.18937162,50021503875.30026
2024-07-02 09:00:00,670.2,686.1,668.5,681.2,78565586.21405306,53288853694.957214
2024-07-03 09:00:00,681.2,684.7,655.0,662.3,117442117.55499312,79045433712.58536
2024-07-04 09:00:00,662.5,665.3,619.2,619.9,214640202.57685655,137357039552.03998
2024-07-05 09:00:00,619.9,620.7,560.2,608.6,330724577.4632731,194816347301.4453
2024-07-06 09:00:00,608.6,639.7,603.0,637.6,93268544.79066372,57782830119.264084
2024-07-07 09:00:00,637.7,639.0,595.2,596.9,100675294.51336032,61963114748.251854
2024-07-08 09:00:00,597.0,628.0,578.0,612.5,165742911.97017643,100174398523.44818
2024-07-09 09:00:00,612.5,618.8,608.7,615.7,87782538.94456278,53912824793.01029
2024-07-10 09:00:00,615.7,625.3,611.1,621.7,103753375.83722554,64145842322.8165
2024-07-11 09:00:00,621.6,639.0,619.5,634.2,115398205.3429554,72605152065.1225
2024-07-12 09:00:00,634.8,676.0,629.4,667.4,213779502.5791656,140133690190.4378
2024-07-13 09:00:00,668.2,791.7,666.1,736.6,504496710.1213672,367780815973.1035
2024-07-14 09:00:00,737.0,758.6,720.0,730.5,295219462.80635965,217935627335.72516
2024-07-15 09:00:00,730.6,757.2,730.5,754.8,237118899.54657862,176746262783.17862
2024-07-16 09:00:00,754.8,828.1,744.9,809.0,657790430.8256321,517207481622.36017
2024-07-17 09:00:00,808.9,888.3,807.5,874.8,696130278.1149905,594337042528.1848
2024-07-18 09:00:00,874.6,887.9,785.9,800.0,783286632.7751833,644807245354.2128
2024-07-19 09:00:00,800.0,819.4,757.0,800.0,500362892.8100495,392246753037.0299
2024-07-20 09:00:00,800.0,845.5,798.1,831.8,339077340.8225778,280268545124.67377
2024-07-21 09:00:00,832.0,853.0,806.0,834.0,295325550.4590803,244967333869.70377
2024-07-22 09:00:00,834.0,869.3,818.5,849.4,352367368.56623447,297745301696.84863
2024-07-23 09:00:00,849.4,860.0,817.5,836.0,239951751.96540993,201484498352.74414
2024-07-24 09:00:00,835.9,883.1,826.0,864.6,357370621.9663801,308293878019.9789
2024-07-25 09:00:00,864.6,876.5,823.5,842.1,416471324.3915878,354522524923.04474
2024-07-26 09:00:00,842.1,854.9,820.5,841.3,220699156.58319488,185366061147.73068
2024-07-27 09:00:00,841.3,848.2,820.0,828.5,159248797.23880827,133129645766.88
2024-07-28 09:00:00,829.0,856.8,821.9,839.8,146261522.19792542,122999735727.24458
2024-07-29 09:00:00,839.2,850.9,830.0,843.0,151792612.67893067,127871343658.01343
2024-07-30 09:00:00,842.6,890.3,835.6,879.5,404016178.0595485,351353781767.5835
2024-07-31 09:00:00,878.9,920.0,870.0,870.4,486853859.873236,437701502598.17474
2024-08-01 09:00:00,870.5,882.0,802.0,837.3,355334401.900434,300295387436.2311
2024-08-02 09:00:00,837.7,838.7,772.5,790.2,361564971.5181466,289509311464.06464
2024-08-03 09:00:00,790.0,814.5,763.6,786.3,249349796.71652317,197114683505.4343
2024-08-04 09:00:00,786.2,789.2,734.4,735.5,240090701.50070876,182006813842.25586
2024-08-05 09:00:00,736.0,740.5,628.0,703.8,919535540.873686,624159314936.1191
2024-08-06 09:00:00,703.8,750.1,703.1,724.0,340505666.9393964,248426343060.16946
2024-08-07 09:00:00,724.0,911.9,700.6,854.0,904833747.3571739,750263297675.2876
2024-08-08 09:00:00,854.3,900.2,821.0,862.2,807330486.6610817,693783952606.767
2024-08-09 09:00:00,862.3,876.4,798.0,817.8,450733844.72375786,375553007228.77856
2024-08-10 09:00:00,817.8,846.5,813.1,821.3,243892070.46296948,202714504460.8063
2024-08-11 09:00:00,821.3,832.5,769.6,780.0,254137305.20304713,204122808334.37802
2024-08-12 09:00:00,780.0,813.9,775.0,795.9,252057974.64646995,200917189931.5143
2024-08-13 09:00:00,796.2,812.9,788.0,804.7,190755777.35793823,152880638555.50867
2024-08-14 09:00:00,804.8,810.0,790.0,798.0,153910735.43017554,123493099153.09943
2024-08-15 09:00:00,797.9,805.0,777.1,788.3,133500808.54871865,105870284368.67915
2024-08-16 09:00:00,788.3,796.1,777.4,787.0,109201844.29097433,86012050328.20604
2024-08-17 09:00:00,787.0,794.5,783.7,788.0,49496176.15259673,38996359119.11747
2024-08-18 09:00:00,788.0,810.2,784.7,784.8,82537007.86955161,65565037091.710075
2024-08-19 09:00:00,784.9,835.0,780.2,821.0,249382067.81576324,200992407721.75146
2024-08-20 09:00:00,820.7,834.8,804.6,812.1,179548500.80658123,147713847121.48352
2024-08-21 09:00:00,812.1,821.5,802.0,814.0,130886874.27737746,106375830241.74652
2024-08-22 09:00:00,814.0,817.6,806.1,810.9,90597150.69533776,73606256762.63992
2024-08-23 09:00:00,810.9,821.4,802.4,816.0,143765239.66680446,116861739239.38261
2024-08-24 09:00:00,816.0,843.0,810.2,820.1,180886729.04413098,149295889315.65857
2024-08-25 09:00:00,820.1,821.5,800.1,805.3,143081797.90492648,115679505977.7829
2024-08-26 09:00:00,805.2,807.0,780.0,789.2,144983160.3360449,115069604268.84987
2024-08-27 09:00:00,789.2,809.4,758.0,770.5,199979215.80128375,157121212760.78812
2024-08-28 09:00:00,770.5,792.8,762.6,777.0,152046838.86278716,118168130389.72609
2024-08-29 09:00:00,777.1,783.0,760.0,764.3,101980930.96743926,78884825579.78438
2024-08-30 09:00:00,764.2,772.9,748.5,770.8,109207497.82051627,83204374750.53064
2024-08-31 09:00:00,770.9,778.2,766.0,770.0,47567999.06750076,36678687934.76491
2024-09-01 09:00:00,770.0,771.1,745.1,747.8,79918478.02431604,60575168009.998695
2024-09-02 09:00:00,748.0,772.0,743.2,769.6,86744181.15095149,65480587752.08332
2024-09-03 09:00:00,769.6,776.4,757.9,758.1,80656563.00469795,61978962658.38324
2024-09-04 09:00:00,758.3,765.6,731.5,757.2,106372051.17950948,79891682809.37576
2024-09-05 09:00:00,757.6,758.8,735.3,740.1,82629663.01475647,61703551438.99704
2024-09-06 09:00:00,740.0,741.0,690.5,711.3,187994449.50510886,135172068977.31985
2024-09-07 09:00:00,711.2,724.1,706.5,714.0,57804834.13987722,41380404363.95403
2024-09-08 09:00:00,714.0,720.7,708.3,718.0,46622774.58398594,33364477087.702404
2024-09-09 09:00:00,718.0,734.9,714.7,731.0,69714977.67168343,50412617817.25042
2024-09-10 09:00:00,731.0,734.5,723.1,732.1,61782297.443388,45010961706.428795
2024-09-11 09:00:00,732.1,733.0,710.0,721.3,82854089.38135472,59731047888.60132
2024-09-12 09:00:00,720.9,805.0,720.3,756.7,310746798.37964815,236971527609.83002
2024-09-13 09:00:00,757.0,772.1,746.5,765.5,183096203.93050036,139356283839.3911
2024-09-14 09:00:00,766.2,804.1,763.1,798.3,170163271.49891436,133670025439.46146
2024-09-15 09:00:00,798.6,798.6,767.0,769.4,121004457.31678988,95157402282.73883
2024-09-16 09:00:00,769.4,797.1,754.4,789.9,132757630.8260787,102415891306.8868
2024-09-17 09:00:00,789.9,795.7,780.1,785.1,100727815.68454926,79406821533.27783
2024-09-18 09:00:00,785.4,785.4,760.0,783.1,125349578.53638624,97132622825.08806
2024-09-19 09:00:00,783.2,792.9,777.0,782.5,140132179.11075544,109823157201.79549
2024-09-20 09:00:00,782.5,789.5,770.5,781.9,152727854.19580397,119318617144.52129
2024-09-21 09:00:00,781.8,817.0,777.0,796.4,134508213.4023782,106659439724.1398
2024-09-22 09:00:00,796.2,809.7,776.1,784.2,135615469.33182624,107717335499.14465
2024-09-23 09:00:00,784.3,794.5,775.1,781.7,93613816.92428106,73650128448.64525
2024-09-24 09:00:00,781.7,788.5,779.0,783.9,92421482.10604855,72410127554.0402
2024-09-25 09:00:00,784.2,790.4,779.5,780.1,98172782.10962597,77030952704.2916
2024-09-26 09:00:00,780.1,785.0,770.0,780.0,121282010.4188721,94573904453.50249
2024-09-27 09:00:00,780.0,784.1,772.2,778.0,154244860.69810382,119986026505.49738
2024-09-28 09:00:00,778.1,820.0,774.2,807.8,409040505.339558,328586633723.3969
2024-09-29 09:00:00,807.7,869.9,802.0,838.9,370841398.67293817,309488661548.0388
2024-09-30 09:00:00,839.0,857.5,806.1,808.4,276153938.9662197,230356904535.47345
2024-10-01 09:00:00,808.4,837.8,780.0,800.0,340525148.5775464,277116110854.5298
2024-10-02 09:00:00,800.1,813.0,710.3,725.3,418688099.50641656,317701426705.24854
2024-10-03 09:00:00,725.3,735.4,690.0,707.6,463572822.5788091,329342303787.9559
2024-10-04 09:00:00,707.6,728.0,697.7,720.8,212519953.51363453,150953223219.5976
2024-10-05 09:00:00,720.9,723.9,712.0,716.6,93167083.67304263,66912076747.15993
2024-10-06 09:00:00,716.6,722.8,714.1,717.4,84776541.91620275,60862957569.66102
2024-10-07 09:00:00,717.2,732.0,714.1,714.4,162150161.86865667,117366090002.24893
2024-10-08 09:00:00,714.4,724.2,707.7,718.8,95914044.2061949,68668602631.53569
2024-10-09 09:00:00,718.3,722.5,710.0,712.8,82946750.62193507,59537431030.39775
2024-10-10 09:00:00,712.8,739.9,709.0,721.3,221281294.3329362,160327918618.94376
2024-10-11 09:00:00,721.4,733.0,720.2,727.3,100483843.50614043,73063232613.73137
2024-10-12 09:00:00,727.3,730.0,722.6,726.2,65555700.81998801,47648662200.89771
2024-10-13 09:00:00,726.2,726.5,711.2,718.2,70329174.47869503,50624474162.6801
2024-10-14 09:00:00,718.2,740.0,712.6,735.0,133612207.28061526,97161505594.47235
2024-10-15 09:00:00,735.0,745.8,723.1,732.0,171135902.03127638,125669959489.37357
2024-10-16 09:00:00,732.0,749.3,729.0,742.6,127827834.5030369,94397367631.28798
2024-10-17 09:00:00,742.2,769.3,739.2,740.2,202870362.3261925,152973272638.2686
2024-10-18 09:00:00,740.4,753.5,734.5,745.0,134459123.16994846,99944000694.43062
2024-10-19 09:00:00,745.0,748.3,738.3,743.1,75689384.78755718,56329554395.08071
2024-10-20 09:00:00,743.0,746.0,735.1,745.2,76140070.38525115,56373208302.94649
2024-10-21 09:00:00,745.2,766.6,740.6,746.1,177090895.8757381,133103743299.92043
2024-10-22 09:00:00,747.2,754.5,730.1,735.2,122186717.21447313,90360035114.71677
2024-10-23 09:00:00,735.2,736.3,713.0,728.1,93612769.50152238,68091637763.73284
2024-10-24 09:00:00,728.1,736.0,725.1,733.7,72875137.17503089,53318491976.02761
2024-10-25 09:00:00,733.7,733.8,693.0,706.9,125274990.98330905,89991674196.63252
2024-10-26 09:00:00,706.9,722.0,701.9,718.6,68580570.725255,49021255975.32287
2024-10-27 09:00:00,718.6,723.0,715.1,720.4,43320514.19932176,31177379624.768093
2024-10-28 09:00:00,720.5,726.0,715.2,723.3,89157535.6749712,64250611744.31322
2024-10-29 09:00:00,723.4,737.0,722.0,735.6,134725454.82811487,98427271737.00046
2024-10-30 09:00:00,735.7,735.8,721.1,727.1,89981435.25913036,65518090362.46885
2024-10-31 09:00:00,727.3,727.9,705.1,711.6,115620449.53171737,82948124594.30733
2024-11-01 09:00:00,711.6,729.4,700.0,718.0,164312949.1401504,118067918803.21683
2024-11-02 09:00:00,718.1,723.0,710.9,715.2,55003949.59011768,39445922000.83649
2024-11-03 09:00:00,715.1,716.1,686.1,701.8,154363338.22172987,107973887408.05594
2024-11-04 09:00:00,701.5,714.4,690.9,700.0,112361383.35136858,79202553283.1546
2024-11-05 09:00:00,700.1,724.3,698.6,713.0,130991525.63634746,93101255142.1682
2024-11-06 09:00:00,713.0,750.0,711.7,746.5,381590213.84719455,280552272756.71484
2024-11-07 09:00:00,746.4,798.7,738.2,763.2,374352214.8712425,286936746972.8563
2024-11-08 09:00:00,763.2,773.9,754.6,772.0,195998783.52335152,149736713892.3892
2024-11-09 09:00:00,772.0,777.3,760.2,774.5,159251710.7802504,122304551393.35588
2024-11-10 09:00:00,774.4,855.5,770.6,815.2,757388134.648594,618603018713.9675
2024-11-11 09:00:00,814.3,877.7,793.0,869.0,648229610.0837555,539444094090.65576
2024-11-12 09:00:00,869.0,1049.0,830.0,1002.0,2311371894.7893605,2178050520354.9688
2024-11-13 09:00:00,1002.0,1064.0,916.0,978.0,1289250059.17686,1269421738249.6284
2024-11-14 09:00:00,977.5,1197.0,968.5,1095.0,1552820511.47527,1658155006892.5073
2024-11-15 09:00:00,1095.0,1299.0,1090.0,1259.0,1745039822.376281,2098368225601.0608
2024-11-16 09:00:00,1259.0,1759.0,1237.0,1573.0,3339756665.682385,5024134805965.746
2024-11-17 09:00:00,1572.0,1640.0,1413.0,1485.0,1476845050.1205573,2234727967620.2676
2024-11-18 09:00:00,1485.0,1661.0,1484.0,1566.0,1197946726.0927026,1902573550069.4055
2024-11-19 09:00:00,1565.0,1613.0,1507.0,1548.0,588761973.2563356,913100137611.4204
2024-11-20 09:00:00,1548.0,1613.0,1484.0,1562.0,675603874.56479,1050896819128.1332
2024-11-21 09:00:00,1562.0,1764.0,1532.0,1741.0,1008822892.8127241,1633525806318.925
2024-11-22 09:00:00,1741.0,2088.0,1741.0,2038.0,2624310678.2231236,5118485981545.813
2024-11-23 09:00:00,2039.0,2256.0,1979.0,2046.0,1414361428.849856,3010613649222.7827
2024-11-24 09:00:00,2046.0,2098.0,1760.0,1991.0,1237026496.1483288,2399554035735.572
2024-11-25 09:00:00,1991.0,2119.0,1865.0,1975.0,949172377.5409399,1905321267837.5745
2024-11-26 09:00:00,1974.0,2027.0,1803.0,1956.0,784219248.388693,1505809896244.4556
2024-11-27 09:00:00,1955.0,2096.0,1895.0,2040.0,644933395.8686914,1287150563646.025
2024-11-28 09:00:00,2040.0,2152.0,2000.0,2147.0,432346615.6016894,890558808336.5962
2024-11-29 09:00:00,2148.0,2498.0,2123.0,2488.0,1278883890.2050815,2957077315693.6523
2024-11-30 09:00:00,2488.0,2707.0,2443.0,2704.0,1256599272.7783272,3251788093758.3525
2024-12-01 09:00:00,2703.0,3230.0,2580.0,3163.0,1151059335.4282398,3227346553589.692
2024-12-02 09:00:00,3162.0,3957.0,3093.0,3803.0,2491176963.8026524,8665742319306.841
2024-12-03 09:00:00,3803.0,4025.0,1623.0,3510.0,3098118228.87151,10811436485608.705
2024-12-04 09:00:00,3510.0,3752.0,3200.0,3323.0,1084662041.322989,3811424679911.359
2024-12-05 09:00:00,3325.0,3504.0,3021.0,3187.0,1165025117.5953138,3810433864709.6846
2024-12-06 09:00:00,3189.0,3415.0,3150.0,3383.0,688036228.1937745,2248064602098.6543
2024-12-07 09:00:00,3384.0,3643.0,3305.0,3632.0,620231241.3017668,2139580580050.947
2024-12-08 09:00:00,3632.0,3690.0,3492.0,3627.0,479351473.626376,1721285034994.7563
2024-12-09 09:00:00,3628.0,3643.0,2935.0,3163.0,1056248055.4255357,3519758083047.816
2024-12-10 09:00:00,3164.0,3445.0,2772.0,3393.0,1525440650.4710667,4756167535298.251
2024-12-11 09:00:00,3393.0,3500.0,3176.0,3390.0,714060790.8709452,2391602659953.9365
2024-12-12 09:00:00,3389.0,3514.0,3306.0,3339.0,475886130.65412277,1628245308211.985
2024-12-13 09:00:00,3339.0,3513.0,3279.0,3449.0,405136543.4823843,1380182040859.697
2024-12-14 09:00:00,3450.0,3598.0,3370.0,3451.0,441456922.33767694,1539839100597.8438
2024-12-15 09:00:00,3449.0,3525.0,3418.0,3493.0,250214806.56703007,868412563562.6555
2024-12-16 09:00:00,3494.0,3711.0,3402.0,3592.0,531768350.6838884,1882917337478.0327
2024-12-17 09:00:00,3593.0,3945.0,3535.0,3756.0,873772074.3697515,3293206068942.9995
2024-12-18 09:00:00,3756.0,3798.0,3350.0,3409.0,727181596.9585415,2632416535742.438
2024-12-19 09:00:00,3409.0,3628.0,3245.0,3382.0,867077256.7957273,2988019968256.733
2024-12-20 09:00:00,3382.0,3531.0,2990.0,3452.0,1177434689.2415528,3863114735114.378
2024-12-21 09:00:00,3452.0,3575.0,3312.0,3400.0,460875825.9479278,1588622223054.1807
2024-12-22 09:00:00,3399.0,3464.0,3310.0,3347.0,298811429.9890596,1011323473276.9471
2024-12-23 09:00:00,3349.0,3430.0,3241.0,3401.0,364009920.1483207,1208808192061.3333
2024-12-24 09:00:00,3400.0,3499.0,3338.0,3454.0,264936354.2450069,908068477962.1382
2024-12-25 09:00:00,3453.0,3487.0,3391.0,3423.0,257587748.31131786,883205057312.9359
2024-12-26 09:00:00,3423.0,3448.0,3215.0,3242.0,268685262.9762877,889829762321.2994
2024-12-27 09:00:00,3243.0,3353.0,3190.0,3233.0,251667613.2925237,821821700212.9222
2024-12-28 09:00:00,3232.0,3295.0,3207.0,3260.0,111049047.73589894,361180963026.425
2024-12-29 09:00:00,3260.0,3280.0,3082.0,3124.0,162085990.04411876,517972453490.2168
2024-12-30 09:00:00,3124.0,3192.0,2967.0,3057.0,331583953.3265677,1015624310317.775
2024-12-31 09:00:00,3057.0,3228.0,2973.0,3105.0,302845112.6769927,936759343964.8087
2025-01-01 09:00:00,3104.0,3505.0,3098.0,3479.0,390936574.5293223,1290792188128.9382
2025-01-02 09:00:00,3479.0,3665.0,3460.0,3561.0,385130444.85111994,1371787556695.168
2025-01-03 09:00:00,3562.0,3654.0,3540.0,3619.0,243421846.53586748,876943039397.3529
2025-01-04 09:00:00,3618.0,3688.0,3556.0,3570.0,209852861.06851292,758615958202.3622
2025-01-05 09:00:00,3570.0,3586.0,3431.0,3529.0,215105671.80628198,754332737724.3223
2025-01-06 09:00:00,3530.0,3596.0,3490.0,3553.0,167551364.1011038,594019327327.2281
2025-01-07 09:00:00,3552.0,3606.0,3375.0,3393.0,260710368.86782405,909901211215.115
2025-01-08 09:00:00,3393.0,3584.0,3350.0,3553.0,342490264.62419415,1186758521494.9175
2025-01-09 09:00:00,3552.0,3578.0,3390.0,3430.0,216055663.00733888,751035675382.9648
2025-01-10 09:00:00,3431.0,3558.0,3401.0,3526.0,172452210.13565227,599152643937.3485
2025-01-11 09:00:00,3525.0,3894.0,3509.0,3852.0,339429418.8233102,1252281278203.5647
2025-01-12 09:00:00,3852.0,3866.0,3715.0,3764.0,217869193.35242155,824417747540.2297
2025-01-13 09:00:00,3765.0,3845.0,3550.0,3794.0,433169098.3783578,1607625529499.669
2025-01-14 09:00:00,3794.0,4000.0,3759.0,3961.0,335917578.54664963,1300087321889.8796
2025-01-15 09:00:00,3960.0,4690.0,3932.0,4617.0,967744296.2404122,4124511037252.9287
2025-01-16 09:00:00,4620.0,4973.0,4292.0,4758.0,1054367355.0701892,4938368109769.205
2025-01-17 09:00:00,4756.0,4935.0,4700.0,4820.0,405691869.3120251,1957550769643.0327
2025-01-18 09:00:00,4822.0,4890.0,4578.0,4865.0,386724787.92165303,1831978564610.7302
2025-01-19 09:00:00,4865.0,4885.0,4319.0,4510.0,446184003.5765529,2090249436450.0515
2025-01-20 09:00:00,4512.0,4984.0,4433.0,4656.0,777588794.1270126,3712444115506.478
2025-01-21 09:00:00,4656.0,4797.0,4551.0,4707.0,321665579.191925,1501774799482.713
2025-01-22 09:00:00,4709.0,4850.0,4693.0,4749.0,220103414.1354887,1046808983412.5977
2025-01-23 09:00:00,4747.0,4752.0,4562.0,4652.0,211442106.38979518,985885770854.9667
2025-01-24 09:00:00,4652.0,4765.0,4570.0,4653.0,199872038.01228294,934936305143.9065
2025-01-25 09:00:00,4653.0,4708.0,4645.0,4669.0,68089739.51709607,318554365283.22845
2025-01-26 09:00:00,4668.0,4704.0,4586.0,4610.0,79042452.32763882,368788101033.69324
2025-01-27 09:00:00,4607.0,4638.0,4197.0,4634.0,490726553.0543536,2170658778556.7957
2025-01-28 09:00:00,4634.0,4843.0,4554.0,4710.0,291310227.7115142,1377853967848.982
2025-01-29 09:00:00,4710.0,4768.0,4612.0,4706.0,150051096.3704598,705976483812.9282
2025-01-30 09:00:00,4707.0,4758.0,4683.0,4721.0,113116588.08588693,534096445762.40784
2025-01-31 09:00:00,4721.0,4732.0,4605.0,4639.0,123130115.39562789,575664941448.5814
2025-02-01 09:00:00,4639.0,4687.0,4409.0,4500.0,135352322.54638684,618152607513.1969
2025-02-02 09:00:00,4500.0,4600.0,3954.0,4068.0,575220922.8362072,2439662205643.2817
2025-02-03 09:00:00,4069.0,4349.0,3133.0,4218.0,1952574867.8873613,7285249705740.782
2025-02-04 09:00:00,4218.0,4349.0,3856.0,3984.0,683566857.5320965,2777873089448.5005
2025-02-05 09:00:00,3984.0,4035.0,3701.0,3732.0,319513109.781148,1239799160902.567
2025-02-06 09:00:00,3733.0,3832.0,3563.0,3644.0,311085737.7570076,1152392959606.138
2025-02-07 09:00:00,3646.0,3918.0,3497.0,3715.0,444633031.9814134,1647299390041.2168
2025-02-08 09:00:00,3713.0,3759.0,3635.0,3729.0,142728003.3635483,528709509152.6691
2025-02-09 09:00:00,3729.0,3848.0,3573.0,3661.0,208085335.0942939,775093769121.4069
2025-02-10 09:00:00,3661.0,3745.0,3557.0,3675.0,175675430.7587021,642502740652.7002
2025-02-11 09:00:00,3675.0,3810.0,3626.0,3681.0,176394125.30685115,658064801104.8533
2025-02-12 09:00:00,3680.0,3768.0,3562.0,3737.0,200345174.46846333,732234357440.1161
2025-02-13 09:00:00,3737.0,3922.0,3658.0,3858.0,173584832.45236552,652419875985.7947
2025-02-14 09:00:00,3859.0,4239.0,3813.0,4118.0,364099222.50588524,1473801456865.86
2025-02-15 09:00:00,4118.0,4263.0,4098.0,4172.0,173140901.21749416,725927439789.724
2025-02-16 09:00:00,4174.0,4220.0,4070.0,4131.0,111485665.55770928,463078269246.8075
2025-02-17 09:00:00,4132.0,4160.0,3946.0,4008.0,152663580.64191464,617118869396.494
2025-02-18 09:00:00,4009.0,4020.0,3736.0,3853.0,205126787.74437237,795249352453.4962
2025-02-19 09:00:00,3852.0,4105.0,3764.0,4088.0,194453828.16941366,758626984981.0024
2025-02-20 09:00:00,4088.0,4104.0,3962.0,3981.0,140932844.7850717,565803243674.6154
2025-02-21 09:00:00,3981.0,4000.0,3731.0,3816.0,188636026.8017316,731784624451.8339
2025-02-22 09:00:00,3816.0,3855.0,3777.0,3796.0,75510107.89645922,287765124365.6191
2025-02-23 09:00:00,3796.0,3830.0,3702.0,3779.0,94931510.18814835,357466647597.57214
2025-02-24 09:00:00,3779.0,3820.0,3251.0,3294.0,414134153.1135956,1455034083114.116
2025-02-25 09:00:00,3294.0,3450.0,2986.0,3391.0,913037128.2450421,2930518030031.989
2025-02-26 09:00:00,3391.0,3408.0,3151.0,3205.0,305875558.64111066,1002907082138.6019
2025-02-27 09:00:00,3205.0,3305.0,3141.0,3222.0,232651909.7295862,748846030507.1982
2025-02-28 09:00:00,3223.0,3228.0,2914.0,3163.0,525863921.3520625,1606565840472.3784
2025-03-01 09:00:00,3163.0,3303.0,3121.0,3263.0,200253635.65696487,645242991887.1228
2025-03-02 09:00:00,3263.0,4465.0,3232.0,4440.0,880397091.5235032,3495818752285.634
2025-03-03 09:00:00,4439.0,4488.0,3452.0,3602.0,786924044.2057604,3115051731308.9795
2025-03-04 09:00:00,3602.0,3812.0,3338.0,3668.0,681441124.2799711,2431883180329.4756
2025-03-05 09:00:00,3668.0,3802.0,3606.0,3723.0,282965967.41507983,1050384369237.3569
2025-03-06 09:00:00,3723.0,3933.0,3677.0,3866.0,307292274.33957076,1175707355002.3352
2025-03-07 09:00:00,3865.0,3906.0,3506.0,3559.0,487202741.9843487,1794746040401.023
2025-03-08 09:00:00,3559.0,3601.0,3429.0,3472.0,188813698.41686562,661396717254.1158
2025-03-09 09:00:00,3474.0,3502.0,3130.0,3207.0,349550347.65419704,1152692457961.4033
2025-03-10 09:00:00,3207.0,3364.0,3000.0,3025.0,490522818.5062992,1559187306657.1973
2025-03-11 09:00:00,3024.0,3284.0,2853.0,3226.0,550747559.4382727,1696342374043.5205
2025-03-12 09:00:00,3226.0,3378.0,3185.0,3314.0,362269518.0313347,1185846347750.9038
2025-03-13 09:00:00,3314.0,3477.0,3284.0,3336.0,281896923.813503,948700191345.8395
2025-03-14 09:00:00,3336.0,3514.0,3312.0,3473.0,172788543.59058523,592084445650.6193
2025-03-15 09:00:00,3473.0,3649.0,3466.0,3517.0,202183538.5627991,719416713804.6445
2025-03-16 09:00:00,3518.0,3550.0,3346.0,3379.0,203743666.80317175,699942639924.4647
2025-03-17 09:00:00,3379.0,3473.0,3375.0,3421.0,117901698.51576453,404258801820.0648
2025-03-18 09:00:00,3422.0,3425.0,3278.0,3348.0,163890823.2857856,546992006290.12476
2025-03-19 09:00:00,3348.0,3808.0,3314.0,3730.0,516088732.7398629,1876313803636.519
2025-03-20 09:00:00,3729.0,3751.0,3540.0,3591.0,256944199.33943605,936001004956.4854
2025-03-21 09:00:00,3591.0,3634.0,3490.0,3528.0,151471187.67422253,537975759226.92303
2025-03-22 09:00:00,3527.0,3562.0,3498.0,3510.0,75914345.60158725,267744337188.53625
2025-03-23 09:00:00,3509.0,3598.0,3498.0,3594.0,87419081.91311824,310419769269.88464
2025-03-24 09:00:00,3594.0,3693.0,3563.0,3606.0,137682762.6121261,498483292969.56714
2025-03-25 09:00:00,3606.0,3646.0,3553.0,3607.0,97935278.95778222,352541604922.89307
2025-03-26 09:00:00,3607.0,3649.0,3448.0,3481.0,135672524.34753892,483875182207.58167
2025-03-27 09:00:00,3480.0,3529.0,3408.0,3452.0,103931534.23405986,360888612994.47516
2025-03-28 09:00:00,3454.0,3457.0,3216.0,3292.0,194955511.7298219,646856246513.5906
2025-03-29 09:00:00,3291.0,3318.0,3067.0,3185.0,219198180.43868965,693290421255.6864
2025-03-30 09:00:00,3186.0,3312.0,3160.0,3190.0,135782570.57881206,438354333304.4217
2025-03-31 09:00:00,3192.0,3200.0,3022.0,3116.0,203767015.56946582,633174662640.884
2025-04-01 09:00:00,3117.0,3269.0,3072.0,3178.0,179842765.8098933,570979429987.1425
2025-04-02 09:00:00,3180.0,3289.0,2955.0,3010.0,270714312.14676565,840212508157.9557
2025-04-03 09:00:00,3010.0,3086.0,2922.0,3056.0,200343396.52797556,602932785840.772
2025-04-04 09:00:00,3056.0,3189.0,2994.0,3130.0,202017854.84745413,622712844425.9474
2025-04-05 09:00:00,3131.0,3209.0,3117.0,3166.0,79327039.12293883,250534119637.95453
2025-04-06 09:00:00,3166.0,3185.0,2800.0,2880.0,255543834.8593653,758451437561.8468
2025-04-07 09:00:00,2881.0,2990.0,2426.0,2829.0,1097697146.6867807,2972460946081.8564
2025-04-08 09:00:00,2829.0,2942.0,2666.0,2694.0,355156837.3907639,1001716948038.5055
2025-04-09 09:00:00,2694.0,3082.0,2595.0,3016.0,501196851.5248434,1413356853892.0762
2025-04-10 09:00:00,3016.0,3024.0,2856.0,2909.0,250313345.67708436,738037229918.6488
2025-04-11 09:00:00,2908.0,2996.0,2879.0,2944.0,143608948.162084,422938148881.67584
2025-04-12 09:00:00,2944.0,3170.0,2925.0,3125.0,174793345.80733827,534971940631.28
2025-04-13 09:00:00,3125.0,3259.0,3023.0,3078.0,203177739.17559034,638039203886.5977
2025-04-14 09:00:00,3078.0,3155.0,3056.0,3085.0,135801360.72705576,421633800905.35504
2025-04-15 09:00:00,3088.0,3166.0,3046.0,3047.0,121558748.33029626,377857617630.476
2025-04-16 09:00:00,3046.0,3079.0,2966.0,3019.0,156096552.43078706,472231119112.55164
2025-04-17 09:00:00,3020.0,3054.0,2974.0,2985.0,99940239.57468706,301040710991.58826
2025-04-18 09:00:00,2987.0,3023.0,2953.0,2984.0,79416456.6044824,237361815043.7252
2025-04-19 09:00:00,2985.0,3025.0,2983.0,3009.0,50198123.07948793,150956537259.9308
2025-04-20 09:00:00,3009.0,3018.0,2951.0,2994.0,64836913.80349786,193443760552.34467
2025-04-21 09:00:00,2994.0,3062.0,2970.0,3006.0,112206333.17485417,339527513344.4258
2025-04-22 09:00:00,3006.0,3217.0,2980.0,3170.0,167844389.63299838,517898621226.2382
2025-04-23 09:00:00,3168.0,3296.0,3143.0,3180.0,193196362.2064905,620503178720.7856
2025-04-24 09:00:00,3181.0,3206.0,3055.0,3160.0,132676685.18705703,416269400116.3433
2025-04-25 09:00:00,3160.0,3196.0,3122.0,3149.0,97280757.79449007,307669432255.51624
2025-04-26 09:00:00,3149.0,3235.0,3145.0,3160.0,86232088.63751505,274219992986.42322
2025-04-27 09:00:00,3160.0,3299.0,3129.0,3243.0,148859798.31231174,478661588059.9107
2025-04-28 09:00:00,3244.0,3390.0,3203.0,3303.0,174173257.5943141,576289572163.8712
2025-04-29 09:00:00,3303.0,3335.0,3216.0,3235.0,89619294.60599881,294190254433.691
2025-04-30 09:00:00,3235.0,3249.0,3070.0,3163.0,119069135.3844321,376965179793.6674
2025-05-01 09:00:00,3163.0,3244.0,3156.0,3189.0,68338051.15808997,218685635910.85968
2025-05-02 09:00:00,3190.0,3220.0,3138.0,3158.0,64860103.28485226,205784258551.80148
2025-05-03 09:00:00,3158.0,3168.0,3123.0,3141.0,37716521.84458546,118693866649.15863
2025-05-04 09:00:00,3141.0,3180.0,3094.0,3101.0,49174254.72971161,154338082799.2523
2025-05-05 09:00:00,3101.0,3130.0,3006.0,3038.0,80629977.19819295,246927745815.9024
2025-05-06 09:00:00,3038.0,3068.0,2963.0,3057.0,96160427.39658725,289155223166.4465
2025-05-07 09:00:00,3057.0,3076.0,2991.0,3018.0,56222408.35286857,170400955244.6638
2025-05-08 09:00:00,3019.0,3262.0,3002.0,3262.0,151822564.62325573,477637931264.9317
2025-05-09 09:00:00,3262.0,3393.0,3210.0,3267.0,215510627.71166924,711257376695.7328
2025-05-10 09:00:00,3268.0,3425.0,3266.0,3417.0,147682329.60126844,494822419704.9408
2025-05-11 09:00:00,3417.0,3434.0,3267.0,3307.0,121575215.26849489,405179081683.7048
2025-05-12 09:00:00,3307.0,3707.0,3298.0,3587.0,451484644.03319377,1597841249672.5864
2025-05-13 09:00:00,3587.0,3639.0,3433.0,3618.0,217406969.68656963,771986948048.8065
2025-05-14 09:00:00,3618.0,3709.0,3560.0,3592.0,180535165.276651,656163587386.6819
2025-05-15 09:00:00,3594.0,3615.0,3314.0,3363.0,200292808.11277354,693123826517.2429
2025-05-16 09:00:00,3364.0,3435.0,3311.0,3370.0,123341041.35643551,417467412628.8377
2025-05-17 09:00:00,3370.0,3387.0,3280.0,3347.0,95374670.39747095,317578464114.7167
2025-05-18 09:00:00,3347.0,3460.0,3330.0,3428.0,88546153.68023142,300619983698.6643
2025-05-19 09:00:00,3428.0,3446.0,3255.0,3352.0,121737702.15598665,404753703207.0821
2025-05-20 09:00:00,3350.0,3385.0,3283.0,3323.0,74201134.43566018,247223256480.36313
2025-05-21 09:00:00,3322.0,3366.0,3274.0,3328.0,92888573.576287,307876246354.211
2025-05-22 09:00:00,3331.0,3408.0,3325.0,3369.0,96925916.9275256,325861713954.47205
2025-05-23 09:00:00,3369.0,3426.0,3200.0,3211.0,166208096.8614756,550791274259.2583
2025-05-24 09:00:00,3212.0,3290.0,3200.0,3257.0,45647932.56370754,148657442744.9952
2025-05-25 09:00:00,3257.0,3271.0,3185.0,3269.0,56768549.58334189,183168374078.4341
2025-05-26 09:00:00,3270.0,3279.0,3197.0,3216.0,50439316.47662089,163334043668.4861
2025-05-27 09:00:00,3217.0,3257.0,3160.0,3215.0,70913027.26343958,227523090014.2295
2025-05-28 09:00:00,3215.0,3224.0,3117.0,3170.0,60311447.86257946,191626176758.09213
2025-05-29 09:00:00,3170.0,3215.0,3127.0,3136.0,61855636.46751806,196708027593.7441
2025-05-30 09:00:00,3136.0,3146.0,3015.0,3029.0,129411584.1879042,397178011339.1954
2025-05-31 09:00:00,3029.0,3123.0,2953.0,3072.0,117692337.85925272,356052004395.03674
2025-06-01 09:00:00,3072.0,3091.0,3011.0,3073.0,46662489.86798693,142373881459.34286
2025-06-02 09:00:00,3073.0,3087.0,3010.0,3073.0,52976344.58164807,161143774255.56238
2025-06-03 09:00:00,3072.0,3178.0,3061.0,3133.0,65758829.6192518,204749752348.12128
2025-06-04 09:00:00,3133.0,3159.0,3053.0,3056.0,52156762.63944656,162328298403.35083
2025-06-05 09:00:00,3057.0,3079.0,2885.0,2924.0,106077077.77395298,316734317868.26
2025-06-06 09:00:00,2925.0,3039.0,2903.0,3005.0,57236400.8299796,170260129148.08652
2025-06-07 09:00:00,3005.0,3037.0,2989.0,3018.0,25262876.75385557,76317427381.64328
2025-06-08 09:00:00,3018.0,3163.0,3006.0,3121.0,80369879.44138956,249143772112.97433
2025-06-09 09:00:00,3121.0,3176.0,3063.0,3164.0,73427495.69095223,229051206415.18866
2025-06-10 09:00:00,3165.0,3176.0,3112.0,3154.0,71302726.33909702,224403293913.94086
2025-06-11 09:00:00,3153.0,3208.0,3113.0,3130.0,78594292.62393661,249081584080.04724
2025-06-12 09:00:00,3130.0,3132.0,3002.0,3020.0,70794302.7475611,217412455621.39688
2025-06-13 09:00:00,3022.0,3022.0,2903.0,2984.0,129252317.16792545,382208523995.8887
2025-06-14 09:00:00,2985.0,3019.0,2940.0,2973.0,49124815.51558072,146800888082.65555
2025-06-15 09:00:00,2974.0,3012.0,2973.0,2994.0,33687431.04468624,100817028642.57822
2025-06-16 09:00:00,2996.0,3200.0,2974.0,3073.0,127776574.55612095,395937796193.5456
2025-06-17 09:00:00,3077.0,3105.0,2985.0,3001.0,99224718.40311877,302354157935.522
2025-06-18 09:00:00,3001.0,3024.0,2945.0,3005.0,77872410.43752995,232457798720.02917
2025-06-19 09:00:00,3005.0,3025.0,2981.0,2998.0,37684357.62823073,113087104903.97046
2025-06-20 09:00:00,2998.0,3007.0,2916.0,2953.0,67183936.57793874,199543343391.83014
2025-06-21 09:00:00,2954.0,2981.0,2821.0,2884.0,79700892.97288305,231303992552.71146
2025-06-22 09:00:00,2883.0,2925.0,2670.0,2816.0,217378709.08525777,604306774914.2336
2025-06-23 09:00:00,2816.0,3010.0,2750.0,2991.0,150435252.49302015,430873306344.12195
2025-06-24 09:00:00,2991.0,3055.0,2951.0,3005.0,98806045.32113485,296683470056.6025
2025-06-25 09:00:00,3005.0,3062.0,2987.0,3000.0,65536621.35967085,197469546829.68643
2025-06-26 09:00:00,3000.0,3028.0,2877.0,2889.0,98725860.48124072,290726087922.73517
2025-06-27 09:00:00,2890.0,2958.0,2848.0,2942.0,83114512.3842346,239772502746.30408
2025-06-28 09:00:00,2942.0,3023.0,2930.0,2995.0,64798805.61861533,194041903380.88556
2025-06-29 09:00:00,2995.0,3030.0,2985.0,3012.0,35271655.43765593,105948003080.51692
2025-06-30 09:00:00,3012.0,3080.0,2963.0,3035.0,67964430.03232409,204427957000.72137
2025-07-01 09:00:00,3035.0,3058.0,2957.0,2984.0,64434281.65974468,194053858882.1925
2025-07-02 09:00:00,2984.0,3102.0,2961.0,3024.0,83499982.40571027,252348630320.155
2025-07-03 09:00:00,3024.0,3136.0,3015.0,3063.0,95870213.42968827,295828918595.9314
2025-07-04 09:00:00,3063.0,3088.0,3011.0,3035.0,51356872.67408708,156326514990.44788
2025-07-05 09:00:00,3035.0,3053.0,3020.0,3034.0,18540141.58778702,56321949332.92637
2025-07-06 09:00:00,3034.0,3120.0,3025.0,3089.0,60641409.47567678,186979178018.9263
2025-07-07 09:00:00,3089.0,3198.0,3075.0,3111.0,96778816.38427834,303375120649.85187
2025-07-08 09:00:00,3110.0,3156.0,3080.0,3143.0,51162736.70653979,159429008659.36044
2025-07-09 09:00:00,3142.0,3287.0,3133.0,3259.0,120281818.91768362,388089058883.0776
2025-07-10 09:00:00,3259.0,3450.0,3245.0,3432.0,153371933.36517656,512523104440.42975
2025-07-11 09:00:00,3432.0,3989.0,3383.0,3674.0,513992304.0433329,1889420207402.2375
2025-07-12 09:00:00,3674.0,3850.0,3603.0,3720.0,245562540.65603888,919665868330.5264
2025-07-13 09:00:00,3722.0,3899.0,3704.0,3846.0,174057701.4199993,663444902596.8171
2025-07-14 09:00:00,3846.0,4099.0,3828.0,4043.0,364109826.53716195,1457756014620.4568
2025-07-15 09:00:00,4040.0,4045.0,3827.0,3982.0,287400268.881124,1132249405655.8777
2025-07-16 09:00:00,3983.0,4200.0,3938.0,4125.0,217564921.97983855,886048114633.8188
2025-07-17 09:00:00,4125.0,4805.0,4092.0,4741.0,551062939.038636,2453724645632.444
2025-07-18 09:00:00,4741.0,4972.0,4561.0,4662.0,567412036.4621167,2707413586115.1675
2025-07-19 09:00:00,4661.0,4769.0,4605.0,4690.0,168848490.07846758,793050180098.6504
2025-07-20 09:00:00,4691.0,4828.0,4655.0,4716.0,207723648.15877932,986404430999.3694
2025-07-21 09:00:00,4716.0,4935.0,4658.0,4842.0,215721623.16699564,1041490755632.3586
2025-07-22 09:00:00,4842.0,4878.0,4665.0,4808.0,204275959.61402813,974732100268.4613
2025-07-23 09:00:00,4807.0,4810.0,4150.0,4344.0,450344936.2471418,2008276815238.929
2025-07-24 09:00:00,4344.0,4442.0,4010.0,4277.0,463337508.40641624,1971826373550.7832
2025-07-25 09:00:00,4277.0,4320.0,4127.0,4280.0,208190516.55280402,881166826994.6758
2025-07-26 09:00:00,4280.0,4390.0,4241.0,4325.0,98473194.80833396,425999253051.4996
2025-07-27 09:00:00,4325.0,4417.0,4314.0,4409.0,106876164.04055487,467031057792.3471
2025-07-28 09:00:00,4409.0,4514.0,4287.0,4299.0,185364779.4180792,817184276239.1605
2025-07-29 09:00:00,4298.0,4377.0,4239.0,4330.0,112480633.85377769,485219490968.8702
2025-07-30 09:00:00,4330.0,4349.0,4205.0,4284.0,120487084.8483197,516632194780.58887
2025-07-31 09:00:00,4284.0,4377.0,4210.0,4212.0,105519616.7139927,453886984342.6859
2025-08-01 09:00:00,4212.0,4235.0,4057.0,4126.0,236234522.43601504,978904968846.4917
2025-08-02 09:00:00,4125.0,4210.0,3836.0,3875.0,207180274.63059253,830881967441.5565
2025-08-03 09:00:00,3876.0,4153.0,3811.0,4140.0,162112490.75498408,645680360520.3896
2025-08-04 09:00:00,4140.0,4297.0,4106.0,4275.0,163467378.6590341,689247215184.6344
2025-08-05 09:00:00,4276.0,4334.0,4101.0,4155.0,141593354.22555974,598060847001.8922
2025-08-06 09:00:00,4154.0,4200.0,4059.0,4164.0,93590636.39442588,386227731421.28827
2025-08-07 09:00:00,4163.0,4595.0,4140.0,4568.0,212595646.2129574,929493607732.7207
2025-08-08 09:00:00,4568.0,4664.0,4423.0,4503.0,270420459.8801941,1232868309211.3767
2025-08-09 09:00:00,4503.0,4590.0,4420.0,4442.0,143393605.45643735,647327392420.251
2025-08-10 09:00:00,4440.0,4500.0,4321.0,4382.0,136551096.82480082,601324162794.1995
2025-08-11 09:00:00,4382.0,4555.0,4315.0,4334.0,196165496.35904637,869850418133.5756
2025-08-12 09:00:00,4333.0,4510.0,4282.0,4465.0,159436559.52288535,699672912074.3595
2025-08-13 09:00:00,4466.0,4538.0,4400.0,4467.0,167679675.59860054,748228699794.8414
2025-08-14 09:00:00,4467.0,4560.0,4188.0,4289.0,307154844.13426745,1343770835480.5835
2025-08-15 09:00:00,4289.0,4352.0,4201.0,4302.0,102234626.94826354,438900068683.819
2025-08-16 09:00:00,4302.0,4375.0,4295.0,4315.0,64920085.38190225,280748614614.5199
2025-08-17 09:00:00,4315.0,4352.0,4282.0,4296.0,61494000.50634062,265628266240.8202
2025-08-18 09:00:00,4296.0,4303.0,4104.0,4252.0,153119139.45922285,642179357726.2423
2025-08-19 09:00:00,4251.0,4279.0,3970.0,3990.0,144935804.68492937,596365975433.8651
2025-08-20 09:00:00,3990.0,4152.0,3954.0,4109.0,132249511.38675724,535186273061.9583
2025-08-21 09:00:00,4110.0,4120.0,3990.0,4000.0,74545008.48888372,302453723808.29877
2025-08-22 09:00:00,4000.0,4286.0,3901.0,4236.0,265089702.60603833,1090739768724.4906
2025-08-23 09:00:00,4235.0,4243.0,4101.0,4215.0,97426180.94343805,407730797128.3582
2025-08-24 09:00:00,4215.0,4307.0,4162.0,4201.0,107668114.83685055,454720411009.0687
2025-08-25 09:00:00,4201.0,4234.0,4017.0,4046.0,114551819.75014532,472890466047.50525
2025-08-26 09:00:00,4046.0,4300.0,4032.0,4216.0,100180439.06718512,415425234172.4536
2025-08-27 09:00:00,4216.0,4241.0,4150.0,4158.0,75792996.57048628,318160438977.4112
2025-08-28 09:00:00,4156.0,4204.0,4120.0,4134.0,71025983.31888038,296062615011.3601
2025-08-29 09:00:00,4134.0,4150.0,3900.0,3961.0,227937156.11099157,913934462976.0049
2025-08-30 09:00:00,3961.0,3966.0,3855.0,3928.0,120032100.40600185,469264032749.8088
2025-08-31 09:00:00,3928.0,4000.0,3862.0,3868.0,84756379.38926694,333162423529.0446
2025-09-01 09:00:00,3868.0,3945.0,3750.0,3849.0,173587897.04253417,666042538786.7626
2025-09-02 09:00:00,3849.0,3988.0,3831.0,3983.0,111127380.32026216,434609744187.51776
2025-09-03 09:00:00,3983.0,3998.0,3919.0,3944.0,71372817.82092407,282721722632.8643
2025-09-04 09:00:00,3944.0,3987.0,3917.0,3927.0,78099050.68589818,308633412273.1461
2025-09-05 09:00:00,3927.0,4012.0,3901.0,3944.0,87973040.8665316,348557516689.721
2025-09-06 09:00:00,3944.0,3957.0,3925.0,3935.0,28618990.35037903,112748779510.93283
2025-09-07 09:00:00,3936.0,4092.0,3935.0,4013.0,73301721.30159654,294298372799.054
2025-09-08 09:00:00,4013.0,4167.0,4002.0,4138.0,105480218.78587614,432311505145.89594
2025-09-09 09:00:00,4138.0,4209.0,4087.0,4109.0,98221614.56481,407227749995.4808
2025-09-10 09:00:00,4109.0,4194.0,4092.0,4150.0,62837248.76762609,260642356771.42267
2025-09-11 09:00:00,4150.0,4234.0,4126.0,4223.0,94380703.15179852,394857500532.3375
2025-09-12 09:00:00,4224.0,4343.0,4210.0,4312.0,108538256.33408897,462505119733.22125
2025-09-13 09:00:00,4311.0,4412.0,4282.0,4324.0,120243437.25397708,522164316929.74304
2025-09-14 09:00:00,4324.0,4329.0,4176.0,4209.0,90098430.1728223,383361806868.44196
2025-09-15 09:00:00,4209.0,4255.0,4112.0,4182.0,97827654.54255024,409692066514.6458
2025-09-16 09:00:00,4182.0,4249.0,4130.0,4224.0,60598787.77807896,254388698949.1177
2025-09-17 09:00:00,4224.0,4311.0,4162.0,4270.0,87809145.10651866,370998972129.11774
2025-09-18 09:00:00,4271.0,4353.0,4247.0,4270.0,112386065.05329154,483500379453.0136
2025-09-19 09:00:00,4269.0,4295.0,4184.0,4197.0,82315872.23193425,348182417568.81854
2025-09-20 09:00:00,4197.0,4217.0,4151.0,4176.0,51121889.53133137,213976193809.4705
2025-09-21 09:00:00,4175.0,4214.0,4145.0,4162.0,61889936.46808721,258589017692.6413
2025-09-22 09:00:00,4162.0,4169.0,3953.0,4073.0,210182839.60646245,847983139234.4998
2025-09-23 09:00:00,4072.0,4111.0,3983.0,4025.0,84179395.742859,341514282794.3017
2025-09-24 09:00:00,4024.0,4230.0,3992.0,4149.0,96722253.95936763,397354461132.5116
2025-09-25 09:00:00,4150.0,4181.0,3978.0,3987.0,141340496.9914189,572803253436.3246
2025-09-26 09:00:00,3986.0,4030.0,3924.0,4015.0,104237800.52211206,415398507627.8254
2025-09-27 09:00:00,4016.0,4070.0,3980.0,4034.0,42445199.89785138,170282519296.8552
2025-09-28 09:00:00,4034.0,4106.0,3995.0,4104.0,50939841.49990787,205679111730.7532
2025-09-29 09:00:00,4103.0,4183.0,4066.0,4107.0,83361431.7755915,342888887461.7866
2025-09-30 09:00:00,4107.0,4135.0,4043.0,4066.0,61290947.23217277,250612703040.69418
2025-10-01 09:00:00,4065.0,4197.0,4030.0,4188.0,101734318.1393613,420911288263.69965
2025-10-02 09:00:00,4186.0,4379.0,4171.0,4307.0,133765872.54757369,569006858215.1012
2025-10-03 09:00:00,4307.0,4368.0,4243.0,4311.0,97730948.4885868,420340890109.665
2025-10-04 09:00:00,4311.0,4325.0,4210.0,4244.0,67051496.25238349,286113828456.0173
2025-10-05 09:00:00,4244.0,4357.0,4221.0,4257.0,95459135.3336229,409718240553.6691
2025-10-06 09:00:00,4257.0,4324.0,4250.0,4262.0,72331626.99858901,309613351137.4055
2025-10-07 09:00:00,4262.0,4283.0,4130.0,4133.0,105532333.09477733,444073567295.518
2025-10-08 09:00:00,4132.0,4208.0,4131.0,4157.0,45234549.91915958,188470444243.35703
2025-10-09 09:00:00,4158.0,4158.0,4067.0,4096.0,72436218.08508249,297723273174.2581
2025-10-10 09:00:00,4096.0,4120.0,3013.0,3688.0,377560801.38679385,1419418322850.7263
2025-10-11 09:00:00,3694.0,3817.0,3480.0,3674.0,308398219.2246205,1135562727286.8357
2025-10-12 09:00:00,3673.0,3876.0,3550.0,3821.0,230826083.23915765,857217096256.5941
2025-10-13 09:00:00,3821.0,3963.0,3805.0,3884.0,143497739.79159886,557208374466.2948
2025-10-14 09:00:00,3885.0,3911.0,3667.0,3767.0,163229018.10757267,613376074800.891
2025-10-15 09:00:00,3767.0,3810.0,3650.0,3672.0,88962803.35612787,332506068072.93274
2025-10-16 09:00:00,3671.0,3725.0,3517.0,3562.0,130492600.60477543,473502890381.43475
2025-10-17 09:00:00,3561.0,3660.0,3372.0,3528.0,227890273.26271725,793846598697.8889
2025-10-18 09:00:00,3527.0,3654.0,3521.0,3601.0,65907914.01102586,236957299320.94028
2025-10-19 09:00:00,3602.0,3659.0,3520.0,3626.0,70200732.04169251,252687792945.4234
2025-10-20 09:00:00,3626.0,3816.0,3583.0,3740.0,94618322.96030262,349438748767.9983
2025-10-21 09:00:00,3740.0,3766.0,3620.0,3648.0,100120238.78721136,368745784292.81494
2025-10-22 09:00:00,3648.0,3674.0,3550.0,3583.0,73570890.76534137,265916357675.06674
2025-10-23 09:00:00,3584.0,3638.0,3576.0,3600.0,46317514.97589472,166985228127.92084
2025-10-24 09:00:00,3602.0,3754.0,3592.0,3742.0,88833474.09377578,327753036718.2731
2025-10-25 09:00:00,3744.0,3899.0,3735.0,3870.0,81993517.16592643,313273813573.2254
2025-10-26 09:00:00,3870.0,3955.0,3859.0,3916.0,87404535.49936636,341640694554.8275
2025-10-27 09:00:00,3916.0,3970.0,3845.0,3897.0,99216174.70482208,387412041797.49634
2025-10-28 09:00:00,3896.0,3964.0,3845.0,3879.0,80322565.04897317,313680433392.5207
2025-10-29 09:00:00,3879.0,3942.0,3790.0,3814.0,82985817.59663078,322692127199.6777
2025-10-30 09:00:00,3813.0,3862.0,3623.0,3702.0,127440358.7152613,478896879303.7542
2025-10-31 09:00:00,3702.0,3811.0,3690.0,3759.0,58134128.56818649,217646068027.619
2025-11-01 09:00:00,3761.0,3762.0,3695.0,3732.0,32789309.30844253,122324883657.30821
2025-11-02 09:00:00,3732.0,3793.0,3700.0,3747.0,37649158.65167606,140928543491.1411
2025-11-03 09:00:00,3747.0,3753.0,3384.0,3442.0,188226553.26896134,667904918387.646
2025-11-04 09:00:00,3442.0,3540.0,3100.0,3323.0,316195152.20967156,1052543574530.8597
2025-11-05 09:00:00,3324.0,3549.0,3116.0,3512.0,226663013.54580405,753273141899.9824
2025-11-06 09:00:00,3512.0,3600.0,3266.0,3309.0,137710168.67051798,471047564429.9916
2025-11-07 09:00:00,3309.0,3530.0,3230.0,3445.0,156787436.3056346,527085871318.6974
2025-11-08 09:00:00,3445.0,3484.0,3350.0,3410.0,75866134.91948839,260212898810.02344
2025-11-09 09:00:00,3410.0,3543.0,3341.0,3510.0,82973694.41133699,284552478130.30194
2025-11-10 09:00:00,3508.0,3814.0,3484.0,3738.0,202279817.0225262,747474796831.0872
2025-11-11 09:00:00,3738.0,3804.0,3558.0,3584.0,119312826.22175631,438645006823.15216
2025-11-12 09:00:00,3585.0,3654.0,3490.0,3602.0,97076687.47012931,347705804137.27954
2025-11-13 09:00:00,3602.0,3769.0,3479.0,3527.0,195826078.9712908,714045788586.454
2025-11-14 09:00:00,3527.0,3543.0,3368.0,3411.0,192868759.38890266,667604476242.4098
2025-11-15 09:00:00,3410.0,3486.0,3354.0,3378.0,75834400.6989671,259240036425.40857
2025-11-16 09:00:00,3377.0,3421.0,3240.0,3302.0,129244191.05799179,430284051057.416
2025-11-17 09:00:00,3302.0,3431.0,3190.0,3235.0,148934533.5257782,492493326895.96106
2025-11-18 09:00:00,3234.0,3317.0,3138.0,3284.0,181999752.18009758,585454090343.9059
2025-11-19 09:00:00,3285.0,3289.0,3026.0,3146.0,178174426.86823925,560382382627.8795
2025-11-20 09:00:00,3145.0,3197.0,2980.0,2998.0,171763504.8513028,529958634907.89154
2025-11-21 09:00:00,2997.0,3030.0,2739.0,2934.0,387509852.1440614,1122346026088.3647
2025-11-22 09:00:00,2934.0,2962.0,2845.0,2930.0,105380318.36653319,306118888191.62195
2025-11-23 09:00:00,2930.0,3160.0,2927.0,3115.0,171831685.19461173,529222970169.55554
2025-11-24 09:00:00,3114.0,3425.0,3062.0,3341.0,207403148.84763864,665731411244.0215
2025-11-25 09:00:00,3341.0,3406.0,3225.0,3293.0,139567465.19612107,463687753501.8865
2025-11-26 09:00:00,3292.0,3355.0,3220.0,3321.0,85370251.97366676,280068466307.8145
2025-11-27 09:00:00,3321.0,3345.0,3255.0,3292.0,71303277.518911,235399448292.87195
2025-11-28 09:00:00,3293.0,3400.0,3250.0,3267.0,105198634.36116698,347777883940.5361
2025-11-29 09:00:00,3268.0,3324.0,3253.0,3292.0,46188417.99408008,152009153974.49078
2025-11-30 09:00:00,3292.0,3310.0,3233.0,3238.0,48254931.6118399,158458093660.73517
2025-12-01 09:00:00,3238.0,3248.0,2976.0,3037.0,228192055.34553218,699780270853.4327
2025-12-02 09:00:00,3037.0,3247.0,2982.0,3198.0,145971488.70803973,454097538921.3976
2025-12-03 09:00:00,3199.0,3300.0,3181.0,3263.0,112919756.4787262,366568673638.50073
2025-12-04 09:00:00,3264.0,3291.0,3094.0,3130.0,100597563.23241249,321644485853.69244
2025-12-05 09:00:00,3129.0,3160.0,3013.0,3048.0,91256666.69621561,281612140234.3809
2025-12-06 09:00:00,3048.0,3074.0,3020.0,3042.0,38023613.67111596,115685398928.24908
2025-12-07 09:00:00,3043.0,3149.0,2992.0,3059.0,86824310.67413718,265417175842.67477
2025-12-08 09:00:00,3060.0,3157.0,3035.0,3088.0,66230392.48925298,205517940347.60767
2025-12-09 09:00:00,3089.0,3220.0,3044.0,3119.0,97490211.47400425,304001578332.0315
2025-12-10 09:00:00,3120.0,3124.0,3031.0,3037.0,90805355.02950507,279698601802.7512
2025-12-11 09:00:00,3037.0,3054.0,2963.0,3023.0,98447782.479867,295283511881.30225
2025-12-12 09:00:00,3021.0,3046.0,2955.0,3001.0,58893363.49676198,176951241982.9088
2025-12-13 09:00:00,3001.0,3053.0,2997.0,3020.0,34216628.80887448,103508894842.77414
2025-12-14 09:00:00,3020.0,3030.0,2947.0,2960.0,53273236.500517,159086565383.60876
2025-12-15 09:00:00,2959.0,3004.0,2800.0,2840.0,140435119.9690499,406721100059.90326
2025-12-16 09:00:00,2839.0,2899.0,2760.0,2868.0,124593489.44866036,351705228246.8504
2025-12-17 09:00:00,2868.0,2950.0,2765.0,2781.0,105093083.93435188,299182740035.56384
2025-12-18 09:00:00,2781.0,2870.0,2690.0,2694.0,151329942.49900237,418976056529.6927
2025-12-19 09:00:00,2694.0,2854.0,2632.0,2843.0,161289544.05601722,442333811182.91754
2025-12-20 09:00:00,2843.0,2921.0,2823.0,2877.0,71291579.47023939,204666777739.5345
2025-12-21 09:00:00,2877.0,2901.0,2820.0,2860.0,52631212.60079967,150565218491.98074
2025-12-22 09:00:00,2860.0,2895.0,2825.0,2842.0,64705652.61158332,185324831592.59985
2025-12-23 09:00:00,2841.0,2849.0,2785.0,2795.0,61293895.53753076,172445740223.99847
2025-12-24 09:00:00,2796.0,2799.0,2712.0,2747.0,66812091.45007129,183879081156.9399
2025-12-25 09:00:00,2747.0,2776.0,2691.0,2699.0,50759901.98378101,138935231412.28128
2025-12-26 09:00:00,2699.0,2750.0,2686.0,2704.0,67997920.33099794,184748815975.4267
2025-12-27 09:00:00,2705.0,2742.0,2698.0,2733.0,23728651.33865885,64306247749.79417
2025-12-28 09:00:00,2734.0,2742.0,2705.0,2716.0,27261118.24504798,74295078723.23018
2025-12-29 09:00:00,2715.0,2772.0,2691.0,2696.0,62620552.23654775,170791441572.7948
2025-12-30 09:00:00,2697.0,2734.0,2680.0,2724.0,45015551.1893607,121862528701.73875
2025-12-31 09:00:00,2724.0,2733.0,2685.0,2692.0,38356055.00756674,103994167975.47333
2026-01-01 09:00:00,2692.0,2728.0,2671.0,2724.0,36126064.8303117,97473016594.00531
2026-01-02 09:00:00,2725.0,2931.0,2713.0,2900.0,95851831.45902698,269272016380.85474
2026-01-03 09:00:00,2901.0,2982.0,2872.0,2920.0,89481653.52672713,261514645358.0595
2026-01-04 09:00:00,2920.0,3070.0,2919.0,3023.0,104665428.8327987,314603643850.1609
2026-01-05 09:00:00,3023.0,3427.0,3019.0,3403.0,184399960.07173556,591693441111.1677
2026-01-06 09:00:00,3403.0,3495.0,3221.0,3351.0,234709541.8057311,795042714178.5101
2026-01-07 09:00:00,3351.0,3370.0,3140.0,3150.0,132050868.40865488,429583927809.16394
2026-01-08 09:00:00,3151.0,3205.0,3025.0,3105.0,165979696.61098343,515836261159.82434
2026-01-09 09:00:00,3106.0,3171.0,3045.0,3085.0,97879689.86501376,303550042160.27045
2026-01-10 09:00:00,3087.0,3109.0,3065.0,3080.0,29963753.68260801,92482938009.55656
2026-01-11 09:00:00,3083.0,3100.0,3020.0,3049.0,44574309.78053068,136595025777.97629
2026-01-12 09:00:00,3049.0,3098.0,2998.0,3032.0,101895569.72764176,309997659766.306
2026-01-13 09:00:00,3033.0,3198.0,3025.0,3172.0,102007356.77661648,315896887798.5837
2026-01-14 09:00:00,3172.0,3214.0,3098.0,3133.0,116356156.5734999,367127549094.3426
2026-01-15 09:00:00,3134.0,3141.0,3031.0,3062.0,83616064.02915548,258049377331.54068
2026-01-16 09:00:00,3062.0,3075.0,3007.0,3054.0,49791547.16926877,151601782533.16403
2026-01-17 09:00:00,3053.0,3075.0,3035.0,3044.0,32200331.02673098,98248939292.49861
2026-01-18 09:00:00,3044.0,3052.0,2950.0,2956.0,55689336.37351976,167994369031.89224
2026-01-19 09:00:00,2956.0,2999.0,2800.0,2939.0,111004450.4849318,322780112310.91223
2026-01-20 09:00:00,2939.0,2948.0,2800.0,2816.0,108984762.22457469,312036370520.48895
2026-01-21 09:00:00,2817.0,2947.0,2789.0,2880.0,139949572.627416,399079042456.098
2026-01-22 09:00:00,2882.0,2915.0,2830.0,2853.0,61689202.20091402,177586003439.1609
2026-01-23 09:00:00,2853.0,2903.0,2811.0,2828.0,61511223.12181957,174944336614.91846
2026-01-24 09:00:00,2828.0,2841.0,2822.0,2824.0,27511988.95569742,77867557965.141
2026-01-25 09:00:00,2824.0,2829.0,2700.0,2720.0,97687204.22276491,269975019398.70447
2026-01-26 09:00:00,2720.0,2840.0,2716.0,2788.0,83809625.18425988,232525607312.48834
2026-01-27 09:00:00,2788.0,2809.0,2741.0,2786.0,61242499.58465519,170106149325.71918
2026-01-28 09:00:00,2786.0,2812.0,2743.0,2762.0,61292557.63380123,170104852100.83466
2026-01-29 09:00:00,2762.0,2765.0,2613.0,2651.0,129197411.73879184,346346003413.72076
2026-01-30 09:00:00,2652.0,2658.0,2530.0,2584.0,173914197.05920017,448808874545.57605
2026-01-31 09:00:00,2582.0,2596.0,2271.0,2460.0,297825617.55786806,725686181448.217
2026-02-01 09:00:00,2461.0,2501.0,2295.0,2344.0,187059487.08001256,450742015422.5716
2026-02-02 09:00:00,2344.0,2454.0,2271.0,2405.0,215694243.46485975,509954008259.3894
2026-02-03 09:00:00,2404.0,2417.0,2277.0,2332.0,141168294.32499138,332608521753.0248
2026-02-04 09:00:00,2332.0,2377.0,2215.0,2232.0,161687709.61751306,370558058679.13617
2026-02-05 09:00:00,2232.0,2240.0,1683.0,1792.0,1037464163.9487653,2001245144793.627
2026-02-06 09:00:00,1794.0,2296.0,1658.0,2186.0,920002000.307309,1828231486292.8696
2026-02-07 09:00:00,2187.0,2212.0,2046.0,2106.0,359549797.7767295,764038801325.0353
2026-02-08 09:00:00,2106.0,2185.0,2091.0,2126.0,176508269.73163292,377182834523.49585
2026-02-09 09:00:00,2125.0,2162.0,2032.0,2117.0,191655005.7252655,403712775718.051
2026-02-10 09:00:00,2119.0,2145.0,2070.0,2076.0,105262801.43120186,221826969159.62494
2026-02-11 09:00:00,2077.0,2105.0,1990.0,2026.0,195798325.03107166,398404904620.2619
2026-02-12 09:00:00,2025.0,2065.0,1983.0,2001.0,128117121.8132696,259252345438.61423
2026-02-13 09:00:00,2001.0,2090.0,1980.0,2057.0,147418662.67793417,298865377948.408
2026-02-14 09:00:00,2058.0,2228.0,2054.0,2224.0,182726628.53263843,391732206338.36365
2026-02-15 09:00:00,2223.0,2475.0,2140.0,2190.0,511190207.296035,1174937683474.2366
2026-02-16 09:00:00,2191.0,2249.0,2150.0,2202.0,196757358.4633408,432881598528.21313
2026-02-17 09:00:00,2202.0,2213.0,2120.0,2179.0,120737091.49189702,262450379585.48032
2026-02-18 09:00:00,2180.0,2205.0,2093.0,2111.0,113833782.53211378,245814463606.4572
2026-02-19 09:00:00,2111.0,2123.0,2041.0,2075.0,124522774.84825149,259423377962.65378
2026-02-20 09:00:00,2075.0,2117.0,2036.0,2101.0,128291577.94524352,267563118189.83426
2026-02-21 09:00:00,2101.0,2153.0,2090.0,2103.0,72320201.98543037,153160670372.80396
2026-02-22 09:00:00,2103.0,2111.0,2032.0,2051.0,77415013.17447276,160253788841.18228
2026-02-23 09:00:00,2051.0,2093.0,1960.0,1994.0,203886782.50783736,410090155936.24603
2026-02-24 09:00:00,1994.0,2009.0,1925.0,1974.0,165455987.5745902,325482665264.48035
2026-02-25 09:00:00,1973.0,2143.0,1961.0,2063.0,244102089.9031675,499860862753.1843
2026-02-26 09:00:00,2064.0,2119.0,2003.0,2026.0,148401184.006941,305924414848.6347
2026-02-27 09:00:00,2026.0,2064.0,1956.0,1982.0,136963236.8078329,275051683748.46295
2026-02-28 09:00:00,1981.0,2030.0,1860.0,2005.0,287544147.08942217,555596256814.7324
2026-03-01 09:00:00,2005.0,2079.0,1954.0,1975.0,198834384.0989105,401348038106.6843
2026-03-02 09:00:00,1975.0,2074.0,1961.0,2030.0,211049124.91755122,425752432162.925
2026-03-03 09:00:00,2031.0,2045.0,1973.0,1998.0,149574483.98557132,299667523764.4169
2026-03-04 09:00:00,1998.0,2135.0,1972.0,2075.0,245238472.91679147,503850625705.9076
2026-03-05 09:00:00,2075.0,2123.0,2052.0,2057.0,131364160.27245587,273553267028.75125
2026-03-06 09:00:00,2057.0,2074.0,1992.0,2017.0,101117151.50541444,205622037993.5874
2026-03-07 09:00:00,2015.0,2029.0,1995.0,2006.0,42137589.72685044,84802299315.78505
2026-03-08 09:00:00,2006.0,2027.0,1971.0,1985.0,83078884.17646055,165925535529.69333
2026-03-09 09:00:00,1986.0,2025.0,1976.0,2001.0,113429074.89715724,226980333879.4637
2026-03-10 09:00:00,2001.0,2099.0,1998.0,2030.0,160052274.98325968,327539102003.7368
2026-03-11 09:00:00,2030.0,2063.0,2011.0,2025.0,89158901.18296254,181036227358.2893
2026-03-12 09:00:00,2026.0,2037.0,2010.0,2025.0,70087560.70881215,141685309189.00632
2026-03-13 09:00:00,2027.0,2124.0,2024.0,2059.0,178740675.54465768,371528096715.34375
2026-03-14 09:00:00,2059.0,2078.0,2047.0,2076.0,46094425.72364572,94951084251.33594
2026-03-15 09:00:00,2076.0,2145.0,2069.0,2126.0,92156952.7844412,193362306065.9338
2026-03-16 09:00:00,2127.0,2280.0,2110.0,2269.0,198592212.99502876,434458356718.39087
2026-03-17 09:00:00,2269.0,2374.0,2209.0,2238.0,256361280.89107728,582607682810.1053
2026-03-18 09:00:00,2238.0,2272.0,2135.0,2177.0,149822850.5315905,329142156749.961
2026-03-19 09:00:00,2177.0,2200.0,2121.0,2152.0,102415940.82949074,221331408828.27426
2026-03-20 09:00:00,2152.0,2183.0,2137.0,2160.0,69130110.25287879,149325614436.82443
2026-03-21 09:00:00,2159.0,2171.0,2110.0,2122.0,41301050.45172419,88948533136.49248
2026-03-22 09:00:00,2122.0,2140.0,2067.0,2081.0,86811513.49825546,182378980463.32166
2026-03-23 09:00:00,2081.0,2173.0,2050.0,2126.0,170382320.96777844,360240872191.08026
2026-03-24 09:00:00,2127.0,2130.0,2075.0,2108.0,82422251.95682962,173539618662.39786
2026-03-25 09:00:00,2109.0,2142.0,2094.0,2113.0,71718991.27548835,151743854076.1123
2026-03-26 09:00:00,2114.0,2116.0,2024.0,2054.0,80804875.34400193,167306221103.55093
2026-03-27 09:00:00,2055.0,2069.0,2010.0,2018.0,70732830.43490541,143822689160.43567
2026-03-28 09:00:00,2017.0,2057.0,2004.0,2025.0,42133503.27991843,85531711847.79494
2026-03-29 09:00:00,2024.0,2035.0,1984.0,2019.0,51008065.07559742,102658666535.7097
2026-03-30 09:00:00,2019.0,2066.0,2004.0,2014.0,71625812.87954389,145900696730.67972
2026-03-31 09:00:00,2014.0,2044.0,1994.0,2030.0,81675372.93631873,164752687931.4751
2026-04-01 09:00:00,2029.0,2060.0,2016.0,2040.0,59527959.92980808,121358330553.16786
2026-04-02 09:00:00,2040.0,2053.0,1955.0,2006.0,120920866.17556691,240993966163.5821
2026-04-03 09:00:00,2006.0,2023.0,1979.0,1999.0,44755292.40810593,89472064678.55339
2026-04-04 09:00:00,2000.0,2005.0,1987.0,1995.0,26731493.43104755,53346772081.54453
2026-04-05 09:00:00,1994.0,2013.0,1950.0,2004.0,63576780.29566189,125722332656.0542
2026-04-06 09:00:00,2004.0,2037.0,1985.0,1996.0,75209135.83271816,151670928828.1122
2026-04-07 09:00:00,1995.0,2079.0,1958.0,2054.0,108298590.2242937,216996120482.84137
2026-04-08 09:00:00,2055.0,2059.0,1996.0,2000.0,82912028.83056135,168386688042.77457
2026-04-09 09:00:00,1999.0,2025.0,1975.0,1997.0,70093294.76956002,139725852226.2742
2026-04-10 09:00:00,1997.0,2024.0,1991.0,2013.0,52079422.79929293,104403281519.015
2026-04-11 09:00:00,2013.0,2037.0,1997.0,2014.0,40446743.64992255,81375149946.72406
2026-04-12 09:00:00,2013.0,2016.0,1972.0,1981.0,58665856.11463471,116507093469.0401
2026-04-13 09:00:00,1980.0,2035.0,1974.0,2027.0,76982697.51491636,153984123003.8664
2026-04-14 09:00:00,2028.0,2053.0,2005.0,2014.0,76066142.2440302,153934302409.9711
2026-04-15 09:00:00,2014.0,2074.0,2002.0,2054.0,69478965.12729414,141198222014.88477
2026-04-16 09:00:00,2054.0,2159.0,2047.0,2142.0,115798955.61537978,242820242385.44324
2026-04-17 09:00:00,2142.0,2214.0,2101.0,2176.0,122099246.34603432,263368493442.37045
2026-04-18 09:00:00,2177.0,2187.0,2106.0,2125.0,79006419.54056919,169330417706.9693
2026-04-19 09:00:00,2126.0,2148.0,2074.0,2078.0,79826611.93485586,168671597131.4663
2026-04-20 09:00:00,2079.0,2126.0,2075.0,2109.0,59351326.57031789,124863662910.36554
2026-04-21 09:00:00,2110.0,2140.0,2100.0,2123.0,58601364.79729808,124181529602.45018
2026-04-22 09:00:00,2123.0,2164.0,2113.0,2121.0,83121819.1965499,177982329422.26584
2026-04-23 09:00:00,2121.0,2141.0,2096.0,2139.0,68428178.10154468,144788305330.07025
2026-04-24 09:00:00,2139.0,2154.0,2124.0,2135.0,43264641.24331828,92443781613.51619
2026-04-25 09:00:00,2137.0,2140.0,2115.0,2123.0,28923157.03505321,61607253271.940155
2026-04-26 09:00:00,2123.0,2128.0,2112.0,2123.0,33116810.44727768,70232738825.81284
2026-04-27 09:00:00,2124.0,2140.0,2065.0,2088.0,73198840.30592737,153846888673.61398
2026-04-28 09:00:00,2088.0,2089.0,2036.0,2051.0,50427504.39417421,103814688444.28871
2026-04-29 09:00:00,2051.0,2088.0,2016.0,2047.0,61694900.20457993,126720163501.99023
2026-04-30 09:00:00,2048.0,2066.0,2029.0,2037.0,38028913.09902501,77698811919.25479
2026-05-01 09:00:00,2037.0,2073.0,2036.0,2055.0,31621850.24861103,64936954030.23518
2026-05-02 09:00:00,2055.0,2072.0,2053.0,2065.0,20636810.528093,42527965431.93044
2026-05-03 09:00:00,2063.0,2075.0,2052.0,2059.0,24835702.92852499,51249269444.57131
2026-05-04 09:00:00,2059.0,2095.0,2054.0,2067.0,66993019.77423576,138997869314.9914
2026-05-05 09:00:00,2067.0,2099.0,2066.0,2088.0,50069663.9075301,104383984423.97269
2026-05-06 09:00:00,2088.0,2127.0,2075.0,2089.0,79188901.99702053,166166462473.81873
2026-05-07 09:00:00,2089.0,2090.0,2038.0,2045.0,69607677.06505793,143652824375.17365
2026-05-08 09:00:00,2044.0,2099.0,2039.0,2088.0,50871154.0042485,104910004924.67221
2026-05-09 09:00:00,2087.0,2115.0,2083.0,2092.0,46245788.51202657,97115898978.11954
2026-05-10 09:00:00,2092.0,2206.0,2082.0,2158.0,96575067.72465906,206429259332.0847
2026-05-11 09:00:00,2159.0,2189.0,2123.0,2169.0,83584346.6495938,179842725901.99637
2026-05-12 09:00:00,2171.0,2189.0,2105.0,2130.0,86042284.09475891,184814228204.80084
2026-05-13 09:00:00,2130.0,2170.0,2102.0,2121.0,67351084.5713952,143843044727.52795
2026-05-14 09:00:00,2121.0,2283.0,2111.0,2193.0,126599081.49957249,277210102592.6477
2026-05-15 09:00:00,2194.0,2222.0,2126.0,2134.0,86968287.24530189,188884113001.02942
2026-05-16 09:00:00,2135.0,2145.0,2081.0,2111.0,53902573.6848301,113774149881.23434
2026-05-17 09:00:00,2111.0,2129.0,2060.0,2091.0,42037252.24602964,88437887613.12132
2026-05-18 09:00:00,2090.0,2091.0,2034.0,2065.0,75571337.94866158,155890935884.8929
2026-05-19 09:00:00,2065.0,2075.0,2022.0,2028.0,47521700.4303805,97280624213.01242
2026-05-20 09:00:00,2028.0,2048.0,2005.0,2028.0,52608184.83353227,106611406572.14465
2026-05-21 09:00:00,2028.0,2057.0,2013.0,2038.0,51764766.2972876,105487813888.64478
2026-05-22 09:00:00,2037.0,2044.0,2000.0,2002.0,55565976.79118918,112420048254.27046
2026-05-23 09:00:00,2002.0,2050.0,1964.0,2031.0,78693172.98980105,157204108209.14572
2026-05-24 09:00:00,2031.0,2046.0,1999.0,2023.0,37639196.4827073,76296115652.62688
2026-05-25 09:00:00,2023.0,2034.0,2005.0,2008.0,31930335.61305936,64489918689.02334
2026-05-26 09:00:00,2007.0,2017.0,1970.0,1971.0,64432685.37427045,128328552131.19423
2026-05-27 09:00:00,1971.0,1977.0,1917.0,1926.0,95986612.22404079,187611758444.96042
2026-05-28 09:00:00,1926.0,1974.0,1869.0,1937.0,125987014.74899115,241063852387.1037
2026-05-29 09:00:00,1938.0,1972.0,1918.0,1970.0,78577191.93427227,152871284364.40665
2026-05-30 09:00:00,1970.0,2025.0,1965.0,1986.0,76319563.48230913,152423943517.9115
2026-05-31 09:00:00,1985.0,1993.0,1951.0,1963.0,47565467.31650706,93928925296.82158
2026-06-01 09:00:00,1963.0,1975.0,1879.0,1892.0,107685141.9602887,206256194366.4512
2026-06-02 09:00:00,1892.0,1892.0,1770.0,1791.0,166789581.9287675,305452747068.07855
2026-06-03 09:00:00,1791.0,1849.0,1764.0,1779.0,111692912.53840102,201865566425.00845
2026-06-04 09:00:00,1779.0,1805.0,1702.0,1747.0,169323741.35368398,295898366390.49084
2026-06-05 09:00:00,1746.0,1753.0,1636.0,1672.0,187431381.86959666,316072455618.9044
2026-06-06 09:00:00,1672.0,1696.0,1603.0,1662.0,123967415.82419915,204640601571.9126
2026-06-07 09:00:00,1663.0,1780.0,1654.0,1740.0,123281808.91935067,212304543741.79846
2026-06-08 09:00:00,1740.0,1772.0,1705.0,1754.0,83606767.26477294,145478386410.38434
2026-06-09 09:00:00,1753.0,1759.0,1686.0,1706.0,74693906.09551823,128839079839.6555
2026-06-10 09:00:00,1707.0,1710.0,1641.0,1652.0,92347930.71395268,154673370080.527
2026-06-11 09:00:00,1652.0,1724.0,1651.0,1717.0,72220823.72923316,121770840656.78134
2026-06-12 09:00:00,1717.0,1742.0,1697.0,1709.0,59687397.0059979,102369764646.97942
2026-06-13 09:00:00,1710.0,1749.0,1706.0,1740.0,37302366.30120098,64438774429.68782
2026-06-14 09:00:00,1740.0,1790.0,1702.0,1789.0,53956043.30075001,94072699042.55704
2026-06-15 09:00:00,1788.0,1939.0,1767.0,1859.0,137184121.17869204,254058899666.0357
2026-06-16 09:00:00,1860.0,1887.0,1813.0,1829.0,75810770.18854785,140071035951.96548
2026-06-17 09:00:00,1828.0,1844.0,1770.0,1787.0,73621919.53658374,133003729189.44804
2026-06-18 09:00:00,1788.0,1796.0,1717.0,1731.0,75971557.18744282,133481255090.12364
2026-06-19 09:00:00,1731.0,1740.0,1691.0,1719.0,60619731.80890572,103771915982.92177
2026-06-20 09:00:00,1719.0,1746.0,1713.0,1738.0,39692630.61290973,68739000076.61797
2026-06-21 09:00:00,1739.0,1743.0,1696.0,1697.0,35443747.50759515,61052544336.87008
2026-06-22 09:00:00,1696.0,1750.0,1696.0,1706.0,60020449.46812168,103160956855.70847
2026-06-23 09:00:00,1707.0,1711.0,1652.0,1673.0,74243195.10163899,124413592707.0783
2026-06-24 09:00:00,1674.0,1679.0,1601.0,1628.0,89582700.46602473,146696743693.6733
2026-06-25 09:00:00,1628.0,1649.0,1550.0,1586.0,115934217.77250277,184967153418.00552
2026-06-26 09:00:00,1586.0,1596.0,1536.0,1590.0,106005648.33135657,165949637449.19717
2026-06-27 09:00:00,1590.0,1631.0,1582.0,1589.0,48660202.9274692,78158640830.56738
2026-06-28 09:00:00,1587.0,1607.0,1570.0,1588.0,35618916.94262031,56591887743.061386
2026-06-29 09:00:00,1589.0,1627.0,1567.0,1600.0,65779728.65063362,104878221290.09465
2026-06-30 09:00:00,1600.0,1602.0,1567.0,1583.0,47895627.06872539,75905790338.50957
2026-07-01 09:00:00,1583.0,1626.0,1562.0,1600.0,57801445.11182476,92231642107.67249
2026-07-02 09:00:00,1599.0,1679.0,1588.0,1642.0,77070900.59623517,125839435962.05432
2026-07-03 09:00:00,1642.0,1724.0,1634.0,1710.0,59000180.13216956,98979764706.63972
2026-07-04 09:00:00,1711.0,1782.0,1704.0,1745.0,74877736.44394834,130277496561.17894
2026-07-05 09:00:00,1745.0,1758.0,1701.0,1740.0,52665198.45797198,90682698136.00613
2026-07-06 09:00:00,1740.0,1749.0,1670.0,1717.0,73173911.06181094,125281226499.89856
2026-07-07 09:00:00,1718.0,1728.0,1662.0,1667.0,57065326.78879763,96337667733.38953
2026-07-08 09:00:00,1666.0,1673.0,1602.0,1628.0,63733509.93762227,103843512855.25357
2026-07-09 09:00:00,1628.0,1648.0,1615.0,1633.0,32824683.40891261,53601308403.14916
2026-07-10 09:00:00,1633.0,1667.0,1626.0,1646.0,35520658.40605604,58611187549.16583
2026-07-11 09:00:00,1646.0,1667.0,1638.0,1639.0,21730587.00642815,35912055907.23276
2026-07-12 09:00:00,1639.0,1645.0,1613.0,1618.0,26718306.21208721,43596729659.7134
2026-07-13 09:00:00,1620.0,1641.0,1570.0,1580.0,57791146.08816693,92321710703.62552
2026-07-14 09:00:00,1581.0,1648.0,1567.0,1633.0,53303791.81405513,85522065160.42549
2026-07-15 09:00:00,1633.0,1662.0,1618.0,1635.0,42462463.06489973,69575864463.08528
2026-07-16 09:00:00,1635.0,1641.0,1598.0,1602.0,37613838.62345337,61031862619.37407
2026-07-17 09:00:00,1602.0,1617.0,1585.0,1607.0,31571959.66718583,50528392718.38651
2026-07-18 09:00:00,1606.0,1618.0,1601.0,1609.0,16561939.13096999,26632034793.75851
2026-07-19 09:00:00,1610.0,1620.0,1605.0,1613.0,19150331.30797069,30878272951.14314
2026-07-20 09:00:00,1613.0,1634.0,1591.0,1623.0,43478299.15353926,70109042343.63307
2026-07-21 09:00:00,1624.0,1699.0,1621.0,1670.0,54852685.72825771,91146865898.11893
2026-07-22 09:00:00,1670.0,1685.0,1651.0,1668.0,34063399.2121845,56781122806.42483
2026-07-23 09:00:00,1669.0,1671.0,1616.0,1625.0,33027869.05173939,54197894661.579765
2026-07-24 09:00:00,1625.0,1635.0,1589.0,1600.0,38180135.75002104,61394654937.908966
2026-07-25 09:00:00,1599.0,1619.0,1590.0,1607.0,17983279.54683373,28790645883.080578
2026-07-26 09:00:00,1606.0,1622.0,1600.0,1617.0,17693168.51674524,28468421957.738625
2026-07-27 09:00:00,1617.0,1619.0,1554.0,1558.0,52113688.79177577,82868418937.84114
2026-07-28 09:00:00,1559.0,1559.0,1522.0,1549.0,62961251.07823665,96939855693.26051
2026-07-29 09:00:00,1549.0,1568.0,1527.0,1536.0,51961574.01664271,80422308326.5927
2026-07-30 09:00:00,1536.0,1552.0,1525.0,1532.0,29774273.30127103,45745008253.23559
2026-07-31 09:00:00,1532.0,1550.0,1518.0,1525.0,36594006.21611472,56018271390.68819
2026-08-01 09:00:00,1526.0,1532.0,1512.0,1528.0,18586038.60906375,28357597145.545643
2026-08-02 09:00:00,1528.0,1564.0,1527.0,1553.0,25869111.26841818,40057242249.87191
2026-08-03 09:00:00,1554.0,1556.0,1517.0,1531.0,33046523.3604167,50590455614.13076
2026-08-04 09:00:00,1530.0,1538.0,1521.0,1527.0,21330438.66194507,32633453888.785175
2026-08-05 09:00:00,1526.0,1528.0,1502.0,1508.0,38872474.69955861,58859235189.55923
2026-08-06 09:00:00,1507.0,1509.0,1461.0,1467.0,68188816.58385096,101153150882.12065
2026-08-07 09:00:00,1467.0,1472.0,1426.0,1437.0,66770423.20039244,96699220005.90411
2026-08-08 09:00:00,1437.0,1473.0,1435.0,1462.0,22841837.55421442,33277310204.405758
2026-08-09 09:00:00,1461.0,1467.0,1444.0,1447.0,16456610.21635974,23975101608.757008
2026-08-10 09:00:00,1447.0,1465.0,1423.0,1430.0,33605032.51584127,48541501470.91857
2026-08-11 09:00:00,1429.0,1444.0,1397.0,1440.0,56424634.70150633,80108150941.43259
2026-08-12 09:00:00,1440.0,1446.0,1415.0,1420.0,27698005.6412639,39677163977.65587
2026-08-13 09:00:00,1420.0,1434.0,1411.0,1424.0,26838563.1166164,38164598014.23511
2026-08-14 09:00:00,1424.0,1429.0,1400.0,1413.0,28301183.83117294,40047602112.73142
2026-08-15 09:00:00,1413.0,1424.0,1411.0,1418.0,14211934.15718657,20154982490.595863
2026-08-16 09:00:00,1418.0,1420.0,1405.0,1408.0,14645979.45827817,20697299099.863052
2026-08-17 09:00:00,1408.0,1421.0,1401.0,1415.0,25264668.13443999,35683846383.27615
2026-08-18 09:00:00,1415.0,1416.0,1392.0,1407.0,38085223.53138835,53383307662.83535
2026-08-19 09:00:00,1407.0,1551.0,1396.0,1520.0,101138260.82923064,149185878427.78397
2026-08-20 09:00:00,1520.0,1842.0,1497.0,1748.0,264745277.60405108,443694700322.3502
2026-08-21 09:00:00,1748.0,2016.0,1730.0,1996.0,359499661.3234335,677936075034.9874
2026-08-22 09:00:00,1997.0,2331.0,1936.0,2002.0,810976712.5362363,1692755848817.6978
2026-08-23 09:00:00,2003.0,2128.0,1972.0,2086.0,279080789.25929326,571373425458.5212
2026-08-24 09:00:00,2087.0,2098.0,2004.0,2037.0,212639405.3000131,435296082412.3894
2026-08-25 09:00:00,2037.0,2126.0,1985.0,1993.0,187765520.46372014,385595207862.7034
2026-08-26 09:00:00,1994.0,2013.0,1890.0,1976.0,175505887.03578725,343305209664.6507
2026-08-27 09:00:00,1975.0,2033.0,1932.0,2010.0,158714849.55474845,315553631905.8742
2026-08-28 09:00:00,2010.0,2034.0,1900.0,1917.0,131958650.88410874,258963526824.1584
2026-08-29 09:00:00,1917.0,1949.0,1910.0,1941.0,42209610.35426782,81285373667.20079
2026-08-30 09:00:00,1940.0,1984.0,1862.0,1888.0,76957981.06795454,148345667171.393
2026-08-31 09:00:00,1887.0,1905.0,1860.0,1895.0,42936390.71689761,80757322458.89606
